0,0,0,50,50,0,0,326.59863237109,326.59863237109,0,0,0,0,0,0
0.001,3.96797123457673,2.16783591367412,49.9999684238882,49.999993099564,-0.135481925440078,0.309721458578012,326.598673015668,326.598601398945,148.231374165674,-502.831003078441,354.599628912398,0.551497943660004,-2.25943668197048,1.70793873830998
0.002,18.5670682438661,10.1133297034921,49.9998522479655,49.9999678082717,1.61874431529688,2.98408507664951,326.598146747796,326.598333962583,191.414023303526,-288.428284945196,97.0142616407527,1.67973543628511,-4.2346376310501,2.55490219475825
0.003,41.387473994638,18.7805851732566,49.9996706489466,49.9999402195407,5.87556769456914,7.08982656646867,326.596869700782,326.597923388434,269.392790533665,-309.511852451499,40.1190619164004,3.06107730085689,-5.55021501765979,2.48913771678766
0.004,66.8804687994407,25.6130568369075,49.9994677821397,49.9999184711079,15.1816337510901,11.8709559200803,326.594077880965,326.597445275498,310.241497707333,-242.893287271172,-67.3482104381444,4.35683555703394,-5.84136904519678,1.48453348813925
0.005,93.5312828327788,31.208005889899,49.9992557017002,49.999900661832,28.965379351165,15.6904026033811,326.589942757285,326.59706333083,326.655107612422,-163.799662229988,-162.855445384977,5.44363783709229,-5.46305935710479,0.0194215199782849
0.006,118.840551957744,37.3182258692212,49.9990542969358,49.9998812123977,45.7078717871258,18.7410570225474,326.584920009554,326.596758265388,310.530377371906,-68.5200059795242,-242.010371395558,6.1489025561826,-4.5022871019314,-1.6466154542967
0.007,142.092341309069,44.3526696934097,49.9988692650753,49.9998588210676,64.1626355111709,21.2238478128892,326.579383580437,326.596509986309,264.258433979949,33.2205507573226,-297.478984741464,6.35306705497142,-3.07315107122013,-3.27991598381119
0.008,162.991151231999,52.631597464316,49.9987029576301,49.999832468422,84.1789638848016,22.6361306341304,326.573378681925,326.596368758027,191.775894030228,132.290139769491,-324.066033805181,6.00326778770293,-1.32381179658073,-4.67945599120102
0.009,180.763270801351,63.0557894296515,49.9985615315961,49.9997992871884,103.64394809384,24.6585560117893,326.567539186662,326.596166515489,100.921584630162,217.79922393766,-318.720808574763,5.1089279739709,0.569271965671124,-5.6781999397438
0.01,196.264335007916,74.9107416340856,49.9984381780465,49.9997615517036,120.991813419316,28.5638981344712,326.562334827065,326.595775981277,0.328333386744918,282.292364712638,-282.620698107856,3.7430230835508,2.41264139498565,-6.15566447866546
0.011,211.555103323653,86.3603620739501,49.9983164979785,49.9997251064298,135.681504656416,34.8212802439284,326.557927919693,326.595150243066,-100.424358827346,319.05027496114,-218.625916143934,2.03107294405875,4.02646242533495,-6.05753536955339
0.012,227.937930003994,96.2159702816728,49.9981861275861,49.9996937350545,148.383613738255,42.7445600322048,326.554117286969,326.594357915087,-191.677528056134,324.586767344854,-132.909239299935,0.130366645422959,5.25141828424689,-5.38178492986124
0.013,245.10638725329,104.827092940723,49.9980495053443,49.9996663249998,160.115331683853,51.2562114609449,326.550597771585,326.593506749944,-263.199603049706,297.999537040963,-34.7999340032383,-1.77233105865631,5.96098880087203,-4.18865774243449
0.014,262.891172474661,112.498853996305,49.9979079785203,49.9996419050259,171.617387956309,59.6750464882192,326.547147154704,326.592664866442,-309.732601851665,242.789722598376,66.9428792408004,-3.4976066978188,6.09193879654325,-2.5943320989671
0.015,282.53301478149,117.98343230587,49.9977516737056,49.9996244470709,183.287610570761,67.6195393545323,326.543646087919,326.591870417155,-326.137180748715,163.482518578472,162.654662157734,-4.87660710173618,5.62676164721499,-0.750154545739401
0.016,303.489481982972,121.844063465197,49.9975849074383,49.9996121583003,196.303028320513,73.9496879162303,326.539741462594,326.591237402299,-309.680703366887,67.8139621590806,241.86674119557,-5.7756332656077,4.61028652332099,1.1653467420154
0.017,323.762556348464,126.083825554298,49.9974235794385,49.9995986627184,211.458527111694,77.8551523864481,326.535194812957,326.590846855852,-264.143672780663,-33.7804156223208,297.924088391584,-6.10775476478221,3.14429930974665,2.96345545476073
0.018,342.952571090728,131.121008882422,49.9972708701532,49.9995826288659,227.931043868452,80.2026632733514,326.53025305793,326.590612104763,-191.907956921268,-132.68715777881,324.595114690374,-5.84146811559664,1.37083531573666,4.4706327995933
0.019,359.994000160144,138.025702278124,49.9971352587696,49.9995606505442,245.049960069838,81.6881504548333,326.525117383069,326.590463556045,-101.225245209454,-217.768902853383,318.99414805563,-5.00238763294375,-0.538428796391213,5.54081642909129
0.02,375.360283653684,146.291950201961,49.9970129777708,49.9995343382598,261.540529737516,83.5376891658316,326.520170212169,326.590278602174,-1.07058838148041,-281.891352976394,282.961941353236,-3.67358838214709,-2.39267746410685,6.06626584604604
0.021,388.674418854619,156.320843322,49.9969070272493,49.9995024153015,276.545324258283,86.6359133954882,326.515668773813,326.589968779751,99.756993648728,-318.540876524599,218.783882873741,-1.98592086971506,-4.01244766811006,5.99836853766143
0.022,401.380961463269,166.679524257887,49.996805911796,49.999469442596,289.32963127838,91.7729619290149,326.511833481707,326.589455074898,191.434778399956,-323.99310884371,132.558330444011,-0.100897248423823,-5.24214787124634,5.34304511955465
0.023,414.746275327422,176.06683623506,49.9966995540076,49.999439561854,300.318425584493,98.4557233203883,326.508536843415,326.588786798758,263.520768359747,-297.897260972512,34.3764926154188,1.7920234758436,-5.95577901442716,4.16375553851936
0.024,429.274094999849,184.026292804437,49.996583945292,49.9994142261168,309.898799434449,106.327592726573,326.50566273126,326.587999611818,310.009454545994,-242.740352428369,-67.2691021135447,3.50985440555084,-6.08800665206002,2.57815224649421
0.025,444.701110841596,190.807170640875,49.9964611810006,49.9993926419123,319.715380945321,113.741072362373,326.502717756807,326.587258263854,326.695778247474,-164.001095757826,-162.694682485438,4.88433882115928,-5.6246808788971,0.740342057761775
0.026,461.745654410913,195.680390713563,49.9963255448325,49.999377129971,330.456160485668,120.037590738792,326.499495522945,326.586628612017,310.097575171817,-68.4578867450428,-241.639688423797,5.78027391324345,-4.6087361250892,-1.17153778810926
0.027,478.577499304716,200.501459786466,49.9961916012667,49.9993617840316,342.518657961867,124.768065145137,326.495876773702,326.586155564576,264.34329054451,33.4806961252921,-297.823986669321,6.11117642420169,-3.14424974116867,-2.96692668298953
0.028,494.984982228892,205.469717920938,49.9960610346661,49.9993459695747,355.350005608949,128.541086245334,326.492027369408,326.585778262466,192.021350095039,132.158401394935,-324.179751493012,5.84325537311105,-1.37043799653837,-4.47281737655457
0.029,510.570813492581,211.013615685414,49.9959370065617,49.9993283228001,368.972376059486,131.327474623181,326.487940658273,326.585499623628,101.058950315546,217.618948136844,-318.677898460825,5.00385856844502,0.538231993485037,-5.54209056196306
0.03,523.96472664989,218.460835376437,49.9958304211874,49.9993046175636,382.941502248126,133.516591452876,326.483749920416,326.585280711945,0.383818694374297,282.283181514302,-282.667000223524,3.67572154531355,2.39085895783221,-6.06658050326216
0.031,536.250004205543,226.762781097205,49.9957326580549,49.9992781916496,395.877566151723,136.571747883104,326.479869101245,326.584975196302,-100.330374151985,318.919518949039,-218.589144817887,1.98644730677895,4.0120292686422,-5.99847657564206
0.032,547.947129229462,235.419541274552,49.9956395752915,49.9992506363261,407.932041619613,140.317953327427,326.476252758605,326.584600575758,-191.457379396989,324.741497966349,-133.284118595245,0.102342274539635,5.24210595747943,-5.34444823235317
0.033,559.335074483794,244.083992908735,49.9955489529026,49.99922305652,418.962870628418,144.868609490837,326.472943509902,326.584145510141,-263.33237673399,298.305734980342,-34.9733582758744,-1.79019673104172,5.95508398674599,-4.16488725614846
0.034,571.240716501006,252.003650602806,49.9954542108137,49.9991978474666,428.522926801585,150.700064196885,326.47007549305,326.583562364671,-309.635655757941,242.888225836133,66.747429891002,-3.50845545441178,6.08762718105875,-2.57917172718206
0.035,583.612111370583,259.215971996147,49.9953557623814,49.9991748899346,437.291430475314,157.129231229919,326.467444941948,326.582919447967,-326.177140715729,163.84520349896,162.331937186703,-4.88349671265141,5.62477241843043,-0.74127570637525
0.036,596.958142183002,265.207076329264,49.9952495580426,49.9991558196572,446.583817577402,162.862876126063,326.464657225817,326.582346083478,-309.690647075701,67.8838548109576,241.806792233512,-5.78024514201071,4.6098039624241,1.17044117895197
0.037,610.055993659797,271.189893861969,49.9951453286523,49.9991367757575,456.545718174886,167.709060639146,326.461668655638,326.581861465026,-264.115057019222,-33.7367916268804,297.851848612036,-6.11034185373008,3.14478827294445,2.96555358010474
0.038,623.993569303205,276.110361275894,49.9950344169494,49.9991211134233,466.640064481194,172.255591014924,326.458640351746,326.581406811989,-192.030525860248,-132.568991773381,324.599517598313,-5.8436008915002,1.37158747145289,4.47201341931949
0.039,637.636335313253,281.102195669953,49.994925851267,49.9991052239209,477.930998800649,175.430637074996,326.45525307145,326.581089307383,-101.557083908922,-217.574892646195,319.131976521744,-5.00486648108151,-0.536471381672281,5.54133786199775
0.04,649.640629612709,287.473228453403,49.9948303241282,49.9990849442937,490.011458003311,177.605324026005,326.451628933689,326.580871838688,-1.03072344029453,-281.74194324449,282.772666655429,-3.6764691339888,-2.38976618424121,6.06623531748006
0.041,660.380556390104,294.88372723818,49.9947448585064,49.9990613559435,501.692168410328,180.023889602587,326.448124720567,326.58062998213,99.9707617334476,-318.364382286685,218.393620529498,-1.98741782666938,-4.01096528181802,5.99838310778123
0.042,670.168724499437,303.043795869692,49.9946669667395,49.9990353816383,512.37847572599,183.268248113243,326.444918828373,326.580305546279,191.380302862131,-324.236313484329,132.856010604943,-0.103681335416292,-5.24110022715358,5.34478156194233
0.043,679.734578461871,311.174424633,49.9945908440924,49.9990095010431,522.400804945049,186.983220538812,326.441912129607,326.579934049037,263.128873836576,-297.897262235936,34.7683883884442,1.78857465127521,-5.95535324034519,4.16677858854596
0.044,688.713399318211,319.67578218753,49.9945193929062,49.9989824403816,531.928007012531,191.028871250978,326.439053968987,326.579529483965,309.568691134691,-242.477142215297,-67.0915489244501,3.50604799788707,-6.08749556993551,2.58144757164217
0.045,697.79989163909,327.851463761222,49.9944470848978,49.9989564163789,540.306596311654,196.063930351084,326.436540392197,326.579025978055,326.678462404773,-163.854208023499,-162.82425438109,4.88232059618987,-5.62463583636365,0.742315239889957
0.046,707.727924785225,334.963528295319,49.9943680801203,49.9989337779743,548.046780087843,201.569679753257,326.434218337064,326.578475403115,310.225161945729,-68.6045816463297,-241.620580295243,5.77859366925169,-4.60988434415718,-1.16870932525991
0.047,718.108533243292,341.412061607648,49.9942854738629,49.9989132516553,555.953712208994,206.719701173457,326.431846257428,326.577960400973,263.851225260338,32.8239745096291,-296.675199763654,6.10981147614752,-3.14564625494535,-2.96416522126564
0.048,729.356348852904,346.792717207943,49.9941959665902,49.9988961244966,564.274083473102,211.299414648344,326.429350146048,326.577502429626,192.348864937074,131.704625500832,-324.053490431108,5.84399125430408,-1.37354959804099,-4.47044165624933
0.049,740.022042883953,352.548632860914,49.9941110916939,49.998877802848,573.458835199033,214.883394810779,326.426594720531,326.577144031609,101.002035976909,217.518900583061,-318.520936554418,5.00445883204443,0.535119680666198,-5.5395785126496
0.05,750.224584635537,358.557264952555,49.9940299024463,49.998858676778,582.659307763039,218.259099254576,326.423834578762,326.576806461165,0.737728104974083,282.0257397065,-282.763467808799,3.67662799250624,2.38947800136674,-6.06610599379784
0.051,760.27295218906,364.515314478113,49.993949940078,49.9988397117174,592.266892531048,221.059748184332,326.420952303331,326.576526396272,-100.136819627654,318.915041202964,-218.77822157683,1.99000346283955,4.00873807081975,-5.99874153360385
0.052,769.177897088407,371.440110087164,49.9938790767781,49.9988176694083,602.034257079761,223.593711341366,326.418022093966,326.576272999956,-191.42126158392,324.472634713014,-133.051373135752,0.105342026994676,5.23994322783061,-5.34528525482139
0.053,777.284535027254,378.921337508689,49.9938145662031,49.9987938559219,611.884773674762,225.857076053326,326.415066938988,326.576046663485,-263.037526136172,298.02374798298,-34.9862218588463,-1.78701607945146,5.95380652506374,-4.16679044568516
0.054,784.538897897468,387.08898805351,49.9937568378176,49.9987678574827,620.757448671005,228.951196196492,326.412405136489,326.575737251471,-309.425143750101,242.872944772335,66.5521989605369,-3.50587720375863,6.08794836361221,-2.58207116002005
0.055,791.633709680447,395.231494766025,49.9937003790993,49.9987419390788,628.901593692342,232.630293620408,326.409961892983,326.575369341728,-325.786446574904,163.529715942178,162.256730610913,-4.88150539041554,5.6259028755416,-0.74439748539409
0.056,798.784910734913,403.105661957471,49.9936434716495,49.9987168748262,636.634779941531,236.576301125305,326.407641937108,326.574974740978,-309.744850056558,68.2378269860867,241.507023045098,-5.77801661219097,4.61171779355468,1.16629881826767
0.057,806.232467676459,410.499401799661,49.9935842058744,49.9986933398213,643.706441651792,241.021651287781,326.405520438595,326.574530205962,-264.322529873436,-33.6153904669724,297.937920313039,-6.10988990693225,3.14762731805733,2.96226258841774
0.058,813.810479336532,417.578919086018,49.9935239019737,49.9986708050179,650.759911414287,245.34690246939,326.403404397666,326.574097680843,-192.537615160652,-132.149316190182,324.686931323116,-5.8442051629341,1.37556292190791,4.4686422405018
0.059,822.021342092889,423.849830235069,49.9934585620039,49.9986508440878,658.008197232159,249.357065135807,326.401229911921,326.573696664577,-101.562472014837,-217.519940363733,319.082412352218,-5.00580434849674,-0.532523020597583,5.53832736853036
0.06,830.249667035938,429.900613220961,49.9933930830745,49.9986315838474,665.878856322232,252.571324656111,326.398868714194,326.573375238625,-1.27998934012137,-281.827990635557,283.10797995238,-3.6780451689567,-2.38668091022415,6.06472607860903
0.061,837.938302558211,436.326565518434,49.9933318988571,49.9986111294059,674.078458892607,255.320039093586,326.396408833423,326.573100367181,99.7421219655751,-318.550794968497,218.808672983952,-1.99113518516599,-4.0074347574168,5.99856994203594
0.062,845.236226432095,442.988138401955,49.9932738238241,49.9985899249608,682.211275354717,258.03520174703,326.393968988484,326.572828850916,191.001547803717,-323.954440101443,132.952892283374,-0.106980590025077,-5.23885299670363,5.34583358623676
0.063,852.3579165829,449.615946090304,49.9932171512146,49.9985688279937,690.386562260048,260.540784013955,326.391516402412,326.572578292689,262.912046906206,-297.820663607269,34.9086166886532,1.78514749298152,-5.95338206877271,4.16823457536004
0.064,858.173600213251,457.397353383811,49.9931708714748,49.998544059005,699.081069969132,262.392508882334,326.3889080501,326.572393120202,309.888352975898,-242.983853359375,-66.9044996273268,3.5030286739123,-6.08746899640318,2.58444032211351
0.065,863.510833375762,465.49858204535,49.9931283991227,49.9985182719933,707.070968446918,264.837131735738,326.386511080556,326.572148657917,326.481718728546,-163.840970392606,-162.640748345355,4.88014417616218,-5.62635782464699,0.746213648155264
0.066,868.667832376221,473.585662618024,49.9930873610286,49.9984925300163,713.825411118095,268.387148105777,326.384484747755,326.57179365628,310.111229159431,-68.9715297161963,-241.139699451922,5.77694643679497,-4.61203680018419,-1.16490963689971
0.067,873.684896809343,481.651896695453,49.9930474364984,49.9984668543958,720.101334272889,272.258427632851,326.382601970809,326.571406528327,264.019939385378,33.0883265165821,-297.108265910592,6.10911363163577,-3.14905850200437,-2.96005512989045
0.068,879.683571128633,488.583800109329,49.9929997005649,49.998444789462,726.142908063131,276.25623591706,326.380789498671,326.571006747499,192.658320998585,131.537534690842,-324.195855698829,5.84482231979135,-1.37689122453873,-4.46793109549489
0.069,885.932553794239,495.108993538825,49.9929499727409,49.9984240191262,732.601740548093,279.732705529631,326.378851848926,326.570659100537,101.007600992242,217.335224620402,-318.342825624006,5.00667547276989,0.531358501669135,-5.53803397468096
0.07,891.929018419588,501.713136328074,49.9929022543916,49.9984029974868,739.600662834339,282.50976569432,326.37675217224,326.570381394521,0.797806828344148,281.863642599755,-282.661449442402,3.6794963899095,2.38556676774755,-6.06506315791899
0.071,898.269895734377,507.816872460071,49.9928517952932,49.9983835686913,746.358925094901,285.399487357773,326.374724693562,326.570092422355,-100.065936756489,318.920064515789,-218.854127776884,1.99339648066446,4.00583461892843,-5.99923109989367
0.072,903.806915274269,514.582945640028,49.9928077330917,49.9983620316114,753.760952782123,287.563899485936,326.372504085256,326.569875981142,-190.841049509688,324.500869691274,-133.659820202683,0.109559615214494,5.23675940109933,-5.34631901666623
0.073,908.329535330755,522.187878317374,49.9927717432248,49.9983378243589,761.256583158636,289.493953913083,326.370255396143,326.569682975699,-262.918159592685,298.309234311956,-35.3910747442669,-1.78307140687472,5.95245637522969,-4.16938496877062
0.074,912.590931196742,529.920616239602,49.992737832114,49.9983132102896,768.984815511977,291.068198631578,326.367936926437,326.569525551227,-309.398612943627,242.99587437375,66.4027385403642,-3.50120745067796,6.08755282666035,-2.58634537647485
0.075,916.468148633871,537.890333780422,49.9927069781979,49.9982878418908,776.023099453315,293.230545907085,326.365825441254,326.5693093165,-325.93691261711,163.803039144361,162.133873439,-4.87823639174894,5.62677213695713,-0.748535745786572
0.076,919.702367608709,546.339075295506,49.9926812411011,49.9982609487112,782.503350468563,295.830596403294,326.36388136595,326.56904931145,-309.86565269551,68.4252643510115,241.440388307171,-5.77604717471488,4.61430997400861,1.16173720003942
0.077,922.958776705448,554.61625689818,49.9926553274209,49.9982346016239,788.531955384104,298.76696837841,326.362072784475,326.568755674253,-264.315014358334,-33.4841456647275,297.799159983076,-6.10896171002877,3.15028634439104,2.9586753648877
0.078,926.471065071535,562.496927042237,49.9926273775181,49.9982095166717,793.849171644445,302.294421255602,326.360477619597,326.568402928965,-192.426801342575,-132.136459937305,324.56326123867,-5.84422220759343,1.37892508035706,4.46529712641605
0.079,930.164782690132,570.065626475173,49.9925979838472,49.9981854247532,798.498662967904,306.399059310156,326.3590827722,326.567992465159,-102.007778043569,-217.072890421724,319.08066842436,-5.00758408406266,-0.528691686954035,5.53627577014676
0.08,934.645878080351,576.682234102436,49.9925623244232,49.998164363437,803.387784445068,310.13447558856,326.357616035757,326.567618923532,-1.49659723200489,-281.548670505952,283.045267698735,-3.68050723584929,-2.38323215053335,6.06373938548818
0.081,939.508211084829,582.812010463301,49.9925236312065,49.9981448517528,808.73726408539,313.29736620281,326.356011191865,326.56730263447,99.3234806669605,-318.164488223637,218.841007520583,-1.99509220858532,-4.0049512564222,6.0000434641164
0.082,944.227576738835,588.940171465181,49.9924860756879,49.9981253452105,815.198520670464,315.269754733039,326.354072814889,326.567105395617,190.858766214856,-324.029625275104,133.170859028234,-0.11192055284886,-5.23572250637285,5.3476430583626
0.083,948.160857762385,595.692676219926,49.992454775632,49.9981038513203,822.522915266727,316.258819405462,326.35187549651,326.56700648915,263.061755461353,-298.000952258466,34.9391967694893,1.78075921189893,-5.95158690448498,4.17082769178213
0.084,951.133944093286,603.297595372915,49.9924311165628,49.9980796441108,829.9837190594,316.999030372274,326.349637255373,326.566932468053,309.913108004237,-243.09108075777,-66.822027269768,3.49920750351452,-6.08747075157116,2.58826324732467
0.085,953.455371619639,611.424593071304,49.9924126432295,49.9980537750737,836.422854435772,318.674188038867,326.34770551476,326.566764952287,326.44243076344,-164.264097518346,-162.178333264486,4.87680469919204,-5.62745829262428,0.750653592780681
0.086,955.493132358791,619.688270087623,49.9923964272447,49.9980274709728,842.471173231737,320.639810988422,326.345891019121,326.566568389992,310.178309851749,-69.0479562428835,-241.130353625512,5.77500238965114,-4.61519642412575,-1.15980596609718
0.087,956.4367426789,628.929217275667,49.9923889182324,49.9979980561243,848.377282558043,322.632457386389,326.344119186323,326.566369125352,264.646283614473,32.5284939805945,-297.174777610298,6.10943297580215,-3.15302113023048,-2.95641184607461
0.088,957.803269546894,637.600504439953,49.9923780437571,49.99797045456,853.411668894409,325.402706732161,326.342608870422,326.566092100417,192.571761095746,131.259571132717,-323.831332243784,5.8449334162468,-1.38131100443441,-4.46362241226491
0.089,959.707539658061,645.630962449206,49.992362890057,49.9979448928183,857.343577567978,329.195502164329,326.34142929782,326.565712820874,101.353030200734,217.226843710295,-318.579873927998,5.00910898254615,0.526246398957971,-5.53535538193082
0.09,962.220942026114,652.897918135519,49.9923428890365,49.9979217613799,861.278005369181,332.862913253215,326.34024896948,326.565346079765,1.18195377112539,281.728971585138,-282.91092537639,3.68265527088538,2.38029366605378,-6.06294893736888
0.091,965.423152892176,659.375316603687,49.9923174066521,49.9979011431802,865.385986375448,336.262471404533,326.339016575178,326.56500612395,-99.4316815940648,318.650758816632,-219.219077247082,1.9973002204118,4.00210528788201,-5.99940550875608
0.092,968.568496403372,665.798841652365,49.9922923768037,49.9978806964649,870.877294312655,338.21217581392,326.337369182797,326.564811153509,-190.995789277731,324.609328011912,-133.613538764551,0.114180138607715,5.23411446816078,-5.34829460729317
0.093,971.912645625108,671.875664065281,49.9922657649098,49.9978613533384,876.327217190127,340.097746094946,326.335734205933,326.564622596481,-262.653050098262,298.276176470171,-35.6231264100615,-1.77931932851297,5.95130492681683,-4.17198559892576
0.094,974.586280239819,678.531897738884,49.9922444888015,49.9978401658886,882.620112438145,341.035347397868,326.333846337359,326.564528836351,-309.424779278922,242.996819098204,66.4279601351328,-3.49775333192322,6.08785522249052,-2.59010189131418
0.095,976.340010149641,685.993902664932,49.9922305330623,49.9978164135892,889.725413677884,341.085066253335,326.331714746987,326.564523864465,-326.038327438627,164.325489365446,161.712838020523,-4.8751507753194,5.62835021850834,-0.753199444076778
0.096,976.662061220551,694.757287668285,49.9922279702613,49.9977885188684,896.460222418139,341.423070230092,326.329694304365,326.564490064067,-309.888573510436,68.5754799786544,241.313093474279,-5.77423604912235,4.61639136664226,1.15784468145243
0.097,976.67298750896,703.718549054839,49.9922278833127,49.9977599942874,902.134371150694,342.709868564835,326.327992059745,326.564361384234,-264.33215152546,-33.0106072259506,297.342758688566,-6.10875447352996,3.15492631448543,2.9538281578854
0.098,976.041715626748,713.227593125179,49.9922329068147,49.9977297260601,907.798525190673,343.929683710942,326.326292813533,326.564239402719,-192.924670224165,-131.660373703345,324.585043860298,-5.84662042336934,1.38456613069034,4.46205429139288
0.099,975.489062318987,722.536099146192,49.99223730469,49.9977000961652,912.242412758398,346.313086742475,326.324959647263,326.564001062416,-101.963545191118,-217.018910262686,318.982455384285,-5.01011251815573,-0.523913735147896,5.53402625190688
0.1,974.920588131697,731.73253090369,49.9922418284638,49.9976708230137,915.262602362199,349.985833777055,326.324053590382,326.563633787713,-1.82562421665979,-281.531150979109,283.356775126381,-3.68498929603777,-2.37758441874895,6.06257371330932
0.101,975.318765928919,739.855527284687,49.9922386598656,49.9976449667132,917.98719284778,353.888987506245,326.323236213236,326.56324347234,99.2209170741608,-318.217518056201,218.996600915036,-1.99940821435863,-3.99975121001409,5.99915942285296
0.102,977.414986112399,746.197296428116,49.9922219786754,49.997624780235,921.056147336488,357.391840075371,326.322315526889,326.562893187083,190.482305705896,-323.871542582752,133.389236814261,-0.115949340450414,-5.23310654135521,5.3490558802862
0.103,979.918428867091,751.989577215474,49.992202056911,49.9976063428327,924.275856314475,360.635134685658,326.321349614196,326.562568857622,262.869979569856,-298.073671517322,35.2036918892137,1.77700975835428,-5.95030729238283,4.17329753254362
0.104,982.026459497488,758.108073452895,49.9921852817362,49.9975868670542,928.768191520146,362.521871204498,326.320001913634,326.56238018397,309.445908986113,-243.139723046734,-66.3061859925591,3.49605090433321,-6.08751398835869,2.59146308260179
0.105,983.99542279704,764.26516189713,49.9921696132241,49.997567268433,934.391503274319,363.205364650967,326.318314920108,326.562311834625,326.483806160532,-164.534412633483,-161.949393574685,4.87374291266466,-5.62923361870291,0.755490704698029
0.106,985.257988065187,771.023007906585,49.9921595660489,49.9975457575411,940.545891606395,363.292681778543,326.316468603608,326.562303102913,310.221409096611,-69.3385366055636,-240.882872532987,5.77408894275867,-4.6184381739794,-1.15565077001954
0.107,985.303765235887,778.892827326192,49.9921592017658,49.9975207071278,947.585784586632,362.387004496418,326.314356635714,326.562393670641,264.63880626158,32.5650142243719,-297.203820522702,6.10847507263294,-3.15744800033253,-2.95102707343066
0.108,983.662929617839,788.351583375203,49.9921722591207,49.9974905989722,954.122575254778,361.928725010593,326.312395598514,326.562439498589,192.427080753796,131.36635215855,-323.793432945065,5.84581923254734,-1.38593282730287,-4.45988640626488
0.109,981.153984200004,798.583512946026,49.992192224674,49.9974580297289,958.914658959299,363.158626923371,326.310957973403,326.562316508398,101.810590783999,216.924830094529,-318.735420908325,5.01080582629764,0.522301972713996,-5.53310779993174
0.11,979.07992283377,808.272584461523,49.99220872953,49.9974271884563,962.445267580739,365.535125066401,326.309898790816,326.562078858584,1.17992127247825,281.621751728676,-282.801673029675,3.68644881257468,2.37624903937505,-6.06269785278685
0.111,977.324761696904,817.544746032845,49.9922226966585,49.9973976742494,964.83592858558,368.978370412931,326.309181592515,326.561734534049,-99.2995945850796,318.60642919362,-219.30683463788,2.00197923069224,3.99774754011792,-5.99972677159122
0.112,976.896275816558,825.408743644838,49.9922261064408,49.9973726423676,967.306318455831,372.306346681709,326.308440475554,326.561401736422,-190.84371213051,324.735043538046,-133.891331439609,0.11877986412864,5.2312529025204,-5.35003276740762
0.113,977.435217691254,832.182315583168,49.9922218176776,49.9973510814184,970.238963261975,375.080134494033,326.307560682112,326.561124357641,-262.59762091662,298.281036024296,-35.6834151446405,-1.77377351355673,5.94910453090579,-4.17533101812381
0.114,978.345764007182,838.522549505212,49.9922145717803,49.997330899827,973.992449405102,376.955977280658,326.306434636269,326.560936773362,-309.260360552387,243.244561959456,66.0157985498707,-3.49381198805391,6.08755129324716,-2.59373930602312
0.115,979.366074283929,844.669894302183,49.9922064524091,49.9973113322208,978.560461482044,377.957288788562,326.305064232646,326.560836642212,-325.752014442483,164.071307145954,161.680707246647,-4.87196328340272,5.62953323197984,-0.757569949496135
0.116,979.367731211804,851.732051766247,49.9922064392237,49.9972888526754,983.570694573375,378.443011714146,326.303561162718,326.560788069919,-309.844251229626,68.9770490837486,240.867202088055,-5.77225877729153,4.61963200872249,1.15262676753239
0.117,978.993096909867,859.088293689746,49.9922094204687,49.9972654370301,989.063301802792,378.370943296922,326.30191338055,326.560795276761,-264.111436894126,-33.1238272325751,297.235264061242,-6.10805598501402,3.15898089816759,2.94907508566915
0.118,976.588751767748,868.398767958252,49.9922285536394,49.9972358008701,994.779574894687,378.013029321435,326.300198498622,326.560831068158,-192.583650149367,-131.823220452196,324.406870529831,-5.84725830020268,1.38831794948628,4.45894034939079
0.119,974.172321554861,877.619448735944,49.9922477829801,49.9972064505316,998.382682326754,379.712729448507,326.299117566392,326.560661098146,-102.218157887234,-216.771576826202,318.98973463733,-5.01267058408781,-0.518687864479855,5.5313584471016
0.12,972.010396671853,886.487345188267,49.9922649870317,49.9971782231405,1001.18447012708,382.134514624951,326.298277030052,326.560418919628,-1.94633379061001,-281.503326212506,283.449659925156,-3.68757405652119,-2.3742244207072,6.06179847564493
0.121,970.159219743594,894.9791580675,49.9922797182296,49.9971511928606,1004.19623640081,384.274479465353,326.29737350017,326.560204923144,98.979359005336,-317.852804012142,218.87344492965,-2.00394723073079,-3.99640592239888,6.00035315146558
0.122,969.012225863724,902.678007797063,49.9922888457169,49.9971266866608,1006.99018596792,386.590207810743,326.2965353153,326.559973350309,190.453493550356,-323.98322800097,133.529734377075,-0.121681122688853,-5.22948765712123,5.3511687781103
0.123,968.329288008982,909.818924580209,49.9922942803636,49.9971039564167,1010.08122008826,388.530561752475,326.295608005064,326.559779314915,262.575985222838,-298.056755621571,35.4807703321622,1.77143358917209,-5.94922246624386,4.17778887539151
0.124,967.991546329996,916.545936597238,49.9922969680265,49.9970825436724,1013.68609740321,389.897087727715,326.294526541869,326.559642662318,309.386731122742,-243.289379448982,-66.0973517309914,3.49144348434423,-6.08745303419177,2.59600954824539
0.125,967.153907460025,923.700227822586,49.9923036337449,49.9970597708561,1017.70163231037,390.792058026602,326.293321881397,326.559553165288,326.344020486949,-164.483073013004,-161.860947519253,4.87011381056144,-5.63022522717693,0.760111415151839
0.126,966.37903249982,930.705555956479,49.9923098000039,49.9970374722041,1022.38900560243,390.969901418903,326.29191566941,326.559535380948,310.334747194497,-69.3452243745094,-240.989522853213,5.77135605762365,-4.62070012511683,-1.15065593378225
0.127,964.892410218686,938.339503336746,49.9923216301681,49.9970131725949,1027.41645835125,390.714404873696,326.290407433585,326.559560930603,264.47921272857,32.3646490035669,-296.843861753825,6.10767545235741,-3.16020761816772,-2.94746783524682
0.128,962.434454150617,946.883922237667,49.992341189961,49.9969859748648,1031.92960189883,390.93066878324,326.289053490521,326.559539304212,192.687033948985,131.185378859242,-323.872412819821,5.84738413455108,-1.39054438031423,-4.45683975506307
0.129,959.760681603876,955.57297370804,49.9923624671669,49.996958316755,1036.07641694244,391.467366148605,326.287809446008,326.559485634476,102.069343298569,216.581386564674,-318.650729867391,5.01412577014857,0.51654218678087,-5.53066795753443
0.13,956.9472071669,964.299055308928,49.9923848560851,49.9969305407746,1039.53615442994,392.609680888104,326.286771524761,326.559371403002,1.83737985455307,281.420312019593,-283.257691873995,3.69021432132418,2.37116261047377,-6.06137693221081
0.131,953.61205224671,973.489797059107,49.9924113964046,49.996901285735,1042.3807823015,394.315996781307,326.2859181364,326.559200771412,-99.3486033496247,318.647769290795,-219.299165940051,2.00572087185183,3.99468754108774,-6.00040841320565
0.132,950.755662996265,982.137245113379,49.9924341268281,49.9968737600529,1044.88388802752,396.326584579014,326.285167204682,326.558999712632,-190.487700447817,324.617303261138,-134.129602814773,0.123847909848277,5.22860522383829,-5.3524531338626
0.133,948.647791651321,989.923228466801,49.9924509007353,49.9968489764982,1047.02026235851,398.623187643139,326.284526292383,326.558770052326,-262.215762603689,298.402441182838,-36.1866785873893,-1.76844888579062,5.94772268260442,-4.17927379696825
0.134,946.799701337172,997.414329913673,49.9924656073707,49.9968251315817,1049.70488250677,400.331640777237,326.283720906338,326.558599207013,-308.991417999826,243.365675405227,65.6257425753894,-3.48954931883845,6.08762371756251,-2.59807439893625
0.135,944.825562189016,1004.94901382942,49.9924813170709,49.9968011479379,1052.11578793643,402.255572418954,326.282997634709,326.558406813848,-326.049881064565,164.605706643596,161.44417438823,-4.86852550516899,5.63060397263901,-0.762078467819368
0.136,943.453860411731,1011.80574470489,49.9924922327268,49.9967793222856,1054.74851734022,403.907401098726,326.282207815888,326.55824163098,-309.910843997755,69.1215263153629,240.789317632252,-5.77009513650609,4.62175986557356,1.14833527037173
0.137,942.166373708719,1018.51864326152,49.9925024782205,49.9967579544659,1057.81527887603,405.052326435451,326.281287787428,326.558127138447,-264.812768752766,-32.5227172144512,297.335485897242,-6.10801715903301,3.16234244109959,2.94567471707909
0.138,941.515025399013,1024.52997498215,49.9925076614856,49.9967388198027,1061.40348708669,405.62969730219,326.280211324964,326.55806940136,-193.289696996272,-131.120991668548,324.410688576797,-5.84840444900536,1.3935266424609,4.45487780534456
0.139,939.858988492836,1031.4884526515,49.9925208398086,49.9967166702804,1066.22442138336,404.953648122562,326.278765044675,326.558137006278,-102.395717356039,-216.674862997389,319.070580250584,-5.01465376752439,-0.514269174710103,5.52892294067488
0.14,936.802475616066,1039.77334171799,49.9925451627653,49.9966902986594,1071.13735945059,404.094319614946,326.277291163255,326.558222939129,-2.38441984354126,-281.083399720558,283.467819452572,-3.69247794691595,-2.36868073842176,6.06115868344992
0.141,933.188151504548,1048.54076378408,49.9925739246427,49.9966623910882,1075.47389128882,403.759397350274,326.275990203704,326.558256431355,98.5525579453867,-318.150305613028,219.597747553391,-2.00854261968339,-3.99157049742684,6.000113114962
0.142,928.834621916783,1058.00983982864,49.9926085689304,49.996632250083,1078.69763075675,404.537623647558,326.275023081863,326.558178608726,190.352564119738,-323.943207541019,133.590643309771,-0.125534915884,-5.22757083028819,5.35310574385379
0.143,924.997472304968,1066.85918266739,49.9926391039968,49.9966040817499,1081.43534385849,405.70474885661,326.274201767933,326.558061896205,262.443981909309,-298.065042496539,35.6210604837161,1.76600330918989,-5.94678389977738,4.18078058820174
0.144,921.309887934595,1075.51185455395,49.9926684488608,49.9965765394399,1083.40025984646,407.604817349033,326.273612293136,326.557871889356,309.343929267254,-243.493662560306,-65.8502667978924,3.48657441328146,-6.08729923640851,2.60072482078116
0.145,918.199976167513,1083.52847389214,49.9926931967523,49.996551021748,1085.12781747355,409.709424663481,326.273094025848,326.557661428624,326.631097799564,-165.082254083037,-161.548843792006,4.86695912475088,-5.63162360064758,0.764664473690088
0.146,916.019419088169,1090.54646378422,49.9927105490742,49.9965286827924,1086.58807659961,412.037345239764,326.272655948111,326.557428636566,310.339842614175,-69.9802657486771,-240.359576923919,5.76970589670541,-4.62349301303512,-1.1462128856547
0.147,914.574464674704,1096.77301037402,49.9927220476561,49.996508863079,1089.04219553566,413.301995819045,326.27191971243,326.557302171508,264.953594440509,32.053121768745,-297.006716250959,6.10771643835311,-3.16466423455586,-2.94305220549987
0.148,912.461783095504,1103.62137616742,49.9927388598419,49.9964870640536,1092.3198542992,413.694182255845,326.270936414801,326.557262952865,193.088777908097,130.559357744168,-323.648135679272,5.84904298505198,-1.39589034280469,-4.45315264363879
0.149,909.969669569739,1110.78744645965,49.9927586914512,49.9964642537434,1095.2729601169,414.402904867387,326.270050483055,326.557192080604,102.290609145034,216.47900862778,-318.76961778771,5.01665195711971,0.511875109745954,-5.52852706794691
0.15,907.361917233788,1117.99421527888,49.9927794432849,49.9964413138858,1098.59484021857,414.66680770664,326.269053919025,326.55716569032,2.01307842247556,281.284101888054,-283.297180317094,3.69332266564104,2.36752282803909,-6.06084549447512
0.151,904.365244242388,1125.52206522641,49.9928032900509,49.9964173519952,1101.69550415304,415.081567865306,326.268123719844,326.557124214304,-99.0473823119728,318.579037243849,-219.531654935638,2.0108497021952,3.98938014884728,-6.00022985160625
0.152,901.235169497462,1133.17041059498,49.9928281983943,49.9963930065558,1104.98469690249,415.327042942887,326.26713696202,326.557099666796,-190.27643244454,324.803682587519,-134.527250149753,0.128063894442501,5.2262234254059,-5.35428732026262
0.153,898.056805757672,1140.76655459362,49.9928534910093,49.9963688272785,1107.83415752816,415.926283729205,326.266282123832,326.557039742717,-262.136054995823,298.589143237831,-36.4530882573019,-1.76456226009262,5.94664630537055,-4.18208404564088
0.154,894.627358012789,1148.5766633591,49.9928807816874,49.9963439669301,1110.23520056896,416.930105003349,326.26556181092,326.55693936059,-308.796669492264,243.43838531894,65.3582841459189,-3.48452565373761,6.08743380587565,-2.60290815255209
0.155,891.211223827429,1156.33392524945,49.9929079664195,49.9963192747986,1112.7171878591,417.835394960279,326.264817214733,326.556848831594,-325.913478072248,164.994399110257,160.919078919926,-4.86587749055117,5.63288633535984,-0.767008845364718
0.156,887.950481753011,1163.86395423659,49.9929339145804,49.9962953059719,1115.21262443266,418.67643571887,326.264068583761,326.556764727518,-310.251705176394,69.7295679958125,240.522137122788,-5.76836300367872,4.6257070569956,1.14265594591135
0.157,884.005209009154,1172.03003112188,49.9929653100634,49.9962693125419,1117.57363116551,419.595409906539,326.263360281741,326.5566728301,-264.792330776753,-32.3949644242744,297.187295129742,-6.10721220476812,3.16677973154582,2.94043247218816
0.158,880.28002142665,1179.91087055517,49.9929949541642,49.9962442270509,1119.78035547265,420.641919433647,326.262698264449,326.556568179147,-193.113327865116,-131.135990515339,324.249318298121,-5.84865517852703,1.39799194009255,4.45066323713239
0.159,877.49305088813,1186.81833861238,49.9930171321711,49.9962222398972,1121.91563176625,421.738715848841,326.262057681561,326.556458499505,-102.739282435709,-216.506845876422,319.246128221631,-5.01758902662557,-0.509688599436003,5.52727762450676
0.16,874.742028899545,1193.61817539413,49.9930390241085,49.9962005953444,1124.35794201354,422.452813676592,326.261324988486,326.556387089723,-2.66753120422987,-281.064945207851,283.732476317131,-3.69510999617418,-2.36472016399214,6.05983015839612
0.161,872.217559373535,1200.14439478801,49.9930591131987,49.9961798217429,1126.53210207127,423.394709585794,326.260672740469,326.556292900132,98.7082072122402,-318.122240324692,219.414033017271,-2.01200451213904,-3.98882965794147,6.00083416815187
0.162,869.68300344609,1206.66829107212,49.9930792825539,49.9961590555361,1129.1643420124,423.864409237481,326.259883068487,326.556245930167,189.978516889059,-324.067659961836,134.089142981346,-0.130980675744353,-5.22480260406821,5.35578327779595
0.163,866.876139831527,1213.36940109244,49.9931016188649,49.9961377252404,1131.8770764373,424.205019970783,326.259069248159,326.556211869093,262.352152536087,-298.363545301004,36.0113926803309,1.76222691260416,-5.94636036790389,4.18413345326931
0.164,864.00874872502,1220.11400567495,49.9931244368383,49.9961162564972,1135.43402384042,423.651708083912,326.258002163938,326.556267200282,309.29641298004,-243.686405913254,-65.6100071410726,3.48270804882001,-6.08817692026264,2.60546886947399
0.165,860.293157235541,1227.66739021074,49.9931540045759,49.9960922133275,1139.12483440986,422.953996123091,326.256894920767,326.556336971478,326.440909471576,-165.164296533019,-161.276612999759,4.86460837548043,-5.63436414777914,0.769755770465652
0.166,855.912785755576,1235.79790719718,49.9931888624646,49.9960663330881,1142.28619617937,422.736134101965,326.255946512237,326.55635875768,310.501251969345,-70.1606476367407,-240.34060437822,5.76674657915973,-4.62656219794219,-1.14018438284684
0.167,850.600703769469,1244.82466216808,49.9932311346699,49.9960376000347,1144.65469371989,423.264196014898,326.255235962974,326.556305951489,264.841825515283,31.5318725441696,-296.373698088349,6.10611105400074,-3.16771208980375,-2.93839896556108
0.168,845.624010477673,1253.47756644652,49.9932707379368,49.9960100569849,1146.02027300576,424.764758341519,326.254826289189,326.556155895256,193.287355298492,130.661706513019,-323.949061824679,5.84974247368383,-1.39979942462381,-4.44994305011911
0.169,841.390381295042,1261.341133062,49.9933044280873,49.995985026475,1146.80222728205,426.826048339966,326.254591702906,326.555949766256,102.722588376632,216.304638956348,-319.027227333138,5.01925950032231,0.506977935586,-5.52623743665224
0.17,838.663711850127,1267.63214906896,49.9933261262334,49.9959650015491,1147.57620206052,428.8353799913,326.254359510472,326.555748833091,2.44919373927424,280.95038414489,-283.399577874884,3.6980016907927,2.36189663149417,-6.05989832273338
0.171,836.168792204182,1273.65795701577,49.9933459801731,49.9959458208067,1148.89522387047,430.281502189493,326.253963803929,326.555604220871,-98.781576631375,318.402289069871,-219.620712424027,2.0146167958344,3.98688954623982,-6.00150634226819
0.172,834.255262156416,1279.07088806535,49.9933612075614,49.995928590912,1150.80631498313,431.112946657777,326.253390476595,326.555521076425,-190.047858764819,324.602953945978,-134.555095166119,0.132885059305759,5.2229388310928,-5.35582389040392
0.173,832.017839510783,1284.75467784608,49.9933790124051,49.9959104988472,1153.26838521486,431.342504959619,326.252651855526,326.555498120594,-261.842505369757,298.647116586574,-36.8046112044961,-1.76049089387726,5.94596014607336,-4.18546925208931
0.174,829.44067631465,1290.74254203251,49.9933995208182,49.9958914388835,1156.80817696798,430.450219048926,326.251589918,326.555587349185,-308.801036971244,243.693945015137,65.1070919622721,-3.48044473617364,6.08738668607274,-2.60694194975491
0.175,826.247863751957,1297.31312296348,49.9934249284132,49.9958705240748,1159.97742163306,429.912011651178,326.2506391446,326.555641169925,-325.557151497805,164.691574299143,160.865577195595,-4.8623624572754,5.63428080491507,-0.771918347534164
0.176,821.933232865994,1304.94661459962,49.9934592631549,49.9958462259163,1162.59452272521,429.899427701238,326.249854014273,326.55564242832,-310.293960350592,69.6938568185201,240.600103517803,-5.76669972583534,4.62765937008619,1.13904035574425
0.177,817.789792631888,1312.37318771607,49.9934922356046,49.9958225863999,1164.94479330674,430.104806081788,326.249148933098,326.555621890482,-264.55699808914,-32.046948243474,296.603946307559,-6.1068351483948,3.17009066772366,2.93674448050552
0.178,813.197616067541,1320.19478293423,49.9935287789846,49.995797689489,1166.59621652085,430.977959004296,326.248653506134,326.55553457519,-193.487051191885,-130.82885420459,324.315905360862,-5.84965569756054,1.40193383754181,4.44772185966053
0.179,809.521811974829,1327.079331422,49.9935580301042,49.9957757752906,1168.35387558406,431.746510174262,326.248126208415,326.555457720073,-102.930898955528,-216.450620109816,319.381519020594,-5.0201785920058,-0.50497682368087,5.52515541512287
0.18,805.67825374288,1334.08129376745,49.9935886161688,49.9957534873522,1170.30610700635,432.237335850493,326.247540538988,326.555408637505,-2.82132316491055,-280.742464657231,283.56378777059,-3.70026921193877,-2.35911624681472,6.05938545799052
0.181,801.468945309271,1341.4000257935,49.993622112781,49.9957301911046,1172.03050910059,432.953769400155,326.24702321836,326.55533699415,98.5456508282389,-317.901404472303,219.355753588581,-2.01644905055766,-3.98499655980478,6.00144560942599
0.182,797.638397777647,1348.31593787172,49.9936525953097,49.9957081770728,1172.76805896309,434.638227691289,326.246801953401,326.555168548321,189.76387140791,-324.125732714373,134.361861250597,-0.135198218707505,-5.22177257429164,5.35697079193209
0.183,794.543433210448,1354.42971387459,49.9936772242552,49.9956887163193,1173.78092351013,436.000334584181,326.246498094037,326.555032337632,262.061623141187,-298.178428984281,36.116805790227,1.75793231150335,-5.94431299121008,4.18638067856624
0.184,791.260117879717,1360.71909637506,49.9937033520484,49.9956686965931,1175.24185658251,436.87182518269,326.246059814116,326.554945188572,309.200985870168,-243.810469257501,-65.390516659341,3.47876716214098,-6.08780882077033,2.60904165747903
0.185,789.003500973548,1365.95237922685,49.9937213096352,49.9956520385364,1176.87196367623,437.564732158746,326.245570781988,326.554875897875,326.493837547964,-165.320887995835,-161.172949589738,4.86131304954654,-5.63579275276195,0.774479702121564
0.186,786.633498015692,1371.24736148614,49.9937401695195,49.9956351840844,1179.42030538448,437.33397839677,326.244806279475,326.554898973251,310.449410548226,-69.8824618933017,-240.566948681588,5.76626985030764,-4.62861105009909,-1.13765880118341
0.187,783.665779529661,1377.10552319268,49.9937637858728,49.9956165369765,1181.53215337492,437.454044622833,326.244172725078,326.554886966628,264.753559243457,31.7848747308431,-296.538433989143,6.10691802506193,-3.17237762250766,-2.93454040335795
0.188,780.154426896869,1383.46918178865,49.9937917283292,49.9955962808221,1183.85572031153,437.360961919286,326.243475654997,326.554896274898,193.401954157056,130.250457330525,-323.652411490826,5.85026281382877,-1.40409825554113,-4.44616455888363
0.189,776.819582209857,1389.6414137975,49.99381826618,49.9955766339974,1186.4930908794,436.954859751819,326.242684443827,326.554936885115,102.690602281351,216.078269504018,-318.768871779028,5.02157551749066,0.502903829148967,-5.52447934701198
0.19,773.05468596247,1396.19006347935,49.9938482262724,49.995555788998,1189.02674935992,436.579962387204,326.241924346282,326.554974374852,2.32732430156651,281.104341967152,-283.431666255501,3.70142377729,2.35804106451324,-6.05946484196287
0.191,769.076588343278,1402.91408622586,49.9938798829674,49.9955343857689,1190.96824134289,436.781451113217,326.241341898687,326.554954225979,-98.5541360609526,318.219878814346,-219.665742736126,2.01940055177138,3.98250979064689,-6.00191034239495
0.192,764.919347989826,1409.80521936793,49.993912965235,49.9955124506108,1192.77039428668,437.128348610458,326.240801252804,326.554919536229,-189.96263133882,324.565632722181,-134.603001365201,0.137594030695854,5.22102202203775,-5.35861605257081
0.193,760.935051909593,1416.44584276502,49.9939446712558,49.99549131285,1194.18846025452,437.798902117887,326.240375833014,326.554852480879,-261.775361287918,298.671785988076,-36.8964246838092,-1.75516176389995,5.94345419325853,-4.18829242910959
0.194,756.668374120306,1423.3701331394,49.9939786243989,49.9954692721492,1195.62104453434,438.429936156636,326.23994605773,326.554789377475,-308.84600105337,243.904430351728,64.9415707138117,-3.47694690283084,6.08762245218813,-2.61067554907654
0.195,752.625703465111,1430.0271805016,49.9940107949498,49.9954480821094,1196.192356071,439.919169986962,326.239774664269,326.554640454092,-325.903342686352,165.122438042057,160.780904649908,-4.85983894321695,5.6357212664277,-0.775882322953988
0.196,749.870838607329,1435.34849888715,49.9940327174678,49.9954311438269,1196.66829556409,441.466417263516,326.239631882421,326.554485729364,-310.232178323927,70.0730027455078,240.159175579017,-5.76505498840411,4.63028091191907,1.13477407667487
0.197,747.852880787006,1439.93449392299,49.9940487758659,49.9954165461513,1197.90109552707,442.222602944368,326.239262042432,326.554410110796,-265.015794237223,-31.9262412532844,296.942035488533,-6.10793702888349,3.17486294006843,2.93307408893412
0.198,745.757296644315,1444.548410775,49.9940654519946,49.9954018595978,1200.2700977682,441.827217201679,326.23855134176,326.55444964937,-193.658420756647,-130.559067776293,324.217488528521,-5.85146318676231,1.40675884183451,4.44470434497907
0.199,742.897193372629,1449.90981954693,49.9940882119733,49.9953847937036,1203.07625971171,440.981510424505,326.237709493177,326.554534220048,-103.089863467325,-216.076237432886,319.166100893769,-5.0226115325978,-0.500051505888297,5.52266303847389
0.2,739.117514734753,1456.1407989174,49.9941182897002,49.9953649598803,1205.3654499454,440.603234741326,326.237022736107,326.554572047616,-2.67584240564709,-280.960777648732,283.636620047117,-3.70230113506305,-2.35629608160608,6.05859721660277
0.201,734.997869736945,1462.67918034398,49.9941510727935,49.9953441475658,1207.31349897622,440.542001838898,326.236438321398,326.554578170906,97.933970058476,-317.913549331985,219.97957926651,-2.02110125779709,-3.98112026046255,6.00222151815554
0.202,730.520985577216,1469.56561457669,49.9941866987057,49.9953222273649,1209.00617144285,440.747936605662,326.235930519658,326.55455757743,189.74254680716,-324.19049525859,134.447948446253,-0.139768370163812,-5.21918336302198,5.35895173306543
0.203,726.13039286232,1476.29643215098,49.9942216379323,49.9953008025071,1210.01556367296,441.574999948184,326.235627701989,326.554474871096,261.883616489716,-298.363774297847,36.4801578063354,1.75277669719841,-5.94265679199089,4.18988009468247
0.204,722.088600011589,1482.67793403284,49.9942538014979,49.9952804895557,1210.72932822209,442.684865989644,326.235413572624,326.554363884491,309.324614360393,-244.063928207287,-65.2606861504108,3.47517134944284,-6.0878213750296,2.61265002551562
0.205,718.443883861205,1488.62448823315,49.9942828052275,49.9952615610858,1211.04439152686,444.17844983664,326.235319053632,326.554214526107,326.389701630557,-165.813807511295,-160.575894111146,4.85815506490465,-5.63645344684567,0.778298381936042
0.206,716.306354965362,1493.02596137364,49.994299815142,49.9952475507617,1211.06203039403,445.950342194207,326.235313761972,326.554037336871,310.564496822093,-70.3928852680335,-240.171611539894,5.76455879002611,-4.63217487841687,-1.13238391152389
0.207,714.782585606292,1496.79732082346,49.9943119409132,49.9952355461517,1211.97688962426,446.790029648794,326.235039304203,326.553953368126,265.294124674112,31.3913814723067,-296.685506126338,6.10711500855972,-3.17597034447707,-2.93114466388897
0.208,713.070973166789,1500.72889481139,49.9943255614923,49.995223031563,1213.91119650326,446.583453515023,326.234459012139,326.553974025739,193.507130340016,130.231163521649,-323.738293836214,5.85165219092022,-1.40871942480803,-4.44293276580092
0.209,710.362984254241,1505.64712315651,49.9943471109833,49.995207376356,1216.4543834445,445.770241872447,326.233696056057,326.554055346903,103.020815800266,215.931432312787,-318.952248082921,5.02418827076047,0.497721279525542,-5.52190954985684
0.21,706.963387853676,1511.20506078796,49.9943741641119,49.995189684891,1218.80287961163,445.117521274582,326.232991507207,326.554120618963,2.53070300112678,281.172969218975,-283.703672186525,3.7040779610938,2.35429904349558,-6.05837700404883
0.211,703.359142686077,1516.95599700842,49.9944028457836,49.9951713790925,1221.06529787872,444.51490156168,326.232312781727,326.554180880934,-98.2970312416014,318.405448487383,-220.108417210434,2.02320001479365,3.97967057082623,-6.00287058498467
0.212,699.148891512755,1523.28773475758,49.9944363498979,49.9951512245452,1222.80463802957,444.453088050521,326.231790979682,326.554187062285,-189.612604032144,324.568344203302,-134.955740135755,0.141711676296198,5.21837361684912,-5.36008529244096
0.213,695.138385244587,1529.35620102726,49.9944682644928,49.9951319080172,1224.25470910562,444.630621948515,326.231355958359,326.554169308896,-261.889744511594,299.103031087671,-37.2132865388739,-1.75177037482341,5.9425337687055,-4.19076339312332
0.214,691.406380086915,1535.16917705048,49.9944979628462,49.9951134047398,1225.05004626386,445.434141021981,326.231117357211,326.554088956988,-308.713996482894,243.988986789124,64.7250097312404,-3.47345756865093,6.08848028133545,-2.61502271188179
0.215,687.822772011667,1540.77779197,49.9945264802932,49.995095551964,1224.86883427821,447.219229534232,326.231171720807,326.553910448137,-325.760572360721,165.237124014784,160.523448382038,-4.85677212885084,5.63692441360504,-0.780152283927772
0.216,685.044479258561,1545.54685240601,49.9945485892444,49.9950803715732,1224.97173243727,448.704226662569,326.231140851359,326.553761948424,-310.342847463753,70.006734475438,240.336113019717,-5.76342546668231,4.63287130050754,1.13055416699283
0.217,683.237170890051,1549.33146801519,49.9945629713474,49.9950683247676,1225.91914752799,449.280851003705,326.230856626832,326.55370428599,-265.164726160769,-31.519862592162,296.684588778351,-6.10632570024416,3.1780970581875,2.92822864282385
0.218,681.171467523413,1553.35601864136,49.9945794096925,49.995055514225,1226.55059341266,450.187315842164,326.230667193067,326.553613639506,-194.001587708251,-130.300786436712,324.302374163992,-5.85196974248865,1.40957718563454,4.44239255753701
0.219,679.377456149064,1557.10116556306,49.9945936859814,49.9950435930521,1227.68103571926,450.588839096635,326.230328060375,326.553573487181,-103.308502607326,-215.988485081876,319.296987702863,-5.02507940053743,-0.496281549274905,5.52136095039
0.22,677.231375725475,1561.15123779291,49.9946107639468,49.9950307012718,1229.53612408045,450.220926407385,326.229771533866,326.55361027845,-3.04679760203781,-280.787203540914,283.834001154432,-3.70545134610793,-2.35292557195006,6.05837691853759
0.221,674.622839093641,1565.6447952957,49.9946315220218,49.9950163978341,1231.35432341936,449.874541382184,326.229226074065,326.553644916952,97.8057077069562,-317.73741187099,219.931704175373,-2.02455878182388,-3.97873849933897,6.00329728156831
0.222,671.833359822786,1570.3181576583,49.9946537199925,49.9950015220596,1233.77827162406,448.928074254227,326.228498889603,326.553739563665,189.316533484829,-324.26491841316,134.948384941939,-0.14401888749991,-5.2173940464771,5.36141293434243
0.223,668.099667440042,1575.87556503662,49.9946834317724,49.9949838322825,1235.92518976595,448.204854020315,326.227854814161,326.553811885688,261.913568838049,-298.364050965361,36.4504821455403,1.74894339067989,-5.9419921172419,4.19304872692882
0.224,663.64140721097,1582.16000114128,49.9947189094801,49.9949638283011,1237.22564104481,448.325844074863,326.227464678777,326.553799786683,308.692788661742,-243.886716817137,-64.8060718197994,3.4715908472692,-6.08825718413171,2.61666633727544
0.225,659.668736322181,1587.92627112081,49.9947505229906,49.9949454736937,1238.22041429462,448.73761192692,326.227166246802,326.553758609898,326.573196794072,-165.717448608137,-160.855748152602,4.85520839954828,-5.63816640366449,0.782958004620037
0.226,655.632367573554,1593.72057445546,49.9947826433925,49.9949270298534,1238.27342244587,450.084308624235,326.227150344357,326.553623940228,310.650938826007,-70.6595125696739,-239.991426214524,5.76236706317647,-4.63454437270278,-1.12782268983974
0.227,652.513631879084,1598.57974438736,49.9948074615026,49.9949115626351,1237.99187323205,451.729598191784,326.227234809121,326.553459411271,265.041587046301,31.2440942398372,-296.285681236908,6.10649040513901,-3.17923273783776,-2.92725766651925
0.228,650.526181235625,1602.28154688577,49.9948232771323,49.9948997794318,1237.36932094696,453.699160299112,326.227421574806,326.55326245506,194.121717730889,129.483956564521,-323.605674239833,5.85248202967281,-1.41202058942116,-4.44046143931673
0.229,649.364307614708,1605.15745745344,49.9948325230288,49.9948906251241,1237.22046007386,455.196521174537,326.227466233068,326.553112718973,103.077887264326,215.67815807131,-318.756045276,5.02629398467456,0.494011732708706,-5.52030571630545
0.23,648.87360355669,1607.31464119097,49.9948364279276,49.994883758595,1238.16373001529,455.56764392406,326.227183252086,326.553075606698,2.88797697104504,280.767368936554,-283.655345847326,3.70687412371981,2.35055589494465,-6.05743001747464
0.231,647.167509144092,1610.69248954153,49.9948500045956,49.9948730065698,1240.09299251497,454.929861512022,326.226604473336,326.553139384939,-98.536970709958,318.294124166191,-219.757153398305,2.0262517816215,3.97722319835962,-6.00347497872467
0.232,645.169461942456,1614.35427883577,49.99486590455,49.9948613507324,1242.40207389068,453.928361680382,326.225911748923,326.553239534922,-189.256284616023,324.570555312261,-135.31427064314,0.145421913049966,5.21668099796689,-5.36210290974539
0.233,642.345008980555,1618.78220743195,49.9948883808325,49.994847256198,1244.42068458607,453.161931649361,326.225306165715,326.553316177925,-261.517189318126,298.95094301627,-37.4337536520464,-1.74753503771046,5.94159592459244,-4.19406088564787
0.234,638.634768133303,1624.11076447781,49.9949179059911,49.9948302948741,1245.90786421614,452.918966493541,326.224860011826,326.553340474441,-308.678647839409,244.333491415567,64.3451564613239,-3.47029431952635,6.08873764296974,-2.61844332229659
0.235,635.046789159192,1629.27648457113,49.9949464582205,49.9948138518764,1246.57399934583,453.501180025009,326.224660171287,326.553282253088,-325.836342307877,165.642354130969,160.193988204798,-4.85434544894953,5.63868419715965,-0.784338747194053
0.236,632.460304241003,1633.42021855641,49.9949670408135,49.9948006619614,1247.24478984214,454.065083313022,326.224458934138,326.553225862759,-310.114701671937,69.9540804852202,240.160621205427,-5.76241259121709,4.63619846685032,1.12621412522125
0.237,629.976424581062,1637.43905879311,49.9949868068998,49.9947878695956,1248.00363120422,454.50948552428,326.224231281729,326.553181422538,-265.055851308812,-31.6004043949234,296.656255713847,-6.10592190864712,3.18065018970586,2.92527171961821
0.238,627.041087191899,1641.89445184609,49.9950101655726,49.9947736876391,1248.64022545917,455.062927866284,326.224040303453,326.553126078304,-193.87617426516,-130.336221468465,324.212395736365,-5.85317056354024,1.41438500044033,4.43878556359633
0.239,625.050633724494,1645.38963575852,49.995026005098,49.9947625621231,1249.14940498715,455.747492307434,326.223887549594,326.55305762186,-103.502231850952,-216.091230875881,319.593462724166,-5.02657145256188,-0.492547498767965,5.51911895165607
0.24,623.126407262291,1648.7845089828,49.9950413176057,49.994751755906,1249.8504929366,456.180603823991,326.223677223209,326.553014310708,-3.48972504652675,-280.435312369604,283.925037410698,-3.70935253310803,-2.3472415450828,6.05659407837273
0.241,621.290994451841,1652.08047633089,49.9950559233567,49.9947412645161,1250.26131024283,456.925889317241,326.223553978018,326.552939782159,97.7687340364678,-317.756952130641,219.988218088446,-2.02787195579457,-3.9753076917947,6.00317964766445
0.242,619.687706511131,1655.1421672561,49.9950686819168,49.9947315188512,1251.10821049574,457.228275575354,326.223299907942,326.552909543533,189.1625639901,-324.118492884755,134.955928891038,-0.146833915944297,-5.21559466494894,5.36242858090656
0.243,618.184489506756,1658.06579122154,49.9950806441376,49.9947222126671,1251.83098631327,457.609743967893,326.223083075196,326.552871396694,261.861555295263,-298.899339564563,37.0377842692958,1.74577819166102,-5.94182387183518,4.19604568016908
0.244,616.047713052486,1661.62850119022,49.9950976480644,49.9947108722091,1253.25303919086,457.301709001487,326.222656459333,326.55290220019,308.969427168402,-244.041451031106,-64.9279761318569,3.46876694063065,-6.08833630901785,2.61956936840679
0.245,613.619318088386,1665.44654110239,49.9951169726175,49.9946987190106,1254.79033398831,456.854191164666,326.222195270894,326.552946951974,326.422086416937,-165.945717075576,-160.476369328939,4.85293613483662,-5.63915821182939,0.786222077078455
0.246,611.410704654182,1669.03648135744,49.9951345482048,49.9946872918758,1256.04963878668,456.691960699909,326.221817479454,326.55296317502,310.72769834027,-70.8612395654072,-239.866458755353,5.76190589146192,-4.6371316551608,-1.12477423611507
0.247,608.597155916128,1673.22157910487,49.9951569377142,49.9946739702959,1257.44515940225,456.336126451725,326.22139882327,326.552998758445,265.473902739377,30.6083606416258,-296.082263355194,6.1064292891597,-3.18347435616137,-2.92295493269328
0.248,605.729201285162,1677.42053264803,49.995179760172,49.9946606046117,1257.88262322947,456.958281471647,326.221267584122,326.552936542943,193.909518907086,129.615984695275,-323.525503571314,5.8533992366407,-1.4160408180836,-4.43735841812754
0.249,603.246414113807,1681.238368933,49.9951995175646,49.9946484520614,1258.31430491904,457.584614462426,326.221138079615,326.552873909644,103.286792332673,215.705061498307,-318.991853795687,5.02837381390392,0.489904566830544,-5.5182783801861
0.25,601.132553022271,1684.64019210914,49.9952163391367,49.9946376237219,1258.61008963326,458.296875346314,326.2210493442,326.552802683556,3.05388329043633,280.668128825908,-283.722012078289,3.71015357030652,2.34617142595034,-6.05632499560167
0.251,599.032873097532,1688.03671645574,49.9952330478586,49.9946268122491,1258.50164444154,459.407866827201,326.221081877758,326.552691584408,-97.785606274187,318.134329395867,-220.348723082812,2.0307753327415,3.9736704146728,-6.00444574667475
0.252,597.49539045804,1690.8450770141,49.9952452827567,49.9946178729598,1258.36282021309,460.564230483816,326.221123525026,326.552575948042,-189.237742573993,324.580779760717,-135.343037149211,0.149485499095471,5.21362122595597,-5.36310672425875
0.253,596.341174686253,1693.23915588149,49.995254467714,49.9946102523701,1258.5748311627,461.332764867836,326.221059921742,326.552499094604,-261.399979632394,298.863324822646,-37.4633451562512,-1.74404764237598,5.94066507436087,-4.19661743117713
0.254,595.560760961878,1695.28396328579,49.9952606780491,49.994603743546,1259.44860939805,461.420097835127,326.220797788271,326.552490361307,-308.337016098948,244.018261629344,64.3187544985037,-3.46701318541713,6.08913807254808,-2.62212488634831
0.255,594.203432198335,1697.86355218712,49.9952714793282,49.9945955324595,1260.09013635572,461.748335693688,326.220605330184,326.552457537521,-325.908950314349,165.82037868046,160.088571656628,-4.85193013603122,5.63969919295014,-0.78776905619846
0.256,593.04511159966,1700.24155250551,49.9952806969506,49.9945879630494,1261.2335460249,461.571618074077,326.220262307283,326.552475209283,-310.488927848069,70.3909926211878,240.097935242567,-5.76138454506141,4.63875038552772,1.1226341601598
0.257,591.429263826136,1703.04890822207,49.9952935554586,49.9945790269586,1263.3767913145,460.34988072294,326.219619333696,326.552597383018,-265.526340925168,-31.1526414047167,296.678982338505,-6.1057464805217,3.18433346493182,2.92141301609725
0.258,589.213077322833,1706.45594634029,49.9953111913105,49.9945681820194,1265.1265728046,459.524970333541,326.219094399249,326.552679874057,-194.274296703322,-129.871514690864,324.145811395977,-5.85407402124878,1.41816511897616,4.43590890264649
0.259,586.201059456964,1710.64619487517,49.9953351601871,49.9945548440441,1265.99977396196,459.576571917206,326.218832438902,326.552674713899,-103.824392816137,-215.636874269912,319.461267082039,-5.02864428876564,-0.488256474976749,5.5169007639766
0.26,583.525084944365,1714.45618547786,49.9953564549157,49.9945427164673,1265.51692936597,460.95262481083,326.218977292281,326.552537108609,-3.62866682165912,-280.336934603091,283.96560141696,-3.71135848314869,-2.34506147403762,6.05641995729261
0.261,581.82427442902,1717.29276766337,49.9953699895357,49.9945336873458,1264.76879646019,462.590934659761,326.219201732152,326.552373277624,97.2377800066794,-317.507077734505,220.269297717663,-2.03111749031792,-3.97304109382648,6.00415858414254
0.262,580.654513570163,1719.60103027197,49.9953792981968,49.9945263399177,1264.08181235942,464.169352363394,326.219407827383,326.552215435854,189.029138460734,-324.088726656112,135.059588184083,-0.151120508455569,-5.213509094429,5.36462960279861
0.263,580.326422352806,1721.01785567564,49.9953819090638,49.9945218300224,1263.67528806366,465.437259305581,326.219529784671,326.55208864516,261.547353906406,-298.620792316705,37.0734383985853,1.74182157127355,-5.94067487111097,4.19885329968942
0.264,579.673450073917,1722.78114748541,49.9953871052521,49.9945162172902,1264.78761336813,465.180180606976,326.21919608708,326.55211435303,308.90049150914,-244.218089472622,-64.6824020471915,3.46539641258525,-6.08866058152209,2.62326416875088
0.265,578.657370166006,1724.88475450899,49.9953951909591,49.9945095213011,1265.53177310445,465.278891287146,326.218972839159,326.552104481962,326.486932925745,-166.047557270222,-160.439375664058,4.85051726762837,-5.6411729064574,0.790655638631157
0.266,577.873019028319,1726.73562066243,49.9954014326271,49.9945036298112,1266.72134874722,464.949097863647,326.218615966466,326.552137461304,310.622766755388,-71.0091601094984,-239.613606650664,5.76015843310941,-4.63957461597282,-1.12058381731979
0.267,576.927984287379,1728.73605797367,49.9954089529746,49.9944972622215,1268.23998661284,464.245555719242,326.218160375107,326.552207815518,265.338794242711,30.570514024787,-295.909308267134,6.10597244108198,-3.18534021564794,-2.92063222557049
0.268,575.223811902271,1731.48556879587,49.9954225143476,49.9944885102567,1269.50483379197,463.789208228167,326.217780920953,326.552253450268,194.158972810495,129.473560971406,-323.632533775811,5.85447562910042,-1.41962891166183,-4.43484671750045
0.269,573.107215105761,1734.64977067316,49.9954393576897,49.9944784382893,1270.68453582562,463.4428455798,326.217427010343,326.552288086532,103.36457984591,215.45741857602,-318.821998411394,5.03000938239584,0.486773687395768,-5.51678306976214
0.27,570.845576051975,1737.92039025333,49.9954573552415,49.9944680275838,1271.54456561982,463.36444258195,326.217169001404,326.552295926832,3.02510665981905,280.823117036549,-283.84822368256,3.71298635124344,2.34357804372186,-6.05656439484637
0.271,568.545203267805,1741.22224921355,49.9954756610264,49.9944575174403,1271.37768633785,464.303766655969,326.217219065189,326.552201994425,-98.0285700589918,318.003484623228,-219.974914548028,2.03386594402271,3.97056092840893,-6.00442687223124
0.272,566.478345911319,1744.28929716657,49.9954921085547,49.9944477547235,1270.82499552815,465.648134111868,326.217384872432,326.552067557679,-189.160801668453,324.774592174881,-135.613790488961,0.153726713040652,5.21212213498091,-5.36584884775281
0.273,565.558545351344,1746.16170358301,49.995499428095,49.9944417946687,1270.26939048964,466.965809957762,326.217551553944,326.551935790095,-261.266479609737,299.027456073714,-37.76097644687,-1.73993888789609,5.93979820142305,-4.19985931321006
0.274,564.654622073018,1748.04323106933,49.9955066212879,49.9944358055807,1269.73114269759,468.25366508013,326.217713028281,326.551807004582,-308.568688371035,244.251604771514,64.3170836146918,-3.4646557173219,6.08961282178118,-2.62495710412089
0.275,564.518502350234,1749.12024119753,49.9955077044942,49.994432377351,1268.98154943488,469.753587173238,326.21793790626,326.551657012373,-325.683629177843,165.763052603672,159.920576586135,-4.84904214173888,5.64075668103064,-0.791714538960522
0.276,564.786017337225,1749.79309225147,49.9955055756776,49.9944302355996,1269.10857933722,470.364708206088,326.217899797289,326.55159590027,-310.285136549093,70.736491006452,239.548645549973,-5.75976835338169,4.64102536561964,1.11874298805637
0.277,565.86884674431,1749.64685269156,49.995496958795,49.9944307010946,1269.74470651919,470.449748279316,326.217708959135,326.551587396262,-265.298368126032,-30.9647668075393,296.263134935727,-6.10667425520928,3.18740065344522,2.91927360199353
0.278,565.815071454542,1750.62580501555,49.9954973867251,49.9944275849926,1271.81959125074,469.089060619813,326.217086493715,326.551723465028,-194.408074837096,-129.912005853677,324.320080688457,-5.85565715604046,1.42218420390491,4.43347295228318
0.279,564.595543481698,1752.77566169999,49.9955070914204,49.9944207417862,1274.42779761967,467.213044380999,326.216304031804,326.551911066652,-103.970705637315,-215.52478501638,319.49549064729,-5.03115980821958,-0.484356895167615,5.5155167034473
0.28,562.20205426302,1756.05903539479,49.9955261382024,49.9944102904831,1276.41915193241,465.908506004825,326.215706625511,326.55204152049,-3.95770952523095,-280.20641258653,284.164122101602,-3.71473348892025,-2.34103979388438,6.05577328277462
0.281,558.905220119904,1760.24695484176,49.9955523735749,49.9943969599215,1277.39818692978,465.608350460612,326.215412915011,326.552071536044,97.447946628027,-317.596816618898,220.148869978223,-2.03569602391938,-3.96909191568798,6.00478793949344
0.282,555.986958504273,1764.03867639833,49.995575596363,49.9943848904969,1276.25314616556,467.458513620415,326.215756427241,326.551886519728,188.890506999041,-324.195185956325,135.304678943754,-0.154978461701525,-5.21075501200553,5.36573347352525
0.283,554.424438802494,1766.44065536698,49.9955880304997,49.9943772447604,1274.77891284772,469.600608911738,326.216198697236,326.551672310199,261.312377740223,-298.790456367681,37.4780786137535,1.73897110137434,-5.93978914678448,4.20081804517984
0.284,553.886676397401,1767.83432403192,49.9955923098769,49.9943728085753,1273.33104726042,471.709641253977,326.216633056912,326.551461406965,308.757554332478,-244.368527654096,-64.3890266907361,3.46290986388439,-6.08893259101099,2.62602272686957
0.285,553.981116979751,1768.56552003587,49.9955915583427,49.9943704811061,1271.78613627083,473.901833289428,326.217096530209,326.551242187761,326.410377632992,-166.324471178761,-160.085906463237,4.84820385435506,-5.64179917927891,0.793595324668179
0.286,555.399495000347,1767.97336110365,49.995580271249,49.9943723660065,1271.11843584746,475.232543354561,326.217296840336,326.551109116755,310.798911804031,-71.3760113120756,-239.422900496041,5.75923615323399,-4.64196706632704,-1.11726908712767
0.287,556.743841729392,1767.45279962319,49.9955695732776,49.9943740230052,1271.8697838461,475.1052672871,326.217071435937,326.551121844362,265.444388378219,30.3472156056323,-295.791603981898,6.10631892191414,-3.18904869347902,-2.91727022858787
0.288,557.955874026348,1767.06047744587,49.9955599282311,49.9943752718054,1273.68352006779,473.9173734015,326.21652731507,326.55124063375,194.048986060718,129.655119421271,-323.704105473489,5.85637822308693,-1.42373927457268,-4.43263894857107
0.289,557.570960589703,1768.26118595463,49.9955629912749,49.9943714498316,1275.73882977446,472.514075841493,326.215910722158,326.551380963506,103.595280158232,215.345314720174,-318.940594864468,5.03194638800692,0.48324591450285,-5.5151923024532
0.29,556.335806852238,1770.27783944514,49.995572820316,49.9943650306241,1277.58438787389,471.2628326701,326.215357054728,326.551506087823,3.5886733233096,280.469803080788,-284.058476386548,3.71581075229485,2.33979909078751,-6.05560984291694
0.291,554.597378562512,1772.80968597898,49.9955866542888,49.9943569715063,1278.4647128167,470.99195735012,326.215092957245,326.551533175355,-97.7819450004106,318.036059129264,-220.254114108878,2.03688324557885,3.96908260100471,-6.00596584632262
0.292,552.738627978618,1775.46260294929,49.995601445756,49.9943485270093,1279.112133594,470.960450970018,326.214898731012,326.551536325993,-188.998265541899,324.531493062173,-135.533227499089,0.157678877810693,5.21067898226575,-5.3683578597381
0.293,551.185274723597,1777.74530658232,49.9956138069484,49.994341260938,1279.15294034901,471.510950897513,326.214886488986,326.551481276001,-261.21736752435,299.322343673892,-38.1049761286803,-1.73649829907879,5.93868675398175,-4.20218845451057
0.294,549.429733827481,1780.25678408544,49.995627777099,49.9943332666568,1278.52178864222,472.712358241561,326.215075834498,326.551361135266,-308.504010101707,244.621511056924,63.8824990638373,-3.46039560117788,6.08894382980849,-2.62854822821154
0.295,548.405849699969,1782.02311479263,49.99563592491,49.9943276442515,1277.44107383912,474.380771879866,326.215400048939,326.551194293902,-325.907236485441,165.943562880786,159.963673620626,-4.84717213869042,5.64281539768182,-0.795643258574823
0.296,548.521037005956,1782.62497043964,49.9956350082785,49.9943257284855,1276.20904055557,476.191426429522,326.215769658924,326.551013228447,-310.388305996191,70.8920231510933,239.496282857381,-5.7583403364533,4.6432916315707,1.11504870526992
0.297,549.558823060044,1782.30194535918,49.9956267498395,49.9943267567063,1275.53179096908,477.420924891721,326.2159728338,326.550890278601,-265.510975917399,-31.1342162298134,296.645192155183,-6.1059112735415,3.19048691003197,2.91542436384533
0.298,550.71406916007,1781.85969853611,49.9956175566832,49.9943281644216,1275.93143999196,477.573383198311,326.215852939093,326.550875032771,-194.504115658609,-129.658275355974,324.162391018186,-5.85630704809601,1.42537880657336,4.43092824178925
0.299,551.439337338782,1781.85015812562,49.9956117851824,49.9943281947897,1276.72907632341,477.345327794266,326.215613648193,326.550897838311,-104.08600252247,-215.308247881155,319.39425040298,-5.0328229778099,-0.481471516029477,5.5142944940256
0.3,551.572037493834,1782.40923594845,49.9956107291881,49.9943264151897,1277.88548443013,476.72095009525,326.215266725761,326.550960276081,-4.12595661648379,-280.142764251589,284.268720863672,-3.71761336028729,-2.33803552587172,6.05564888626023
0.301,550.679843163821,1784.00470311051,49.995617829045,49.99432133666,1279.42563652721,475.702780908903,326.214804680132,326.551062092999,97.129499772055,-317.56606580185,220.436566022592,-2.03922006754709,-3.96688296761212,6.00610303517843
0.302,549.455800321284,1785.92150467303,49.9956275696684,49.9943152352911,1280.81425873019,474.860162549071,326.214388093471,326.551146354836,188.700124880356,-324.094000832795,135.393875943766,-0.159680284381319,-5.20900991747893,5.36869020180798
0.303,548.21345508524,1787.81921760014,49.9956374559377,49.9943091946833,1281.24714251129,474.946202494396,326.214258228337,326.551137750841,261.59839432432,-298.736262162557,37.1378678329323,1.73477057948782,-5.93851124795985,4.20374066838295
0.304,546.504330703949,1790.19386364099,49.9956510567174,49.9943016359502,1280.52527656105,476.178646121566,326.214474788122,326.551014506478,308.965302561321,-244.792422234872,-64.1728803268935,3.45957509739613,-6.08922381830182,2.62964872082584
0.305,545.894492231571,1791.45985364034,49.9956559096577,49.9942976061789,1279.2416397544,477.979964337297,326.214859879164,326.550834374657,326.267610675847,-166.346381941042,-159.921228729141,4.84669451105183,-5.6434750560453,0.796780544963624
0.306,546.296150276833,1791.68428854423,49.9956527133646,49.9942968917804,1277.98402396006,479.750787905814,326.215237163902,326.5506572923,310.927664716881,-71.2619097126864,-239.665754991899,5.75744768417293,-4.64358826702798,-1.11385941709114
0.307,547.497090491365,1791.1273159384,49.995643156586,49.9942986646792,1277.23822065417,480.972014142854,326.215460904894,326.550535169676,265.77804354343,30.0418024632453,-295.81984598785,6.10624278128344,-3.19232330448045,-2.9139194766417
0.308,548.060631005617,1791.18612750027,49.9956386720731,49.9942984774762,1277.02052766747,481.675199004819,326.21552621279,326.55046485119,194.561116971299,129.130073318555,-323.691190265128,5.85694993377326,-1.42703274203008,-4.42991719146164
0.309,549.001855630625,1790.87721167156,49.9956311820455,49.9942994607858,1277.77490235563,481.431749349634,326.215299900384,326.550489196155,103.627878888817,215.463918550793,-319.09179741181,5.03371958698216,0.479681280012908,-5.51340086659578
0.31,549.225599816906,1791.25862741292,49.9956294015458,49.9942982467018,1278.37122359622,481.286975244419,326.215121004012,326.550503673566,3.58113376678104,280.491753510192,-284.072887250051,3.71933074058788,2.3359858735299,-6.05531661363541
0.311,549.534931441048,1791.55957101751,49.995626939963,49.9942972887686,1279.68973697767,480.442050263621,326.214725449997,326.550588166064,-97.6823859483596,317.96552037986,-220.28313440711,2.04045720755694,3.96539295075015,-6.00585015778401
0.312,549.507825215036,1792.19853087482,49.9956271556675,49.9942952548962,1280.27090733203,480.334147748182,326.214551098891,326.550598956316,-188.826675025522,324.635802126594,-135.80912708062,0.160579766793207,5.20824561970508,-5.36882538597473
0.313,549.317885270959,1792.97053395973,49.9956286671615,49.994292797534,1280.80955763174,480.25075074195,326.214389503801,326.550607296016,-260.913443693979,299.049194726227,-38.1357510163576,-1.73301564742358,5.93840124534412,-4.20538559743118
0.314,548.526466737336,1794.35124918645,49.9956349650701,49.994288402581,1281.51813114028,479.989809553483,326.214176931748,326.550633390135,-308.5121026362,244.634845154259,63.8772574929072,-3.45770249318816,6.08909336372623,-2.63139087010919
0.315,548.044494801544,1795.41125011189,49.9956388004809,49.9942850284932,1281.22258476955,480.738445666594,326.21426559566,326.550558526524,-325.654559003353,166.072787380981,159.581771628457,-4.8449658059333,5.64432002371118,-0.7993542174282
0.316,547.864801306241,1796.16175950944,49.9956402304363,49.9942826395476,1281.34532234637,481.071435323456,326.214228774386,326.550525227558,-310.499271321301,70.921866781421,239.577404541972,-5.7572437661407,4.64548249421375,1.11176127218911
0.317,547.259277894289,1797.32230167026,49.9956450490385,49.9942789454272,1280.73119292468,482.108155981321,326.214413013213,326.550421555492,-265.370554645288,-30.9122325034687,296.282787147701,-6.10499408803667,3.19304954584229,2.91194454237068
0.318,547.097733887888,1798.02970145514,49.9956463345649,49.9942766937037,1279.75077201583,483.519078865182,326.214707139486,326.550280463204,-194.436711029835,-129.491075905789,323.927786932219,-5.85719244264889,1.42843264072523,4.42875980202188
0.319,548.018256966861,1797.66410697113,49.995639009275,49.9942778574271,1278.89016669636,484.816165036391,326.214965321081,326.550150754587,-104.584931484705,-214.904639039921,319.48957051961,-5.03503698959122,-0.477851475552202,5.51288846517404
0.32,549.404746652434,1796.801088353,49.9956279759406,49.9942806045007,1278.44531121947,485.664230288837,326.215098777725,326.550065948062,-4.3521115942669,-280.077295464874,284.429407053483,-3.7204524716538,-2.33433908494282,6.0547915565742
0.321,550.361678494805,1796.38093822632,49.995620360919,49.9942819418801,1278.6696493645,485.842101555666,326.215031476281,326.550048160935,96.8962192398,-317.599683185678,220.703463940551,-2.04256109982289,-3.96362803502835,6.0061891347929
0.322,551.316945903978,1795.97062570159,49.9956127591425,49.9942832479454,1278.9916793275,485.953046924902,326.214934867292,326.550037066398,188.435923318998,-324.098827935767,135.662904612208,-0.162187808917422,-5.20787838271142,5.37006619155229
0.323,552.512363610168,1795.28273691274,49.9956032463106,49.9942854375635,1279.73782195319,485.604913798728,326.214711024504,326.550071879711,261.167021263579,-298.589503511266,37.4224822419225,1.73171428362797,-5.93781781155782,4.20610352783848
0.324,552.787379439487,1795.51922722142,49.9956010578042,49.9942846847914,1280.5793017451,485.153949352171,326.214458580567,326.550116976155,308.953455155977,-244.771232526454,-64.1822226366392,3.45647544804252,-6.08892624350795,2.6324507953532
0.325,552.902424005569,1795.92773329415,49.9956001423086,49.9942833844762,1281.32262616287,484.803026952328,326.214235583242,326.550152068395,326.276755720974,-166.480048382465,-159.7967073465,4.8443573858887,-5.64522870931176,0.800871323287678
0.326,553.00188280739,1796.33217218812,49.9955993508406,49.9942820971072,1281.76686837437,484.755869805294,326.214102310578,326.55015678411,310.824726271864,-71.6081421331198,-239.216584147149,5.75648854274033,-4.64688784367499,-1.10960069922121
0.327,553.011134633711,1796.82868493317,49.9955992772169,49.9942805166581,1282.02942630588,484.873380057147,326.214023543199,326.550145033085,265.788048426288,30.1422229130922,-295.930271347731,6.10652299524761,-3.19540475438417,-2.91111824103463
0.328,552.851071495,1797.4705458504,49.9956005509589,49.9942784735513,1282.07226768372,485.203508745828,326.214010690785,326.550112020216,194.508920038568,128.972714465899,-323.481634512297,5.85781440300913,-1.43084466828726,-4.42696973490103
0.329,552.650024954545,1798.17057179875,49.9956021508364,49.9942762452995,1282.15917949631,485.513162761472,326.213984617242,326.550081054814,104.176151526309,214.962194946011,-319.138346480223,5.03658407214559,0.475323301485086,-5.51190737381193
0.33,552.33343686597,1798.95243114185,49.9956046701644,49.9942737565639,1281.90933982411,486.123274260422,326.214059569143,326.550020043664,3.55730545809662,280.57488703062,-284.132192497085,3.72228028334402,2.33303265954263,-6.0553129430727
0.331,552.730640695706,1799.02630752296,49.9956015093168,49.9942735214081,1281.43268178607,486.954917237751,326.214202566555,326.549936879367,-97.3434355071404,317.924412672037,-220.580977173589,2.04441317622897,3.96233368223278,-6.00674685865384
0.332,552.823888516372,1799.40828830397,49.9956007672742,49.9942723055255,1280.75285523787,488.008862627612,326.214406514519,326.549831484828,-188.609436299074,324.825155348685,-136.215719058409,0.164748595222679,5.20620342956594,-5.37095202498624
0.333,553.906115224213,1798.75533283505,49.9955921551877,49.9942743839473,1280.26277557859,488.85306989752,326.214553538417,326.549747064101,-261.38873239262,299.681196145466,-38.2924637615103,-1.730108311624,5.93721217611472,-4.20710386469147
0.334,555.125605688863,1798.00101480442,49.9955824507909,49.9942767850162,1279.95094767266,489.507149368418,326.214647086789,326.549681656154,-308.2489504294,244.548027920888,63.7009225001583,-3.45499165093346,6.08949934794949,-2.63450769721668
0.335,556.312473101848,1797.25802486308,49.9955730060001,49.9942791500266,1279.94646522661,489.85397871759,326.214648431522,326.549646973219,-325.98700090246,166.606662355658,159.380338538877,-4.84256613644979,5.64566720960694,-0.803101073354282
0.336,557.623144040101,1796.38384778665,49.9955625760122,49.9942819326187,1280.59239035549,489.570471904566,326.214454653984,326.5496753239,-310.472841774224,71.0019829818464,239.470858784878,-5.75583911335658,4.64716302795184,1.10867608521379
0.337,558.920213244271,1795.52919007073,49.9955522542634,49.9942846530787,1280.93374908385,489.550070715298,326.214352246365,326.549677364019,-265.623560105226,-30.4135560293649,296.037116127382,-6.10620279655641,3.1963021933248,2.90990060304813
0.338,559.323459987974,1795.56215958663,49.9955490453278,49.9942845481335,1281.63713571792,489.172589555542,326.214141230375,326.549715112135,-194.698972914589,-129.252760092444,323.951732999725,-5.85836366516624,1.43218639934209,4.42617726564648
0.339,559.616926735023,1795.71078373606,49.9955467099936,49.9942840750481,1282.18527293163,488.97514620148,326.213976789211,326.54973485647,-104.567216609571,-214.958859006692,319.526075608251,-5.03735902549429,-0.474384333387488,5.51174335870515
0.34,559.688621530379,1796.05657674191,49.9955461394646,49.9942829743548,1282.19138049323,489.275844105106,326.213974956942,326.54970478668,-4.53528564610991,-279.941500484124,284.476786120832,-3.7237584825225,-2.33148106296684,6.05523954530458
0.341,559.433988607302,1796.72200595912,49.995548165769,49.9942808562278,1282.37505820745,489.410750815536,326.213919853628,326.549691296009,96.741123168835,-317.560023893226,220.818900713062,-2.04577583699667,-3.96122741175673,6.00700324855003
0.342,559.569190498457,1797.01506107871,49.9955470898665,49.9942799234044,1282.16110546604,489.950808579435,326.213984039451,326.549637290232,188.334947325162,-324.061807327739,135.726859988786,-0.166678039410897,-5.20551886455383,5.37219690373158
0.343,559.733323621097,1797.23743943428,49.9955457837366,49.9942792155521,1281.80068838637,490.624941500145,326.214092164574,326.54956987694,261.17458878739,-298.87638979844,37.7018009935949,1.72757784930037,-5.93683313986806,4.20925529028922
0.344,559.81596361089,1797.5632345311,49.9955451261085,49.9942781785141,1280.99131166223,491.743733153185,326.214334977592,326.549457997775,308.503258265686,-244.743724164903,-63.7595341214616,3.4539789674628,-6.0900799557906,2.6361009879916
0.345,560.54104620752,1797.2314271677,49.9955393560845,49.9942792346897,1279.71643667327,493.308074659552,326.214717440088,326.549301563624,326.405095613406,-166.823414905368,-159.581680730943,4.84172652761395,-5.64734683341337,0.805620305403306
0.346,562.575465353744,1795.56561178768,49.9955231666913,49.9942845371448,1278.90784906626,494.444559861967,326.214960016371,326.549187915104,310.877404163021,-71.5163474842251,-239.36105670207,5.75484868375036,-4.64812470764807,-1.10672397654948
0.347,564.680923495132,1793.8433536665,49.9955064119878,49.9942900192626,1279.13860031976,494.485834670065,326.214890790994,326.549183787623,266.027413215269,30.1028009821131,-296.130214218789,6.10573144112836,-3.19830043689115,-2.90743100471084
0.348,566.63064811956,1792.27753212339,49.9954908965722,49.9942950034274,1279.84376321765,494.065206098913,326.214679242125,326.549225850481,194.593610016434,129.034122858169,-323.627732892357,5.85905856160919,-1.43438326717743,-4.42467529490027
0.349,567.717918958557,1791.58880237028,49.9954822443458,49.9942971957223,1280.57185233524,493.638704711302,326.21446081539,326.549268500619,104.199090395778,214.873581684674,-319.072672093131,5.03905365306707,0.471494754161645,-5.51054840765737
0.35,568.246881536649,1791.42968940615,49.9954780349953,49.9942977021946,1281.5669338659,492.930665943145,326.214162290931,326.549339304496,4.18494654189684,279.882576451288,-284.067523000474,3.72528787600956,2.32932439213619,-6.05461226850747
0.351,567.50179048336,1792.53862620831,49.9954839642416,49.9942941723391,1282.40861250126,492.360007052091,326.21390978734,326.549396370385,-97.0222414649718,318.197289307462,-221.175047843792,2.04723415225794,3.95991687105942,-6.00715102358909
0.352,567.284114248075,1793.12900827223,49.995485696454,49.9942922930946,1282.20002900446,492.859397396374,326.213972362389,326.549346431351,-188.455546221094,324.719089228525,-136.263543002097,0.168540010801123,5.20435000614534,-5.37289001710771
0.353,567.629231664522,1793.11228434905,49.9954829500969,49.9942923463285,1281.88508619306,493.444960342813,326.214066845232,326.549287875056,-260.785938072916,299.211432336186,-38.4254942516001,-1.72585083278406,5.93598170743212,-4.21013087468419
0.354,567.925053561241,1793.16133309535,49.995480596021,49.9942921902015,1280.93595454634,494.648131389336,326.214351584727,326.549167557951,-308.056319609773,244.950796105534,63.105523521132,-3.45105455962734,6.08909704529354,-2.63804248557373
0.355,568.790036856331,1792.65250002223,49.9954737127026,49.9942938098675,1280.13816393146,495.7289572501,326.214590921911,326.549059475365,-325.756950494077,166.509437195748,159.247513318823,-4.84105067334219,5.64659840059537,-0.805547727040678
0.356,570.154754233418,1791.63539492242,49.9954628526268,49.9942970474136,1279.18327262179,496.946110040473,326.214877389304,326.548937760086,-310.67015452399,71.4131610479726,239.256993496785,-5.75515852689597,4.65079565757372,1.10436286962907
0.357,572.031778290422,1790.0877074644,49.995447915744,49.9943019738558,1278.22108783959,498.162600941967,326.215166044739,326.548816110996,-265.624568828219,-30.3610594852546,295.985628332236,-6.10539336587958,3.19931092391269,2.90608244232776
0.358,573.346909213186,1789.10509058411,49.9954374502646,49.9943051016225,1277.87894543777,498.754316138694,326.215268687459,326.548756939477,-194.999656167558,-128.986945337516,323.986601519992,-5.85934705121158,1.43573947834168,4.42360757324235
0.359,575.441022568987,1787.36046954682,49.99542078584,49.9943106549237,1277.79572781816,499.110125606146,326.215293652745,326.54872135853,-104.909049101821,-214.680767913174,319.589817024577,-5.03998064463251,-0.470346542538641,5.51032718751393
0.36,577.732512949657,1785.38805965946,49.995402550739,49.9943169332994,1278.23377596781,498.909121389656,326.2151622383,326.548741458951,-4.75430083930814,-279.657252200389,284.411553042695,-3.72679042149662,-2.32799524609025,6.05478566786169
0.361,579.58506262613,1783.86083051936,49.995387808617,49.9943217946207,1279.51716078549,497.87447772,326.214777222855,326.548844923318,96.5652147546451,-317.37154306475,220.806328306085,-2.04904862996812,-3.95858934371348,6.00763797385688
0.362,580.225112099261,1783.56436913289,49.9953827152652,49.9943227382866,1281.48900460946,496.159721245771,326.214185669708,326.549016398966,188.237726884775,-324.201235402641,135.963508507134,-0.169779605944832,-5.20365500764216,5.37343461364131
0.363,579.70432668551,1784.38904382801,49.9953868595438,49.9943201132655,1282.35297244254,495.527443785147,326.213926479358,326.549079626712,261.190675191373,-298.96962083126,37.7789456237491,1.72439427174599,-5.93630003049107,4.21190575867188
0.364,579.473268123775,1784.92410622236,49.9953886982494,49.994318410109,1282.7150071765,495.391544288776,326.213817868937,326.549093216662,308.758361083777,-245.169899811579,-63.5884612923072,3.44995621665421,-6.0899440629714,2.63998784612263
0.365,578.943674943627,1785.7778806817,49.9953929126181,49.9943156924605,1282.34881220938,495.997018619319,326.213927727428,326.549032669228,326.333700939751,-166.902898184068,-159.430802777351,4.83957978848288,-5.64838509319062,0.808805304411432
0.366,578.6722093714,1786.3404661168,49.9953950728724,49.9943139016954,1281.37471511248,497.215326301284,326.214219956557,326.54891083846,311.050198466321,-72.0535206426798,-238.996677843902,5.75370954317048,-4.65125113615418,-1.10245840738086
0.367,578.96848713039,1786.33634218099,49.9953927151689,49.9943139148223,1279.18003483779,499.626606094544,326.214878360639,326.548669710481,266.413144322108,29.6188997390948,-296.032044077071,6.10560512493016,-3.20136032785103,-2.90424479746355
0.368,580.250400673819,1785.33882796768,49.9953825140251,49.9943170900087,1277.20140063098,501.82413447449,326.215471950901,326.548449957643,194.977680238733,128.636465535124,-323.614145782991,5.85993153813196,-1.43794827634542,-4.42198326213855
0.369,582.482688471754,1783.40283660328,49.9953647500432,49.9943232524606,1275.87270860449,503.39966676704,326.215870558509,326.548292404414,104.382234964027,214.672633813753,-319.054868777423,5.04011596559513,0.468545071894173,-5.50866103775587
0.37,584.895208620717,1781.26630089957,49.9953455518179,49.994330053265,1275.49512451266,503.965552850587,326.215983833737,326.548235815805,4.07801153943818,280.151486349137,-284.229497876061,3.72876632084459,2.32483687689284,-6.05360319785674
0.371,587.85626699831,1778.57838818954,49.995321988464,49.9943386091569,1276.1264828129,503.559583971473,326.215794426247,326.548276412693,-97.04884989464,318.00942581411,-220.960575894716,2.05040705867283,3.95713351691584,-6.00754057551254
0.372,590.12899065395,1776.62288452573,49.9953039027038,49.9943448337184,1277.67560695585,502.244019693869,326.215329689004,326.548407969121,-188.551937791621,324.885733986288,-136.33379615866,0.171132204166034,5.20345373557783,-5.37458593944454
0.373,591.378106933863,1775.64453342338,49.9952939625523,49.9943479479066,1279.35776937433,500.755271020498,326.214825040278,326.548556843988,-260.488990088355,299.522278754062,-39.0332886213616,-1.72225212556699,5.93612910728107,-4.21387698118911
0.374,591.496996467259,1775.81318240284,49.9952930164594,49.9943474110803,1280.91582856331,499.405170861375,326.214357622521,326.548691854004,-308.252081256042,245.184507387851,63.0675739174835,-3.44834769633645,6.09045163905081,-2.64210394198916
0.375,590.595674118262,1777.0068693015,49.9953001889548,49.9943436114569,1281.86202331916,498.670064814277,326.214073764095,326.548765364609,-325.613089423526,166.281724412479,159.331365061593,-4.83884307635292,5.64945945496152,-0.810616377727791
0.376,589.830524085145,1778.02086301544,49.9953062778253,49.9943403838146,1281.3070663776,499.438366470155,326.214240251177,326.548688534443,-310.789807307898,71.6423615316838,239.147445823851,-5.75318420606134,4.65275264959366,1.10043155744275
0.377,589.655686174309,1778.44911976177,49.9953076691412,49.994339020631,1279.8935501252,501.045523155127,326.214664306053,326.548527818775,-266.084048337681,-29.8026053711818,295.886653749942,-6.10528033206904,3.20215700396136,2.90312332910483
0.378,590.212388566187,1778.14199006975,49.9953032390443,49.9943399982552,1277.48522025171,503.637532179993,326.215386805015,326.548268617872,-194.984787651872,-128.99271298811,323.977500671525,-5.86007330107454,1.43952562388424,4.42054767813591
0.379,591.821448669098,1776.79255081425,49.9952904345508,49.9943442936538,1275.52376841919,505.821758601533,326.215975240565,326.54805019523,-104.904876587034,-214.81808157541,319.722958183247,-5.04113310153388,-0.467047486591699,5.50818058895212
0.38,594.626039036766,1774.22093018199,49.9952681163298,49.9943524793765,1274.35980779192,507.165203678042,326.216324428753,326.547915850723,-5.02978686679376,-279.619922715263,284.649709593997,-3.72870329630997,-2.32495763291817,6.05366092989921
0.381,597.39862955545,1771.71142601831,49.9952460527555,49.9943604673763,1274.57029711548,507.140207014441,326.216261281956,326.547918350389,96.6673850810397,-317.541416977693,220.874031900907,-2.05232462991451,-3.95663255973167,6.00895719014833
0.382,599.984011128189,1769.38774041789,49.9952254789426,49.9943678638973,1275.37929679154,506.526215403864,326.216018582053,326.54797974955,188.043702689526,-324.088730734209,136.045028043166,-0.17366212850226,-5.20180031260343,5.37546244144331
0.383,601.906861870057,1767.70003313689,49.9952101773826,49.9943732360365,1277.00111441791,505.082995556778,326.215532036765,326.548124071535,260.753083828615,-299.013783757194,38.2606999227179,1.72040620268715,-5.93521517088305,4.21480896838467
0.384,603.113255331285,1766.74843262477,49.9952005772085,49.994376265075,1278.7156343577,503.555264662678,326.215017680783,326.548276844624,308.770394574376,-245.305102669348,-63.4652919125941,3.44790729793989,-6.09068251209783,2.64277521422583
0.385,603.044038179069,1767.07592460864,49.9952011280211,49.9943752226356,1280.09725895964,502.346474091605,326.214603193403,326.548397723681,326.324415934818,-167.126138625776,-159.198277315348,4.8371180489491,-5.64999564972298,0.812877600760582
0.386,602.208452181071,1768.14727735341,49.9952077774032,49.9943718124139,1281.04000337274,501.60730698022,326.214320370079,326.548471640392,311.06362850041,-72.0098892405559,-239.053739262105,5.75273156039988,-4.65401550217321,-1.09871605827049
0.387,600.739813602123,1769.84713774896,49.9952194644577,49.9943664015902,1280.82682613727,501.972163837164,326.214384323249,326.548435154707,266.173501080054,29.4254270856637,-295.598928161962,6.10488854864831,-3.20496406666285,-2.89992448200843
0.388,599.446698183501,1771.35022383311,49.9952297547432,49.9943616171186,1278.93427883588,504.036095333232,326.21495208744,326.548228761557,195.040382796937,128.223154499413,-323.26353728484,5.86037161888729,-1.44128633487562,-4.4190852839645
0.389,600.267316499341,1770.7563912067,49.9952232244701,49.9943635073466,1275.841078429,507.322830873944,326.215880047562,326.547900088003,104.607629031406,214.655794115569,-319.263423124965,5.04191573509345,0.465108402847903,-5.50702413777724
0.39,602.559330457244,1768.66615452534,49.9952049852026,49.9943701607766,1272.74761635132,510.573869981278,326.216808086185,326.547574984092,4.28306751242632,280.131742842528,-284.414810320105,3.72969885386001,2.32371134055503,-6.05341019407389
0.391,606.284601336064,1765.15840348702,49.9951753404388,49.9943813262949,1270.68168664165,512.792435007549,326.217427865098,326.54735312759,-96.7245109696049,317.980074846731,-221.255563830495,2.05408285532336,3.95487161713338,-6.00895447189912
0.392,610.725465158511,1760.94768866553,49.9951400011674,49.9943947294165,1270.98789680068,512.665002189026,326.21733600205,326.547365870871,-188.24968880579,324.751020472071,-136.501331609792,0.175207102147715,5.20094644923787,-5.37615355059854
0.393,613.99134184541,1757.88743772489,49.9951140121465,49.9944044704977,1272.70090848692,511.099971525097,326.216822098544,326.547522373938,-260.741003504856,299.511259080289,-38.7702555118467,-1.71856760876894,5.93463841469414,-4.21607080491811
0.394,616.361915004723,1755.76115906328,49.9950951477247,49.9944112386529,1275.45095239857,508.517482106545,326.215997085371,326.54778062288,-308.343906862949,245.467527059156,62.8763798705826,-3.44704875160893,6.09202141585745,-2.64497266305642
0.395,617.131976795136,1755.21003632595,49.9950890197677,49.9944129929311,1278.24595431875,505.871637198602,326.215158584795,326.548045207371,-325.514840370095,166.610156424856,158.904684011051,-4.83553811633128,5.65032991967849,-0.814791802025815
0.396,615.873544262769,1756.68222244726,49.9950990340556,49.9944083068171,1280.52548522133,503.767745949411,326.214474725524,326.548255596495,-310.521981322353,71.6077592251833,238.914222158153,-5.75165155248475,4.65496576886662,1.09668578499949
0.397,614.044943763023,1758.72020929266,49.995113585596,49.9944018197035,1280.69443621275,503.741489222664,326.214424040227,326.548258222168,-266.133633609772,-29.9518027712199,296.085436433792,-6.10605083901501,3.20621136161511,2.89983947876675
0.398,612.860799786273,1760.10050629826,49.9951230087143,49.9943974260817,1279.74676026375,504.832566510286,326.214708343011,326.548149114439,-195.199033580664,-128.657851392227,323.85688501463,-5.86187587383717,1.44431776558594,4.41755810953021
0.399,612.391795569729,1760.77482145928,49.9951267409313,49.9943952796699,1277.77318517592,506.980961737496,326.215300415538,326.547934274917,-105.22823320159,-214.672239650615,319.900472881613,-5.04380248503554,-0.462282992799961,5.50608547895984
0.4,613.174700648956,1760.16096158922,49.9951205107706,49.9943972336465,1275.00419687841,509.891558399761,326.216131112027,326.54764321525,-5.04001030723307,-279.737246445891,284.777256770427,-3.7313596364027,-2.32184544570646,6.05320508303285
0.401,615.453588376034,1758.06513067409,49.9951023759583,49.9944039048835,1272.4096610428,512.612805164391,326.216909472778,326.547371090574,96.2208196889653,-317.405951988126,221.185132305434,-2.05641936256398,-3.95230612622655,6.00872548948824
0.402,618.741275890559,1754.98335525353,49.9950762133724,49.9944137144794,1271.02335489835,514.159484442457,326.217325364621,326.547216422646,187.831881021023,-324.26771775104,136.435836727295,-0.177852127593673,-5.19964520718235,5.37749733524437
0.403,622.431377525548,1751.46116527005,49.9950468484766,49.9944249259583,1270.9771796157,514.351533736225,326.217339217206,326.547197217717,261.103681871261,-299.640008276432,38.5363263962435,1.71780017416854,-5.93484805874283,4.21704788483069
0.404,625.31087902929,1748.78268834858,49.9950239341317,49.9944334518151,1272.58631742347,512.867594984288,326.216856475863,326.547345611592,308.412230225377,-245.122449531715,-63.2897807048212,3.44384715880143,-6.09053751575002,2.64669035703214
0.405,626.997790419913,1747.29596441306,49.9950105101174,49.9944381842044,1274.65494434309,510.937349869507,326.216235887787,326.547538636103,326.200134687013,-167.316215529197,-158.883919166778,4.83488500205486,-5.65123295176528,0.816347949680883
0.406,627.741320975227,1746.7437914723,49.9950045932892,49.9944399418254,1276.43202462446,509.321320860869,326.215702763703,326.547700239004,311.161968014199,-72.366147101735,-238.795820914869,5.75182826954432,-4.65657641320069,-1.09525185641187
0.407,627.771363892784,1746.89261256677,49.9950043542152,49.9944394681132,1277.73014550371,508.134252781012,326.215313327439,326.547818945812,266.16286166864,29.2815579625831,-295.444419623394,6.10502313367522,-3.20799982359005,-2.89702331010984
0.408,626.845639702098,1748.00336967934,49.9950117208943,49.9944359324635,1277.80625317612,508.193595653984,326.215290495138,326.547813011525,194.944579372989,128.298452738362,-323.243032090645,5.8622523405653,-1.44543393653675,-4.41681840392982
0.409,626.059844724454,1748.9704328985,49.995017974052,49.9944328542057,1277.05680975131,509.10279341791,326.215515328165,326.547722091749,104.680632271413,214.450918314982,-319.131550551235,5.04453360704941,0.461101364663155,-5.50563497142091
0.41,626.180827480236,1749.0103791151,49.9950170113019,49.9944327270529,1275.58635839101,510.683323997537,326.215956463573,326.547564038691,4.84340200872408,279.68685468466,-284.530256644567,3.73434429074074,2.31838987725077,-6.05273416746012
0.411,626.679936851633,1748.68735001232,49.9950130395157,49.9944337552865,1274.2137119371,512.185987838916,326.216368257509,326.547413772306,-96.826573059031,317.903719997408,-221.077146877427,2.05854509486163,3.95154331792883,-6.01008841199756
0.412,628.595793527752,1746.93349491198,49.9949977936127,49.9944393379806,1272.69113237359,513.856460293619,326.216825031378,326.547246725061,-187.964317459313,324.816183537869,-136.851866008153,0.178820958917508,5.19857612219452,-5.37739708006017
0.413,631.001392828705,1744.68051846915,49.9949786504617,49.9944465094274,1271.63447334931,515.02434668894,326.217142029086,326.547129936421,-260.441890700206,299.559296769006,-39.1174059925376,-1.71510537400687,5.93391229502352,-4.21880691973254
0.414,633.107194509442,1742.7399649248,49.9949618930243,49.9944526864012,1271.46042387427,515.313235419628,326.217194243928,326.547101047548,-307.747139937943,245.280498243374,62.4666417723905,-3.44206710362747,6.09074534936779,-2.6486782442744
0.415,635.314783066499,1740.69418459868,49.9949443255928,49.9944591983222,1271.36912679112,515.536137344636,326.217221633053,326.547078757356,-325.698574942853,166.841143773913,158.857431243805,-4.83386903659515,5.65099341967638,-0.817124381502185
0.416,637.529308060535,1738.65780550934,49.9949267029628,49.9944656803182,1271.96868172085,515.062668713553,326.217041766574,326.547126104219,-310.755125809541,72.1002253824429,238.654900495151,-5.75155093310738,4.65863411198783,1.09291682273243
0.417,639.054980035958,1737.28963119641,49.994914562051,49.9944700353523,1273.80092581602,513.351182290885,326.216492093346,326.547297252861,-266.491644847819,-29.4010387557649,295.892683661292,-6.10560488872649,3.20932301826174,2.89628187202991
0.418,639.323336104505,1737.18764852656,49.9949124265413,49.9944703599732,1275.3746722988,511.882327977364,326.216019969401,326.547444138293,-195.193284815178,-128.687964844392,323.881249704537,-5.86266082154288,1.44741941878295,4.41524140419979
0.419,638.846666993275,1737.83083639594,49.9949162197535,49.9944683126426,1275.64073307453,511.751987519926,326.215940151168,326.547457172338,-105.285775367778,-214.591134787689,319.87691018699,-5.04592581578782,-0.458717994412835,5.50464381145046
0.42,638.697903172049,1738.13604223164,49.9949174035784,49.9944673411423,1275.13552945321,512.354450863194,326.216091712254,326.547396926004,-4.89481487569862,-279.830319452154,284.725134347348,-3.73624166098921,-2.31673817538491,6.05297983739665
0.421,638.703288929306,1738.25300087509,49.9949173607199,49.9944669688513,1273.94047860889,513.659545592284,326.216450227508,326.547266416531,95.9372752174478,-317.449793311002,221.51251810304,-2.0600364603706,-3.94888756565432,6.00892402680931
0.422,639.79292193168,1737.33764719415,49.994908689696,49.9944698825126,1272.88434622371,514.851202839913,326.216767067223,326.547147250806,187.661100054992,-324.346877933965,136.685777881382,-0.181361279356752,-5.19792786669987,5.3792891466161
0.423,641.360247059575,1735.89455723016,49.9948962173189,49.9944744760106,1272.00856999724,515.832257307058,326.217029800091,326.54704914536,260.830972369098,-299.294125310999,38.4631529392116,1.71358032778708,-5.93349021183705,4.21990988441299
0.424,643.129771239161,1734.27374595982,49.9948821358929,49.9944796352131,1271.26964911957,516.666511431469,326.217251476355,326.546965719947,308.225242200124,-245.207421250923,-63.0178209526871,3.44044843563897,-6.09108555657081,2.65063712114183
0.425,644.936801963472,1732.61317103623,49.9948677559993,49.9944849209873,1271.04638029465,517.009392852253,326.217318457002,326.546931431805,326.386231827334,-167.563436675846,-158.822795150224,4.83284156701231,-5.6523153804341,0.81947381354827
0.426,646.883845695914,1730.80255137666,49.9948522619176,49.9944906843687,1271.23685637284,516.937783288727,326.217261314179,326.546938592762,311.279544470392,-72.3173795676914,-238.962164892942,5.75012698841551,-4.65825190572824,-1.09187508256072
0.427,648.327336263134,1729.50680407862,49.9948407749846,49.9944948088604,1271.42329827166,516.832092498469,326.217205381609,326.546949161841,266.636071611418,28.8822166778564,-295.518288267478,6.10559643909015,-3.21164744989522,-2.89394898898486
0.428,649.460023961379,1728.51407483137,49.9948317613423,49.9944979688157,1272.23698037713,516.133571513555,326.216961276977,326.547019013939,195.326759245585,127.950268927965,-323.277028137608,5.86333720189525,-1.44856384551579,-4.4147733560085
0.429,650.909936099768,1727.21914311149,49.9948202233081,49.9945020907114,1273.04239510133,515.44338589692,326.21671965256,326.547088032501,105.115218261831,214.169156357222,-319.284374566701,5.04745438435699,0.456743264238687,-5.5041976479982
0.43,651.714048307733,1726.5498516421,49.9948138243865,49.9945042211323,1273.89911432116,514.685134129381,326.216462636794,326.547163857677,4.65551243897943,279.925374584479,-284.580886953247,3.73732321105288,2.3159723509086,-6.05329556107496
0.431,651.398119803497,1726.9926841484,49.9948163384656,49.9945028115527,1274.37098912707,514.291176203582,326.216321074352,326.54720325347,-96.4360098264475,318.080929680233,-221.644919767539,2.06229823832338,3.94745191953173,-6.00975015664287
0.432,651.221013671132,1727.31562440099,49.9948177478314,49.9945017836019,1273.6965600781,515.084612797515,326.216523403067,326.547123909811,-187.846528365101,325.02003601698,-137.173507553209,0.183483835109061,5.19667970028054,-5.38016353384872
0.433,651.885573482621,1726.75982592482,49.9948124594325,49.9945035527634,1272.42864587261,516.440438811613,326.216903777329,326.546988327209,-260.520000196362,299.771479689696,-39.2514793868823,-1.71131750819108,5.93297463801407,-4.22165712798498
0.434,652.540864960869,1726.2268511091,49.9948072447886,49.994505249275,1270.84508801848,518.112621683465,326.217378844685,326.546821108922,-308.121684867524,245.641546891763,62.480138084289,-3.43876188441722,6.09102299566597,-2.65226110917689
0.435,654.52505344985,1724.38287901462,49.9947914551183,49.9945111188204,1270.23150591171,518.822948873397,326.217562919317,326.546750076203,-325.757617141146,167.238956939392,158.518660306596,-4.83171147820025,5.6538737159564,-0.822162235538059
0.436,656.314137927284,1722.70484520215,49.9947772180364,49.994516460168,1269.7826093103,519.381158013277,326.217697588297,326.546694255289,-310.883172555006,72.1534819972364,238.729690653201,-5.74954854458623,4.66038954246409,1.0891590043818
0.437,658.562800787103,1720.57265747183,49.9947593237459,49.9945232471323,1270.07519462451,519.169181550869,326.217609812703,326.546715452935,-266.40475882912,-29.3840437526747,295.788802663609,-6.10518664284027,3.21269534423227,2.89249130080167
0.438,660.239542974731,1719.02859840868,49.9947459806555,49.9945281620249,1271.02213751117,518.312962277987,326.217325729837,326.546801074863,-195.925109734287,-128.033597544539,323.958707343938,-5.86411057673075,1.45075825835342,4.41335232040477
0.439,661.01478170122,1718.39208216892,49.9947398115018,49.9945301881191,1272.43983220056,517.005874308647,326.21690042143,326.54693178366,-105.277507225332,-214.456199475302,319.733706747837,-5.04834579990374,-0.454717911833105,5.50306371351517
0.44,661.62101655559,1717.90282243315,49.9947349872381,49.9945317454812,1273.37904456912,516.141931592654,326.21661865772,326.547018177931,-5.58342709329026,-279.27550017205,284.858927295045,-3.7388320720893,-2.31354843169246,6.05238050525401
0.441,661.107887201018,1718.53195092786,49.9947390705917,49.994529742903,1273.90445043793,515.696004787559,326.216461035959,326.547062770612,96.0903965530438,-317.417952927115,221.327556388584,-2.06410990033295,-3.94605779228063,6.01016769375359
0.442,660.809425581132,1718.96400032642,49.9947414456739,49.994528367647,1273.59415260809,516.102998055966,326.216554125308,326.547022071285,187.632715709562,-324.435785875879,136.803070169297,-0.185867313500305,-5.1953789124668,5.38124622678143
0.443,660.997830308079,1718.86940428095,49.9947399463967,49.9945286687556,1272.45194730987,517.334462203234,326.216896786897,326.54689892487,260.560350378668,-299.446368699805,38.8860183177298,1.70941860214269,-5.93231944169057,4.2229008400771
0.444,661.377308379385,1718.61355579948,49.9947369266061,49.9945294831466,1271.44360700319,518.422697939839,326.217199288989,326.546790101296,308.106236653096,-245.616608446145,-62.4896282110866,3.43759934170297,-6.09192471236707,2.65432537097913
0.445,661.805452004359,1718.30285026217,49.9947335195474,49.994530472153,1270.65293574681,519.297720005047,326.217436490366,326.54670259909,326.289594280446,-167.414187529049,-158.875406750126,4.82990117231099,-5.65447600964144,0.824574837524183
0.446,663.058412259265,1717.14247776942,49.9947235488065,49.9945341657334,1269.45533221362,520.587777639084,326.217795771426,326.546573593326,311.225720035513,-73.0139127650087,-238.211807258673,5.74833159487754,-4.66161118086166,-1.08672041383526
0.447,664.420463156806,1715.88212954229,49.9947127099499,49.9945381775464,1268.12887561591,521.98710016814,326.218193708406,326.546433661074,266.550131671643,29.0404275659169,-295.590559210979,6.10476544360078,-3.21414214237779,-2.89062330094795
0.448,666.938344800353,1713.47219851842,49.9946926732844,49.9945458485951,1266.95536634223,523.234447317095,326.218545761188,326.546308926359,195.416600777439,127.789479985247,-323.206080718431,5.86472429727013,-1.45293209471649,-4.41179220208526
0.449,669.538587935612,1710.98670914789,49.994671981207,49.9945537601535,1267.44926446927,522.840460172836,326.21839759175,326.546348325073,104.959187963868,214.235490133811,-319.194678033813,5.04929386413529,0.4528262202439,-5.50212008363419
0.45,671.502812088002,1709.10839379909,49.9946563504078,49.9945597390169,1268.35767079557,521.990176457082,326.218125069852,326.546433353445,4.99130984059424,279.539459952993,-284.530769708479,3.73984294173444,2.31120044204343,-6.05104338268329
0.451,672.901226096648,1707.83244163871,49.9946452221827,49.9945638004988,1270.00010153674,520.421762987327,326.217632340629,326.546590194792,-95.8773303468667,317.620140695708,-221.742810245312,2.06612617144259,3.94528756859743,-6.0114137385575
0.452,673.055768589608,1707.80748924431,49.9946439923726,49.9945638799247,1271.76622995786,518.750012221241,326.217102502103,326.546757369868,-187.649587044066,324.864314197886,-137.214727036388,0.187292094913076,5.19505529339418,-5.38234738644148
0.453,672.787745806407,1708.15212533445,49.9946461252302,49.994562782914,1272.65293609609,517.927891910672,326.216836490262,326.546839581899,-260.056538529626,299.829762807378,-39.7732241507211,-1.70707517350466,5.93164101289826,-4.22456583718222
0.454,672.579157870785,1708.47410676935,49.9946477851202,49.9945617580153,1272.77906301469,517.863289465009,326.216798652186,326.546846042144,-308.01325895258,245.875238805933,62.1380202775389,-3.43535390076167,6.09191632785272,-2.65656242459954
0.455,671.948767283883,1709.21216375195,49.9946528016091,49.9945594087069,1271.7407825992,518.982168737923,326.217110136311,326.546734154217,-325.848723763077,167.37063873053,158.478085161404,-4.82863934048102,5.65482512067414,-0.82618577751164
0.456,672.267699335703,1708.97698076828,49.9946502636285,49.9945601573176,1270.25083003764,520.567449047898,326.217557122079,326.546575626186,-310.988739189146,72.6533445969575,238.335394713553,-5.74853516544647,4.66288570070099,1.08564946751156
0.457,673.548761386326,1707.77679114816,49.9946400692606,49.9945639776398,1269.30904375125,521.557673653159,326.217839657965,326.546476603725,-266.847927892625,-29.2637733859957,296.111701387666,-6.10460061468113,3.21673882181714,2.88786179560408
0.458,675.373088247891,1706.05782146644,49.9946255517287,49.9945694492903,1269.15545653441,521.791384201468,326.21788573413,326.54645323267,-195.804335067987,-127.938267671713,323.742602832749,-5.86537587986935,1.45461371140618,4.41076217107069
0.459,676.720133413791,1704.80637992217,49.9946148322839,49.9945734327524,1268.85111232438,522.17739779945,326.217977037393,326.54641463131,-105.643648442281,-214.103303520049,319.746952037675,-5.05020267132775,-0.450411531577823,5.50061420528919
0.46,677.748087025812,1703.87313953,49.9946066520889,49.9945764033489,1269.00938501873,522.070089015938,326.217929555585,326.546425362189,-5.7308224915754,-279.472583191471,285.203405740958,-3.74248497789887,-2.30965584932522,6.05214082931939
0.461,679.049190176246,1702.65524132184,49.994596298239,49.9945802800392,1268.84400665426,522.303699144259,326.217979169094,326.546402001176,95.3013310090313,-317.127375279947,221.826044313026,-2.06765969831034,-3.94360542156952,6.01126512165175
0.462,680.303951213462,1701.51040738625,49.994586313168,49.9945839241588,1269.62332690386,521.607746134235,326.217745373019,326.546471596477,187.25088397058,-324.263507049354,137.012623107994,-0.189968379679722,-5.19315655811684,5.383124939241
0.463,681.279566128724,1700.60693316491,49.9945785494712,49.9945868000066,1270.60948068249,520.688559877379,326.217449526886,326.546563515103,260.107163501414,-299.205667731883,39.0985042522634,1.70572037872371,-5.93164883652436,4.22592845894761
0.464,681.558285675385,1700.42665305063,49.9945763314915,49.994587373856,1271.05115973688,520.289768078177,326.217317023169,326.546603394283,308.441535379488,-245.694879975593,-62.7466553837633,3.43373846837362,-6.09199729735854,2.6582588299024
0.465,681.272901699456,1700.81289628096,49.994578602505,49.9945861444057,1271.2558655536,520.162995723072,326.217255611424,326.546616071518,326.518260037271,-167.886371152948,-158.631888858997,4.82792217855999,-5.65565531111235,0.827733133334761
0.466,681.15096745173,1701.01242288135,49.9945795728269,49.9945855092928,1270.86046451054,520.634938350157,326.217374231737,326.546568877255,311.226044551093,-72.9123705481386,-238.313673967601,5.74721845716802,-4.66428385725103,-1.08293459915792
0.467,681.082144183587,1701.15403994831,49.9945801205051,49.9945850585116,1270.2419926179,521.304541803264,326.217559773305,326.54650191691,266.585826245478,28.4099860521695,-294.995812248965,6.10473135257487,-3.21805730495286,-2.88667404678523
0.468,681.296058536334,1701.02690028379,49.9945784182287,49.9945854632098,1269.4561367318,522.151236741859,326.217795530071,326.546417247416,195.928818394436,127.629158228571,-323.557976557876,5.86598399921245,-1.45677024227217,-4.40921375593064
0.469,681.993071250855,1700.41757404802,49.9945728715778,49.9945874027554,1268.62698990157,523.059160086829,326.21804427412,326.546326455082,105.608878886287,213.956842159309,-319.565720962739,5.0515809671314,0.44851197090632,-5.50009293677626
0.47,682.866002609521,1699.61493429005,49.9945659250108,49.9945899576371,1267.75100877225,523.973600543462,326.218307068459,326.546235011036,5.28265984761014,279.430345059255,-284.713004806301,3.74382672883894,2.30715966226876,-6.0509863895373
0.471,684.077507314658,1698.4770864768,49.9945562841626,49.9945935795192,1266.61497754705,525.170759013199,326.218647877826,326.546115295189,-96.0018551500949,317.642400338088,-221.640545071605,2.06944124680548,3.94191414429238,-6.01135538918939
0.472,685.922044528451,1696.73267052739,49.9945416058019,49.9945991321676,1266.37582825702,525.485121540826,326.218719622613,326.546083858936,-187.507609458565,324.959144936568,-137.45153534907,0.19174297058707,5.19274090378948,-5.38448387213185
0.473,687.982306964592,1694.72175612919,49.9945252107543,49.9946055331069,1267.28916698013,524.626751664892,326.218445620996,326.546169695924,-260.126917273467,299.721396987754,-39.5944795774319,-1.70339902681401,5.93057732145502,-4.2271782920938
0.474,689.427242712002,1693.37724364482,49.994513712321,49.9946098128231,1268.12903954313,523.833594216709,326.218193659227,326.546249011669,-307.991289869151,245.853186304328,62.1381037042718,-3.43287876147039,6.09238892156516,-2.65951015730805
0.475,689.877394703584,1693.01009890878,49.9945101301253,49.9946109814811,1269.24547000711,522.774162861672,326.217858730088,326.546354954804,-325.685371276163,167.374941141304,158.310430271156,-4.82586557237309,5.65629706187423,-0.830431486561164
0.476,689.865694575906,1693.09445453488,49.9945102232319,49.9946107129688,1270.19257617893,521.896360544768,326.217574598237,326.546442735036,-311.017388312883,72.7186799247322,238.298708515948,-5.74676265877483,4.66583346598862,1.0809291957779
0.477,690.015651395895,1693.02410266959,49.9945090299135,49.9946109369057,1270.75663695023,521.383923665315,326.217405380005,326.546493978724,-266.897180738409,-28.8497741388209,295.746954991987,-6.10560177294985,3.21984416187488,2.88575761401224
0.478,690.045782102456,1693.07075400892,49.9945087901409,49.9946107884099,1270.78338927348,521.398575085576,326.217397354308,326.546492513582,-195.906992554295,-128.049941503957,323.956934156542,-5.86644081562883,1.45917656116634,4.40726425724337
0.479,689.878227126591,1693.31750618489,49.9945101235011,49.9946100029733,1270.62270391968,521.647406965302,326.217445559914,326.546467630394,-105.929117182634,-213.880790720123,319.80990798238,-5.05238587951807,-0.446659816063523,5.49904569811811
0.48,689.214676004125,1694.0519069067,49.9945154038731,49.9946076653032,1270.28933352105,522.002114499893,326.217545571034,326.54643215964,-5.90184681596659,-279.113695685626,285.015542561343,-3.74636378287524,-2.30449851685175,6.05086230194634
0.481,689.137663321389,1694.18987657268,49.9945160167206,49.9946072261321,1269.32155968132,523.03396858047,326.217835903186,326.546328974232,95.4928204709617,-317.110275592631,221.617455162673,-2.0717276808871,-3.94013066519074,6.01185834793286
0.482,689.7985510803,1693.60703850448,49.9945107575429,49.9946090813633,1267.86750073906,524.546042083475,326.218272120869,326.546177766882,187.195129253822,-324.379564112197,137.184434883545,-0.194103061022177,-5.19069099883728,5.38479406133558
0.483,691.24986984587,1692.20414021621,49.9944992083151,49.9946135469273,1266.85250849156,525.623499846467,326.218576618543,326.546070021106,260.252708586471,-299.502998216189,39.2502896434729,1.70225491391342,-5.93092733234385,4.22867241954934
0.484,693.032602676641,1690.48178677929,49.994485021778,49.9946190293485,1266.41510160929,526.085512869283,326.218707840608,326.546023819803,308.588017189829,-246.080142257209,-62.5078749248269,3.43048234909035,-6.09171871795579,2.66123636968096
0.485,694.940879051079,1688.66076355925,49.9944698361971,49.9946248258455,1266.56523162621,525.997487763564,326.218662801603,326.546032622314,326.251213709192,-167.971484707639,-158.279728993869,4.82555206164,-5.65731643115591,0.831764370109232
0.486,696.353556213418,1687.31876424804,49.9944585944694,49.994629097562,1267.80267594915,524.822883613583,326.218291568306,326.546150082729,311.35489803604,-73.2034347811976,-238.15146324311,5.74638846742981,-4.66727959835205,-1.07910886861212
0.487,697.055204874692,1686.67656123903,49.9944530109268,49.9946311417576,1268.62060096605,524.041302018915,326.218046190801,326.546228240889,266.679172718181,28.3951530171898,-295.074325714622,6.10492025939316,-3.22134195518554,-2.88357830377216
0.488,697.555885208364,1686.24789097216,49.9944490266393,49.9946325062575,1269.47368001909,523.23363788729,326.217790267085,326.546309007302,195.676703859075,127.595631406848,-323.272335231681,5.86684358029957,-1.46095577207142,-4.40588780772044
0.489,697.586538947282,1686.29632258463,49.9944487827046,49.9946323520949,1270.41947920948,522.360220964031,326.217506527328,326.546396348994,105.339650447366,213.912248248027,-319.251898645426,5.05391391118064,0.444578441495823,-5.49849235200017
0.49,696.914050109917,1687.0183471135,49.9944541342007,49.9946300538194,1271.26390496797,521.539458439906,326.2172531996,326.546478425246,5.41236853771265,279.2569956965,-284.669364168295,3.74708322474876,2.30325292283599,-6.05033614667191
0.491,696.24424303488,1687.76115194381,49.9944594643561,49.9946276893982,1271.17401037417,521.679996166279,326.217280167978,326.546464371474,-95.8345144111364,317.732666281286,-221.89815178904,2.07331907827053,3.93934280660862,-6.01266188368639
0.492,695.473458974835,1688.61250339504,49.9944655980607,49.9946249794624,1270.40691161347,522.505969429958,326.217510297606,326.546381774147,-187.219726067202,325.01967372599,-137.799947563999,0.195846843136481,5.19028167299924,-5.38612851464158
0.493,695.324974294035,1688.80038898782,49.9944667796643,49.9946243814039,1269.08153225509,523.867782038122,326.217907911414,326.546245592887,-259.909938436173,299.962360251529,-40.0524217110086,-1.69878226504332,5.92996041635436,-4.23117814952582
0.494,696.226648304442,1687.95425974301,49.9944596043705,49.994627074717,1267.74062527794,525.248090985682,326.218310183507,326.546107561992,-307.909950331322,246.177694346289,61.7322560939818,-3.42849581834568,6.09219706867702,-2.66370124829844
0.495,697.655311399368,1686.58444666263,49.9944482354308,49.9946314349674,1266.80998445688,526.230459304898,326.218589375753,326.54600932516,-325.807885236985,167.912088316531,157.895797028533,-4.82329904248335,5.65773788058577,-0.834438835892866
0.496,699.282872388528,1685.01442408741,49.994435283712,49.9946364325045,1266.79097279013,526.309677464738,326.218595079253,326.546001403344,-310.998460729517,72.8771117412706,238.121349090096,-5.74548579507039,4.66817864478558,1.07730715258054
0.497,700.737094096841,1683.60887138614,49.9944237113833,49.9946409065177,1266.96236464031,526.161000918018,326.218543661698,326.546016270999,-266.456234852423,-28.8499350755182,295.306170018652,-6.10450046759317,3.22350029496684,2.88100017490757
0.498,701.732647010096,1682.67389742354,49.994415789025,49.9946438826323,1267.65307823581,525.512044742877,326.21833644762,326.546081166616,-195.849931540328,-127.870318854677,323.720250470626,-5.86735373434123,1.46287377391646,4.40447996258985
0.499,702.476091487968,1682.00191723426,49.9944098728818,49.9946460216116,1268.46226301789,524.763551341015,326.218093692185,326.546156015956,-106.165600952315,-213.955726624014,320.121327634685,-5.0550649576602,-0.44275174935706,5.49781670897432
0.5,702.245297073354,1682.29596467073,49.9944117094854,49.9946450856296,1269.33463053286,523.918402645458,326.217831981931,326.546240530826,-6.2180188172111,-279.129282297633,285.347301155397,-3.74945270540223,-2.30188213095289,6.051334838034
0.501,702.24910446083,1682.34427005032,49.9944116791872,49.9946449318688,1269.67219538162,523.617803609771,326.217730712476,326.546270590729,95.1877805562677,-316.761480870871,221.573700338422,-2.07593921540727,-3.9366978044074,6.01263702117177
0.502,701.458587261583,1683.20065086247,49.9944179699232,49.994642205924,1269.76698006977,523.575202128399,326.217702277069,326.546274850878,187.018732162406,-324.686671486999,137.66793933449,-0.198199585491008,-5.18870487455372,5.38690446106619
0.503,701.408202923093,1683.28146030274,49.994418370869,49.9946419486996,1269.17546688855,524.203090977845,326.217879731024,326.546212061993,259.966137645939,-299.422084538933,39.4559468939648,1.697231763318,-5.92967489909321,4.23244313648622
0.504,701.233333448099,1683.52551070849,49.9944197624361,49.994641171863,1268.70745858293,524.709370342461,326.218020133515,326.546161434056,308.068223374069,-245.999851014731,-62.0683723616262,3.42731869712873,-6.09283873963139,2.66552004296037
0.505,701.658862973253,1683.15732812134,49.9944163761797,49.9946423438246,1268.3775749547,525.086810133824,326.218119098604,326.546123690077,326.256011339975,-168.156407280041,-158.099604056327,4.82268679012791,-5.65918507916838,0.836498289346809
0.506,701.93095550418,1682.9229252417,49.9944142109361,49.9946430899521,1267.97908854207,525.534243939306,326.218238644528,326.546078946696,311.504862498806,-73.4869366241297,-238.017925860534,5.74417224042471,-4.66925867485334,-1.0749135652962
0.507,702.34344145738,1682.54994328215,49.9944109284772,49.9946442771906,1267.28260834829,526.249840529215,326.218447588586,326.546007387037,267.081126973914,28.2578651703198,-295.338992115821,6.10418340659398,-3.22504655833297,-2.87913684790611
0.508,703.253561820841,1681.68782092553,49.9944036859695,49.9946470214112,1266.5198929312,527.047905618064,326.218676403211,326.545927580529,195.943213721132,127.093056354176,-323.036270030285,5.86754074456857,-1.46458903765623,-4.40295170637931
0.509,704.346370302805,1680.6579125741,49.9943949896759,49.9946502997114,1266.00736700703,527.614290509789,326.218830160988,326.545870942039,105.93075280137,213.870407600864,-319.801160339679,5.05660717188747,0.440282487039604,-5.49688965813851
0.51,705.955504435948,1679.10085138112,49.9943821845933,49.9946552559911,1266.50397774947,527.147853633556,326.218681177766,326.545917585727,5.65115326009995,279.26879160341,-284.919944784988,3.75072162714473,2.30052737363308,-6.05124899968838
0.511,706.696625180135,1678.42071339759,49.9943762869418,49.9946574209375,1267.37806755452,526.303612355579,326.218418950824,326.546002009855,-95.4326293605659,317.501438637642,-222.068809184765,2.07797316609161,3.9357436081706,-6.01371677285581
0.512,706.750931976325,1678.41888449385,49.9943758547821,49.9946574267591,1268.27403017637,525.455002834078,326.218150162037,326.546086870807,-187.126726804107,325.00107376008,-137.874346852908,0.200758365854728,5.18712680072056,-5.38788516486273
0.513,706.62010062307,1678.58450067812,49.9943768959049,49.9946568995864,1269.05693584028,524.708444169775,326.217915290338,326.546161526673,-260.021904958275,300.12626170133,-40.1043566330476,-1.69530490574032,5.92905738564986,-4.23375247792513
0.514,705.850089114198,1679.41611206111,49.9943830234618,49.9946542524852,1269.72841746727,524.069204321083,326.21771384585,326.546225450658,-307.578678040732,245.92840601728,61.6502721355063,-3.4256533743604,6.09281123440821,-2.66715785784969
0.515,704.69215307305,1680.62500465365,49.994392238024,49.9946504044605,1269.45708851375,524.374494625358,326.217795244536,326.546194921628,-325.788719107149,168.021711223376,157.76700799313,-4.82060181385458,5.65953577636817,-0.838933960178724
0.516,704.336393649831,1681.00789087333,49.9943950690676,49.9946491856958,1268.4316177445,525.445395411251,326.218102885767,326.546087831549,-311.141284660972,73.0348745003101,238.106410263212,-5.74307116248972,4.67061666754928,1.07245449732515
0.517,704.788708237368,1680.59745439687,49.9943914696624,49.9946504921557,1267.41479734946,526.486776393973,326.218407931886,326.545983693451,-266.860548338405,-28.7466016565004,295.607150087022,-6.10471673217676,3.22711901057883,2.87759772394478
0.518,705.055265645776,1680.36865832869,49.994389348466,49.9946512204362,1266.02468772857,527.898072546415,326.218824964772,326.545842563836,-196.332156152593,-127.466414764283,323.798570996303,-5.86796689592901,1.4671396119201,4.40082728623696
0.519,706.411644647141,1679.05756373018,49.9943785547448,49.9946553937799,1264.56465039663,529.413771197046,326.219262975971,326.545690993971,-106.333837148137,-213.75708958743,320.090926801447,-5.05731101617569,-0.438626786445646,5.49593780466469
0.52,708.537316942878,1676.9704283949,49.9943616391822,49.994662037338,1264.43977005234,529.558687782487,326.219300440075,326.545676502312,-6.2846656080156,-279.229968549163,285.514634210948,-3.75213794866582,-2.29809734434628,6.05023529483101
0.521,710.006379729928,1675.55115841763,49.994349948752,49.9946665550147,1265.9645232293,528.053961131353,326.218843014122,326.545826974977,94.9435800965199,-317.433089257903,222.489509205051,-2.08008458611309,-3.933972014133,6.01405660182859
0.522,710.749275085194,1674.86969122159,49.9943440369786,49.9946687241922,1267.75721082498,526.316489373077,326.218305207843,326.546000722153,186.711080323523,-324.499536994196,137.788456707339,-0.202143686279648,-5.18684465268427,5.38898834032317
0.523,710.817814754333,1674.83254030445,49.9943434915572,49.9946688424472,1269.53396988048,524.571426805032,326.217772180126,326.54617522841,259.775796073321,-299.588240997957,39.8124449567422,1.69374322579478,-5.92872873687216,4.23498551224399
0.524,709.575346166031,1676.12912003339,49.9943533788081,49.9946647153057,1270.75348985326,523.359883404556,326.217406324134,326.54629638275,308.140699510963,-246.325932678575,-61.8147668011174,3.42335542360278,-6.09278081209778,2.66942538951409
0.525,708.276262520871,1677.48084356115,49.9943637165873,49.9946604126361,1270.55691291455,523.596747826988,326.217465297216,326.546272696308,326.312128828531,-168.363562838382,-157.948565955609,4.82021110497925,-5.66060455257624,0.840393448529778
0.526,707.741792288722,1678.037933864,49.9943679697662,49.9946586393626,1269.82814890595,524.369917349233,326.217683926419,326.546195379355,311.8034054523,-74.0218928374475,-237.781512572123,5.74298872129753,-4.67261385039435,-1.07037486998016
0.527,708.150292318879,1677.68003031831,49.9943647190263,49.994659778605,1269.48612513936,524.738146831534,326.217786533549,326.546158556407,267.03897458859,27.7774510664715,-294.816425600753,6.1054117484109,-3.22949968933686,-2.87591205807537
0.528,708.160115119905,1677.70350103872,49.9943646408589,49.9946597038953,1269.63165452863,524.618423813565,326.217742874732,326.546170528709,196.368910377403,126.971532785185,-323.340443094232,5.86895720998393,-1.46955098916789,-4.39940621966301
0.529,707.667456482743,1678.23854028297,49.9943685613118,49.9946580008125,1269.49246599668,524.811324018683,326.217784631291,326.546151238689,105.646506187431,213.632808820597,-319.279314924654,5.05787444684002,0.436372467651427,-5.49424691311872
0.53,707.045243286251,1678.88064310346,49.9943735127271,49.9946559569358,1268.42639796756,525.885542315779,326.2181044517,326.546043816859,5.77355983948425,279.51671079286,-285.290270534578,3.75283498006804,2.29645928696746,-6.0492942654
0.531,706.986974712545,1678.98128791307,49.9943739764136,49.9946556365734,1267.19648057549,527.127397436252,326.218473426918,326.545919631347,-95.241984984334,317.790871134359,-222.548886039278,2.08214679970876,3.93225701125278,-6.01440380904332
0.532,707.90730614269,1678.10926293663,49.9943666526488,49.9946584123151,1266.06433234513,528.30465643722,326.218813071387,326.545801905447,-186.781494083407,324.899392748892,-138.117898544221,0.205180375020516,5.18513774533008,-5.39031811815155
0.533,709.171563594944,1676.85759046015,49.9943565920077,49.9946623965123,1266.13211627298,528.268453961135,326.218792736209,326.545805525694,-259.868475043675,300.266173749542,-40.3976985782145,-1.6914112920207,5.92806234978175,-4.23665105530957
0.534,710.599870206927,1675.48198351055,49.9943452259048,49.9946667752053,1266.8150580575,527.61059747145,326.218587853673,326.545871311343,-307.726637035428,245.941100227921,61.785536936817,-3.4226648703077,6.09345933793115,-2.67079446497438
0.535,711.930318889195,1674.19052563326,49.9943346385306,49.9946708860434,1267.59957568854,526.850284514095,326.218352498384,326.545947342639,-325.653389876665,168.155811699533,157.49757830326,-4.81828865050163,5.66106934390504,-0.842780690631842
0.536,712.184144464511,1673.98217473577,49.9943326186508,49.9946715492449,1269.4781081275,525.01469565058,326.217788938652,326.546130901525,-311.08786721237,72.980027567827,238.107839764634,-5.74223289729673,4.67407693329509,1.06815596681586
0.537,711.357929192403,1674.84856329313,49.9943391934631,49.9946687914444,1270.75947167158,523.748606513098,326.217404529589,326.546257510439,-266.874793506137,-28.3585250741546,295.233318690899,-6.10497466575414,3.23118607157177,2.87378859696099
0.538,709.823667826258,1676.41001918643,49.9943514027271,49.994663821176,1271.60210347193,522.925104233018,326.217151740049,326.546339860667,-196.276882435944,-127.51949588343,323.796378417345,-5.8690394165742,1.47117123934077,4.39786817989812
0.539,708.139573806692,1678.14614700903,49.9943648043215,49.9946582949095,1270.83609329727,523.731486439025,326.217381543101,326.546259222447,-106.699412422791,-213.332016936137,320.031429442996,-5.06067777429263,-0.433349598098068,5.49402737487194
0.54,707.543571513147,1678.75186059811,49.994369547157,49.9946563668632,1269.64819505972,524.939933876319,326.217737912572,326.546138377703,-6.62605567618718,-278.846936273978,285.472992020452,-3.75504263185171,-2.29390687620922,6.04894951030997
0.541,707.652198097056,1678.67504999513,49.9943686827342,49.994656611359,1268.4379128528,526.170017111841,326.218100997235,326.546015369379,94.5126681991025,-316.822206815429,222.309538674052,-2.0834678077874,-3.93086692010163,6.0143347298787
0.542,708.287629514989,1678.08210324044,49.9943636261316,49.9946584987671,1267.43067618128,527.211954916841,326.218403168236,326.545911175599,186.787078453574,-324.505063370292,137.717984964157,-0.206590035513669,-5.18438812209348,5.39097815933473
0.543,709.394284129406,1676.98594293621,49.994354819654,49.9946619879537,1266.44798467111,528.20832378938,326.218697975689,326.545811538711,259.919854024643,-299.876789477104,39.9569354915783,1.68880073210569,-5.92741072297508,4.23860999234845
0.544,711.142233662412,1675.27981549814,49.9943409099136,49.994667418726,1266.47916514602,528.203621736738,326.218688621547,326.545812008917,308.044034377886,-246.38341098824,-61.6606233544146,3.42051995210943,-6.0935603442258,2.67304039338355
0.545,711.880884809599,1674.58372763425,49.9943350319145,49.9946696344425,1267.46163717967,527.245804715698,326.218393879937,326.545907790619,326.286096737419,-168.459339145336,-157.826757555874,4.81675638170753,-5.66201846806643,0.845262087475895
0.546,712.186462347749,1674.30856158816,49.9943326002057,49.9946705103233,1268.3535862079,526.396250318201,326.218126295228,326.545992746059,311.699483560569,-73.8657124831262,-237.833771036449,5.7419961771967,-4.67526776244096,-1.0667284137122
0.547,712.331461873613,1674.19433848439,49.9943314463361,49.9946708739067,1269.37160679065,525.388982194768,326.217820889053,326.546093472871,267.299806001343,27.7522556236022,-295.052061575302,6.10448995150251,-3.23251815108629,-2.87197179936695
0.548,711.573670263981,1674.9901444249,49.9943374766502,49.9946683407777,1270.22212801404,524.551095011255,326.217565732686,326.546177261589,196.302670101503,126.854129048208,-323.156799087591,5.87060814551078,-1.47401056356107,-4.39659758081063
0.549,710.850360387332,1675.75253979589,49.9943432325673,49.9946659139979,1270.28052552888,524.539151667854,326.217548213432,326.546178455924,106.33419417859,213.238127398108,-319.572321500502,5.0613214512829,0.431554003527952,-5.49287545350305
0.55,709.846595515209,1676.77049651312,49.9943512202743,49.994662673741,1270.21602670804,524.614985227118,326.217567563078,326.546170872568,6.17837775874237,279.202997628934,-285.381375298713,3.75717149401629,2.29117056125714,-6.04834205374977
0.551,708.775694504203,1677.87486727308,49.9943597422338,49.9946591584197,1269.94758199844,524.90732738797,326.217648096491,326.546141638352,-95.1125013868545,317.577695210162,-222.465193722445,2.0851085882633,3.92934972931924,-6.01445831581689
0.552,708.182818039168,1678.50373270586,49.9943644601948,49.9946571566788,1268.62964268127,526.249627717143,326.218043478286,326.546007408319,-186.666599247745,325.103960149653,-138.437360791155,0.208670848562832,5.18324946425305,-5.39192031080392
0.553,708.853740327181,1677.8423246345,49.9943591211649,49.9946592620061,1267.29851511525,527.610377921256,326.218442816556,326.545871333298,-259.847515454387,300.202227651728,-40.3547120807511,-1.6876827631127,5.92741205477659,-4.2397292894264
0.554,709.515523322767,1677.21387114333,49.9943538548631,49.9946612624357,1266.66398048798,528.255261595627,326.218633176944,326.545806844931,-307.401959134894,246.423744958197,60.9782142947365,-3.4184865004996,6.09345614744999,-2.67496964453604
0.555,710.40123206552,1676.35616897238,49.9943468066169,49.9946639925865,1266.82164860325,528.116663131844,326.218585876509,326.545820704777,-325.730215754928,168.082280076365,157.647935793647,-4.81552489078405,5.66274076389079,-0.847215870582736
0.556,711.317205212766,1675.46914525515,49.9943395175342,49.9946668160707,1267.14795003366,527.829358883036,326.21848798608,326.545849435202,-311.300515009423,73.4790713993505,237.821443718209,-5.7413432205255,4.67689967735688,1.06444354572454
0.557,712.053160935708,1674.76546479719,49.9943336609846,49.9946690559552,1268.64906419886,526.337031650984,326.218037651831,326.545998667925,-266.815571008226,-28.5364364065155,295.352007512358,-6.10465932761999,3.23490530611405,2.86975402401235
0.558,711.8725706047,1674.97717963441,49.9943350980768,49.9946683820459,1270.07943391334,524.924749883904,326.217608540916,326.546139896102,-196.683139711506,-127.211068514422,323.89420831021,-5.87119556739349,1.47567651488839,4.39551905488271
0.559,711.103328120517,1675.78479570263,49.994341219514,49.9946658113241,1270.80416251043,524.248372570787,326.217391122337,326.546207533833,-106.984348725539,-213.0975454845,320.081894278885,-5.06222866664315,-0.429992419605677,5.49222108842658
0.56,710.095917384448,1676.80665150026,49.994349236234,49.9946625586561,1271.30317020826,523.754853422481,326.217241420028,326.546256885748,-6.75342695644983,-278.828300606707,285.581727614897,-3.7581317042222,-2.29015838437654,6.04829009051304
0.561,709.016568529565,1677.91394148076,49.9943578254192,49.9946590340426,1271.07189077496,523.990819646996,326.217310803858,326.546233289126,94.3344867229076,-316.930880297525,222.596393609928,-2.08792961186794,-3.92721617686491,6.01514579033887
0.562,708.191793011722,1678.78035196483,49.9943643887743,49.9946562761724,1270.69143225102,524.411075298217,326.217424941415,326.546191263561,186.38222533452,-324.251502642362,137.869277329276,-0.21084997184433,-5.1823857764887,5.39323574961302
0.563,708.079358073933,1678.89203277732,49.9943652835031,49.9946559206813,1269.66955140623,525.455886616588,326.217731505668,326.546086782429,259.697524057239,-299.811433617868,40.1139095727151,1.68573738865525,-5.92643346555135,4.24069607787039
0.564,707.95193503244,1679.0355836818,49.9943662975034,49.9946554637446,1268.80148025498,526.322621657398,326.217991927014,326.546000108925,308.190123634684,-246.30640512191,-61.8837185054519,3.41579878033433,-6.09219810979647,2.6763993301798
0.565,708.350125264799,1678.66925350612,49.9943631288062,49.9946566298098,1268.10573761461,527.046863151272,326.218200649806,326.545927684775,326.316379476086,-168.533078232152,-157.783301236628,4.81442143682742,-5.66302497694582,0.848603540648801
0.566,709.054210187286,1677.99119507965,49.9943575258764,49.9946587881368,1267.87174785429,527.310116407019,326.218270846734,326.54590135945,311.708392610821,-73.9554812246919,-237.752911374004,5.74048521645694,-4.67831429868389,-1.06217091734538
0.567,709.666552311653,1677.40052051838,49.9943526530126,49.9946606683123,1267.84467641749,527.345882181755,326.218278968165,326.545897782872,267.363905516802,27.4517535325129,-294.815659028084,6.10459922749092,-3.23609593356482,-2.86850329350881
0.568,710.862309580862,1676.23162260636,49.9943431374786,49.9946643890299,1267.75488272968,527.445953419427,326.218305906271,326.545887775748,196.766055606744,126.410327863424,-323.176383436401,5.87182175594433,-1.47755089524896,-4.39427086019687
0.569,711.442141187191,1675.69455856076,49.9943385233253,49.9946660985579,1268.5367320863,526.706729342984,326.218071351465,326.545961698156,106.392606003867,213.215769730859,-319.608375685779,5.0640986044456,0.42721723763138,-5.49131584141427
0.57,711.440152549336,1675.70978451837,49.9943385391504,49.9946660500921,1269.76027969215,525.488533396303,326.217704287183,326.546083517751,6.36228196635972,279.023526538758,-285.385808439466,3.76051109615938,2.28784481918489,-6.04835591444366
0.571,710.944935851344,1676.22619484469,49.9943424799597,49.994664406307,1271.3363264547,523.922062123753,326.217231473154,326.546240164878,-94.646098176396,317.245940797834,-222.599842539786,2.09005585898392,3.92499806149551,-6.01505391929107
0.572,709.422974545349,1677.794128772,49.9943545913429,49.9946594154183,1272.15630435231,523.131620191646,326.216985479785,326.546319209071,-186.610599679385,325.097264062051,-138.486664287234,0.213294902083115,5.18071956539951,-5.39401446598509
0.573,707.720660620213,1679.50193568337,49.9943681379267,49.9946539793001,1271.87877345044,523.42850807613,326.217068739055,326.546289520283,-259.562367252137,300.355705030357,-40.7933376726441,-1.68320156261995,5.92589933893734,-4.24269777452141
0.574,706.041150255964,1681.21056198397,49.9943815030455,49.9946485405736,1271.32193576155,524.001947346372,326.217235790362,326.546232176356,-307.715517844285,246.477194628908,61.2383233265376,-3.41481183681565,6.09331091535644,-2.67849907648609
0.575,705.525533322789,1681.73902611536,49.9943856061947,49.9946468584201,1270.08301836706,525.257644077947,326.21760746558,326.546106606683,-325.842292983759,168.692387063916,157.14990603151,-4.81312287210019,5.66408141791123,-0.850958543562879
0.576,705.807985952687,1681.47721469784,49.9943833585081,49.9946476917917,1268.6859155853,526.68069692866,326.218026596415,326.545964301398,-311.186702986155,73.7527884705458,237.433914621431,-5.73943756723875,4.67943969045481,1.05999787913572
0.577,706.955515813671,1680.33526948984,49.9943742267556,49.9946513267162,1267.08816116554,528.278950692542,326.218505922741,326.545804476021,-267.423459620512,-27.6781283412676,295.101588057129,-6.10446040187536,3.23795001999734,2.8665103842306
0.578,708.806023061065,1678.50888435457,49.9943595008868,49.9946571402806,1266.69572461361,528.684917651488,326.218623653706,326.545763879325,-196.489203462881,-127.059313905145,323.548517449099,-5.87247998119116,1.4800440759781,4.39243590746457
0.579,710.290701886028,1677.05272801668,49.9943476861881,49.9946617753702,1267.76627919408,527.656000174379,326.218302487332,326.545866771073,-107.048376605587,-212.99077259633,320.03914926641,-5.06460858755317,-0.42533713433897,5.48994572395229
0.58,710.986822311678,1676.36146146381,49.9943421466378,49.99466397574,1269.30273006904,526.114472309503,326.21784155207,326.546020923859,-7.319591722875,-278.543073080904,285.862664850853,-3.76175769559647,-2.28588740321015,6.04764510060403
0.581,711.020877445386,1676.3721228271,49.9943418756357,49.9946639418038,1270.87364656583,524.55557949715,326.217370277121,326.546176813141,94.3401404763936,-316.922897224743,222.58275677887,-2.09171874191153,-3.92442921387982,6.01614795727903
0.582,709.68581682361,1677.7509980472,49.9943524997105,49.9946595527077,1272.34159207801,523.123336820232,326.216929893467,326.546320037408,186.259868062043,-324.390028077171,138.130160031319,-0.214981297904133,-5.1800676717058,5.39504897077055
0.583,707.545088160303,1679.8985773063,49.994369535088,49.9946527167506,1272.82915977216,522.645287783454,326.216783623159,326.546367842312,259.431735718014,-300.010929334492,40.5791936217523,1.68137365187571,-5.92589067066779,4.24451701963605
0.584,705.192678625902,1682.27325351291,49.9943882549682,49.9946451579214,1272.32588803773,523.145860630756,326.216934604679,326.546317785027,308.008558013314,-246.471969257472,-61.5365887565473,3.4122619859285,-6.09355071021952,2.68128872486015
0.585,703.920085450141,1683.55588371902,49.994398381943,49.9946410751827,1270.57455702151,524.928867846536,326.217460003984,326.546139484306,326.50661506419,-169.12122628556,-157.385388777876,4.81200492404786,-5.66497708631351,0.852972162638247
0.586,704.323960961794,1683.16018685227,49.9943951680037,49.9946423347249,1269.21025981994,526.319767544061,326.217869293144,326.546000394336,311.945057425805,-74.4436397541061,-237.501417662895,5.73883014570636,-4.68045060860358,-1.05837953682104
0.587,705.013014188893,1682.47568484354,49.9943896846924,49.9946445135625,1268.32747247375,527.201526679737,326.218134129348,326.545912218422,267.686881249708,27.3848964809493,-295.071777707562,6.10386009043562,-3.23957341514005,-2.86428667497936
0.588,706.480881328791,1681.04278924483,49.9943780037768,49.9946490746109,1268.20245437952,527.335040495645,326.218171634777,326.545898867041,196.984620086591,126.3254548996,-323.310074944515,5.87372285957414,-1.48225831579196,-4.39146454330937
0.589,707.602429457082,1679.95100549256,49.9943690787804,49.9946525498665,1269.1695897755,526.412585702741,326.217881494158,326.54599111252,106.567714449419,212.953361289595,-319.521075675979,5.06608319050042,0.423372865154239,-5.48945605491768
0.59,708.166133495054,1679.3854001576,49.9943645929662,49.9946543502442,1269.84931655854,525.724577709473,326.217677576123,326.546059913319,6.48486192773224,278.903786196783,-285.388648039243,3.76328844227659,2.28395366884311,-6.0472421100326
0.591,707.815235156297,1679.76089943053,49.9943673853265,49.9946531549929,1270.65885429903,524.922457843556,326.217434714801,326.546140125306,-94.5851835116115,317.444497735327,-222.859314117379,2.09401532953107,3.92188442540498,-6.01589975344432
0.592,707.376899952223,1680.24092207059,49.9943708734872,49.9946516270333,1271.71676056523,523.899448213534,326.217117342921,326.546242426269,-186.403260764867,325.13740159886,-138.734140709846,0.217309402479462,5.17892700341809,-5.39623640398337
0.593,706.798317204429,1680.8330845976,49.9943754777024,49.9946497421215,1272.75441082577,522.873004866002,326.216806047843,326.546345070604,-259.467144851992,300.534203286574,-41.067058297427,-1.67910906128848,5.92579576810546,-4.24668670450194
0.594,706.056499444941,1681.57695314048,49.9943813809006,49.9946473743144,1272.9456983784,522.687128875858,326.216748661577,326.546363658203,-307.316685697358,246.775566802042,60.5411190396044,-3.41117500582187,6.09313789849894,-2.68196289001835
0.595,705.324249386866,1682.34868819636,49.9943872079614,49.9946449178054,1273.13616818029,522.515840777219,326.216691520636,326.546380787013,-325.933512644751,168.95241133129,156.981101457806,-4.81081381814069,5.66641539992015,-0.855601578867926
0.596,703.90669439452,1683.77465912484,49.9943984885056,49.9946403787989,1272.96803139713,522.716810844765,326.216741961671,326.546360690006,-311.234749304721,73.594384871844,237.640364571143,-5.73782983479754,4.68138289978427,1.05644693806359
0.597,703.048273044767,1684.65124353083,49.9944053196056,49.9946375885441,1271.53777575872,524.135280433249,326.217171038363,326.546218843047,-266.999358902069,-27.483686688249,294.483045716749,-6.10449597876787,3.24221505295156,2.86228092888403
0.598,702.738413519095,1684.95745407378,49.9944077853894,49.9946366138457,1270.10905847593,525.574354359973,326.217599653548,326.546074935654,-197.033951816043,-126.749596312966,323.783548238943,-5.87295056619788,1.48376045654523,4.3891901126155
0.599,703.409540928818,1684.30598484563,49.9944024447272,49.9946386875366,1268.96593067747,526.7544907894,326.217942591887,326.545956922011,-107.228007197706,-212.940284825121,320.168292113644,-5.06671461525781,-0.421448710580097,5.48816332858638
0.6,704.466065163261,1683.25751469252,49.9943940371744,49.9946420249208,1268.64086943861,527.080888663745,326.218040110259,326.545924282224,-7.28171588104055,-278.5938784427,285.875594394969,-3.76515954963043,-2.28276002194848,6.04791957403107
0.601,705.3270017185,1682.42195958329,49.994387186059,49.9946446845753,1269.23789960978,526.483696943058,326.217861001207,326.545984001396,94.0564393706787,-316.880121907358,222.823682589528,-2.09603296301081,-3.92095958064243,6.01699254575652
0.602,705.857959664125,1681.92231208389,49.9943829608299,49.9946462750027,1270.2476617735,525.503807778059,326.217558072558,326.546081990313,185.954599399543,-324.245546968512,138.290947605928,-0.219732133156119,-5.17754909258839,5.39728122748074
0.603,705.834400858118,1681.94287813642,49.994383148305,49.9946462095389,1271.45117941319,524.306395271625,326.217197017266,326.546201731563,259.432051268579,-299.91707962152,40.4850283779669,1.67648729472724,-5.92402985068643,4.24754255734383
0.604,704.767434903799,1683.04286650906,49.9943916389502,49.9946427081672,1272.04440482634,523.725362173395,326.217019049642,326.546259834873,308.008290393172,-246.670299839446,-61.3379905351695,3.41017315595653,-6.09424369385583,2.68407053898076
0.605,703.971978418088,1683.8529725949,49.9943979689918,49.9946401295194,1271.9311753215,523.849860389527,326.217053018494,326.546247385051,326.215025552722,-169.038757163326,-157.176268371654,4.8095297772881,-5.66675777713207,0.857228000697894
0.606,703.341284954515,1684.49250855642,49.994402987891,49.9946380938132,1272.28806667797,523.521071334369,326.216945951087,326.546280263957,311.637775068098,-74.2004004749795,-237.437374570703,5.73700553051092,-4.68353941061755,-1.05346611917176
0.607,702.551897014861,1685.29772539943,49.9944092696406,49.9946355307284,1272.41374993802,523.395827731567,326.216908246109,326.546292788317,267.902865550023,26.8574169687696,-294.760282486858,6.10428364937468,-3.24347010167042,-2.86081354701099
0.608,701.495555086708,1686.35483384938,49.9944176757425,49.9946321658477,1272.13520453745,523.673781988529,326.216991809729,326.546264992892,197.148480559381,126.133191305899,-323.281671820074,5.87311621832697,-1.48575662321826,-4.38735959434066
0.609,701.220002239,1686.65380699162,49.9944198685224,49.9946312141867,1271.49923605309,524.350962160743,326.217182600274,326.546197274874,106.901022687694,212.936362728215,-319.837385356509,5.06781589433331,0.419554313809141,-5.48737020721035
0.61,701.110491537268,1686.76881197387,49.9944207399809,49.9946308481144,1270.71840088241,525.119936669819,326.217416850826,326.546120377423,6.97863703509553,278.677045755408,-285.655682718067,3.76711529344151,2.28038490445355,-6.04750019674973
0.611,701.372246604189,1686.51063343378,49.9944186570003,49.9946316699222,1270.30695693018,525.536087039626,326.217540284011,326.546078762386,-94.3581616465015,317.34692810269,-222.988766371777,2.09765797395977,3.91891373402816,-6.01657170660152
0.612,701.921040763804,1685.98994442955,49.9944142898351,49.9946333273268,1270.15267417367,525.714919245882,326.217586568838,326.546060879166,-186.019428268701,325.056866762062,-139.037438399041,0.221459226194761,5.17647109775529,-5.39793032231721
0.613,702.553958846964,1685.36142027681,49.994409253233,49.9946353279813,1270.52859678055,525.355390306756,326.217473792056,326.54609683206,-259.204782605683,300.590644577972,-41.3858618711126,-1.67565874390909,5.92481081600642,-4.24915207023553
0.614,703.202780420884,1684.72834278096,49.994404090075,49.9946373431296,1271.64288536123,524.235793955833,326.217139505482,326.546208791695,-307.444357282612,246.86699305409,60.5773643325385,-3.40709252680356,6.09364433125943,-2.68655180240488
0.615,702.356871385447,1685.61602160201,49.9944108216052,49.9946345175602,1272.90260591561,522.988419892986,326.216761589316,326.546333529101,-325.67679781177,169.156877454772,156.519920459635,-4.80791792673469,5.66806500827031,-0.860147079355488
0.616,700.627028145446,1687.35576092553,49.9944245872603,49.9946289797979,1273.18504871779,522.736472755725,326.216676856475,326.546358723815,-311.307783605989,74.1875825086336,237.120201192416,-5.73648773775872,4.68464210203221,1.05184563795487
0.617,698.998028422923,1688.98917432986,49.9944375504283,49.9946237804815,1272.87289976398,523.048766393063,326.216770501161,326.546327494451,-267.44359252179,-27.7640051650902,295.20759776929,-6.10391305683126,3.24539663884328,2.85851642016245
0.618,698.217768723135,1689.78178585875,49.9944437595377,49.9946212575207,1271.67293456704,524.24818203087,326.21713049072,326.546207552887,-197.132527643881,-126.401559124002,323.534086834903,-5.87485887465519,1.48827974056211,4.38657913611879
0.619,698.637109121687,1689.36775963436,49.9944404225328,49.9946225754071,1270.19548160609,525.767889563588,326.217573726609,326.546055582134,-107.440886827433,-212.841312982177,320.282199859741,-5.06888817733036,-0.417422918140281,5.4863110972686
0.62,699.511390604482,1688.48859556724,49.9944334652218,49.9946253738732,1269.43721432376,526.505257372309,326.217801206793,326.545981845353,-7.72587165337767,-278.306741132653,286.032612819243,-3.76919844904628,-2.27739427602134,6.04659272657968
0.621,700.168776533167,1687.85656850865,49.9944282339108,49.9946273856778,1269.90592853764,526.04230639754,326.217660592529,326.546028140451,93.9597783083511,-316.983911273398,223.024132982906,-2.10018651520699,-3.91738695840891,6.0175734748106
0.622,700.578137554565,1687.46806824877,49.9944249763193,49.9946286223126,1270.39576338741,525.585961004967,326.217513642074,326.54607377499,185.952559528906,-324.671807121268,138.719247597679,-0.223536688716039,-5.17537556379733,5.39891225338799
0.623,700.917547050999,1687.13730127585,49.9944222753844,49.9946296751766,1271.3748361553,524.614762395508,326.217219920244,326.546170894851,259.100200221492,-300.199024311226,41.0988240850557,1.67321539068764,-5.92424369692738,4.25102830681395
0.624,700.936210998842,1687.12620766785,49.9944221268614,49.9946297104886,1272.8036408242,523.181036084864,326.216791278843,326.546314267482,307.712262023406,-246.680034718736,-61.0322273142864,3.40553387398303,-6.09393494225224,2.68840106858746
0.625,699.828716937304,1688.26472646513,49.9944309400191,49.9946260864707,1273.90203788505,522.107180628452,326.216461759725,326.546421653028,326.31828764983,-169.255119840062,-157.063167819111,4.80699719134397,-5.6684114066528,0.861414215441475
0.626,698.218082866065,1689.88575046773,49.9944437570378,49.9946209265911,1274.57584813304,521.458592160567,326.21625961665,326.546486511874,311.921187423881,-74.7558247756662,-237.165362652116,5.73634167837033,-4.68575563886209,-1.05058603947288
0.627,696.964061399616,1691.14899758712,49.9944537362235,49.9946169055506,1274.04475445395,521.974533866012,326.216418944754,326.546434917704,267.865108173439,26.7371417257129,-294.602249893295,6.10412128548695,-3.24758876954549,-2.85653251590721
0.628,695.718220898947,1692.39836984679,49.9944636503072,49.9946129286752,1273.32616123959,522.706237748831,326.216634522718,326.546361747316,197.276946070229,125.849651947142,-323.126597998229,5.87493458493705,-1.48987038261389,-4.38506420219595
0.629,695.316017741004,1692.81553596124,49.9944668509383,49.9946116007942,1272.31206995226,523.755604572559,326.216938750105,326.546256810633,107.114073580276,212.707987714961,-319.822061260434,5.07041928115917,0.414983881698134,-5.48540316255253
0.63,695.538863460556,1692.60509672159,49.9944650775884,49.9946122706431,1271.57046230449,524.494244323486,326.217161232399,326.546182946658,6.74523099871098,278.747547734755,-285.492778682075,3.77061136668115,2.27721043740394,-6.04782180353304
0.631,696.119741783368,1692.02050786506,49.9944604551056,49.9946141314472,1270.76278146116,525.292784726877,326.217403536652,326.546103092618,-94.1638980940833,317.302920238628,-223.139022077487,2.10197273396953,3.91542503510878,-6.01739776823357
0.632,696.588654881707,1691.57382225403,49.9944567236137,49.9946155532917,1270.43426572479,525.642520647843,326.217502091373,326.546068119026,-186.085948190746,325.163334347643,-139.077386076841,0.226213091902869,5.1738314183965,-5.40004450914744
0.633,697.475751015625,1690.68227713892,49.994449664327,49.9946183911679,1270.62674288143,525.464742730778,326.217444348226,326.546085896817,-259.273688709315,300.584467502778,-41.3107787045526,-1.67138207769703,5.92321425971815,-4.25183218058045
0.634,698.417246005749,1689.76049406258,49.9944421721479,49.9946213252946,1271.59247116542,524.493301554196,326.217154629741,326.546183040935,-306.855310263129,246.792923438933,60.0623869171254,-3.40383741730769,6.09458290192177,-2.69074548293296
0.635,698.497837584222,1689.70468075648,49.9944415308205,49.9946215029538,1273.18692793839,522.920070758079,326.216676292709,326.546340364015,-325.618053015368,169.204880627901,156.413172479021,-4.80574056995914,5.66924837583676,-0.863507804029553
0.636,697.612845737113,1690.60527763755,49.9944485733618,49.9946186362649,1274.80895709529,521.314651097471,326.216189683962,326.546500905981,-311.468139964666,74.3012210337012,237.166919017014,-5.73508896712946,4.68778730999681,1.0473016590611
0.637,695.761074054729,1692.47002051563,49.9944633092927,49.994612700604,1275.20634952371,520.915207096127,326.216070466233,326.546540850381,-267.356093217994,-27.151544967508,294.507638261633,-6.10369914106759,3.24870651124242,2.8549926317434
0.638,693.304383968058,1694.91964049871,49.9944828590112,49.9946049032214,1274.19578963159,521.926524389092,326.216373634201,326.546439718651,-197.383092208068,-126.237775330901,323.620867601711,-5.87476428357717,1.49135996440347,4.38340432098986
0.639,693.000764481396,1695.24174656367,49.9944852751383,49.994603877926,1272.31090996463,523.835028486577,326.216939098101,326.546248868242,-107.814906962838,-212.389103225733,320.204010235489,-5.07214256325999,-0.412751994194194,5.48489455908446
0.64,693.54054720709,1694.69316371369,49.9944809796839,49.9946056241194,1271.20963830732,524.937493689986,326.217269479598,326.546138621721,-7.52185577772709,-278.394296653037,285.916152460664,-3.77163037931767,-2.27450181894071,6.04613219963357
0.641,694.399011850094,1693.84896267062,49.9944741482393,49.9946083112948,1270.7072664976,525.435802467517,326.217420191141,326.546088790844,93.7248702167243,-316.699845827322,222.974975624426,-2.10403445953887,-3.9144453015899,6.018479762203
0.642,695.528859431358,1692.74444387572,49.9944651571979,49.9946118270873,1271.11507290036,525.051180534869,326.21729784922,326.546127253037,185.510612940318,-324.46712952127,138.956516581091,-0.228343888110655,-5.17301623597837,5.40136012484573
0.643,695.682971136125,1692.57382170028,49.9944639308159,49.9946123701946,1271.91605171171,524.24615706908,326.217057555577,326.546207755383,258.99996912552,-300.247102726849,41.2471335921616,1.66804561094489,-5.92189251780391,4.2538469073165
0.644,695.565913556466,1692.7177555047,49.9944648623306,49.994611912039,1273.06632306855,523.113373811257,326.21671247417,326.546321033709,307.704423001975,-246.926026511981,-60.7783965036733,3.40305936894172,-6.09453542304142,2.69147605430654
0.645,694.81508006617,1693.48210373985,49.9944708372736,49.994609479043,1273.66066591962,522.520204179448,326.216534171314,326.546380350672,326.499450863283,-169.749564535558,-156.749886340799,4.80405717915957,-5.66970233644194,0.8656451573095
0.646,694.119156621437,1694.1861793436,49.9944763752564,49.9946072379008,1274.098793109,522.101972612028,326.216402733158,326.546422173829,311.901069592586,-74.871788797608,-237.029280802804,5.73430403247986,-4.68908225672067,-1.04522177582477
0.647,693.135729316681,1695.18234998673,49.9944842011223,49.9946040669912,1274.60132345089,521.596543049688,326.216251974055,326.546472716785,267.934391971742,26.5669304808663,-294.501322451009,6.1040671560706,-3.25139031966774,-2.85267683646839
0.648,691.773810386835,1696.54472673232,49.9944950389288,49.9945997304113,1274.77267975043,521.436368714529,326.216200567165,326.546488734219,197.422147063895,125.835534127021,-323.257681176307,5.87580234961166,-1.4936956700536,-4.38210667953198
0.649,690.924310846431,1697.40864891626,49.9945017990313,49.9945969804616,1273.9785974393,522.256943765665,326.216438791859,326.546406676714,107.035270531546,212.5635596687,-319.598830171142,5.07259037985931,0.410772115641267,-5.48336249530135
0.65,690.647652280375,1697.67254578228,49.9945040006102,49.9945961404517,1273.3623657646,522.856911403466,326.216623661361,326.54634667995,7.38950072336741,278.364337556187,-285.753838237102,3.7733838960618,2.27177631590484,-6.04516021154323
0.651,690.68263314656,1697.64525164482,49.9945037222414,49.9945962273317,1272.38031321713,523.839164109943,326.216918277125,326.546248454679,-93.844912934238,317.099416375584,-223.254503386837,2.10549055923316,3.91242773971066,-6.01791829827136
0.652,690.91590210913,1697.4451780488,49.9945018659459,49.9945968641857,1271.84421440767,524.400487853055,326.217079106768,326.546192322305,-185.726213315596,325.016729763135,-139.290516382783,0.230109997405726,5.17251449838738,-5.40262449486649
0.653,691.975273235401,1696.36041056069,49.9944934357384,49.9946003171079,1271.74176362733,524.506772203176,326.217109842002,326.54618169387,-258.942472474935,300.804098336693,-41.861625790029,-1.66652138006088,5.9216334050572,-4.25511202383361
0.654,692.659041705321,1695.70060228881,49.9944879944818,49.9946024173428,1272.54453325226,523.696889761466,326.216869011115,326.546262682114,-307.311353814314,247.218820807127,60.0925330822157,-3.40032891865877,6.09490386342723,-2.69457494341001
0.655,692.764487629889,1695.61667661596,49.9944871553698,49.9946026844866,1273.72915602879,522.526932863819,326.216513624282,326.546379677804,-325.83245818314,169.564968448065,156.267489809436,-4.80273913632487,5.67071309947777,-0.867973961656126
0.656,691.997994232039,1696.38751276357,49.9944932549304,49.9946002308389,1273.95215107724,522.32587492446,326.216446725767,326.546399783598,-311.509228586121,74.4843869311719,237.02484172472,-5.73376690449899,4.6896949523617,1.04407195370223
0.657,691.732659640554,1696.65545030124,49.994495366396,49.9945993779672,1274.13466973428,522.14238612143,326.21639197017,326.546418132478,-267.557777231277,-26.8222438863814,294.380021179671,-6.1037221128105,3.25232711539985,2.85139499897037
0.658,690.578164231863,1697.82302911796,49.9945045535786,49.9945956614484,1274.74732491379,521.523999412306,326.216208173616,326.546479971149,-197.431084273093,-126.15551829037,323.586602614819,-5.87652833696356,1.49622115729686,4.38030718114759
0.659,689.352896073907,1699.0657343499,49.9945143039528,49.9945917057948,1274.50441288631,521.800915108307,326.216281047224,326.54645227958,-107.665048185836,-212.523187959993,320.188236184525,-5.07428763406171,-0.408707582713346,5.48299521810884
0.66,688.952086439435,1699.46661244779,49.9945174934945,49.9945904297602,1274.00035703828,522.291197481583,326.216432263979,326.546403251342,-7.79096465785252,-278.489991281172,286.280955964129,-3.77617316087726,-2.27014119000789,6.04631435201519
0.661,688.545112557963,1699.88027701872,49.9945207320897,49.994589113025,1273.62243863705,522.676050324289,326.216545639499,326.546364766058,93.5788537108606,-316.72569251377,223.146838814717,-2.10776571843542,-3.91112597896817,6.01889169829051
0.662,688.342289960393,1700.09870313164,49.9945223461007,49.9945884177531,1272.46737485911,523.8414114643,326.216892158633,326.546248229944,185.46524819101,-324.420169657843,138.954921466729,-0.232718061210139,-5.17017947422801,5.40289753606409
0.663,688.576056313918,1699.84751584489,49.9945204858472,49.994589217307,1271.50844211741,524.806756797813,326.217179838455,326.546151695411,259.197362112853,-300.345621846419,41.1482597235306,1.66447315889611,-5.9210096539842,4.25653649545317
0.664,689.591007328705,1698.83469312774,49.9945124091236,49.9945924412219,1270.89333692698,525.421947697558,326.217364370012,326.546090176321,307.797380719239,-247.27027801368,-60.5271027218539,3.39933513637634,-6.09492188274024,2.69558674649305
0.665,690.864345986885,1697.57776666174,49.9945022762165,49.9945964421431,1271.44166928203,524.889449952169,326.217199870306,326.546143426095,326.201900901211,-169.709555872691,-156.492345046752,4.80174807112509,-5.67102495215741,0.8692768809743
0.666,691.556261829488,1696.89867403174,49.9944967701252,49.994598603762,1272.75555737133,523.587904705376,326.216805703879,326.54627358062,312.028810381791,-74.9150615926947,-237.113748804574,5.73310024845263,-4.69187001754454,-1.04123023108488
0.667,691.410268507561,1697.05491719221,49.9944979319031,49.9945981064246,1274.28851766081,522.051719162526,326.216345815792,326.546427199174,267.886835189617,26.4882311471608,-294.375066345565,6.10390870503725,-3.25404852263237,-2.84986018262096
0.668,690.044605731232,1698.43721043233,49.9945087995022,49.9945937064486,1275.4041750271,520.93033937685,326.216011118582,326.546539337153,197.375312094799,125.691130691376,-323.06644278466,5.87760421245792,-1.49857981725472,-4.37902439537522
0.669,688.718193614674,1699.78135661645,49.9945193547545,49.9945894278984,1275.99189924928,520.375582691291,326.215834801316,326.546594812821,107.864823472306,212.047738088261,-319.912561547875,5.07583478101149,0.406019971907513,-5.48185475297136
0.67,687.231654899782,1701.26758105938,49.9945311842537,49.9945846970991,1276.24161667539,520.109563814129,326.215759886088,326.546621414709,7.58182860455497,278.372718648178,-285.954547229574,3.77819148662405,2.26772817874787,-6.04591966526184
0.671,686.25542997788,1702.24621152121,49.9945389528048,49.9945815820215,1275.97431973329,520.393957601494,326.21584007517,326.54659297533,-93.6421011974045,317.087471019301,-223.445369788326,2.10908201963172,3.9097633213441,-6.01884534067434
0.672,685.166969013361,1703.3458310748,49.9945476145019,49.9945780818238,1274.63896826041,521.746120274777,326.216240680612,326.546457759063,-185.847204458449,325.183950163103,-139.336745661744,0.233725129420298,5.16933997580501,-5.40306510471788
0.673,684.757601788651,1703.72520777398,49.9945508721428,49.9945768742303,1273.20156770969,523.171358334666,326.216671900777,326.546315235257,-258.82054090617,300.799738060419,-41.9791971037955,-1.66232481648687,5.91979820156362,-4.25747338436542
0.674,684.741832115118,1703.75999552255,49.9945509976339,49.9945767634974,1271.8750172092,524.502049897441,326.217069865928,326.546182166101,-307.204453351924,247.558286624569,59.6461667825456,-3.39728780598002,6.09500284540378,-2.6977150385294
0.675,685.635433644412,1702.87602613814,49.9945438865788,49.9945795772594,1271.49784973668,524.888095422986,326.217183016169,326.546143561548,-325.934325731887,169.638803474279,156.295522314342,-4.80019155167849,5.67244646474138,-0.872254912022881
0.676,686.913388297668,1701.59379870944,49.9945337169388,49.994583658716,1271.65496559041,524.750109985527,326.217135881413,326.546157360092,-311.597543843026,74.7916030018777,236.805940896277,-5.73219219578409,4.69286993442673,1.03932226249223
0.677,687.451949139474,1701.05025746251,49.9945294312078,49.9945853888615,1272.49638466891,523.898820934942,326.21688345569,326.546242488997,-267.717709959249,-26.9026371981168,294.620347207603,-6.10261290632629,3.25512660411493,2.84748630338246
0.678,687.175951863297,1701.35299520283,49.9945316275244,49.9945844252174,1273.56636027301,522.830592955211,326.216562463008,326.546349311795,-197.808265254205,-125.805731124256,323.613996420706,-5.87840510709427,1.50001934468042,4.37838576355668
0.679,686.539188212152,1702.00983992758,49.9945366947285,49.9945823344157,1274.5788985646,521.845456467319,326.216258701521,326.546447825444,-108.024396092711,-212.307723894354,320.332120019468,-5.07674570431072,-0.404473295256974,5.48121900061889
0.68,685.743246389238,1702.80196196132,49.9945430286323,49.994579813013,1275.06908322944,521.341068557443,326.216111646122,326.546498264235,-8.07870363592713,-278.220788583012,286.299492240336,-3.77874025477869,-2.26642558240553,6.04516583809174
0.681,684.823585853447,1703.72004001459,49.9945503470583,49.9945768906797,1274.50424642084,521.901551034392,326.216281097164,326.546442215987,93.356749637843,-316.929816482875,223.573066855518,-2.11163698877814,-3.90763679276093,6.01927378226364
0.682,684.661132320154,1703.90758903054,49.9945516398224,49.9945762936927,1274.23517524881,522.199931150377,326.216361818516,326.546412377975,185.339877595809,-324.415194768189,139.075317172786,-0.235981926029349,-5.16901460130589,5.40499652785486
0.683,685.145599087685,1703.40659469725,49.9945477845584,49.9945778884072,1273.92784531116,522.50203797309,326.216454017497,326.546382167293,258.862256445487,-300.251374008372,41.3891175541495,1.66058430084491,-5.92032609307193,4.2597417925333
0.684,685.205666944613,1703.3592923647,49.9945473065536,49.9945780389752,1273.5257510009,522.898435560073,326.21657464579,326.546342527534,307.478781300286,-247.412987016286,-60.0657942989315,3.3951129615177,-6.09463151390693,2.69951855249427
0.685,684.973812489592,1703.60050071912,49.9945491515927,49.9945772711851,1273.31415115502,523.124396239722,326.216638125744,326.546319931466,326.381521223769,-170.101138454498,-156.280382787356,4.798906794848,-5.673158457732,0.874251662818855
0.686,685.256049264464,1703.3270369012,49.9945469056238,49.9945781416475,1273.64478857459,522.813955326248,326.216538934518,326.546350975558,312.240739843959,-75.4493026730797,-236.791437189083,5.73201967409372,-4.69473280948741,-1.03728686479539
0.687,685.380299222438,1703.19791387073,49.9945459168741,49.9945785526589,1274.01537300194,522.439369871218,326.21642775919,326.546388434103,267.881250491503,26.3216011363288,-294.202851643031,6.10307820593271,-3.2572757066499,-2.84580249954175
0.688,684.880298988644,1703.70727009013,49.9945498957495,49.9945769313277,1274.68714547281,521.760521901048,326.216226227449,326.5464563189,197.863808988469,125.233753958646,-323.097562956414,5.87880747970005,-1.50280984096477,-4.37599763900352
0.689,684.678769513923,1703.92340298016,49.9945514994701,49.9945762433553,1274.9801451454,521.492382424555,326.216138327547,326.546483132848,107.712473872496,212.185438824445,-319.897912698208,5.07793286522524,0.401981559837122,-5.47991442528019
0.69,684.418097334506,1704.17896927833,49.9945535738334,49.9945754298625,1275.4159300162,521.055062079322,326.216007592086,326.546526864882,7.62525117059264,278.546914378612,-286.172165540865,3.77987469085142,2.26495974143892,-6.04483443240365
0.691,683.329006031268,1705.28476235082,49.9945622405466,49.9945719100139,1275.61546137866,520.847944620564,326.215947732677,326.546547576628,-93.5525802490235,317.171719514065,-223.619139246792,2.11403034857269,3.90592646762276,-6.01995681616152
0.692,682.382543101123,1706.24959262331,49.9945697722593,49.9945688388637,1275.22439683266,521.261848269586,326.216065052041,326.546506186263,-185.531702523278,324.991438564128,-139.459736012898,0.238578363256918,5.16748096316563,-5.40605932621353
0.693,682.031865358435,1706.58019435859,49.9945725628641,49.9945677865257,1274.93788434073,521.555952137768,326.216151005788,326.546476775877,-258.419314486893,300.574034966243,-42.1547204423024,-1.65891721246494,5.91983676727106,-4.26091955440393
0.694,681.691750233004,1706.9326378554,49.9945752694143,49.9945666646632,1274.7957358593,521.701444435142,326.216193650333,326.546462226647,-307.23120635524,247.371813308895,59.8593930894041,-3.39464361816897,6.09547202225907,-2.70082840350104
0.695,681.662613984712,1706.9701955449,49.9945755012732,49.9945665451134,1274.17150821105,522.323768867529,326.216380918627,326.546399994204,-325.91076360492,169.994055452775,155.916708197657,-4.79754370486061,5.67407690991014,-0.876533204304174
0.696,682.000170769705,1706.63331707624,49.9945728150816,49.9945676174308,1274.10794745294,522.405929862043,326.216399986855,326.546391778104,-311.650082953276,74.7795231552043,236.870559840605,-5.7306682660023,4.69553049091611,1.03513777593109
0.697,682.403281847567,1706.21659373342,49.9945696072256,49.9945689439024,1273.56431732781,522.934371396267,326.216563075892,326.546338933951,-268.14248446907,-26.5355425621109,294.678027066931,-6.10242352070814,3.25895928482431,2.84346423675369
0.698,682.594643215025,1706.04077542319,49.9945680844202,49.9945695035495,1273.92497354953,522.569715943826,326.216454879026,326.546375399496,-197.800332100232,-125.599695384807,323.400027510884,-5.87887203705239,1.50440311600252,4.37446892186772
0.699,682.741028630602,1705.90005205396,49.9945669195221,49.9945699514859,1273.79915437592,522.717404746245,326.216492624778,326.546360630616,-108.460947695742,-211.81572794035,320.276675649694,-5.07883497779021,-0.399845151436878,5.47868012992147
0.7,683.062679482438,1705.57663000692,49.9945643599059,49.9945709809703,1274.47984840778,522.037209685324,326.216288416568,326.546428650122,-8.09244760419304,-278.227127580582,286.3195751841,-3.78177814952762,-2.26315558339822,6.04493373343235
0.701,682.999876111379,1705.65014165684,49.9945648596793,49.9945707469754,1275.05423101523,521.454550296085,326.216116101786,326.546486916061,92.8122541380211,-316.715767624626,223.903513471662,-2.11540806627784,-3.90460409840571,6.02001216495051
0.702,682.213660666316,1706.46068348963,49.994571116183,49.9945681669406,1275.49345956636,521.028353433151,326.21598433322,326.546529535747,185.05938846367,-324.64976987309,139.590381381619,-0.240740074984877,-5.16630723380748,5.40704730879327
0.703,681.494521756407,1707.16942759465,49.9945768389086,49.9945659109381,1275.28050891794,521.247048542626,326.216048218415,326.546507666236,258.989715465418,-300.84723912873,41.8575236243168,1.65665150282078,-5.91962033552131,4.2629688324294
0.704,680.687649939916,1707.98369467566,49.9945832597905,49.9945633190454,1274.91024575639,521.623303444145,326.216159297363,326.546470040746,307.252237967886,-247.25998482843,-59.9922531859531,3.39233610840184,-6.09525019574287,2.70291408681619
0.705,680.393840937925,1708.27977108139,49.9945855978483,49.994562376605,1274.08772726841,522.440442941012,326.21640605291,326.546388326796,326.414347045718,-170.143785623389,-156.270561471916,4.79613543737034,-5.67441237616776,0.878276938063676
0.706,680.644905466516,1708.02709986078,49.9945835999402,49.9945631808825,1273.45374801187,523.097648838366,326.216596246687,326.546322606207,312.056831718852,-75.3873704215769,-236.669461344926,5.72998554248042,-4.69694288480547,-1.03304265854998
0.707,680.941088541725,1707.72760201333,49.9945812429902,49.9945641342137,1273.47132516994,523.065255994162,326.216590973539,326.546325845491,268.329826354597,26.0550823237579,-294.384908719416,6.10311346482597,-3.26125090161134,-2.84186256414736
0.708,681.649885420176,1707.02018315331,49.9945756025639,49.9945663859979,1273.52005194237,523.021825832896,326.216576355508,326.546330188507,197.672473444238,125.039896334352,-322.712369809204,5.87935016781421,-1.50603250819468,-4.37331766052076
0.709,681.977951864507,1706.71492815267,49.9945729918941,49.9945673576547,1274.26515389759,522.303064833388,326.216352824921,326.546402064607,107.953272230938,212.087399695521,-320.040671942905,5.08009122200108,0.398271879141951,-5.47836310192404
0.71,682.106906367617,1706.58418129364,49.9945719657067,49.9945677738349,1275.33527158833,521.22668432085,326.216031789614,326.546509702658,7.94114242834549,278.282152737461,-286.223295165674,3.78319890162353,2.26153181139433,-6.04473071359347
0.711,681.347347615407,1707.35657854709,49.9945780100832,49.9945653152181,1275.87698905821,520.665060387735,326.215869274373,326.546565865052,-93.4814970149897,317.070722653675,-223.589225621933,2.11849581931619,3.90210185189989,-6.02059767152293
0.712,680.310335295258,1708.40717973476,49.9945862623651,49.9945619710506,1275.71523128646,520.846077212055,326.215917801704,326.546547763369,-185.029006963926,325.010221004781,-139.981214009388,0.242890058295546,5.16488219713489,-5.40777225543317
0.713,679.638688384,1709.05662834807,49.9945916071614,49.9945599037915,1275.31571450747,521.245332813618,326.216037656738,326.546507837809,-258.467924691531,300.774998411942,-42.3070736771046,-1.6539581391668,5.91819866267447,-4.26424052320419
0.714,679.398125805409,1709.31089803211,49.9945935214975,49.9945590944259,1274.80190988107,521.766598402543,326.216191798126,326.54645571125,-306.755652776453,247.603794661182,59.1518581660845,-3.39095779939269,6.09574257249957,-2.70478477252447
0.715,679.438508451501,1709.27280737861,49.9945932001427,49.9945592156723,1274.49869482034,522.064442200747,326.216282762644,326.54642592687,-325.848813205043,170.063736314057,155.785076944114,-4.79467394550531,5.6754014039536,-0.880727457643976
0.716,679.576742997358,1709.1391872671,49.9945921001071,49.9945596409983,1274.15262664364,522.426707798975,326.216386583097,326.54638970031,-311.764718610561,75.155072444278,236.609646216031,-5.72916012648289,4.69866562117614,1.03049450625104
0.717,679.778213552744,1708.93306075914,49.9945904968554,49.9945602971193,1273.72598857404,522.846337377096,326.216514574518,326.546347737353,-268.191464191355,-26.3179633972348,294.50942762972,-6.10290492947737,3.26308770848975,2.83981722197323
0.718,679.712301021,1709.00116929608,49.9945910213706,49.9945600803231,1273.95732957698,522.620342434447,326.216445172217,326.546370336847,-198.14821668651,-125.209946162088,323.358162876882,-5.88013799181383,1.50837256960232,4.37176542313624
0.719,679.932352096494,1708.78579768062,49.9945892702598,49.9945607658723,1274.35096670801,522.251965603039,326.216327081078,326.54640717453,-108.479395361773,-211.946823348852,320.426218723181,-5.08065615539164,-0.396059686494867,5.47671584265451
0.72,680.03970546881,1708.67273833787,49.9945884159688,49.9945611257513,1274.90994663955,521.682338224166,326.216159387099,326.546464137268,-8.49592980490968,-278.122548312174,286.618478112764,-3.78463957908244,-2.2592361144832,6.04387569409848
0.721,679.94875541443,1708.76621753961,49.9945891397263,49.9945608281978,1275.40196631732,521.175231983051,326.216011781195,326.546514847892,92.5823255710767,-316.510233769394,223.9279081776,-2.11960968799554,-3.90057473655511,6.0201844247946
0.722,679.32946695525,1709.4173174462,49.9945940678673,49.9945587556824,1275.94948211994,520.652652157128,326.215847526454,326.546567105875,184.945815667715,-324.773830475567,139.828014772802,-0.244195613776132,-5.16494730716015,5.40914292086624
0.723,678.906995929442,1709.83126567315,49.9945974297849,49.9945574380443,1275.94688412119,520.657724857514,326.215848305854,326.546566598605,258.498715222034,-300.490641275346,41.9919260074579,1.65300920930877,-5.91875935334272,4.26575014365734
0.724,678.076015538888,1710.66567680573,49.9946040425167,49.9945547820312,1275.34815733838,521.246672065679,326.216027923889,326.546507703884,307.294406455332,-247.338954797783,-59.9554517094431,3.38886281069514,-6.09560571363243,2.70674290229219
0.725,677.742870355378,1711.00917576574,49.9946066936019,49.99455368864,1274.70083732885,521.90479565188,326.216222119892,326.546441891525,326.261475916619,-170.402798882195,-155.858677086723,4.79412107154042,-5.67656712787879,0.882446055492449
0.726,677.865344520271,1710.8887667204,49.9946057189835,49.9945540719139,1274.78535288932,521.838299085535,326.216196765224,326.546448541182,312.146601301568,-75.5168535622459,-236.629747785795,5.72901786202003,-4.70008208311585,-1.02893577986003
0.727,677.796481603306,1710.95270194617,49.9946062669771,49.9945538684018,1274.76725628591,521.840225179469,326.216202194205,326.546448348572,268.250864560246,25.7200469892465,-293.970911584391,6.10272399429941,-3.26507461522654,-2.83764938002812
0.728,678.015972463267,1710.72414640178,49.9946045203244,49.9945545959167,1274.01620103968,522.592384468119,326.216427510778,326.546373132644,197.904694472061,125.06983535332,-322.974529844229,5.880436947256,-1.50988057537619,-4.37055637272198
0.729,678.830687197904,1709.92857216957,49.9945980370305,49.9945571283081,1274.05645918644,522.574846343575,326.216415433334,326.546374886456,107.971909491777,211.887864461459,-319.859773953664,5.08227095848447,0.393894268180117,-5.47616522729134
0.73,679.415204148509,1709.33849179616,49.9945933855924,49.9945590065923,1274.22380735852,522.385024966827,326.216365228883,326.546393868594,8.41581180558498,277.950107039074,-286.365918826017,3.78752676666815,2.25613888455976,-6.04366565156167
0.731,679.379033587837,1709.38502139668,49.9945936734286,49.994558858484,1275.32805426154,521.290966950744,326.216033954812,326.546503274395,-93.552959697474,317.479099263461,-223.926139528976,2.12134652782681,3.90024989741649,-6.0215964252332
0.732,678.937589657959,1709.85274528906,49.9945971863278,49.9945573696726,1275.88102364695,520.755061802535,326.215868063996,326.54655686491,-185.138181716085,325.240110688483,-140.101928919585,0.246922106299778,5.16316698351126,-5.410089089437
0.733,678.489380201423,1710.27985274671,49.9946007530653,49.9945560101473,1276.52447163494,520.114478759666,326.2156750296,326.546620923214,-258.138418860413,300.823823257617,-42.6854043331711,-1.65099771067683,5.9177789617518,-4.2667812503543
0.734,677.807136991853,1710.96560862623,49.9946061821842,49.9945538273185,1276.51619884217,520.102295844118,326.215677511438,326.546622141506,-307.080940827866,247.900654488996,59.1802864086548,-3.38573870225227,6.09519700023333,-2.70945829696504
0.735,676.958193131605,1711.82154586967,49.9946129378648,49.9945511027857,1276.07889737217,520.552595201015,326.215808701879,326.54657711157,-325.639874065435,170.019205291866,155.620668843287,-4.79239631420561,5.67656205930735,-0.884165743870242
0.736,676.804972899713,1711.97309469508,49.9946141571527,49.9945506203908,1274.80050199285,521.845451493449,326.216192220493,326.546447825941,-311.761146420798,75.3451530382423,236.415993446656,-5.7278531614666,4.70044951110597,1.02740365170897
0.737,676.922712586203,1711.85959489011,49.99461322021,49.9945509816719,1273.67997300287,522.963120352131,326.21652837919,326.546336059055,-268.240744348296,-26.0999078915207,294.340652292709,-6.10331429193237,3.26637929040952,2.83693500287872
0.738,677.304362157855,1711.46617286526,49.9946101831392,49.9945522339731,1273.7590107912,522.875040938902,326.216504667853,326.546344866996,-198.05935677962,-125.39056237209,323.449919188998,-5.88074629648882,1.51237604516477,4.36837025257553
0.739,678.025113204998,1710.75628510524,49.9946044475847,49.994554493616,1273.54796467477,523.111199283015,326.216567981688,326.546321251162,-108.497659962109,-212.019070826285,320.516730807187,-5.08292439920392,-0.392313623953184,5.47523802420099
0.74,678.521678506448,1710.26700611041,49.9946004960435,49.9945560510394,1273.94265954775,522.699530422102,326.216449573226,326.546362418048,-8.73311528236276,-277.752801436532,286.485916718263,-3.78901746440576,-2.25437575207908,6.04339321723832
0.741,677.981669240814,1710.81062294576,49.9946047933007,49.9945543206533,1274.70261159843,521.941577393223,326.216221587611,326.546438213351,92.6850018333513,-316.495394969019,223.810393116588,-2.12323633900923,-3.8982219705674,6.02145830998614
0.742,677.915306060445,1710.89347966688,49.9946053214021,49.9945540569121,1274.92085204718,521.739537546105,326.216156115476,326.546458417336,184.769222102191,-324.595451751715,139.82622961485,-0.248902720212954,-5.1618950397775,5.41079776003579
0.743,677.800995969978,1710.99880305659,49.9946062310529,49.9945537216574,1275.6651938069,520.996310844601,326.215932812948,326.546532740006,258.547257135281,-300.702152516794,42.1548953343547,1.64874931536152,-5.91733545900315,4.26858614333439
0.744,677.499613629339,1711.31602026799,49.9946086293774,49.9945527119236,1275.68763884158,520.977308897288,326.215926079438,326.546534640201,307.306563666818,-247.633483933317,-59.6730797876395,3.38603753551916,-6.09639282552294,2.71035528938809
0.745,676.932721362128,1711.87426334627,49.9946131405627,49.9945509349807,1275.66089445062,520.9929571897,326.215934102755,326.546533075371,326.406239021699,-170.714697139886,-155.691541937025,4.79038414174353,-5.67736049887074,0.886976356277363
0.746,676.877092252011,1711.93761749984,49.9946135832451,49.9945507333182,1275.73283751112,520.938832539884,326.215912519837,326.546538487836,312.303218152365,-76.0471761782026,-236.256042024744,5.72733943709248,-4.7026926433512,-1.02464679472918
0.747,676.58461819778,1712.21715713707,49.9946159106797,49.9945498435159,1275.29200595716,521.370863403605,326.216044769303,326.54649528475,268.430622276096,25.3033904251462,-293.734012742158,6.10230625874626,-3.26807647977868,-2.83422977998764
0.748,675.718394655672,1713.09556958325,49.9946228038676,49.9945470474422,1275.43925367187,521.227326815412,326.216000594989,326.546509638409,198.415460012583,124.488948208856,-322.904408248339,5.88180882283497,-1.51376041463383,-4.36804840914471
0.749,675.375202686049,1713.43844335534,49.9946255349025,49.9945459560411,1274.57069770153,522.118757107673,326.21626116178,326.54642049538,108.254381256937,211.593074623729,-319.847455890151,5.08394606725866,0.390098665396968,-5.47404473342164
0.75,676.285640184557,1712.52424249693,49.9946182898711,49.9945488660328,1273.62289605061,523.053953173723,326.216545502275,326.546326975773,8.28943565823302,278.288091960737,-286.57752760848,3.78973041204081,2.25413796527878,-6.04386837781523
0.751,677.146767460494,1711.65903604307,49.994611437238,49.9945516200705,1273.18047790227,523.482638269543,326.21667822772,326.546284107263,-92.7267489817109,316.876494921003,-224.149745909119,2.12516965462103,3.89639428553293,-6.02156394031167
0.752,677.786360321626,1711.03544075317,49.9946063475197,49.994553605036,1273.56535316025,523.115113388032,326.216562765142,326.546320859752,-185.041301055717,325.320562495067,-140.27926139172,0.250812756830163,5.16063534535629,-5.41144810197293
0.753,678.111007830221,1710.71296324573,49.9946037640569,49.9945546315138,1274.85965231,521.82004874032,326.216174475397,326.546450366216,-258.248410876782,301.10960859829,-42.8611976612866,-1.64617141398816,5.91698530580488,-4.27081389123873
0.754,677.051709090841,1711.77495661129,49.9946121936885,49.9945512510839,1276.10236816006,520.573364986935,326.215801660642,326.546575034592,-306.92541960498,247.762541835979,59.1628778362317,-3.38264294610229,6.09498539327268,-2.7123424462756
0.755,676.251350956681,1712.58049809488,49.9946185627361,49.9945486869657,1276.12641909664,520.546854299567,326.215794445361,326.54657768566,-325.69527412355,170.367558315845,155.327715875597,-4.78937101997167,5.67845981153844,-0.889088790434481
0.756,675.861469522443,1712.96293706233,49.994621665314,49.9945474696247,1275.67418806078,521.022482954275,326.215930114672,326.546530122795,-311.647447674152,75.2871321086248,236.360315627631,-5.72635599538852,4.70276050521489,1.02359549143936
0.757,675.847431110467,1712.98163907816,49.9946217770281,49.9945474100943,1275.23856860038,521.440793258972,326.21606080051,326.546488291764,-268.504747391192,-25.7753542981209,294.280101739626,-6.10310552109305,3.27018427527003,2.83292124710354
0.758,675.714935499218,1713.12039394491,49.9946228313947,49.9945469684238,1274.91643081536,521.765617112692,326.216157441846,326.546455809379,-198.314863437401,-125.019402219213,323.334265690459,-5.88252365300631,1.51651791178615,4.36600574239553
0.759,675.571005735161,1713.27332326632,49.9946239767514,49.9945464816347,1274.73161534219,521.974691425356,326.216212886488,326.546434901948,-109.0733636195,-211.569718448866,320.643082082831,-5.08580551187509,-0.387760393865762,5.47356590670052
0.76,675.635426156628,1713.19208400658,49.99462346411,49.9945467402273,1274.57791660478,522.101135290087,326.216258996109,326.546422257561,-9.1269172510545,-277.510081766997,286.636999012956,-3.79222306863823,-2.24982336336858,6.04204643266818
0.761,676.055506531716,1712.7787849239,49.9946201212165,49.9945480557991,1274.21306531258,522.47932050855,326.216368451497,326.54638443904,92.431622875987,-316.576507221207,224.144884321655,-2.1266590562443,-3.89570330547573,6.02236236203228
0.762,676.599332752007,1712.25078665405,49.994615793585,49.9945497364698,1274.4998405032,522.198365458366,326.216282418939,326.546412534545,184.518716355382,-324.571897110073,140.053180715849,-0.253380628171355,-5.15924355299078,5.41262418110888
0.763,676.390944274848,1712.448823474,49.9946174518878,49.994549106099,1274.94350559934,521.753514895283,326.216149319411,326.546457019601,258.474670810858,-300.747105559859,42.2724346985498,1.64459356738467,-5.91624253019682,4.2716489624108
0.764,676.431252587544,1712.41269170954,49.9946171311244,49.99454922111,1274.70003598442,521.987703002829,326.216222360295,326.54643360079,307.231898747962,-248.056508887459,-59.1753899167631,3.38159093726182,-6.09611189080966,2.71452095285022
0.765,676.216509614072,1712.63390329934,49.9946188399947,49.9945485169717,1274.73187643582,521.970475473177,326.21621280816,326.546435323543,326.158308071035,-170.573770703599,-155.584537423485,4.78850818540225,-5.67882807882497,0.890319892509328
0.766,676.407990822838,1712.44227516214,49.9946173162357,49.994549126943,1275.17844431229,521.53759314864,326.216078837797,326.546478611776,312.398755969135,-76.1708188526495,-236.227937164371,5.72614592627201,-4.70527988504757,-1.02086604224716
0.767,676.668474668345,1712.18002257784,49.9946152433711,49.9945499617189,1275.90177038114,520.803610282669,326.215861839976,326.546552010062,268.40406057722,25.4658536671046,-293.869914275926,6.10250445815599,-3.27165560142837,-2.83084885772008
0.768,675.737441285538,1713.10853945725,49.9946226522994,49.9945470061579,1276.23990570709,520.448452258641,326.215760399378,326.546587525865,198.518198909937,124.52779030417,-323.045989223936,5.88261351720002,-1.51820087099678,-4.36441264701962
0.769,675.288953453635,1713.56224862186,49.9946262212521,49.9945455619567,1275.70614369448,521.012614452722,326.215920527982,326.546531109645,108.309031417048,211.709742079782,-320.018773483187,5.08644293299736,0.385811063173171,-5.47225399668422
0.77,675.254040563519,1713.59327779867,49.9946264990801,49.9945454631878,1275.61479223731,521.095339355013,326.215947933419,326.546522837155,8.53509917912524,277.952691288169,-286.487790432251,3.792840984889,2.24996860865097,-6.04280959367897
0.771,674.95729238486,1713.90424368468,49.9946288605271,49.9945444733526,1275.40517562621,521.293409162406,326.216010818403,326.546503030174,-92.6237331062575,317.030432422351,-224.406699260954,2.12960271034376,3.89341638651303,-6.02301909658255
0.772,674.779908162815,1714.09923946248,49.9946302721058,49.9945438526618,1275.14627578959,521.571814789323,326.216088488354,326.546475189611,-184.782982308512,325.215286066895,-140.43230368684,0.255503796620698,5.15881866383296,-5.41432245976083
0.773,675.222573889363,1713.63209608764,49.9946267494839,49.9945453396253,1274.8171331759,521.909497133614,326.216187231138,326.546441421377,-257.997796279234,300.974017171377,-42.9762208092105,-1.64339901752806,5.91578793830549,-4.27238891969906
0.774,675.528423261923,1713.33987685159,49.9946243156119,49.9945462697881,1274.53364111829,522.180018200391,326.216272278755,326.54641436927,-306.770528332662,247.976690863749,58.7938375570185,-3.38016146156903,6.09665144036268,-2.71648997739671
0.775,676.085484914877,1712.78038369176,49.9946198826562,49.9945480507101,1274.5761205756,522.142795908597,326.216259534918,326.5464180915,-325.841041504106,170.559372102828,155.281669487678,-4.78723712203157,5.67957450914043,-0.892337385490704
0.776,676.545080171883,1712.32394957632,49.9946162253133,49.994549503585,1274.50599648555,522.229063663081,326.216280572145,326.546409464724,-311.951173080835,75.9440729505421,236.007100208352,-5.72501659064384,4.70581993060836,1.01919666175642
0.777,676.722384717605,1712.14808162171,49.9946148143686,49.9945500633901,1274.94183316584,521.772068706421,326.216149821141,326.54645516422,-268.462248077049,-25.8432889976764,294.305537138173,-6.10274696163129,3.27419883380283,2.82854812952337
0.778,676.362220514538,1712.51099781514,49.9946176804642,49.994548908192,1275.63942187931,521.078663175235,326.215940544527,326.546524504773,-198.64348887432,-124.752896785579,323.396385703643,-5.88339523095745,1.52024689780629,4.36314833468938
0.779,676.265077546533,1712.62031137033,49.9946184535034,49.9945485602361,1276.05441363516,520.680039490255,326.215816047,326.546564367141,-109.002223860932,-211.386008293949,320.388232175582,-5.08816798981113,-0.382967471155256,5.47113546222876
0.78,675.992122335015,1712.88359690361,49.994620625612,49.9945477221722,1276.11742235398,520.607119249207,326.215797144384,326.546571659165,-9.38370388767392,-277.526176049285,286.90987993307,-3.79514341776187,-2.24725037936,6.04239379801024
0.781,675.617227277457,1713.26104696765,49.994623608932,49.9945465207114,1275.94990989473,520.76581426333,326.215847398122,326.546555789664,92.0254824103756,-316.347954070927,224.322471632878,-2.13110311113067,-3.89172755633061,6.02283066790895
0.782,674.851465312471,1714.04691106724,49.9946297026721,49.9945440192283,1275.82830532693,520.899953490898,326.215883879492,326.546542375741,184.369680438909,-324.743193911036,140.3735134238,-0.257912689503106,-5.15728175636231,5.41519444584552
0.783,674.677902062067,1714.19856542433,49.9946310838446,49.9945435364974,1275.47448306548,521.266085920166,326.215990026171,326.546505762498,258.079930222967,-300.745666365868,42.6657360790101,1.64134262961999,-5.91551754999958,4.27417491990797
0.784,674.509157677461,1714.36397704706,49.9946324266697,49.9945430099759,1274.9663002899,521.759731188914,326.216142481003,326.546456397971,307.322350565219,-247.805889080664,-59.5164615577555,3.3777396920274,-6.09525835806494,2.71751866517077
0.785,674.245680567589,1714.63828502291,49.994634523354,49.9945421368265,1274.03468240807,522.693721131754,326.216421966368,326.546362998977,326.011931708791,-170.653115229258,-155.358816555,4.78599415692733,-5.68066923492571,0.894675076826467
0.786,674.756796528388,1714.11600585992,49.9946304560224,49.9945437992927,1273.32839932345,523.409855007157,326.216633851293,326.54629138559,312.440977208095,-76.2604488584435,-236.180528420044,5.7239626632188,-4.70759257468241,-1.01637008989549
0.787,675.232932213613,1713.64305529299,49.994626667055,49.9945453047411,1273.29988082957,523.435368279938,326.216642406842,326.546288834262,269.046250770458,25.0328593715502,-294.079110200826,6.10275699634011,-3.27507530759107,-2.82768169016232
0.788,675.870474877788,1713.00717061021,49.9946215936517,49.9945473288249,1273.59977718748,523.127904014845,326.216552437934,326.546319580689,198.770961150681,124.189265022857,-322.960226215275,5.88422204945556,-1.52249520568472,-4.36172684510273
0.789,676.641407520814,1712.24627700853,49.9946154587646,49.9945497508245,1273.94356479201,522.807589871859,326.216449301653,326.546351612103,108.651613490332,211.30866123732,-319.960274748426,5.08914175064503,0.381376962373625,-5.47051871414148
0.79,677.443942070215,1711.43433821032,49.9946090723976,49.9945523353059,1274.43973810331,522.294756007761,326.216300449659,326.54640289549,8.90457845232293,277.564683123771,-286.469261575157,3.79673221912771,2.24527710768141,-6.04200932762308
0.791,678.037847112142,1710.83621422297,49.9946043462514,49.9945542391937,1275.10731685385,521.61275411982,326.216100176034,326.546471095678,-92.3282638933008,316.890566680403,-224.56230276472,2.13279936461194,3.88975853135326,-6.0225578964032
0.792,677.564094276347,1711.33439793377,49.9946081162567,49.9945526534257,1275.80091623493,520.936816307125,326.21589209622,326.54653868946,-184.701895283348,325.457992097915,-140.756096773248,0.258987887834035,5.15637348668311,-5.41536137454523
0.793,677.180184683735,1711.71944018609,49.9946111713122,49.9945514277982,1276.30507198735,520.423192597658,326.215740849494,326.546590051831,-257.75503367185,301.141041894605,-43.3860081665959,-1.6378919305731,5.9151734220181,-4.27728149106801
0.794,676.376677641703,1712.51858247165,49.9946175654181,49.9945488840493,1276.74791200846,519.991277367175,326.215607997488,326.546633243354,-306.672017172862,248.209781616182,58.4622356218356,-3.37658873955117,6.09627131069051,-2.71968257040137
0.795,675.528507171471,1713.37680631282,49.9946243149442,49.9945461522379,1276.89347512713,519.848336329441,326.215564328552,326.546647537457,-325.836770021064,170.941823478026,154.894946610541,-4.78474022256731,5.68120692822052,-0.896466704634529
0.796,674.723326048012,1714.18609854141,49.994630722372,49.9945435761808,1276.06256316492,520.695731338815,326.215813602141,326.546562797956,-311.879127285843,75.9903069519959,235.888820397803,-5.72391742721933,4.70862530798056,1.01529212043499
0.797,674.358485145525,1714.54077816449,49.9946336256837,49.9945424472005,1274.77309468009,521.962991906292,326.216200442686,326.5464360719,-268.504274759974,-25.5056902419534,294.009965056463,-6.10252073694251,3.2772283500223,2.82529238818117
0.798,674.783122843451,1714.11033489758,49.9946302465242,49.9945438173439,1273.63875396219,523.095415964217,326.216540744902,326.546322829494,-198.890154369279,-124.573392502124,323.463546911058,-5.88463058073907,1.52461630368616,4.36001427825676
0.799,675.821367836444,1713.08430190332,49.9946219844331,49.9945470833084,1273.2905933363,523.461750233963,326.21664519309,326.546286196067,-109.645892403137,-210.897280570693,320.5431729946,-5.09110015872794,-0.378710223290802,5.46981038304765
0.8,676.664565427119,1712.23252979291,49.9946152744799,49.9945497945832,1274.01079195711,522.728096035183,326.216429133503,326.546359561487,-9.4589215422079,-277.39081344471,286.849734985916,-3.7985837684519,-2.24266358284555,6.04124735204555
0.801,676.755840764503,1712.1402954966,49.9946145481338,49.9945500881741,1274.47605339264,522.261894154411,326.216289555073,326.546406181675,91.7135208132144,-316.350240516869,224.636719680827,-2.13477267484858,-3.88861183196081,6.02338450719658
0.802,677.104200164892,1711.80564957004,49.9946117759778,49.9945511533852,1275.07803831678,521.672229547834,326.216108959595,326.546465148136,184.244961177348,-324.879319182063,140.634357961992,-0.26147117276548,-5.15483687037366,5.41630804312134
0.803,677.079308583775,1711.81909784102,49.9946119740587,49.994551110578,1275.60091560434,521.147780385444,326.215952096409,326.546517593052,258.19783786674,-300.9497299923,42.7518920668126,1.63662596478892,-5.91408678035837,4.27746081514097
0.804,676.505039233495,1712.40105520239,49.994616543949,49.9945492581502,1276.30022499883,520.449768096884,326.215742303591,326.546587394281,307.118199111891,-248.287057849324,-58.8311413318738,3.37526360706824,-6.09651085787665,2.72124725000403
0.805,675.62219744259,1713.29298065357,49.9946235693807,49.9945464190633,1276.12534413331,520.617353030096,326.21579476785,326.546570635787,326.158933504668,-171.098094476313,-155.060839101883,4.78314694813307,-5.68205741782977,0.89891046858702
0.806,674.96708054337,1713.94395576208,49.9946287826354,49.9945443469452,1275.26227469255,521.492831046221,326.216053688683,326.546483087986,312.567872331142,-76.7123425353497,-235.855529866718,5.72300765862922,-4.71033137185281,-1.01267628809134
0.807,675.115834088932,1713.78610947842,49.9946275988923,49.9945448493855,1274.87027849091,521.878880233631,326.216171287543,326.546444483067,268.855976580088,24.8983926508632,-293.754369292869,6.10215881462165,-3.27866471696497,-2.82349409905717
0.808,675.674925544292,1713.23090308711,49.9946231497838,49.9945466166623,1274.35892421874,522.383410881327,326.216324693825,326.546394030002,198.697518908207,124.041431158753,-322.738950114257,5.88541093809574,-1.52667459192202,-4.35873634753326
0.809,676.141558004639,1712.77537541626,49.9946194364407,49.9945480666519,1274.85201412803,521.914366122656,326.216176766852,326.546440934478,108.831714705937,211.220610473219,-320.052325208325,5.09141453040744,0.377142516417079,-5.46855704802368
0.81,676.118390909156,1712.79995988242,49.9946196207986,49.9945479883972,1274.59017788972,522.163209256371,326.216255317723,326.546416050165,9.13301132070826,277.44636919286,-286.57938052242,3.79953032759728,2.2420571381212,-6.0415874666564
0.811,675.973661997332,1712.93631121007,49.9946207725147,49.9945475543774,1273.74369963669,522.997177670768,326.216509261199,326.546332653323,-92.2698631755793,316.964079751127,-224.69421656389,2.13699119530265,3.88657224967359,-6.02356344557741
0.812,676.53880788043,1712.38530388873,49.9946162752266,49.9945493082882,1273.6549624789,523.105890645835,326.216535882347,326.546321782026,-184.205134175089,325.127240821246,-140.922106615608,0.263453240868414,5.15412081451894,-5.41757405560848
0.813,677.427353480294,1711.47846817705,49.9946092044054,49.9945521948359,1273.98143959516,522.779871488403,326.216437939212,326.546354383942,-257.880953045887,301.435015549393,-43.554062458426,-1.63498317270981,5.91366204898539,-4.2786788761131
0.814,677.147862418403,1711.76733975248,49.9946114285246,49.9945512753291,1274.35442972811,522.390320873608,326.216326042172,326.546393339003,-306.576329441604,248.242657137042,58.3336723586102,-3.37250073109964,6.09628182858034,-2.72378109697321
0.815,677.05596122838,1711.87624299959,49.994612159851,49.9945509286793,1274.78229064185,521.971092906391,326.216197683898,326.5464352618,-325.818421556123,171.057233743411,154.761187869413,-4.78267947900598,5.68397062162908,-0.901291141843647
0.816,677.072756030074,1711.85087069688,49.9946120262023,49.9945510094418,1275.22368363824,521.550066418746,326.216065265999,326.546477364448,-311.915554102473,76.3802607695142,235.535293385126,-5.72177668288246,4.71114231224013,1.01063437159115
0.817,676.595394101536,1712.32974054225,49.9946158249278,49.9945494851518,1275.48591054885,521.275167144273,326.215986597926,326.546504854376,-268.665055654939,-25.4855641516775,294.150619848011,-6.1022068065461,3.28057928787404,2.8216275196679
0.818,676.666841753499,1712.25653490502,49.9946152563654,49.9945497181726,1275.36425874296,521.382940396173,326.216023093468,326.546494077051,-198.943711163349,-124.478325606666,323.422036796101,-5.88576811012041,1.52893265223539,4.35683545880508
0.819,676.381973502929,1712.55371604886,49.9946175232749,49.9945487722156,1275.2360540951,521.545709091872,326.216061554862,326.546477800181,-109.29680184179,-211.211668300052,320.508470149306,-5.09255949904022,-0.375422116959666,5.46798161673222
0.82,676.090049630017,1712.82630683686,49.9946198463313,49.9945479045322,1275.22461752959,521.540602265089,326.216064985832,326.546478310864,-9.35093782505214,-277.710512275109,287.061450087767,-3.80086201600734,-2.23980264649818,6.04066466295808
0.821,676.210127058289,1712.70692510951,49.9946188907855,49.994548284536,1274.78650560248,521.980707215425,326.21619641941,326.546434300369,91.571927117285,-316.115654398479,224.543727250099,-2.13779216380835,-3.88629165767815,6.02408382159863
0.822,676.350687123595,1712.59578567174,49.994617772244,49.9945486383038,1274.53224050961,522.227287754646,326.216272698938,326.546409642315,183.902301945588,-324.63512063814,140.732818645292,-0.265975382064112,-5.15328054730621,5.41925592911702
0.823,676.685248735316,1712.23215921802,49.9946151098873,49.9945497957628,1274.50667156324,522.263261933036,326.216280369621,326.546406044897,257.925377858478,-300.839265044615,42.913887127218,1.63253649742522,-5.91277845316302,4.28024195513433
0.824,677.431459006033,1711.4888695656,49.9946091717347,49.9945521617272,1274.36504081147,522.394109973303,326.216322858847,326.546392960093,306.986799067695,-248.353083908635,-58.6337152236672,3.37126168437426,-6.09687222546009,2.72561054018458
0.825,677.63826990026,1711.30012525362,49.9946075259859,49.994552762519,1275.28171507873,521.477912561792,326.216047856567,326.546484579834,326.285450447548,-171.076597126131,-155.208853385792,4.7805548307622,-5.68403534525103,0.90348051337172
0.826,677.31692317864,1711.61836926938,49.9946100831818,49.9945517495169,1275.72188954515,521.053458913237,326.215915804227,326.546527025199,312.652828963301,-76.9558521928841,-235.696976828889,5.72167396807168,-4.71289852270069,-1.00877544660228
0.827,677.050026027869,1711.87872660201,49.9946122070819,49.9945509207738,1275.88892842274,520.875893486235,326.215865692564,326.546544781742,268.983577710106,24.5588008398437,-293.542378597673,6.10192975408208,-3.28222962435743,-2.81970013096258
0.828,676.614077566212,1712.31139795659,49.9946156762495,49.994549543538,1275.94654812175,520.809253559501,326.215848406654,326.546551445734,198.974261638279,124.045134834977,-323.019396506061,5.88606952250571,-1.53037715004679,-4.35569237359583
0.829,676.476311763579,1712.46087643408,49.9946167725549,49.9945490677333,1275.27401912599,521.504503209979,326.216050165353,326.546481920769,109.254692775311,210.901212945326,-320.155905737319,5.09345603884777,0.373619436250293,-5.46707547603901
0.83,676.618977979143,1712.29070611804,49.9946156372532,49.9945496094022,1274.68679673069,522.081992716832,326.216226332071,326.546424171819,9.47269692774609,277.481341961397,-286.954038892265,3.80218483054758,2.23820930161976,-6.04039413286464
0.831,676.822431662761,1712.10246002592,49.9946140182203,49.9945502086081,1274.43807271213,522.313820192966,326.216300949277,326.546400989071,-91.9349072240372,316.719660579287,-224.784753345857,2.14092562820195,3.88353099492278,-6.02445662355649
0.832,676.637704490191,1712.31253329221,49.9946154882324,49.9945495399242,1274.03620687556,522.73529783488,326.216421509028,326.546358841307,-184.042144677245,325.210349713493,-141.168205016591,0.267407032647335,5.15248262047209,-5.41988965328471
0.833,677.013085952212,1711.91198592589,49.9946125010416,49.994550814906,1273.54767346288,523.219594751203,326.216568069052,326.546310411615,-257.475353090402,301.440249762354,-43.9648966451884,-1.63059526098042,5.91268975093961,-4.28209448988013
0.834,677.547101055312,1711.37917392697,49.9946082514845,49.9945525108993,1273.69062883505,523.074001036,326.21652518244,326.546324970987,-306.441214514751,248.34246008014,58.0987544645194,-3.36898477067464,6.09665202298081,-2.72766725202612
0.835,677.975646173222,1710.96305040958,49.9946048412308,49.9945538354616,1273.98737264361,522.77703559264,326.216436159297,326.546354667531,-325.784323321665,171.137288579314,154.647034771012,-4.77959608570939,5.68444193504823,-0.904845848919877
0.836,678.362325889855,1710.58049286433,49.9946017641314,49.9945550531801,1274.64170141544,522.137946307751,326.216239860666,326.54641857646,-311.982887722804,76.6181524002332,235.364735345631,-5.72086422495343,4.71448475674739,1.0063794686877
0.837,677.671700797429,1711.25867726373,49.9946072599512,49.9945528944521,1274.79886975378,521.958145816774,326.216192710164,326.546436556509,-269.007669893841,-24.9468294259425,293.954499333568,-6.10133574809784,3.28405617625775,2.81727957230209
0.838,677.494953922696,1711.43214058826,49.9946086664582,49.9945523423012,1274.7048312046,522.056771114249,326.216220921729,326.546426693979,-199.143206197831,-124.181373649543,323.324579848431,-5.88623364132794,1.53204043122729,4.35419321046059
0.839,677.200379031189,1711.74698719186,49.9946110106107,49.9945513401133,1274.63666706757,522.145794026424,326.21624137097,326.546417791688,-109.358867295584,-211.327413244481,320.686280526187,-5.09516737162605,-0.3708578040456,5.46602517585189
0.84,676.95743329616,1711.9788660453,49.9946129439114,49.99455060202,1274.5953706723,522.16713471365,326.216253759889,326.546415657619,-10.0554764178084,-277.213096624341,287.26857301259,-3.80522288063176,-2.2352269273601,6.04044980793093
0.841,676.870807722648,1712.06382296346,49.9946136332558,49.9945503315937,1274.45193597957,522.312722066372,326.216296790296,326.546401098884,91.4785946233229,-316.372804013564,224.894209345809,-2.14273621952388,-3.8823086119821,6.02504483116297
0.842,676.821842956931,1712.12419961627,49.994614022905,49.9945501394089,1274.02885796793,522.744715604186,326.2164237137,326.54635789953,183.763470680946,-324.719059442344,140.955588704305,-0.269608794800679,-5.15074507775082,5.4203538719118
0.843,677.457872970027,1711.47583392641,49.994608961539,49.994552203221,1274.05525993944,522.720761182015,326.216415793109,326.546360294972,257.679332164889,-301.100029057836,43.4206968276133,1.62878722667019,-5.91220838424972,4.28342115666281
0.844,677.731804323601,1711.19836358818,49.9946067816626,49.9945530864365,1274.24257682233,522.522069936714,326.216359598044,326.546380164097,307.058885476298,-248.535789224423,-58.5230963213179,3.36759077842461,-6.0966837197586,2.72909294018554
0.845,677.698755331597,1711.24905216982,49.9946070446581,49.9945529250897,1274.55231395239,522.215784499831,326.216266676905,326.54641079264,326.201747863395,-171.395759424738,-154.805988506866,4.77796510601534,-5.68526335614463,0.907298248818105
0.846,677.866358896028,1711.08077253752,49.9946057109113,49.9945534607404,1274.63800633196,522.150813908488,326.216240969191,326.5464172897,312.547091788531,-76.6860472296577,-235.861044621129,5.72016764694695,-4.71527463686728,-1.00489301146773
0.847,677.749175168989,1711.2031901792,49.9946066434298,49.994553071073,1274.47393746408,522.296759406229,326.216290189851,326.54640269515,269.225301194492,24.1485656159369,-293.373866862729,6.1024682940297,-3.28621327491925,-2.81625502048494
0.848,677.982812854302,1710.9643521557,49.9946047842001,49.994553831318,1274.25663103285,522.512039783353,326.216355381781,326.546381167112,198.98317926167,123.716559460834,-322.699738761328,5.88753051043902,-1.53468165204527,-4.35284885966395
0.849,678.029746759923,1710.9257763019,49.994604410712,49.9945539541088,1274.56222661585,522.231877023716,326.216263703106,326.546409183388,109.353435418614,210.886087615148,-320.239523057476,5.09603014517065,0.368941511833915,-5.46497165808915
0.85,677.964562453323,1710.97517761132,49.9946049294322,49.9945537968595,1274.9177100381,521.863554365941,326.216157058079,326.546446015654,9.48132347989762,277.276619563459,-286.757943051858,3.80575179556936,2.23395411322981,-6.03970590964066
0.851,677.728511967896,1711.21147385502,49.9946068078623,49.9945530447052,1274.80929800511,521.956795454934,326.216189581689,326.546436691545,-92.0441665019644,316.842695787452,-224.798529279717,2.14462880241453,3.88052656440097,-6.02515536737848
0.852,677.656508018827,1711.30408117312,49.9946073808515,49.994552749927,1274.39195427084,522.384567910989,326.216314784809,326.546393914299,-183.863016264979,325.137040583469,-141.274024300651,0.271805575677568,5.14947414409078,-5.42127972004239
0.853,677.77890764476,1711.16265275818,49.9946064068263,49.9945532001076,1273.47870847149,523.296757094905,326.216588758549,326.546302695381,-257.635083839772,301.770669401528,-44.1355855345112,-1.62697184318999,5.91163254359256,-4.2846607004008
0.854,678.442853476061,1710.4992921532,49.9946011233132,49.99455531165,1272.87745358257,523.903940146022,326.216769135016,326.546241977076,-306.251538234205,248.61834727748,57.6331909894963,-3.36673657320043,6.09710209258593,-2.73036551914276
0.855,679.308217444898,1709.63828381271,49.9945942369655,49.9945580523246,1273.48608893365,523.284347624989,326.21658654441,326.546303936328,-325.634614445465,171.475528711996,154.159085767232,-4.77646501330749,5.68608139384923,-0.909616380115745
0.856,679.857205951304,1709.09424520896,49.9945898682538,49.9945597840533,1274.26307914256,522.526875488014,326.216353447348,326.546379683542,-312.175036668574,76.9256189957245,235.249417702146,-5.7196055735784,4.71668705102672,1.00291852308254
0.857,679.555260148481,1709.40449098102,49.9945922710622,49.9945587965103,1274.88293350389,521.888994645507,326.216167491039,326.546443471626,-269.289003685143,-24.704625852087,293.993629557832,-6.10245192663411,3.28803491595346,2.81441701122608
0.858,678.735060909129,1710.22533997893,49.9945987980003,49.9945561836668,1275.2021043352,521.574058223916,326.21607173979,326.546474965268,-199.205946019249,-123.9864977177,323.192443745459,-5.88798216523798,1.53648372471953,4.35149844098838
0.859,678.163553139365,1710.80830400789,49.9946033459147,49.9945543280347,1275.43691101769,521.355295235561,326.216001297785,326.546496841567,-110.136046926501,-210.489356904314,320.625403825121,-5.09757263823115,-0.366553526882667,5.46412616542721
0.86,677.752084892751,1711.19305832461,49.9946066202749,49.9945531033237,1275.22658276886,521.549816881494,326.21606439626,326.546477389402,-10.2914773395778,-277.052361526457,287.343838845561,-3.80751228932188,-2.23137566064971,6.03888795006508
0.861,677.821423016804,1711.11921690063,49.9946060684997,49.9945533383682,1274.34419059695,522.421887564384,326.216329113911,326.546390182334,91.5848470120959,-316.6845657146,225.09971866791,-2.14657241480408,-3.87883745656611,6.02540987120282
0.862,678.303223745147,1710.65538466095,49.9946022344513,49.9945548147921,1273.74372038748,523.036489298902,326.216509254974,326.546328722161,183.665457429882,-324.685185481495,141.01972800528,-0.273803845380884,-5.14842738626822,5.42223123120678
0.863,678.864330522467,1710.0796125737,49.9945977693054,49.9945566475316,1273.87810580026,522.906109906581,326.21646893935,326.5463417601,257.746610583849,-301.160105719291,43.4134950818166,1.62499960835534,-5.91126101355939,4.28626140450503
0.864,679.394793011299,1709.55548559739,49.9945935480191,49.9945583158795,1274.03913707706,522.729459085498,326.216420629967,326.546359425182,306.858426691789,-248.489263762395,-58.3691629859335,3.36427012399119,-6.09735099646633,2.73308087156827
0.865,679.60012617278,1709.36498984633,49.9945919140297,49.9945589222464,1273.89326639319,522.875730606767,326.216464391172,326.54634479803,326.009667397343,-171.34264317655,-154.667024275748,4.77558463131292,-5.68721063109801,0.911625998737548
0.866,679.846994348151,1709.10823246223,49.9945899495152,49.9945597395305,1273.98267230392,522.810142068594,326.216437569399,326.546351356884,312.756871707422,-76.9784598834928,-235.778411873808,5.71857058244611,-4.71805357931713,-1.00051700423917
0.867,680.054799873799,1708.89806624348,49.9945882958513,49.9945604085103,1274.37380356483,522.402006186496,326.216320230021,326.546392170472,269.181751548833,23.9985267771506,-293.180278368495,6.10182204748519,-3.28910857801449,-2.81271347057311
0.868,680.16511441947,1708.78833085912,49.9945874179961,49.9945607578089,1274.73932446458,522.026306062105,326.216210573751,326.546429740484,199.315837370681,123.232981775439,-322.548819179571,5.8885186322981,-1.53887830107128,-4.34964033225451
0.869,679.837011962687,1709.13269722745,49.9945900289525,49.9945596616567,1275.1388112257,521.653137458219,326.216090727723,326.546467057345,109.450410677571,210.768734996642,-320.219145696228,5.09849741038315,0.364766372422953,-5.46326378370332
0.87,679.321917498618,1709.62785406441,49.994594127944,49.9945580855236,1274.92807517103,521.852481731009,326.216153948539,326.546447122917,9.60592381648871,277.201546305685,-286.807470131825,3.80891958315151,2.22999945481591,-6.03891903868254
0.871,678.901021749083,1710.05134435421,49.9945974773259,49.9945567375121,1274.44536609233,522.320011624517,326.216298761263,326.546400369928,-91.7332311429977,316.74493804733,-225.01170690239,2.14852614410179,3.87707118206015,-6.02559732665982
0.872,679.059779349503,1709.90649871465,49.9945962139731,49.9945571985701,1273.8399244132,522.945414084998,326.216480393766,326.546337829682,-183.891247522456,325.443363540779,-141.552116006766,0.275466467785493,5.14789874449845,-5.423365212554
0.873,679.68716275872,1709.26655086273,49.9945912214145,49.9945592355874,1273.75828101635,523.026961804828,326.216504886785,326.54632967491,-257.168908239364,301.496040282007,-44.3271320253452,-1.62311197722599,5.91102919495578,-4.2879172177887
0.874,680.031986417863,1708.91978208541,49.9945884773951,49.9945603393867,1274.1749574162,522.595814169506,326.216379883866,326.546372789673,-306.354048037911,248.591652321088,57.7623957360047,-3.36182987625298,6.09673781970355,-2.7349079433426
0.875,680.266910266751,1708.69507812909,49.9945866079305,49.9945610546416,1273.91100660679,522.866056274643,326.216459069108,326.546345765463,-325.645677606098,171.55520341783,154.090474205685,-4.77433946854769,5.68729777157957,-0.912958302814854
0.876,680.48430646553,1708.47487696877,49.9945848779465,49.9945617555636,1274.17232042076,522.621738687511,326.216380674964,326.546370197222,-312.577715058746,77.0398610970824,235.537853972032,-5.7178490393368,4.71923034759093,0.998618691998513
0.877,681.354715251979,1707.61648131389,49.9945779514534,49.9945644879219,1274.82251948131,521.953932662165,326.216185615246,326.546436977824,-269.076744114916,-24.6347958954552,293.711540009945,-6.1024169335648,3.29183529316189,2.81058164060499
0.878,680.819868106502,1708.14946954276,49.9945822076318,49.9945627913677,1275.28732869293,521.482946349795,326.216046172482,326.546484076455,-199.513257177741,-123.726076968655,323.239334132913,-5.88921225003559,1.54093890974525,4.34827334036259
0.879,679.807530701264,1709.16942661461,49.9945902635569,49.9945595447435,1275.95493871621,520.841841384912,326.215845889476,326.546548186952,-110.029004644592,-210.876777846752,320.905782463953,-5.09916576498492,-0.362537917566584,5.46170368242881
0.88,678.739015283695,1710.21849462744,49.9945987665324,49.9945562054563,1275.43465071704,521.342570612288,326.216001975875,326.546498114029,-10.3150889949909,-276.831767279438,287.146856233451,-3.81092891967436,-2.22722444840677,6.03815336771926
0.881,678.060852901022,1710.89634961106,49.9946041631772,49.9945540477768,1274.52248839866,522.244241456982,326.216275624571,326.546407946945,90.9069532204566,-316.258123484735,225.351170211651,-2.15048871277286,-3.87558163526506,6.02607034741796
0.882,678.015116768194,1710.95550472942,49.9946045271338,49.9945538594802,1273.43916938433,523.348425496586,326.216600620275,326.546297528541,183.555313220746,-324.886941034152,141.331627751598,-0.277401716832185,-5.14633763094427,5.42373934690323
0.883,678.954969595893,1709.99171872538,49.9945970480226,49.9945569273064,1272.38168750557,524.398533698449,326.216917864839,326.546192517721,257.325051310493,-301.204784133601,43.8797327553058,1.62086777696453,-5.91001546808209,4.28914769001713
0.884,680.284173940561,1708.66888731529,49.9945864705505,49.9945611380095,1272.37486813264,524.404847423343,326.216919910651,326.546191886348,306.829230827719,-248.564230413878,-58.2650004838799,3.36112266763228,-6.09735012348342,2.73622745456907
0.885,680.801076931816,1708.15453919835,49.9945823571672,49.9945627752304,1272.68304045229,524.09299626816,326.216827458955,326.546223071464,326.241380556295,-172.032237621156,-154.209143003945,4.77318875118889,-5.68797437175418,0.914785619160482
0.886,681.178279710276,1707.78337849038,49.9945793554829,49.9945639566717,1273.16252115176,523.626691666291,326.216683614745,326.546269701924,312.700521582851,-77.3903916851656,-235.310129961458,5.71742238682917,-4.72104929282966,-0.996373095458696
0.887,681.464507952772,1707.49786711031,49.9945770777509,49.9945648654826,1273.64360007703,523.133900699738,326.216539291067,326.54631898102,269.153684260919,24.026258578323,-293.179942894526,6.10196907268564,-3.29249911414633,-2.80946995997783
0.888,681.653465837755,1707.30754923832,49.9945755740718,49.9945654712832,1273.77755548859,522.989031508148,326.216499104444,326.54633346794,199.567794059443,123.308235894245,-322.876029997907,5.88996587895791,-1.54275087008273,-4.34721501022042
0.889,681.936957563614,1707.04684755642,49.9945733181163,49.9945663011224,1274.18838486008,522.601585949835,326.216375855632,326.546372212495,109.662283859069,210.532573399951,-320.194857290196,5.10117822674237,0.360605566408053,-5.46178379433813
0.89,682.182229955018,1706.78781695757,49.9945713663007,49.9945671256424,1274.59563114687,522.194506887204,326.216253681746,326.546412920402,10.0712621140996,277.134108999165,-287.205371131488,3.81245995605678,2.22673639368501,-6.03919635072011
0.891,682.219855817503,1706.75371874328,49.9945710668836,49.9945672341804,1275.17989507926,521.587766314983,326.216078402567,326.546473594459,-91.3073384966757,316.636897283327,-225.329558793118,2.15309157892978,3.87376659086693,-6.02685817053787
0.892,681.501430836478,1707.48420700505,49.9945767839279,49.9945649089641,1275.67301396914,521.110191563058,326.2159304669,326.546521351934,-183.609589241901,325.340853498805,-141.731264254354,0.280322812751391,5.14464329502716,-5.42496610828008
0.893,680.338332709779,1708.62871720369,49.9945860395687,49.994561265875,1275.814898828,520.971356319641,326.215887901442,326.546535235458,-257.113285971003,301.733667325464,-44.6203813466159,-1.61886918434012,5.90939302485772,-4.29052384080456
0.894,679.552009397722,1709.41849969697,49.9945922969308,49.9945587519192,1274.91790875966,521.859724267654,326.216156998463,326.546446398664,-306.341084938337,248.6929696274,57.6481153198845,-3.35966284230279,6.09792324757507,-2.73826040539338
0.895,679.874624002069,1709.09517975713,49.9945897296454,49.9945597810785,1274.11402048929,522.666872436304,326.216398164944,326.546365683847,-325.806815210858,171.834170685869,153.972644530896,-4.77167193958095,5.68892902621925,-0.917257086659516
0.896,680.372032072545,1708.59788732821,49.9945857713977,49.9945613640095,1273.7608445997,523.031558101989,326.21650411771,326.54632921528,-312.170191275872,77.2183924173828,234.951798855187,-5.71646772956865,4.72188799756102,0.994579732002785
0.897,680.819808185034,1708.14170144175,49.9945822081086,49.9945628160943,1272.83670615594,523.930785516093,326.216781359244,326.546239292539,-269.268792580574,-24.4729402201387,293.741732784011,-6.10165083354397,3.2950344720504,2.80661636140568
0.898,681.54806312962,1707.4108899309,49.9945764128399,49.9945651423396,1272.60871451515,524.156148583627,326.216849756736,326.546216756232,-199.895311172469,-123.5457707175,323.441081857769,-5.89028232319441,1.54486077158759,4.3454215513477
0.899,682.282627339435,1706.69473489562,49.9945705673637,49.9945674219319,1273.44626883568,523.345672678196,326.21659849044,326.546297803823,-110.218948326614,-210.527993431438,320.746941710269,-5.10216137615064,-0.358474422162245,5.46063579781453
0.9,681.888344549005,1707.08065567055,49.9945737049664,49.9945661935079,1274.01421041088,522.764222200328,326.216428107967,326.54635594887,-10.5112956122346,-276.933067992564,287.444363543771,-3.8143964571929,-2.22392679740456,6.03832325382755
0.901,681.516934924177,1707.44700658259,49.9945766605503,49.9945650273767,1274.27660132964,522.500779471002,326.216349390692,326.546382293143,91.0352015058048,-316.133833366838,225.098631789618,-2.15394872557264,-3.87261642365202,6.02656514818126
0.902,681.178260320182,1707.80743153499,49.9945793556372,49.9945638801084,1274.61461543808,522.177711558682,326.216247986459,326.546414599935,183.204644698432,-324.683613180041,141.478968403883,-0.281761414378145,-5.14444306388945,5.42620447697654
0.903,680.662309921089,1708.31149822614,49.99458346144,49.9945622756143,1274.85630171368,521.927298219864,326.216175480576,326.546439641268,257.394296736834,-301.417432523668,44.0231357062602,1.61678311988375,-5.90935327091285,4.29257014953919
0.904,680.214184446998,1708.76523249157,49.9945870275092,49.9945608313333,1274.74133992117,522.036107014564,326.216209969114,326.546428760389,306.764319303443,-248.872484567426,-57.8918348145572,3.3573185322557,-6.09778651642914,2.74046798255137
0.905,680.204567781291,1708.77093404345,49.9945871040362,49.9945608131847,1273.86103322402,522.91827216326,326.216474061123,326.546340543874,326.256980418441,-172.145355718335,-154.111624772165,4.77009341381124,-5.68947763149617,0.919384216011416
0.906,680.648036822532,1708.33133411477,49.9945835750217,49.9945622124747,1273.38281069921,523.4094277705,326.216617527881,326.546291428313,312.924556090377,-77.7442608695671,-235.180295282543,5.71587804074372,-4.72393490436895,-0.99194313801346
0.907,680.877604569582,1708.09763509544,49.9945817481796,49.9945629563618,1273.39347842378,523.390021125118,326.216614327563,326.546293368978,269.37772578966,23.8352107767896,-293.21293661523,6.10147938794013,-3.29644708401228,-2.80503230544925
0.908,681.168398479628,1707.79327058523,49.9945794341152,49.9945639251841,1273.07149208753,523.704715569939,326.216710923464,326.546261899533,199.56036953507,123.005079613049,-322.565449182948,5.89004663277805,-1.54606478040942,-4.34398185370196
0.909,681.345802091734,1707.63700012608,49.9945780223821,49.9945644226085,1273.10456544886,523.688818161936,326.216701001456,326.546263489274,109.771656482322,210.405956311927,-320.17761281473,5.1034528634898,0.35620793338882,-5.45966079797228
0.91,681.619085118379,1707.34730192959,49.9945758476649,49.9945653447465,1273.4712854453,523.308301805723,326.216590985457,326.54630154091,10.0879815803826,276.932633547416,-287.020615136609,3.81596513866858,2.22158012755821,-6.03754526706223
0.911,680.862646679803,1708.11447955479,49.9945818672107,49.9945629027442,1273.76757288781,523.001987372886,326.216502099224,326.546332172353,-91.0380463017744,316.563267705682,-225.525221404055,2.15685471769052,3.87088305067047,-6.0277377689454
0.912,680.72306329581,1708.25421910979,49.99458297798,49.9945624579394,1273.16277421104,523.630826282991,326.216683538827,326.546269288462,-183.582262906292,325.461785639435,-141.879522728165,0.283081834576302,5.1431823686973,-5.42626420363899
0.913,681.05632300321,1707.90434516808,49.9945803259835,49.9945635716228,1272.65674797632,524.122493503904,326.216835346698,326.54622012174,-257.387237229225,301.912225912894,-44.5249886774985,-1.61439307548023,5.90826902173148,-4.29387594644861
0.914,681.681379299991,1707.28559648727,49.9945753519435,49.994565541161,1272.21079681466,524.568317745863,326.216969132046,326.546175539316,-306.191036281846,249.178264088565,57.0127721966088,-3.356458601457,6.09850004287544,-2.74204144151288
0.915,683.167603825665,1705.81005849423,49.9945635249445,49.9945702379443,1272.28520952589,524.491839557495,326.216946808233,326.546183187135,-325.780039122997,172.055415618132,153.724623501477,-4.76937212091236,5.69093962772938,-0.921567506883891
0.916,683.807372097998,1705.16199551299,49.9945584338304,49.9945723007928,1272.76893356488,524.025101294297,326.216801691021,326.546229860961,-312.412104657264,77.6149295925175,234.79717505124,-5.71449915989746,4.72416949037019,0.990329669409371
0.917,683.743726709329,1705.23484019587,49.9945589403043,49.994572068921,1274.15086305114,522.625174061552,326.216387112175,326.546369853684,-269.632633334044,-24.0597349671624,293.69236827533,-6.10175864657433,3.29865666452071,2.80310198181113
0.918,682.590926400205,1706.39620559887,49.9945681139977,49.9945683721801,1275.44714739349,521.322297602938,326.215998226872,326.54650014133,-199.892225186773,-123.33462658553,323.226851733134,-5.89144688119818,1.54894508647932,4.34250179429113
0.919,681.576260886312,1707.41478705881,49.9945761884493,49.9945651299346,1275.20997705089,521.586436045496,326.216069377975,326.546473727486,-110.50632655448,-210.312739522191,320.819066024142,-5.10389319635523,-0.35445973986458,5.45835293556317
0.92,681.121744044137,1707.84717012089,49.9945798053794,49.9945637536166,1274.61436473179,522.15744436883,326.216248061671,326.546416626654,-10.9801127599972,-276.33563643383,287.315749128133,-3.81780989125859,-2.21944814757772,6.03725803792232
0.921,680.503688520737,1708.46873736269,49.994584723709,49.9945617751066,1274.16143053054,522.603142329553,326.216383941931,326.546372056857,90.8746534080476,-316.484150146196,225.609496661346,-2.15887483308264,-3.86897598638929,6.02785081829067
0.922,680.632217163555,1708.34247018089,49.9945837009105,49.9945621770275,1273.06310130667,523.718797597637,326.216713440698,326.546260491331,182.987409949346,-324.915528639167,141.928118605142,-0.286183444027523,-5.1413812458371,5.42756468843215
0.923,681.183336301767,1707.78254579258,49.9945793152438,49.9945639593222,1272.16668700437,524.615911623039,326.216982364989,326.546170779928,257.228722705194,-301.45999197207,44.231269178109,1.61310894673945,-5.9081977763707,4.29508882798654
0.924,682.695818579078,1706.26481312801,49.9945672792923,49.9945687904153,1271.35078911225,525.427322372191,326.217227134357,326.546089638853,306.606780510155,-248.897055798883,-57.7097247997758,3.35469245124584,-6.09792499382128,2.74323254077698
0.925,683.862886729459,1705.10845179747,49.994557992059,49.9945724712278,1271.5931141871,525.180916996682,326.217154436834,326.546114279391,326.193489532711,-172.308682420118,-153.884807196733,4.7677626812677,-5.6912277669529,0.923465083805779
0.926,684.423579156856,1704.5573108604,49.9945535302104,49.9945742255639,1272.84780761206,523.94456569917,326.216778028807,326.54623791452,312.808995759194,-77.5693180791248,-235.239677754918,5.71486356985346,-4.72633588511804,-0.988527686613477
0.927,684.422170140337,1704.5537182453,49.994553541423,49.9945742369995,1273.99123812615,522.783437022109,326.216434999653,326.546354027388,269.943914526219,23.4232917771423,-293.367206363604,6.10122860085328,-3.30019290111965,-2.80103570151093
0.928,684.180266537035,1704.79949944967,49.9945554664307,49.9945734546536,1275.22583778756,521.54826086703,326.216064619754,326.546477545004,199.721418822201,122.797110307348,-322.518529172803,5.89161899696993,-1.55050911797019,-4.34110988058203
0.929,683.264324525154,1705.73533760271,49.9945627552657,49.9945704757883,1275.63284465869,521.154205579021,326.215942517693,326.546516950532,110.308787949014,210.060287577319,-320.369075551417,5.10577318185656,0.35168450172072,-5.45745768488953
0.93,681.960634736828,1707.0348441996,49.9945731296994,49.9945663393303,1275.95194287169,520.827565593824,326.215846788229,326.546549614531,10.236944224086,276.560250335961,-286.797194567542,3.81962766106697,2.2177684789163,-6.03739614097308
0.931,680.784936761507,1708.20007008337,49.9945824856066,49.9945626303011,1275.60555486297,521.172751817541,326.215950704631,326.546515095909,-90.9463380270908,316.497720007322,-225.55138197251,2.16051512425212,3.86754777891221,-6.02806290380983
0.932,680.549749032259,1708.44632459977,49.9945843571711,49.9945618464487,1274.71821517096,522.069856582137,326.216216906539,326.546425385432,-183.405535017595,325.312368771911,-141.906833735196,0.288272778994857,5.14061716295481,-5.42888994226279
0.933,680.648500355801,1708.32685652336,49.994583571333,49.9945622267274,1273.56597500543,523.231301517719,326.216562578589,326.546309240939,-257.274960548823,302.020319726065,-44.7453591510119,-1.61164770939053,5.90782305389408,-4.29617534452442
0.934,681.292984621407,1707.68360110183,49.9945784426902,49.994564274273,1272.62767277437,524.16025934081,326.216844069258,326.546216345156,-305.830718911243,248.785073280338,57.0456456589861,-3.35272752354965,6.0981234158975,-2.74539589214151
0.935,682.128712021989,1706.84472314173,49.9945717921828,49.9945669445044,1271.99752381559,524.77621056502,326.217033113946,326.546154750034,-325.705763717012,172.369537225081,153.336226516481,-4.76620804500818,5.69179253663443,-0.925584491279278
0.936,682.898962541317,1706.07525976125,49.994565662724,49.9945693937824,1271.98310076812,524.803561504201,326.21703744086,326.54615201494,-312.318205733058,77.4245652424339,234.893640506933,-5.71337780388831,4.72744500111972,0.985932803158512
0.937,683.742018005371,1705.23099776149,49.9945589539017,49.9945720811519,1272.39867841279,524.376551700142,326.216912767567,326.54619471592,-269.292956782945,-24.106087440241,293.399044227156,-6.101426157178,3.30206054542732,2.79936561208384
0.938,683.944573453172,1705.0349190159,49.9945573420167,49.9945727052899,1273.46762777776,523.305572294881,326.216592082757,326.546301813861,-199.947131960355,-123.114379707909,323.061511657872,-5.89296202239199,1.55266964872516,4.34029237385355
0.939,684.32838023914,1704.66303511526,49.9945542877793,49.9945738890331,1274.14104274078,522.651947321893,326.216390058268,326.546367176358,-110.895303520017,-210.050678559152,320.945982053486,-5.1068026000596,-0.350282219508044,5.4570848195382
0.94,683.885145868344,1705.10966449662,49.9945578149264,49.9945724673676,1274.67668599847,522.107090532836,326.216229365291,326.546421662037,-10.9828221099805,-276.769874711005,287.752696780803,-3.82115363382926,-2.21651908053663,6.03767271407351
0.941,683.555473600389,1705.43325434289,49.994560438375,49.9945714373492,1275.10458638705,521.682040873482,326.216100995174,326.546464167003,90.2804676706351,-315.760062238106,225.479594515381,-2.16171443067149,-3.86667039080227,6.02838482090271
0.942,682.4762116727,1706.51674195463,49.9945690268685,49.994567988501,1275.12478062497,521.661894876803,326.216094936903,326.546466181603,182.971395328193,-324.913004724479,141.94160933591,-0.289996073862997,-5.13893730754169,5.42893338056975
0.943,681.780854843886,1707.20288944873,49.9945745603423,49.9945658044257,1274.23617726322,522.535472020063,326.216361517911,326.546378823888,257.152155392352,-301.38744245321,44.235286995403,1.60777732028137,-5.90668669269799,4.29890937135557
0.944,681.641167367652,1707.34098407646,49.9945756719399,49.9945653648568,1273.45654482212,523.32330509886,326.216595407644,326.54630004058,306.645156035106,-249.347493086432,-57.29766301437,3.3508233801006,-6.09855965637071,2.74773627503938
0.945,682.217224742789,1706.7638911868,49.994571087821,49.9945672018005,1273.29128302381,523.497964105835,326.216644986183,326.54628257468,326.410372699879,-172.188444831217,-154.22192792998,4.76513309370343,-5.69226501979491,0.927131924768127
0.946,682.704450216283,1706.28269338374,49.9945672106039,49.9945687335007,1273.28940869813,523.505647920659,326.216645548481,326.546281806298,313.049818129108,-78.2180861204574,-234.83173206119,5.71291956821741,-4.7289638804484,-0.983955689098699
0.947,682.877038934868,1706.10741902214,49.9945658371865,49.9945692914163,1273.40596362048,523.371023972452,326.216610582004,326.546295268693,269.810685033043,23.1864584235646,-292.997143496968,6.1012183477009,-3.30382750647279,-2.79739084247602
0.948,682.930439778052,1706.04705625768,49.9945654122361,49.994569483557,1273.1599862126,523.612260647421,326.216684375227,326.546271145026,199.870255976876,122.70011172698,-322.570367730397,5.89287166728606,-1.55472925045891,-4.33814241791309
0.949,683.24558041513,1705.7434481033,49.9945629044266,49.9945704499718,1273.29030633814,523.507193145419,326.216645279189,326.546281651776,110.39568226191,210.019858570536,-320.415540842907,5.10741639726447,0.348393860024004,-5.4558102581461
0.95,683.705801623607,1705.26248972544,49.9945592421026,49.9945719809098,1273.27551769721,523.504129717758,326.216649715781,326.546281958119,10.8834576441317,276.469219699774,-287.352677340823,3.82238607004891,2.21398515125682,-6.0363712218972
0.951,683.476979444378,1705.50237743743,49.9945610630116,49.9945712173235,1273.90508248808,522.864701255236,326.216460846344,326.546345900965,-90.8237426693207,316.516715470084,-225.692972786254,2.16418511748689,3.86431476379283,-6.02849988159512
0.952,683.084335373847,1705.91113032513,49.9945641875738,49.9945699162227,1273.76808217199,523.018405363296,326.216501946439,326.546330530554,-183.109719928352,325.477066241564,-142.36734629058,0.292409211256603,5.13846202200287,-5.43087123331496
0.953,682.923595475112,1706.06223579865,49.9945654667013,49.994569435239,1273.86847876572,522.91935936535,326.216471827461,326.546340435154,-256.707197056732,301.963403885693,-45.2562068022163,-1.60693048114467,5.90689294620065,-4.29996246489232
0.954,682.564492008281,1706.42035292677,49.9945683243559,49.9945682953168,1273.70907955039,523.059434093488,326.216519647225,326.546326427681,-305.793003730027,249.253631017433,56.5393727390543,-3.34769770906456,6.09786588274877,-2.75016817336218
0.955,682.074149257128,1706.90701298496,49.9945722263795,49.9945667462297,1272.99403136865,523.789084667448,326.21673416168,326.546253462624,-325.737727277006,172.166888229042,153.570839069776,-4.7637510358821,5.69274693682133,-0.928995900534438
0.956,682.903058977467,1706.07116237406,49.9945656301256,49.9945694068248,1272.15320938333,524.63905412791,326.216986408275,326.546168465678,-312.335243142299,77.5201350333192,234.81510812203,-5.71217295980441,4.72952424191068,0.982648718296606
0.957,684.434754720968,1704.55164427205,49.9945534412781,49.9945742436012,1271.95487277875,524.83366459024,326.217045909257,326.546149004631,-269.450435884435,-23.8909533292649,293.341389214905,-6.10198049318266,3.30511717250636,2.79686332099452
0.958,685.284329469624,1703.69363664254,49.9945466805771,49.9945769747243,1272.70933041485,524.05127898597,326.216819571966,326.546227243192,-200.401781283411,-122.879469329696,323.281250600686,-5.89363552758043,1.55778253137757,4.33585299636223
0.959,685.332738267872,1703.66736832909,49.9945462953521,49.9945770583389,1273.96349609254,522.830650840052,326.216443322263,326.546349306006,-110.695036110334,-210.186315475597,320.881351559392,-5.10897763275924,-0.345713274458297,5.45469090715945
0.96,684.54334109786,1704.45095288026,49.9945525771752,49.9945745641118,1275.11428289716,521.659808429087,326.216098086221,326.546466390247,-11.307229947223,-276.571574475254,287.87880438257,-3.82483816533774,-2.21174006110739,6.03657822613291
0.961,683.320842245841,1705.67518556239,49.9945623055119,49.9945706672582,1275.54706988509,521.222189052928,326.215968250125,326.546510152185,90.6491771297791,-316.339889501697,225.690712320921,-2.16677135228379,-3.86262366054237,6.02939501224839
0.962,682.70464181268,1706.29867833688,49.9945672090792,49.994568682619,1275.17611429549,521.609780015886,326.216079536802,326.546471393089,182.583973903748,-324.911732018476,142.327758055834,-0.294517079609712,-5.13726586162778,5.43178294040971
0.963,682.292134136654,1706.69520147428,49.994570491711,49.9945674204467,1274.1757802846,522.610128079974,326.216379637005,326.546371358282,256.838291028455,-301.516410722629,44.6781196310304,1.60464066262093,-5.90585753184713,4.30121686818561
0.964,682.174834213418,1706.8150172104,49.9945714251541,49.9945670390614,1273.28755423952,523.498130750373,326.216646104819,326.546282558015,306.655340097103,-249.295880629714,-57.3594595303473,3.34782706032831,-6.09871701346828,2.75088995194375
0.965,682.614314234737,1706.37270180989,49.9945679278832,49.994568446995,1272.76577193855,524.015009883236,326.216802639509,326.546230870102,326.097953647134,-172.565534573272,-153.532419132218,4.76234246661925,-5.69413453824869,0.931792070351046
0.966,683.25205174499,1705.72680862569,49.9945628529294,49.9945705029369,1272.65563800806,524.133774083122,326.216835679688,326.546218993682,312.88233409645,-78.3993737573044,-234.482960389067,5.71097662262976,-4.73112638305084,-0.979850240857776
0.967,683.692934572761,1705.29578088064,49.9945593444953,49.9945718749408,1272.70049135412,524.082090854501,326.216822223684,326.546224162005,269.876228190529,23.0448424128233,-292.921070641647,6.10134943273344,-3.30692184450104,-2.79442758942975
0.968,683.720578281642,1705.25747362806,49.9945591245136,49.9945719968766,1272.91665319998,523.866495827003,326.21675737513,326.546245721508,200.288193922713,122.379441786115,-322.667635733481,5.89348730157689,-1.55789884752267,-4.33558845509614
0.969,683.922987361252,1705.07289423023,49.9945575137934,49.994572584411,1273.12412484475,523.670497100937,326.216695133637,326.54626532138,110.608929757953,209.654786603659,-320.263716373461,5.10999796979759,0.34389803890597,-5.4538960095318
0.97,684.22120047133,1704.75442071556,49.9945551406888,49.9945735981437,1273.28639707796,523.493744141485,326.216646451967,326.546282996676,10.8400009574849,276.604086661607,-287.444087619356,3.82537421509036,2.21029659335595,-6.03567080903737
0.971,684.464969578328,1704.51583565594,49.9945532008359,49.9945743575835,1273.32672873363,523.442641963063,326.21663435247,326.546288106894,-90.490753840919,316.254501202893,-225.76374735409,2.16805583418231,3.8609540127398,-6.02900984728042
0.972,684.336604162062,1704.66066589211,49.9945542223355,49.9945738965746,1273.33258397613,523.448641745303,326.216632595898,326.546287506916,-182.771786167487,325.342349563839,-142.570563383215,0.296862046436185,5.13613307821795,-5.4329951248052
0.973,684.631626987528,1704.34757194023,49.9945518746184,49.9945748931836,1273.47665605107,523.30496805824,326.216589374275,326.546301874285,-256.64883649492,302.105928268014,-45.4570917578678,-1.6027411703838,5.90533187989367,-4.30259070949511
0.974,684.411971259917,1704.57732033126,49.9945536225831,49.9945741618717,1273.61257039821,523.172661408606,326.216548599971,326.54631510495,-306.143454570279,249.255875439405,56.8875791443486,-3.34585032637615,6.09871333944785,-2.75286301294764
0.975,684.231743078612,1704.76228951805,49.9945550567934,49.9945735730965,1273.6028510229,523.174180576034,326.216551515784,326.546314953033,-325.552588342011,172.237857836825,153.314730513484,-4.76103778153717,5.69518739465585,-0.934149612951044
0.976,684.527395045965,1704.46879974126,49.9945527040698,49.9945745073035,1273.69080485806,523.104209294674,326.216525129633,326.546321950161,-312.511754996122,77.9615619172056,234.550193078931,-5.7109538968766,4.73310101116411,0.977852885853808
0.977,685.01109134382,1703.97916581598,49.994548854937,49.9945760658567,1273.94531595781,522.831710004577,326.216448776303,326.54634920009,-269.582327717209,-23.4645628931207,293.046890599775,-6.10093574666948,3.30904083920934,2.79189490750796
0.978,684.845857615854,1704.13987028923,49.9945501698252,49.9945755543185,1274.39444355014,522.381685624655,326.216314038025,326.546394202528,-200.388937531994,-122.779868606273,323.16880611564,-5.8941616477347,1.56052221231944,4.33363943530926
0.979,684.693039022339,1704.30933191853,49.9945513859169,49.9945750149054,1274.45008910437,522.347911329537,326.216297344359,326.546397579957,-110.892380254763,-210.0738161286,320.966196348265,-5.11109383905845,-0.342137520358134,5.45323135911009
0.98,684.237406517062,1704.75618517085,49.9945550117252,49.9945735925273,1274.42864659407,522.350011896788,326.216303777112,326.546397369901,-11.6011558087767,-276.143509575786,287.744665337791,-3.82809313601698,-2.20793773915909,6.0360308746401
0.981,683.569078054515,1705.42068620114,49.9945603301141,49.9945714773548,1274.36614869519,522.413204390479,326.216322526482,326.546391050651,89.914828839833,-315.878189776816,225.96336088036,-2.1695693603206,-3.85975641804052,6.02932577758731
0.982,683.426633303066,1705.57670797022,49.9945614636535,49.9945709807221,1273.84688313227,522.940196959537,326.216478306151,326.546338351394,182.626838500594,-324.848726207254,142.221887643009,-0.299091385185376,-5.13492368308348,5.4340150672719
0.983,683.194301429009,1705.78917326058,49.9945633124918,49.9945703044241,1273.72836480377,523.064287638441,326.216513861649,326.546325942327,257.050867223442,-301.786003541302,44.735136250177,1.60051692324016,-5.90444966591379,4.30393274148522
0.984,682.971608181361,1706.01754510566,49.9945650846283,49.9945695774939,1273.35371499041,523.428437199916,326.216626256593,326.54628952737,306.327486107576,-249.549147887514,-56.7783382883324,3.34326925686362,-6.09871692776133,2.75544766956679
0.985,683.362466396905,1705.63248493108,49.9945619742775,49.9945708031785,1273.57756931872,523.205717824118,326.216559100295,326.546311799308,326.185509281772,-172.812621411284,-153.372887937387,4.75967024779556,-5.69616479613019,0.936494546912458
0.986,683.725494619354,1705.26577094627,49.9945590853907,49.9945719704654,1273.58810633644,523.216939942937,326.216555939189,326.546310677096,313.219735740606,-78.6624476319421,-234.557288169746,5.71008293490346,-4.7335597451616,-0.976523191195326
0.987,684.340245726373,1704.65620639627,49.9945541933568,49.9945739107696,1273.62426338615,523.153835928116,326.216545092075,326.546316987498,269.846337446445,22.9800182771356,-292.826355774725,6.10117712610453,-3.31117890796641,-2.78999821954758
0.988,684.514995562938,1704.4633418512,49.9945528027418,49.9945745246765,1273.52886244451,523.252302846513,326.216573712357,326.546307140806,200.3363093826,122.290280360911,-322.626589781918,5.89409451094272,-1.56208147176544,-4.33201304046606
0.989,684.725981574768,1704.2691818773,49.9945511237685,49.9945751427069,1273.42835940751,523.375413893178,326.216603863268,326.546294829701,110.434691169903,209.88934739679,-320.324038591098,5.11158599918695,0.34032130638541,-5.45190730667367
0.99,684.658021015271,1704.31968709593,49.9945516645814,49.9945749819438,1274.0648755366,522.715026124116,326.216412908429,326.546360868478,11.0513738202949,276.396532389322,-287.447906220613,3.82903477472192,2.20558488371998,-6.03461965931077
0.991,684.282777885679,1704.7027015151,49.9945546506713,49.994573762771,1274.63787547042,522.135581678652,326.216241008449,326.546418812923,-90.2094229066292,316.495525162805,-226.286102255272,2.1722415121053,3.85816420903341,-6.03040572175193
0.992,683.634109446474,1705.36541789845,49.9945598126108,49.9945716532793,1274.83775100406,521.950473688192,326.216181045789,326.546437323722,-182.456920982283,325.354978089366,-142.898057097074,0.300655249979232,5.13356185243386,-5.43421710277447
0.993,682.580384667429,1706.41484647188,49.9945681978861,49.9945683128444,1274.30039381804,522.492564612229,326.216342252945,326.546383114629,-256.614659404009,301.967523558891,-45.3528641394304,-1.59898466663172,5.90471789969837,-4.30573323320399
0.994,682.210823540053,1706.767491163,49.9945711387601,49.9945671903415,1273.61234273377,523.16931353344,326.21654866827,326.546315439737,-305.903807365829,249.524454655631,56.3793527273497,-3.34205363311546,6.09867672154172,-2.75662308838715
0.995,683.062982120047,1705.92644976731,49.9945643574976,49.9945698674594,1272.8657658395,523.920128113828,326.216772641339,326.546240358279,-325.737432999959,172.55041423243,153.187018781992,-4.75924637692319,5.69679803226234,-0.937551655188666
0.996,683.627443270306,1705.36614233603,49.9945598656585,49.9945716509733,1272.82037213296,523.980781650918,326.21678625945,326.546234292925,-312.984848164085,78.251912855264,234.732935316943,-5.70955437237375,4.73536334966005,0.974191022900776
0.997,684.464965962448,1704.5258654068,49.9945532008647,49.9945743256579,1272.93847483141,523.844479319505,326.216750828641,326.546247923158,-269.723958791912,-23.4029754184635,293.126934208539,-6.10078874045629,3.31255785238397,2.78823088821772
0.998,685.100201368851,1703.88413860959,49.994548145822,49.9945763683377,1272.98926519833,523.785304999373,326.216735591531,326.54625384059,-200.331479706701,-122.542637951596,322.874117643597,-5.89541345890574,1.56472831682774,4.33068514210354
0.999,685.494661932122,1703.49877176637,49.9945450068045,49.9945775949985,1273.50956553073,523.291985985236,326.216579501431,326.546303172492,-111.466053219189,-209.631801322146,321.097854512138,-5.11306555233403,-0.33799333289492,5.451058885065
1,685.537121252814,1703.45176320964,49.994544668924,49.9945777446313,1274.28077870547,522.505119381757,326.216348137479,326.546381859152,-11.6602149111218,-276.355419123294,288.015633990389,-3.83050796574113,-2.20489286651587,6.03540083185002
1.001,686.764359956178,1705.04308015369,49.9945349028687,49.9945726793122,1275.1094504986,521.932020686105,326.216099535941,326.546439169022,89.7659298931531,-315.746140609689,225.980210659353,-2.06043613093043,-4.65467620585993,6.71511233597381
1.002,691.089119552788,1707.63032848326,49.9945004875253,49.994564443845,1276.24685154619,522.335188916234,326.215758315627,326.546398852199,182.040552736411,-324.66090571321,142.62035290958,0.146657179307257,-6.52224747943438,6.37559029891489
1.003,697.327397592963,1710.50341145778,49.994450844886,49.9945552985378,1278.36705729395,523.31693801734,326.215122253902,326.546300677289,256.376860633589,-301.507655546893,45.1307948388564,2.48855551398288,-7.65850935282164,5.16995383727351
1.004,704.483379575469,1713.49475535907,49.9943938993907,49.9945457767945,1281.36322123562,524.862758524683,326.21422340472,326.546146095238,306.395184023259,-249.646782436037,-56.7484016644197,4.68783747355871,-7.99183870525846,3.30400122985086
1.005,712.205143057206,1716.19463123753,49.9943324515493,49.9945371828226,1285.19228791809,526.70830005247,326.213074684715,326.545961541085,325.763045009896,-172.795518488959,-152.967526595964,6.49522427367814,-7.50338987461832,1.00816559890364
1.006,719.90840760674,1718.79245304573,49.9942711509178,49.994528913699,1289.65685584345,528.655339594973,326.211735314337,326.545766837131,313.089942757718,-78.6525964850784,-234.437346340908,7.70980662542979,-6.25572671886689,-1.45407990867436
1.007,727.706437831418,1721.00798423091,49.994209096165,49.9945218614442,1294.89156524823,530.214578589458,326.210164901516,326.545610913231,269.935496532126,22.4516238812019,-292.387120470916,8.19808473824193,-4.38159129483266,-3.81649344547505
1.008,734.855827470398,1723.54109370763,49.9941522031299,49.9945137983063,1300.01193386545,532.120741538666,326.208628790931,326.545420296937,200.459891016447,121.759015947158,-322.218907007574,7.90324350540443,-2.06636806731678,-5.83687543999221
1.009,742.176377942247,1725.62823881765,49.9940939480402,49.9945071547171,1305.54661475805,533.68185735173,326.206968386663,326.545264185355,111.068165857964,209.245294357141,-320.313460243633,6.84836547605115,0.459114839159503,-7.30748031685373
1.01,749.11031042578,1727.79152978758,49.9940387695587,49.994500268748,1311.7696832123,534.480894756138,326.205101466127,326.545184281615,11.3181394405086,276.16725511078,-287.485394564044,5.12993766092931,2.94127397115043,-8.07121163338199
1.011,755.058679447287,1730.77847584127,49.9939914339421,49.9944907610035,1317.91220563771,535.276910986098,326.203258709399,326.545104679992,-90.0562136748555,316.063752014318,-226.007538338112,2.91734696265288,5.13993539785143,-8.05728236142232
1.012,760.154315837251,1734.4290413583,49.9939508841561,49.9944791408925,1323.27947330598,536.771117077559,326.201648529099,326.544955259383,-182.241404735776,325.098193200129,-142.856788451594,0.419868015267361,6.83986866579701,-7.25973668159264
1.013,765.181770404175,1737.9685104603,49.9939108769438,49.9944678744125,1327.67044912849,539.102800572556,326.200331236352,326.544722091033,-255.993961559687,302.242892669105,-46.2489310886892,-2.11368918453151,7.86784341227894,-5.75415422791716
1.014,770.407043818692,1741.18727350074,49.9938692955392,49.9944576287715,1331.90127301828,541.494992993538,326.199061989185,326.544482871791,-305.509014316192,249.606686536753,55.9023278037527,-4.43958309204744,8.12809759401256,-3.68851450183859
1.015,776.626025625474,1743.32631055771,49.9938198064544,49.9944508200051,1335.64874965777,544.276981563825,326.197937746193,326.544204672934,-325.538863077159,172.981470294098,152.557392805907,-6.33162598576342,7.59488307819829,-1.26325709210372
1.016,782.991150621093,1745.21418643875,49.9937691543991,49.9944448107095,1339.59795656661,546.772643034891,326.19675298412,326.543955106787,-312.348885430639,78.4515034506346,233.897381996563,-7.60177696169167,6.31711478603697,1.2846621760771
1.017,789.518448013879,1746.80660238003,49.9937172118168,49.9944397418921,1343.57767491588,549.113048861111,326.195559068616,326.543721066204,-270.152661907996,-22.7405846258295,292.893246539949,-8.1267974741741,4.42219664433792,3.70460083022745
1.018,795.67136911473,1748.71761492995,49.9936682484264,49.9944336589502,1348.4854677251,550.454280481444,326.194086730773,326.543586943042,-200.58777890338,-122.252626919321,322.840405815062,-7.85847036608827,2.09615676605753,5.76231360027223
1.019,801.833425432549,1750.52008836872,49.9936192123403,49.9944279214991,1353.83318916851,551.329480269359,326.19248241434,326.543499423063,-111.562016068098,-209.407394228852,320.969410274055,-6.81840980002477,-0.440161538735966,7.25857133874657
1.02,807.491848842754,1752.69062241604,49.9935741840375,49.9944210124746,1358.76367319365,552.453623441387,326.191003269132,326.543387008746,-12.3643610591927,-275.568744702474,287.933105723379,-5.11261047876708,-2.9264458423161,8.03905632073655
1.021,812.742384911092,1755.20439608605,49.9935324015991,49.9944130108845,1363.79289674701,553.453325760922,326.189494502066,326.543287038514,89.1724970570035,-315.72338504488,226.550887935381,-2.90623292349326,-5.13067199073139,8.0369049135006
1.022,817.686505071765,1757.94891543934,49.9934930575409,49.9944042748081,1369.03447123236,554.176210110168,326.187922029721,326.543214750079,181.746366736388,-324.655907812851,142.909541012552,-0.414405842111114,-6.83373538644262,7.24814122744317
1.023,822.306714783306,1760.8627840437,49.9934562910802,49.9943949996763,1373.26014485455,555.824990809185,326.186654327634,326.543049872009,256.319801978702,-301.876990050459,45.5571879989399,2.11745815090919,-7.86338479364588,5.74592664126373
1.024,826.855588212017,1763.78924032198,49.9934200922956,49.9943856844766,1377.29794262886,557.586080784819,326.185442988302,326.542873763012,305.955945427182,-249.744798939885,-56.2111465642635,4.4416788442759,-8.1266037997891,3.68492495373456
1.025,831.319824203251,1766.71370670211,49.9933845670344,49.994376375611,1380.7764630513,559.835847539795,326.184399432175,326.542648786336,326.000008503221,-173.095764631905,-152.904243947705,6.33228760894258,-7.59538296407724,1.26309535313753
1.026,836.248254480216,1769.07966813158,49.9933453478324,49.9943688445219,1384.72290402069,561.572539691142,326.183215499884,326.542475117121,313.155889139587,-79.0093912187302,-234.146497991973,7.6032104859512,-6.31912345954525,-1.28408702851393
1.027,841.610535737225,1770.89586880296,49.993302676154,49.9943630633756,1388.6677540899,563.195946224383,326.182032044863,326.542312776468,270.331539149715,21.9597795493472,-292.291318760725,8.12820442741702,-4.42459925757813,-3.70360517193964
1.028,846.59883494581,1773.01213264383,49.9932629805301,49.9943563270986,1392.77520897011,564.595111166883,326.180799808399,326.542172859974,200.632050485427,121.501344963491,-322.133395498637,7.85922776367975,-2.09898745808669,-5.76024030756864
1.029,850.994973025756,1775.65186303915,49.9932279971748,49.9943479245757,1396.66447539002,566.183059384568,326.179633028473,326.542014065152,111.29931959744,208.986246296769,-320.285565928152,6.82128539875471,0.435624671171387,-7.25691007166956
1.03,855.734424549215,1777.80432490494,49.993190281818,49.9943410730768,1400.20309160309,568.002601295686,326.178571443609,326.541832110961,11.7105411439716,275.865596955015,-287.57613811858,5.1151875431895,2.9231882272503,-8.03837577187469
1.031,859.961765937748,1780.42589077567,49.9931566417041,49.9943327283735,1404.0475782365,569.472705911593,326.177418097619,326.541685100499,-89.4072814127289,315.882647282066,-226.475365875629,2.90939994487896,5.12783781975299,-8.03723776571513
1.032,864.318206726073,1782.83343568875,49.9931219742498,49.99432506492,1408.06975036685,570.722754754159,326.17621144598,326.541560095615,-182.183849259615,325.297981821539,-143.114132557297,0.416584133341763,6.83143579087724,-7.24801992494172
1.033,868.608216546273,1785.18314378319,49.9930878354363,49.9943175855669,1411.53726276325,572.429939359741,326.175171192261,326.541389377154,-256.122486640887,302.05461833233,-45.9321316789618,-2.11401350188918,7.86183463043401,-5.74782112892951
1.034,872.734326891042,1787.64918869074,49.9930550008935,49.9943097359021,1415.12134248421,573.944499353839,326.174095968345,326.541237921155,-305.374047017775,250.072043409432,55.3020036249274,-4.43834369372749,8.12667940619843,-3.68833571257091
1.035,876.836153745705,1790.06867023882,49.9930223595925,49.9943020344532,1418.41359188284,575.704933885043,326.173108293526,326.541061877702,-325.361303029689,173.169216278125,152.192086767803,-6.33019063900572,7.59668778866665,-1.26649714955437
1.036,881.14055835539,1792.17461762719,49.992988106229,49.9942953310144,1421.73814480787,577.398445179296,326.172110927648,326.540892526572,-312.81184623694,78.7649909181015,234.046855330748,-7.60105648507013,6.31958815710789,1.28146832817775
1.037,886.37004372021,1793.2750710072,49.9929464913067,49.9942918281625,1424.84396114779,579.185458992428,326.171179182746,326.540713825191,-269.895765039072,-22.7111312146281,292.606896257508,-8.12726208193078,4.42776099980785,3.69950108234351
1.038,891.048244832852,1794.86426407864,49.9929092633651,49.9942867696039,1428.5065048135,580.382686940312,326.170080419646,326.540594102396,-201.232032638115,-121.765660314193,322.997692945107,-7.86027179716911,2.10142918211897,5.75884261517063
1.039,895.467588773938,1796.65944974375,49.9928740953434,49.9942810553504,1432.84065350452,580.893638489498,326.168780175039,326.540543007241,-112.119641487693,-208.825236757645,320.944878225831,-6.82279985601065,-0.433197446122001,7.25599730206145
1.04,899.171191873037,1799.0501468215,49.9928446230064,49.9942734455253,1437.18025827758,581.27762152113,326.167478293607,326.540504608938,-12.2974120030014,-275.661591239925,287.959003210971,-5.11751249850086,-2.92134936508155,8.03886186325251
1.041,902.342624975469,1801.90412103587,49.9928193855436,49.9942643610432,1441.29128457726,581.848616438268,326.166244985717,326.540447509447,88.7757702237754,-315.496695522887,226.720925255419,-2.91239504750681,-5.12514683802459,8.03754188490193
1.042,904.8272417565,1805.4005011148,49.9927996135915,49.9942532317197,1444.89620213335,582.890245373821,326.16516351045,326.540343346553,181.670322948901,-324.643891025907,142.973568023754,-0.420307113251106,-6.82966237225193,7.24996948456026
1.043,907.703689757672,1808.37615184902,49.9927767235456,49.9942437599293,1447.86404060102,584.482425352924,326.16427315891,326.540184128555,255.847262046661,-301.718826504468,45.8715643968298,2.11015692865399,-7.86118245293932,5.75102552304377
1.044,910.264037072672,1811.6233914131,49.9927563489491,49.9942334236447,1450.80069645767,586.052130420253,326.163392162153,326.540027158048,306.085305458218,-249.957747313967,-56.1275582093272,4.43536397163008,-8.1266565185102,3.69129254538067
1.045,913.055401748002,1814.58465039261,49.9927341359748,49.9942239976646,1453.24438812493,588.072524760453,326.162659054653,326.539825118614,325.697240764819,-173.177273187674,-152.519967642479,6.3276915955284,-7.59747129576498,1.26977969854481
1.046,916.197088880924,1817.09108260392,49.9927091352229,49.9942160194431,1455.17606616063,590.559316959765,326.162079551242,326.539576439394,312.969338135356,-79.1117240494992,-233.857614146159,7.59939175388615,-6.32140536549492,-1.27798639018168
1.047,920.742782574561,1818.12690350571,49.9926729617419,49.9942127223228,1456.83594074088,593.226678512969,326.161581588868,326.539309703239,270.41068164735,21.4924459122684,-291.903127610801,8.1277015417633,-4.42964268918267,-3.69805885435875
1.048,925.546972563701,1818.82903274754,49.9926347312126,49.994210487376,1459.73152601131,594.605263569473,326.160712913287,326.539171844733,201.120563853274,121.082507887372,-322.203071779452,7.85983178326604,-2.10431613260091,-5.75551565231834
1.049,930.16299365388,1819.69865802098,49.992597998084,49.9942077192728,1463.21671496627,595.382299021687,326.1596673566,326.539094141188,111.656885755775,208.724480956335,-320.381366738936,6.82485340421446,0.429404367960886,-7.25425777360517
1.05,933.933775447941,1821.28791389508,49.9925679911559,49.9942026605142,1467.48706416687,595.278205076676,326.15838625184,326.539104550583,11.5556996532575,276.320527724541,-287.876227394091,5.11964465974967,2.91746083756768,-8.03710549848755
1.051,936.620571652368,1823.94058798723,49.992546610311,49.9941942167903,1471.90030086321,594.978395358754,326.157062280831,326.539134531555,-89.2100916817797,315.638130724535,-226.428039050068,2.91723707680081,5.12122628851138,-8.03846336621163
1.052,938.382787355962,1827.44494662282,49.992532587044,49.9941830620703,1475.30113450431,595.69054779014,326.156042030739,326.539063316311,-181.892014812313,325.328262562735,-143.436247750016,0.423928434680397,6.82742096394699,-7.25134939925945
1.053,940.178852590225,1830.79961982169,49.992518294411,49.9941723838139,1478.04153875844,596.975201678028,326.155219909463,326.538934850923,-255.732753991482,302.137606739767,-46.4048527425243,-2.10685584048389,7.85948439148012,-5.7526285513837
1.054,942.240567540458,1833.86913597487,49.9925018878047,49.9941626132405,1480.6626368728,598.327416345273,326.154433580029,326.538799629456,-305.367409476425,250.281457462266,55.0859520226514,-4.43255728118368,8.12664444759874,-3.69408716659957
1.055,944.429939629093,1836.73868937042,49.9924844653352,49.9941534791684,1482.93889991553,599.982199436562,326.153750701116,326.538634151147,-325.41527538955,173.085448357401,152.329827040344,-6.32484181961854,7.59779558198972,-1.27295376240966
1.056,947.173175228407,1838.98708934523,49.9924626353599,49.994146322289,1484.4496722229,602.370421185103,326.153297469424,326.538395328972,-312.827861719347,79.2902702319403,233.537591491753,-7.59829014192327,6.32376300229768,1.27452713966092
1.057,950.25556502846,1840.81879270315,49.9924381064813,49.9941404917961,1485.9339166916,604.695036044891,326.152852196083,326.538162867486,-269.995883582033,-22.5601569036671,292.556040483042,-8.12646172386739,4.43294078969046,3.69352093420122
1.058,953.852553674406,1842.09023055729,49.9924094825551,49.9941364446837,1488.24175264602,606.167467888724,326.152159845297,326.538015624302,-201.248162306159,-121.53399948602,322.782161780355,-7.86162098353744,2.10780970313357,5.75381128033415
1.059,957.269525996821,1843.50606455233,49.9923822911533,49.9941319379441,1491.76277694252,606.422033776243,326.151103538008,326.537990167713,-112.251542266166,-208.795751014483,321.047293257936,-6.82619452736856,-0.426077283682418,7.25227181081168
1.06,960.007418425439,1845.50036581865,49.9923605036976,49.994125589886,1495.82505740494,606.024318783859,326.149884853869,326.538029939212,-12.9133417883661,-275.498852936744,288.412194690418,-5.12280145220772,-2.91456441638255,8.03736586811534
1.061,962.241315736404,1847.95797084248,49.9923427269077,49.9941177670863,1499.28302155893,606.20965372134,326.148847464623,326.538011405718,88.9015100512408,-315.428680910778,226.527170813439,-2.91850804603414,-5.11950718405333,8.03801522933314
1.062,963.64619267001,1851.20765043691,49.9923315472522,49.9941074230349,1502.30252586703,606.795424357218,326.14794161333,326.537952828655,181.325031786129,-324.621195136459,143.29616329402,-0.427775540806614,-6.82540473342273,7.25318027317639
1.063,964.813263814405,1854.58231365771,49.9923222599952,49.9940966811482,1504.77789951758,607.869636329311,326.147199001235,326.537845407457,255.888619940441,-301.888142234163,45.9995222290468,2.10338952941467,-7.85902276600468,5.75563323524182
1.064,965.600040291295,1858.30455515713,49.9923159990269,49.9940848328855,1506.1496138451,610.001454844274,326.146787486937,326.537632225606,305.767898622275,-249.99300683295,-55.7748918593555,4.42944733582294,-8.12594444714752,3.69649710970919
1.065,967.147179825014,1861.22681274539,49.9923036872817,49.9940755310507,1506.89701173084,612.723382531758,326.146563267571,326.537360032837,325.925379792739,-173.809179192266,-152.116200672202,6.32303693901806,-7.5995992864187,1.27656234557287
1.066,970.194810437261,1862.58183328918,49.9922794350078,49.9940712178864,1508.44423546627,614.613648783729,326.14609910045,326.537171006212,313.229966728809,-79.7046449115498,-233.525321886112,7.59706008598047,-6.32707475082767,-1.26998533711541
1.067,973.434961200426,1863.68045228067,49.9922536507073,49.9940677208735,1510.24098518853,616.186292765649,326.145560075534,326.537013741814,270.384983270356,21.5103853539479,-291.895368686663,8.12727781959139,-4.43611672949359,-3.69116109209283
1.068,976.840666572324,1864.5534516583,49.9922265489651,49.9940649420302,1513.2338156874,616.526033920585,326.144662226384,326.536979767698,201.18501284899,120.919183161017,-322.104196063145,7.8615901625455,-2.11079327808028,-5.75079688639318
1.069,979.378528407566,1866.27886093829,49.9922063533023,49.9940594498819,1516.72832967437,616.349323303135,326.143613872188,326.53699743876,111.641478696728,208.479416257642,-320.12089499393,6.82779206894329,0.421904920433443,-7.24969699113382
1.07,981.302298897381,1868.52538393951,49.9921910444232,49.9940522989771,1520.24236659638,616.07367540185,326.142559661111,326.53702500355,12.1070135916454,276.065642735689,-288.172656351457,5.12484325028946,2.91127734028187,-8.03612059206419
1.071,981.937449738033,1872.0379552046,49.9921859900534,49.9940411181155,1523.48040022979,616.036290596077,326.141588251021,326.537028742031,-89.0464949399175,315.881787068419,-226.835292138516,2.92283703090726,5.11602999604635,-8.03886702811845
1.072,982.417075590901,1875.6533631196,49.9921821733121,49.9940296099147,1525.9701563884,616.74645127529,326.140841324174,326.536957725963,-181.585677220949,325.253491980899,-143.667814757664,0.431184072435285,6.82283503696224,-7.25401911020584
1.073,983.189078111079,1878.89414782205,49.9921760299112,49.9940192941766,1528.12766328211,617.710373042581,326.140194072106,326.536861333786,-255.521154487276,302.183335812221,-46.6621813129719,-2.09904750804459,7.85810616803263,-5.7590586604459
1.074,983.575568883658,1882.47968651667,49.9921729543154,49.9940078810524,1529.4468434605,619.486490283027,326.139798318052,326.536683722062,-305.266633448375,250.090528769889,55.1761046966103,-4.42606057675307,8.12661392661837,-3.70055335000708
1.075,985.07229376361,1884.92009686296,49.9921610437572,49.994000112985,1530.73708237733,621.254929545974,326.139411246377,326.536506878136,-325.281369567987,173.60471109268,151.676658495374,-6.32095315228866,7.60069647804661,-1.27974332564971
1.076,987.080290163228,1886.79051578848,49.9921450646296,49.9939941592567,1531.93768874325,623.09525133282,326.139051064467,326.536322845957,-312.552040408977,79.3556351704978,233.196405256394,-7.59509208110975,6.3285192390744,1.2665728423067
1.077,988.903071916631,1888.78830849061,49.9921305593933,49.993987800085,1533.68258701065,624.30300840698,326.138527594987,326.53620207025,-270.347086096107,-22.24230898856,292.589395096918,-8.12583399383721,4.4391211926295,3.6867128015441
1.078,991.601289728528,1889.88006279439,49.9921090876582,49.9939843249231,1535.18661685226,625.74234169606,326.138076386035,326.536058136921,-201.411111955469,-121.19144592877,322.602557887379,-7.86378185422608,2.11492306872808,5.74885878579817
1.079,994.29274858494,1890.94018686821,49.9920876697091,49.9939809504434,1537.88623739634,625.983190577372,326.137266499871,326.536034052033,-112.400468956885,-208.627917457296,321.028386404863,-6.82976484601517,-0.418719633173111,7.248484479347
1.08,995.374024775087,1893.53041782775,49.9920790651866,49.9939727054822,1541.2057331334,625.513112929939,326.13627065115,326.536081059797,-12.7296291481875,-275.302621926456,288.032251051327,-5.12767983504766,-2.90719844494875,8.03487827991926
1.081,995.492657024703,1897.08634602146,49.9920781211411,49.9939613866112,1544.23863923773,625.295672597185,326.135360779319,326.536102803831,88.3341144254009,-315.300672826974,226.966558363923,-2.9271913585978,-5.11331040105234,8.04050175926522
1.082,995.69228861517,1900.49420172794,49.9920765325234,49.9939505390696,1546.51382145529,625.854509471504,326.134678224654,326.536046920143,181.352891907272,-324.80273786324,143.449845905673,-0.435112099408678,-6.82133978856515,7.25645188724025
1.083,995.875729288237,1903.848026318,49.9920750727489,49.9939398635143,1548.05318060352,627.073359247737,326.134216416909,326.535925035166,255.702183932485,-301.700473142385,45.9982891531426,2.09575443991581,-7.8571365982389,5.76138215726038
1.084,996.327983653324,1906.88744027185,49.992071473823,49.9939301887592,1548.97783009714,628.869927237465,326.133939022061,326.535745378367,305.699077564035,-250.501272864855,-55.1978047594434,4.4226286907801,-8.12671494116205,3.70408624904946
1.085,997.695453896468,1908.99776445134,49.9920605918406,49.9939234713887,1549.96779817331,630.581271945113,326.133642031638,326.535574243896,325.852566604869,-173.934748495437,-151.917818170077,6.31770404238263,-7.60192771897647,1.2842236750643
1.086,999.359137492152,1910.75067112925,49.9920473526672,49.9939178917135,1551.26372657891,631.98094807967,326.133253253117,326.535434276282,313.407568965328,-79.9675008708717,-233.440068152358,7.59401725858366,-6.33043014672172,-1.26358711350952
1.087,1001.43867596086,1912.0467259374,49.9920308042259,49.9939137662429,1553.14422556653,632.699500324932,326.13268910342,326.535362421058,270.607990396152,21.4474655572502,-292.055456005314,8.1259086420147,-4.44223129743753,-3.68367734625396
1.088,1002.97183597411,1913.85863735982,49.9920186037261,49.9939079987497,1555.50023435305,632.942084165668,326.131982300785,326.535338162674,201.20375962605,120.833131966513,-322.036891635629,7.86394680551844,-2.11879885450824,-5.74514795262558
1.089,1003.91108429449,1916.24131048728,49.9920111294255,49.9939004144656,1558.17049128156,632.856008634804,326.131181223706,326.535346770227,112.13184326143,208.351682226069,-320.483525521173,6.83267154939267,0.413871498175846,-7.24654304904225
1.09,1004.39418947155,1918.99218553635,49.9920072849966,49.9938916581583,1560.98883941114,632.574302053582,326.130335719267,326.535374940885,12.5853707900448,275.571230847938,-288.156601662913,5.13033639366698,2.90467463444173,-8.03501102939518
1.091,1004.48678225423,1922.11072638382,49.9920065481667,49.9938817315345,1563.09691229853,632.936226745298,326.129703297401,326.535338748416,-88.765761870307,315.69984072808,-226.934078873752,2.92992573491499,5.10931005452359,-8.03923579050652
1.092,1004.46059427423,1925.33274305189,49.992006756564,49.9938714755369,1564.65592466251,633.873438368933,326.129235593692,326.535245027253,-181.091216542383,325.262215416839,-144.170998881823,0.439578343908513,6.81889671970334,-7.25847506444138
1.093,1004.85547067221,1928.04516502689,49.9920036142375,49.9938628416296,1566.55472875851,634.426462173641,326.128665952463,326.535189724873,-255.711082303096,302.556897986738,-46.8458156834,-2.09326525931555,7.85600576011957,-5.76274050138954
1.094,1004.9618800201,1931.01560561281,49.9920027674588,49.9938533864236,1567.69639892891,635.668126224573,326.128323451412,326.535065558468,-305.393387688892,250.502541301524,54.8908463933379,-4.41968638373422,8.12637164926663,-3.70668526588546
1.095,1005.74474171322,1933.30173054774,49.9919965376434,49.9938461094619,1568.83755418137,636.904909618352,326.127981104836,326.534941880129,-325.155759534858,173.612021772631,151.543737771413,-6.31537567602868,7.60303175533072,-1.28765607945398
1.096,1006.72194018996,1935.3321990915,49.991988761345,49.9938396462798,1570.07641109516,638.031879059766,326.127609447762,326.534829183184,-312.631220185895,79.4253770277348,233.205843166976,-7.59152924682954,6.33279914396168,1.25873010286287
1.097,1007.48560421034,1937.54341379126,49.9919826842998,49.9938326077648,1571.66563609057,638.740927175835,326.127132680263,326.534758278373,-270.484741426739,-21.9336634126631,292.418404844513,-8.12494445909324,4.44529780390024,3.67964665526109
1.098,1008.04112255024,1939.9367739941,49.9919782636253,49.9938249894627,1573.20341333107,639.487184250202,326.126671347091,326.534683652665,-201.693498763409,-120.811385704111,322.504884466177,-7.86539333536611,2.12285812743803,5.74253520798948
1.099,1008.60566664194,1942.29700024058,49.9919737711262,49.9938174766292,1575.42533735073,639.568081367379,326.126004769885,326.534675562954,-112.816790387616,-208.370759188849,321.187549566861,-6.83393372817149,-0.41110238963216,7.2450361177801
1.1,1008.87074605413,1944.89541120122,49.9919716616912,49.9938092056302,1577.81390277295,639.404245964583,326.125288200259,326.534691946494,-13.1140484581926,-275.400340550629,288.514388989988,-5.13412352580514,-2.90083153999505,8.03495506562592
1.101,1008.54511158711,1948.04487040565,49.991974253008,49.9937991805902,1580.01599472225,639.395320095818,326.124627572674,326.534692839081,88.1701673725199,-315.1913581653,227.021190764761,-2.93264731110146,-5.10671968366144,8.03936699438994
1.102,1008.28453681945,1951.13685736021,49.9919763265961,49.99378933849,1581.4404614231,640.166394635863,326.124200232663,326.534615731627,180.833506646434,-324.786813917205,143.953307234331,-0.443221451020951,-6.81717624991932,7.26039770034099
1.103,1008.19476497101,1953.96885969561,49.9919770409778,49.9937803239466,1582.69392563343,641.074869092332,326.1238241934,326.534524884181,255.54294135469,-302.100780907462,46.5578395096742,2.08940319542633,-7.85545200026438,5.76604880400872
1.104,1007.82400252644,1957.0640633837,49.9919799914116,49.9937704716073,1583.48969021404,642.386263630471,326.123585464026,326.534393744727,305.445835874085,-250.500228119869,-54.9456078018964,4.41581594973145,-8.12725274293032,3.71143679215835
1.105,1007.58490370279,1959.99932153781,49.9919818940996,49.9937611283904,1584.80648008993,643.167482841232,326.123190427063,326.534315622806,326.066435802837,-174.29284464514,-151.77359120764,6.31251526540039,-7.60460370734265,1.29208844072733
1.106,1008.01567190412,1962.23342919743,49.9919784661551,49.9937540170049,1586.00195402352,644.075030645884,326.122831784883,326.534224868026,313.183471120936,-80.1635210147069,-233.019950156011,7.59072471981953,-6.33580250712116,-1.25492221403846
1.107,1008.28667817331,1964.5784818423,49.9919763095558,49.9937465524705,1587.33421912139,644.78232518038,326.122432105354,326.534154138572,270.734155055173,21.2066458674447,-291.940800969821,8.12531032629103,-4.44806928132735,-3.67724104637126
1.108,1008.511677753,1966.94418557367,49.991974519066,49.9937390222016,1588.60198602064,645.511180157568,326.122051775284,326.534081253075,201.635396249914,120.382817424797,-322.018213716969,7.86582844461611,-2.12666828718166,-5.73916015884563
1.109,1008.75735155615,1969.27592571474,49.991972564056,49.9937316000422,1589.89651247271,646.255721706961,326.121663417349,326.53400679892,112.253593221927,208.235442145607,-320.489035404097,6.83541749498301,0.407545205719787,-7.24296270205391
1.11,1009.44541982871,1971.07346766153,49.9919670885826,49.9937258782885,1591.07397397191,647.015571525054,326.121310178899,326.533930813938,12.6383800269038,275.222826356358,-287.861206416575,5.1361241744475,2.89583329059171,-8.03195746631
1.111,1010.18872138815,1972.83881212062,49.9919611735768,49.9937202590226,1592.45096049128,647.578930872588,326.120897082943,326.533874478003,-88.5794535116307,315.72751361736,-227.148060135535,2.93605800205367,5.1041323065149,-8.04019030975009
1.112,1010.13480931246,1975.39998344661,49.9919616025954,49.993712106561,1594.77323747859,647.195054570715,326.120200399847,326.533912865633,-180.957417039903,325.310144687558,-144.35272767398,0.447629357438532,6.81494805690137,-7.26257741542454
1.113,1009.99210693084,1977.94455960165,49.9919627381849,49.9937040069236,1597.15166745812,646.721801942085,326.119486870853,326.533960190896,-255.161489792475,302.550930132262,-47.3894403630305,-2.08512462348123,7.85328398155693,-5.76815935906121
1.114,1009.08298706318,1981.2791839083,49.9919699727309,49.9936933924847,1599.18909558332,646.549520134535,326.118875642415,326.533977419077,-304.92884722055,250.646725721321,54.2821214786729,-4.41344051110821,8.12780224003218,-3.71436172981216
1.115,1007.89060071394,1984.8566120015,49.99197946144,49.9936820051774,1600.64218845908,646.959137737571,326.118439714553,326.533936457317,-325.331163411251,173.970378170253,151.3607852223,-6.31022071568644,7.60566528417855,-1.29544456929124
1.116,1006.95712364347,1988.1370957161,49.9919868898145,49.9936715630734,1601.87062994442,647.584584013224,326.118071182107,326.533873912689,-312.891301921171,80.0238509943947,232.867450909055,-7.58930477787968,6.3380192126285,1.25128556452678
1.117,1006.26194776784,1991.14441541618,49.9919924218484,49.9936619904775,1603.23119192535,648.017998265406,326.117663013513,326.533830571264,-270.792136076669,-21.2763757126685,292.068511771176,-8.1257940777446,4.45172150039053,3.67407257668283
1.118,1005.70570236905,1993.97754027163,49.9919968483086,49.993652972361,1604.07509702539,648.934708121374,326.117409841983,326.533738900278,-201.96538888615,-120.670210009113,322.635598876124,-7.86665530638884,2.13052745238936,5.73612785335508
1.119,1005.70010861228,1996.25253950953,49.9919968928223,49.9936457308135,1604.81827489431,649.995185346362,326.117186888622,326.533632852556,-112.87025852314,-208.284332545801,321.154591048572,-6.83751429763445,-0.403261567569766,7.24077586456742
1.12,1005.56133579246,1998.61354305164,49.9919979971413,49.9936382155059,1605.84904805815,650.674392827055,326.116877656673,326.533564931808,-13.7424782535158,-274.65223264663,288.394710877853,-5.14084680256907,-2.89195033100679,8.03279713292608
1.121,1004.86793571176,2001.51786979607,49.9920035150439,49.9936289707467,1607.33590443985,650.906783675421,326.116431599758,326.533541692723,87.9201975159831,-315.094694221221,227.174496680649,-2.94089222355217,-5.10059301092342,8.04148523379446
1.122,1004.46272836474,2004.08975137238,49.9920067395815,49.9936207841934,1608.23986798714,651.722281674357,326.116160410694,326.533460142923,180.743873792872,-325.015613510902,144.271739691557,-0.449866802956808,-6.81212880877516,7.26199561100557
1.123,1004.48875314823,2006.20118654046,49.9920065324828,49.9936140632865,1609.00689933447,652.631996627574,326.11593030129,326.533369171428,255.236848551606,-302.233075205777,46.9962266245106,2.08237835715898,-7.85326291497521,5.7708845570319
1.124,1003.96920424815,2008.84753897389,49.9920106669216,49.9936056396851,1609.86068056475,653.403252673504,326.115674166921,326.533292045823,305.35786647194,-250.615757998633,-54.7421085056807,4.40907903317754,-8.12773799155715,3.71865895752693
1.125,1004.55363263455,2010.35975235857,49.9920060161883,49.9936008261604,1611.05452866954,653.858177468044,326.11531601249,326.533246553344,325.909931100464,-174.47857417771,-151.431356957347,6.30787194389594,-7.60746267756723,1.29959073274703
1.126,1004.75018427329,2012.23544177326,49.99200445208,49.9935948556555,1612.76278175949,653.787368839074,326.114803536563,326.533253634206,313.418270600261,-80.481614581925,-232.936656054231,7.58768719740856,-6.34000071232482,-1.24768648607403
1.127,1004.39454646462,2014.62435911336,49.9920072821558,49.9935872514955,1614.33915146972,653.77456888319,326.114330625649,326.533254914202,270.851495946419,20.6734526849209,-291.524948667544,8.12418999972081,-4.45513879234558,-3.66905120841806
1.128,1003.93236211012,2017.10064658829,49.992010960102,49.9935793692276,1616.33441920283,653.352982407425,326.11373204533,326.53329707285,202.07741487233,120.061719068439,-322.139133976197,7.86731801182325,-2.13346660124,-5.73385141165851
1.129,1003.18793117377,2019.85974528663,49.9920168840952,49.9935705867437,1618.65166493144,652.636386514267,326.113036871611,326.533368732439,112.654562762119,207.865297221353,-320.519860016905,6.83915591977512,0.400116559437142,-7.23927248029388
1.13,1001.90573166675,2023.09671356738,49.9920270875147,49.9935602831537,1620.66713161305,652.12701169411,326.112432231606,326.533419669921,13.130725940953,275.188028593036,-288.318754566103,5.14266359047074,2.88899321058918,-8.03165680212997
1.131,999.683456636075,2027.27271457461,49.9920447718175,49.9935469905296,1622.31697317929,651.990150188067,326.111937279137,326.533433356072,-88.0055130236551,315.462680259837,-227.457167266489,2.94394335463644,5.0977184933864,-8.04166184906707
1.132,997.335733239941,2031.55479795243,49.9920634544066,49.9935333602349,1623.28238826486,652.543363962806,326.111647654611,326.533378034694,-180.918853420107,325.473857338825,-144.555003948045,0.453858358140744,6.81043645238808,-7.26429481153995
1.133,995.944269826815,2034.81063914958,49.9920745273207,49.9935229965705,1622.8160076031,654.476429932317,326.111787568809,326.533184728097,-255.179437382358,302.61627662865,-47.4368392760198,-2.07734719825762,7.85135789685424,-5.7740106995829
1.134,994.580483935006,2038.05299925093,49.992085379984,49.9935126758177,1622.29126885166,656.464256497507,326.111944990435,326.532985945441,-305.059012638251,250.892788589663,54.1662240179248,-4.40660591032583,8.12790723852694,-3.72130132917802
1.135,994.605719297922,2039.86478872088,49.9920851791673,49.9935069087127,1621.83428626262,658.365580996354,326.112082085212,326.532795812991,-325.047950739517,174.341937357868,150.706013349227,-6.3051906936443,7.60845193186097,-1.30326123920194
1.136,995.814589119338,2040.47617236486,49.9920755592869,49.9935049626181,1622.51606343022,659.134545880467,326.111877552061,326.532718916502,-312.997004274004,80.362794226334,232.634210012788,-7.58662698784871,6.34258107974167,1.24404590709401
1.137,996.926154670474,2041.16167131992,49.9920667137293,49.9935027806072,1623.90270308538,659.129675295223,326.111461560165,326.532719403561,-270.838732327128,-21.1069805335945,291.945712822819,-8.12456010307494,4.4583216555994,3.66623844641524
1.138,997.154659321578,2042.71852627314,49.9920648953471,49.993497824984,1626.22638643759,658.194650417856,326.110764455159,326.532812906049,-201.991324060285,-120.265423458317,322.256747477616,-7.86796026806424,2.13661729409742,5.73134297284209
1.139,996.283004609042,2045.36321094216,49.9920718317549,49.9934894066912,1628.55868641051,657.249590645276,326.110064765167,326.532907412026,-113.522063879471,-207.831683559845,321.353747394806,-6.84203709132405,-0.394779916780849,7.23681700690403
1.14,995.10034459033,2048.2790846473,49.9920812430643,49.9934801251769,1630.714793409,656.439940763092,326.109417933068,326.532988377014,-13.7475349156098,-275.187456282931,288.934991149536,-5.14640395655593,-2.88599779215104,8.03240174741192
1.141,993.309672937494,2051.78815328745,49.9920954927765,49.9934689554645,1632.97684586773,655.504288318822,326.10873931733,326.533081942258,87.4425018669097,-314.950216087407,227.507714167297,-2.9478981616665,-5.09428386103457,8.04218202129783
1.142,990.900990990195,2055.90407792595,49.9921146604585,49.9934558540695,1634.16826835461,655.658298315706,326.108381890584,326.533066541259,180.374856998122,-324.908198851735,144.53334179681,-0.458297253496796,-6.80772563644969,7.26602288843001
1.143,988.55481323757,2059.88810693457,49.9921333307478,49.9934431725113,1634.49635722591,656.624113156635,326.108283463923,326.532969959775,255.345301363353,-302.436415852063,47.0911144287779,2.0735118551654,-7.84978347662771,5.77627161983461
1.144,986.391299115542,2063.69226606075,49.9921505474461,49.9934310634967,1633.90618238164,658.495509739753,326.108460516376,326.532782820116,305.372779549862,-250.699444202764,-54.6733354093388,4.40254594753518,-8.12687192057655,3.72432597131136
1.145,985.517812525944,2066.20639670999,49.9921574984316,49.9934230607703,1633.47619875588,660.200527767164,326.108589511464,326.532612318314,325.801633674808,-174.603472255846,-151.198161482267,6.30289774780423,-7.61019529496032,1.30729754534057
1.146,985.111902097573,2068.21052162202,49.9921607285641,49.9934166814426,1633.19411073758,661.760888822191,326.108674137869,326.532456282208,313.363225150702,-80.5828091611008,-232.780416051515,7.58459743431476,-6.34514160579168,-1.23945583039506
1.147,985.108829873152,2069.77822757391,49.9921607530121,49.9934116912796,1633.68185163403,662.499907167471,326.1085278156,326.532382380374,271.24279342218,20.4499877844201,-291.692781264148,8.12370977666746,-4.46083847128269,-3.6628713072613
1.148,985.459358619829,2071.00057277238,49.992157963593,49.9934078004339,1635.09433465891,662.309114479056,326.108104070693,326.532401459642,201.965258253106,120.040880131598,-322.006138436299,7.86962397151769,-2.14076035824589,-5.72886361509688
1.149,985.970509126482,2072.0509288672,49.9921538959865,49.9934044570467,1636.39390252616,662.245557559041,326.107714200333,326.532407815334,113.026393337665,207.429133205707,-320.455526590348,6.84340602716078,0.392099427890759,-7.23550545677537
1.15,985.790819252575,2073.76463068261,49.9921553259131,49.9933990021644,1638.20203052436,661.629941686848,326.107171761933,326.532469376922,13.6051352509151,274.888833725537,-288.49396902047,5.14842663240107,2.88356871386773,-8.03199534789423
1.151,984.75792891708,2076.32366331249,49.9921635453932,49.9933908565105,1640.61214460107,660.381193575773,326.10644872771,326.532594251733,-87.7886511520762,315.487522375265,-227.698871265525,2.95134235607568,5.09232822925365,-8.04367058687158
1.152,983.252087680305,2079.33514209285,49.992175528497,49.9933812706758,1642.68432508789,659.5023543779,326.105827073564,326.532682135653,-180.408503703559,325.240971103542,-144.832467440917,0.462199927186352,6.80536513240515,-7.26756506106264
1.153,981.05188324348,2083.00315053575,49.9921930371676,49.9933695950423,1644.48813282051,658.840228044954,326.105285931244,326.532748348286,-254.565855760275,302.478692914449,-47.9128371938445,-2.06945270011815,7.84955682570374,-5.78010412699446
1.154,978.37247899046,2087.13148603065,49.9922143591892,49.9933564541423,1645.26414102575,659.202327888717,326.105053128783,326.532712138302,-304.97162857391,251.138947404667,53.8326811304299,-4.39973191588329,8.1274820282475,-3.72775011371998
1.155,976.214447472097,2090.72312603134,49.9922315322584,49.9933450215971,1645.02144459516,660.567377100927,326.105125937712,326.53257563338,-325.332576686101,174.587823346119,150.74475330146,-6.30020587233705,7.61069232031016,-1.31048644928722
1.156,975.146353786882,2093.20072687379,49.9922400318778,49.9933371351487,1644.34122666698,662.373826751597,326.10533000309,326.532394988415,-312.835731787363,80.5427310621377,232.293000686944,-7.58282127552966,6.34725681709283,1.23556445715373
1.157,974.59622734475,2095.1165346318,49.992244409645,49.9933310369432,1643.6434114128,664.139623262377,326.105539347667,326.532218408764,-271.121514532017,-20.5432288100618,291.664743303091,-8.12266591590531,4.46431750267907,3.65834841196269
1.158,974.431891093176,2096.67265107159,49.9922457173913,49.9933260836707,1643.79162735453,665.072044056289,326.105494882884,326.532125166685,-202.586871973139,-120.032974897044,322.619846829112,-7.87066251386211,2.14467661910498,5.72598589349182
1.159,974.554535380701,2097.92801374939,49.9922447414191,49.9933220877272,1644.83767827631,665.128537676661,326.105181067607,326.532119517323,-113.566559093487,-207.680663068288,321.247222117802,-6.8457130908094,-0.388121257249686,7.23383434676551
1.16,974.502690662861,2099.31101815558,49.9922451539862,49.9933176854875,1646.39636360232,664.606483911816,326.10471346201,326.532171722699,-13.9037130751059,-274.97051352183,288.874226550405,-5.15128718465703,-2.87890223170793,8.03018941502516
1.161,973.598743896853,2101.55276767069,49.992252347366,49.9933105497771,1647.90225820128,664.127630711405,326.10426169363,326.532219608019,87.2489693039384,-314.903714855969,227.65474550307,-2.95398390755444,-5.08870357935596,8.04268748551373
1.162,972.46053805604,2104.02575668532,49.9922614049203,49.9933026780086,1649.34725896338,663.734384550697,326.103828193401,326.532258932635,180.187342042072,-324.88674401372,144.69940192077,-0.465673139610295,-6.80376596092752,7.26943909907962
1.163,971.362512043469,2106.41253704823,49.9922701427337,49.9932950806508,1650.85502928451,663.238470969469,326.103375862305,326.532308523993,254.763685717895,-302.372475576491,47.6087898063568,2.06639279793387,-7.84910457524208,5.78271177579231
1.164,970.053997568759,2109.00399131859,49.992280555561,49.9932868317956,1652.19427273181,662.901447051103,326.102974089271,326.532342226385,305.26723029253,-250.847098736382,-54.4201316092276,4.39713200878058,-8.12812983355214,3.73099782320578
1.165,968.56685112976,2111.76725768242,49.9922923898964,49.9932780360456,1653.15418261297,662.941722578375,326.102686116306,326.532338198833,325.752166970995,-175.02917082656,-150.72299619776,6.29812693928848,-7.61224163892482,1.31411469803199
1.166,966.803805012549,2114.80391105257,49.9923064197716,49.9932683700777,1654.78959072797,662.295117699926,326.102195493872,326.53240285932,313.418441711962,-80.8791016876244,-232.53934007711,7.58217519896704,-6.35131281098137,-1.23086238961222
1.167,964.657908655134,2118.17854847638,49.9923234962722,49.9932576282732,1655.82778213605,662.214019424796,326.10188403645,326.532410969148,271.151424077786,20.2329677895976,-291.384391919,8.1235504766892,-4.46864980695391,-3.65490067136835
1.168,962.239856736726,2121.7953547131,49.992342738518,49.9932461156214,1656.25128248324,662.75287958806,326.101756986345,326.532357083132,202.07228689923,119.618435923532,-321.690722873597,7.86976988974391,-2.14749447805176,-5.72227541331422
1.169,960.490969432763,2124.76430539482,49.992356655721,49.9932366651578,1656.10253465546,663.873367149858,326.101801610694,326.532245034375,113.2507542926,207.484644029148,-320.735398369958,6.84769692044548,0.383942388050862,-7.23163931009092
1.17,959.307662862172,2127.08894544815,49.9923660721755,49.9932292655987,1655.77122975113,665.111096939803,326.101901002165,326.532121261396,13.6011739137375,274.528165103697,-288.129339064615,5.15298212917467,2.87496667510994,-8.02794880585004
1.171,958.540423247476,2129.04220847119,49.9923721776743,49.9932230481694,1654.83297477069,666.949442473992,326.102182478659,326.531937426843,-87.5415024194634,315.344578929716,-227.803076555938,2.95771172434976,5.08613349882458,-8.04384522470752
1.172,958.502746345456,2130.25731059522,49.9923724774976,49.9932191803792,1654.44923256805,668.264013743275,326.10229760132,326.531805969716,-180.288955043367,325.368288959792,-145.079333960326,0.46977934582255,6.80211294638884,-7.27189229370564
1.173,959.097782103057,2130.77713964097,49.9923677423535,49.993217525712,1655.19104386802,668.418973155286,326.10207505793,326.531790473775,-254.457277148073,302.612435625956,-48.1551585197044,-2.06260244574059,7.84730878657107,-5.78470634227894
1.174,959.492224392842,2131.51505771822,49.9923646034815,49.9932151768458,1656.69518694019,667.782493549999,326.101623815008,326.531854121735,-304.683995792846,251.049304276334,53.6346914768667,-4.39322283983135,8.12800905544773,-3.73478621701195
1.175,958.518277278538,2133.63103852371,49.9923723539064,49.9932084414697,1659.22137362823,666.15296264384,326.100865959002,326.532017074826,-325.41539375118,174.880056713394,150.535336999815,-6.29530646736938,7.61338264971707,-1.31807618368818
1.176,956.425022061138,2136.83484114354,49.9923890115021,49.9931982434492,1661.85740913873,664.394327560315,326.100075148349,326.532192938334,-312.989769349003,80.6696823849649,232.320086926987,-7.58010261250991,6.35137854018048,1.228724071039
1.177,953.605727358414,2140.74057590612,49.9924114467365,49.9931858111093,1663.15575198758,663.919135993211,326.099685645494,326.532240457491,-271.482225738123,-20.1614441367304,291.643669837657,-8.12313502451263,4.47134448642695,3.65179053683264
1.178,950.803551616699,2144.61289214703,49.9924337457425,49.9931734851439,1663.49986390396,664.407082196309,326.099582411919,326.532191662871,-202.826062018891,-119.806751204181,322.632813184656,-7.87194394945301,2.15237864063142,5.71956530758526
1.179,948.812187912913,2147.68877759476,49.9924495925114,49.9931636942965,1662.6468870235,666.136447959733,326.099838304983,326.532018726294,-113.7310847086,-207.402702966188,321.133787634536,-6.85044045986988,-0.380084808924468,7.23052526755233
1.18,947.845128509348,2149.66234110477,49.9924572881256,49.9931574122487,1661.69663470386,667.896595752344,326.100123380679,326.531842711515,-14.25580183202,-274.728951165378,288.984752954399,-5.15631672616239,-2.87190761833955,8.0282243432308
1.181,947.204633546492,2151.34116601175,49.9924623850226,49.993152068383,1661.27335198364,669.116852571529,326.100250365495,326.531720685833,86.9733259714527,-314.937398337943,227.964072320276,-2.96138714558281,-5.08293778309609,8.04432492735648
1.182,947.231317367299,2152.3403135381,49.9924621726795,49.9931488879977,1661.32228456953,669.892034047422,326.10023568572,326.531643167686,179.889094445935,-325.054786370006,145.165691874765,-0.47301445249749,-6.79948543705124,7.27249988815907
1.183,947.529372337275,2153.02465203154,49.9924598008334,49.9931467096806,1662.18046219938,669.818064627771,326.099978232431,326.531650564628,254.731128140917,-302.741670176756,48.0105419848924,2.05903056968491,-7.84605497423262,5.78702440309085
1.184,947.252786097962,2154.30373713828,49.9924620018368,49.9931426382263,1663.8228922344,668.940438300413,326.09948550342,326.53173832726,305.30096704783,-251.3864915789,-53.9144755209367,4.38970128405209,-8.12777233769758,3.73807105212956
1.185,946.466815268287,2156.09315549143,49.9924682563939,49.9931369423307,1665.79847481879,667.758068548137,326.098892828645,326.531856564236,325.602284169117,-174.990310843172,-150.611973378914,6.29351767003098,-7.61422958647318,1.32071191487808
1.186,944.829504151602,2158.72079416203,49.9924812857018,49.9931285782971,1667.5344926559,666.786062326088,326.098372023294,326.531953764858,313.680936019757,-81.5250693195138,-232.155866755716,7.57941731712812,-6.35496706178755,-1.22445025695607
1.187,942.323918671665,2162.16565536634,49.9925012245175,49.9931176129633,1668.82165226556,666.239315342118,326.097985875411,326.532008439556,271.441273165904,19.7724347227263,-291.213707945531,8.12143015414899,-4.47312110721967,-3.64830904860089
1.188,939.684109535206,2165.76348202135,49.9925222314511,49.9931061607254,1668.99523981079,666.791374512875,326.097933799147,326.531953233639,202.571999905867,119.326319060922,-321.898319023742,7.87321999304431,-2.15596403991981,-5.71725595484081
1.189,938.142144078459,2168.24161585321,49.9925345020224,49.9930982725804,1668.84067611647,667.731023693271,326.097980168255,326.531859268721,113.582639904965,207.187408253773,-320.770048215757,6.85144646358912,0.377295789187498,-7.22874225452001
1.19,937.349739539551,2169.93592248993,49.9925408077773,49.9930928794349,1668.55781355932,668.713154654264,326.098065027023,326.531761055625,13.8918892803579,274.537148576396,-288.429037914508,5.1601674343416,2.86772727217564,-8.02789470828692
1.191,936.713567985786,2171.50066371704,49.9925458702697,49.9930878987088,1668.25322773227,669.724571826564,326.098156402771,326.531659913908,-87.0118370774025,315.208704277278,-228.196867256832,2.96533068333038,5.08040653051918,-8.04573721563599
1.192,936.183572725235,2172.94334449676,49.992550087838,49.9930833065133,1668.75113324619,669.961972343488,326.098007031117,326.531636173856,-179.907772239869,325.2840679325,-145.376295747017,0.477464550317807,6.79698872439739,-7.27445327649485
1.193,935.750198739129,2174.25018408704,49.9925535365186,49.9930791467137,1669.44919288531,669.956840415708,326.097797613225,326.531636687049,-254.70666425131,302.952753040299,-48.2460888399247,-2.05534557266397,7.84566643082195,-5.79032085990164
1.194,934.956267672109,2175.92846343761,49.9925598544213,49.9930738045846,1670.79607187142,669.292509876574,326.097393549529,326.531703120103,-304.705854212623,251.455546630844,53.2503075350106,-4.38697775613557,8.12884195047836,-3.74186419602111
1.195,934.043646342575,2177.7209614508,49.9925671168311,49.9930680988862,1672.07083366932,668.704362817475,326.09701112099,326.531761934809,-325.259782801382,174.892795398335,150.366987360143,-6.29043982537484,7.61637277558156,-1.32593295179828
1.196,932.707034620941,2179.92211784983,49.9925777532492,49.9930610923878,1673.09397498547,668.377503212148,326.096704178595,326.531794620769,-313.107599609008,81.0026745030491,232.104925063507,-7.57766423426957,6.35674010906756,1.2209241236928
1.197,930.89944323357,2182.5430353979,49.9925921376044,49.9930527497481,1673.99759015255,668.107892853646,326.096433094045,326.531821581805,-271.828325502149,-19.882880582957,291.711206039866,-8.12119869486222,4.47674367888328,3.64445501450745
1.198,929.172142392561,2185.12949534305,49.9926058830277,49.9930445167904,1674.54711212102,668.217963045979,326.096268237454,326.531810574786,-202.770399245849,-119.395145577133,322.165544773413,-7.87369366999779,2.15924201220776,5.7144516563072
1.199,927.163143321754,2187.98173601223,49.9926218701344,49.9930354378264,1674.96342626647,668.483034075385,326.09614334321,326.531784067683,-113.999474373471,-207.303720511981,321.303194830929,-6.85366954913717,-0.372647680007938,7.22631722760425
1.2,925.292723299047,2190.64673467145,49.992636754464,49.9930269548722,1674.33174028047,669.735152100663,326.096332849006,326.53165885588,-14.4543602231294,-274.74152728433,289.195887448059,-5.16287436029465,-2.86462424045424,8.02749859911908
1.201,924.716530966473,2192.00664112833,49.9926413396569,49.9930226261555,1673.3598925378,671.331805934408,326.096624403329,326.531499190497,86.7227168132062,-314.891219495628,228.168502618146,-2.96732315291946,-5.07741895257252,8.0447421037529
1.202,924.513329855814,2193.01951637876,49.99264295668,49.9930194020734,1672.81435781721,672.51224280347,326.096788063745,326.53138114681,179.635084449817,-324.804605746492,145.169521228865,-0.48100252859426,-6.79504978983757,7.2760523165738
1.203,924.820792881882,2193.47381148757,49.9926405099669,49.9930179560072,1673.50812127445,672.435470252976,326.096579934708,326.531388824065,254.638629580709,-302.804671137044,48.1660414856293,2.05180121920713,-7.8446108156407,5.79280959446533
1.204,924.578407466127,2194.51911069979,49.9926424388088,49.9930146287165,1675.27619440662,671.275280984325,326.096049512768,326.531504842992,304.997319978472,-251.320417561087,-53.6769024896124,4.38465582395538,-8.12908191577087,3.7444260897532
1.205,922.772313179181,2197.09403866344,49.9926568112505,49.9930064324662,1677.10087066466,670.050277958299,326.095502109891,326.531627343295,325.738065487577,-175.308332641764,-150.429732918596,6.28758920362409,-7.61674923586543,1.32916003010619
1.206,920.999608017294,2199.62838808678,49.9926709179899,49.9929983653814,1678.03522552063,669.725426557964,326.095221803434,326.531659828435,313.734787483052,-81.4588712139334,-232.275916341744,7.57653124772469,-6.35919582323619,-1.21733542667227
1.207,919.30340481615,2202.0435903753,49.9926844159461,49.9929906775538,1678.18432158735,670.151445599222,326.095177074614,326.53161722653,271.675593920616,19.432479110815,-291.108073103116,8.12141819853388,-4.47886081585274,-3.64255738489155
1.208,917.458546064387,2204.63157769198,49.9926990968656,49.9929824397343,1678.15887258975,670.739856178125,326.095184709313,326.531558385473,202.969652658467,118.798000441739,-321.767653169635,7.87461683628113,-2.16277292551854,-5.71184391297468
1.209,916.532960417298,2206.30519752579,49.9927064624422,49.9929771124369,1678.20789827065,671.292513330295,326.095170001609,326.531503119757,113.709926296928,207.151316728593,-320.861243094978,6.856283206243,0.368566475124204,-7.2248496835612
1.21,915.95312801687,2207.57689155758,49.9927110766018,49.9929730645091,1677.8095489821,672.237372022166,326.095289506396,326.531408633888,14.4292845800799,274.598424820628,-289.027709473756,5.16640391106843,2.86050191744104,-8.02690583072197
1.211,915.467106532987,2208.77084307831,49.9927149442379,49.9929692640433,1678.46217357154,672.138338642734,326.095093719019,326.531418537226,-86.6715453973774,315.086477038176,-228.414931716344,2.97182451839816,5.07351788101892,-8.04534240167489
1.212,914.745280580884,2210.21401435574,49.9927206883463,49.9929646702865,1679.39254569728,671.780754259045,326.094814607381,326.531454295665,-179.682473143229,325.443760850484,-145.761287783979,0.484693310898125,6.79269940103015,-7.27739271423789
1.213,913.769271151426,2211.86675143973,49.9927284551825,49.992959409461,1680.10903311165,671.611291471182,326.094599661157,326.531471241943,-254.234738785639,303.027047157606,-48.7923084482446,-2.04925392008736,7.84385864912632,-5.79460473138685
1.214,912.430344344,2213.90707627108,49.9927391100235,49.9929529149053,1681.01494040712,671.236671052349,326.094327888968,326.531508703985,-304.630709827772,251.562373088594,53.0683366644448,-4.3810788069405,8.12933499441158,-3.74825618983339
1.215,910.913492341979,2216.09075920237,49.9927511807482,49.9929459640267,1681.7130121222,671.072400559679,326.094118467454,326.531525131034,-325.097570165242,175.285320827736,149.812249265025,-6.2857088461311,7.61779219135191,-1.33208334757231
1.216,909.509117070818,2218.16799907357,49.9927623564116,49.9929393519668,1682.03188529128,671.290545292995,326.094022805503,326.531503316561,-313.331546176025,81.5616866003364,231.769859505802,-7.5749443234191,6.36128151831297,1.21366280279086
1.217,907.987397404935,2220.33038488937,49.9927744658719,49.992932468879,1682.23823929598,671.568944872047,326.093960899302,326.531475476603,-271.526465918236,-19.8383755099599,291.364841360818,-8.12142979995302,4.48314874111339,3.63828105657525
1.218,906.735555484648,2222.22013762438,49.9927844277134,49.9929264536092,1681.61704260535,672.701999551119,326.094147258309,326.531362171135,-203.136428314452,-119.162198668218,322.298626917837,-7.87486667433329,2.16595245403275,5.70891421809775
1.219,906.11728608177,2223.5033179716,49.992789347745,49.9929223691193,1681.80141677866,673.057023960265,326.094091946057,326.531326668694,-114.672728741852,-206.711346494723,321.3840751741,-6.85795981346102,-0.365053993083408,7.22301380440724
1.22,905.529724925983,2224.68946162564,49.9927940234081,49.9929185935068,1682.20264119047,673.138502371103,326.093971578733,326.531318520853,-15.000040066491,-274.488609358141,289.488649364284,-5.16800973083636,-2.85805641789737,8.02606614666329
1.221,905.768902877981,2225.07648927834,49.9927921200904,49.9929173615595,1682.73947196559,673.075241509829,326.093810529501,326.531324846939,86.3494168952635,-314.819402954486,228.469986000649,-2.97526980960829,-5.07081953799853,8.04608934560155
1.222,905.490571963793,2226.00520124544,49.9927943349774,49.9929144053775,1684.00792451856,672.321083384539,326.093429993735,326.531400262752,179.421296646391,-324.780151058306,145.358854355268,-0.487588049961874,-6.79171406667601,7.27930211469204
1.223,904.072350926584,2228.0194270525,49.9928056208219,49.9929079938976,1685.42189951573,671.372312602269,326.093005801236,326.53149513983,254.475061554971,-302.748959501609,48.2738978909533,2.04455055440686,-7.84213727677648,5.79758672047913
1.224,902.037699608344,2230.66107158352,49.9928218120626,49.9928995852819,1685.96143112792,671.28498559589,326.092843941752,326.531503872531,304.854940164982,-251.773369818983,-53.0815704011832,4.37661438103498,-8.12883793174299,3.75222354886408
1.225,900.059274043058,2233.23990838179,49.992837555873,49.9928913765894,1686.37583811232,671.36121167891,326.092719619657,326.531496249922,325.658868671702,-175.721291238734,-149.937577489087,6.28347135652061,-7.61944792075303,1.33597656241978
1.226,898.371086373498,2235.50743528319,49.9928509900436,49.9928841588271,1685.83515351977,672.377762027827,326.092881825034,326.531394594888,314.002894011018,-82.0238619728429,-231.979032098021,7.57310716317783,-6.36303356410193,-1.21007360090217
1.227,897.366450148839,2237.07982181242,49.9928589846847,49.9928791537654,1684.91412648691,673.736011714709,326.093158133144,326.531258769919,271.654198009658,19.4184900328206,-291.072688104438,8.12169022126291,-4.48637268241889,-3.63531754070711
1.228,896.962137863654,2238.05236171048,49.9928622020996,49.9928760580747,1684.22654350619,674.857010259989,326.093364408039,326.531146670064,203.105186724952,118.667485066638,-321.77267185421,7.87660494871588,-2.1699554584873,-5.70664949213029
1.229,897.293829659524,2238.29354431259,49.9928595625802,49.9928752903666,1683.51076428204,676.053694340894,326.093579141806,326.531027001656,114.121029867882,206.674023056285,-320.795052987097,6.85956975070281,0.3618549496002,-7.22142470223359
1.23,898.12630559877,2238.00015914208,49.9928529379472,49.9928762242406,1683.71392553245,676.273150917881,326.093518193431,326.531005055999,14.4490329567333,274.335394796271,-288.784427815106,5.17114052069369,2.85396530195358,-8.02510582459263
1.231,898.641827678793,2238.05209691112,49.9928488355528,49.9928760589176,1685.03962828137,675.380121296864,326.093120482606,326.531094358961,-86.8528366880486,315.456229185474,-228.6033925576,2.97843509052857,5.0693068466084,-8.04774193907587
1.232,898.264007106709,2239.00040376373,49.9928518421534,49.9928730403631,1686.8609813515,673.997739048982,326.092574076685,326.531232597185,-179.479464804086,325.448187996473,-145.968723250127,0.492096150971698,6.7891020278297,-7.28119818071095
1.233,897.404921648438,2240.38486158585,49.9928586785382,49.992868633497,1688.3386662979,672.930170050158,326.092130771201,326.531339354085,-253.931154452511,302.91806790454,-48.9869135084748,-2.03980765459124,7.84121773990549,-5.80141008718413
1.234,895.764177027788,2242.57354859408,49.9928717351691,49.9928616666899,1689.9862960162,671.706364970406,326.091636482286,326.531461734593,-304.383807662099,251.594531685733,52.7892759205677,-4.37450844195157,8.12906401875066,-3.75455557863162
1.235,893.19204055262,2245.66283673486,49.9928922035808,49.9928518331803,1690.67456548116,671.433617273484,326.091430001446,326.531489009363,-325.054263982835,175.581731484276,149.472532442625,-6.28057291328751,7.62004348990107,-1.33947057841848
1.236,890.843845745686,2248.54203384151,49.9929108899213,49.9928426684113,1690.70050196548,671.83939384886,326.091422220501,326.531448431705,-313.559425090229,81.5429285260563,232.016496506894,-7.57259076433855,6.36582540094132,1.2067653616025
1.237,888.932305955191,2250.93933369934,49.9929261014717,49.9928350375688,1689.80709967858,673.118257471727,326.091690241187,326.531320545343,-271.794490168573,-19.4265166419589,291.221006750772,-8.12130153961478,4.48845600623858,3.63284553156698
1.238,887.813283768258,2252.55458645883,49.9929350063673,49.9928298960596,1688.55200050427,674.741612388834,326.092066770939,326.531158209852,-203.426048106608,-118.866854584442,322.292902627905,-7.87745775390749,2.17407017015168,5.70338758190488
1.239,887.707627891157,2253.16159749156,49.99293584715,49.9928279638835,1687.50144350534,676.224558606698,326.092381938039,326.53100991523,-114.514636800306,-206.762009754818,321.276646488275,-6.86157728433089,-0.357698468677277,7.2192757510897
1.24,888.054670415777,2253.30290549236,49.9929330854734,49.9928275140862,1687.46703556251,676.633796201052,326.092392260422,326.53096899147,-15.2840380081586,-274.349368382646,289.633406320927,-5.17494528586078,-2.85154381931311,8.02648910317437
1.241,888.594594676882,2253.24812927232,49.9929287888926,49.9928276884443,1687.7745991016,676.699294985734,326.09229999136,326.530962441592,86.3671855995266,-314.899454180463,228.532268508634,-2.98225270908509,-5.06547582820994,8.04772853521261
1.242,889.089210445568,2253.24942495365,49.9929248528654,49.99282768432,1688.83326420207,676.028796907244,326.09198239183,326.5310294914,179.076966579474,-324.801577778276,145.724611125024,-0.496190625650992,-6.78685562347763,7.28304624697028
1.243,888.975491775067,2253.82067583281,49.9929257578098,49.992825865972,1690.35843591368,674.878352600589,326.091524840316,326.53114453583,254.148722015318,-302.746844359718,48.5981222698692,2.03726780498676,-7.84009302939736,5.80282522218929
1.244,888.022626574712,2255.25646788048,49.9929333404702,49.9928212957039,1691.7929119893,673.806847850902,326.091094497494,326.531251686305,304.783259519422,-251.602702789938,-53.1805568037841,4.37222206591272,-8.12970849959249,3.75748643141306
1.245,886.661871986874,2257.08915384141,49.9929441690111,49.9928154620833,1692.78629242931,673.187070394281,326.090796483362,326.531313664051,325.796964088759,-175.941818192571,-149.855145968905,6.27906470753912,-7.62211519519269,1.34305048536602
1.246,884.472164897245,2259.74788796517,49.9929615941465,49.9928069990698,1693.60805214863,672.729361551422,326.090549955446,326.531359434935,313.81569120056,-81.9532954742763,-231.862395797122,7.57024958404727,-6.36820119729726,-1.20204838902823
1.247,882.356465343051,2262.29073948867,49.9929784303486,49.992798904922,1693.37449021141,673.304503262639,326.090620024027,326.531301920764,271.95766772761,18.7243215670043,-290.681989364267,8.1209699683729,-4.49216032845452,-3.62880964217851
1.248,880.369943938266,2264.71579374495,49.9929942385836,49.9927911857345,1692.82745023929,674.19591133363,326.090784136019,326.531212779957,203.16926405798,118.377867187445,-321.547131314994,7.87769362157731,-2.17642893751577,-5.70126468629779
1.249,879.49775311995,2266.02359196044,49.9930011792576,49.9927870228835,1691.24098768354,676.156709214216,326.091260074785,326.531016700169,114.410372574209,206.365099187411,-320.775471828422,6.86272654496989,0.354759191721865,-7.21748573889754
1.25,879.873453122142,2266.06231663419,49.992998189532,49.9927868996191,1689.93596261331,677.76540764936,326.091651582306,326.530855830325,15.24810093525,273.818112284266,-289.066213281098,5.17773199554237,2.84656810731197,-8.02430010499518
1.251,880.636414714412,2265.71605774177,49.9929921180766,49.9927880017954,1689.38376466335,678.651454662319,326.091817241691,326.530767225624,-86.4693486539034,315.089840347935,-228.620491752364,2.98510047400288,5.06222252832397,-8.0473230043836
1.252,881.644448785744,2265.16384944323,49.9929840963963,49.992789759529,1688.93728215934,679.450988590482,326.091951186443,326.530687272231,-179.449278451713,325.686831570099,-146.237553174097,0.498859542144591,6.7861653326483,-7.28502487676341
1.253,883.013255295712,2264.19406663953,49.9929732037802,49.9927928464435,1690.18192581582,678.533557710173,326.091577793346,326.530779015319,-253.988222006346,303.15714000752,-49.1689180553095,-2.03398664688189,7.83941995280365,-5.80543330781145
1.254,882.988895837658,2264.63959007014,49.9929733976266,49.9927914282984,1691.96206080406,677.068310724943,326.091043752849,326.530925540018,-304.121407198475,251.867582944965,52.2538242000763,-4.36796784665917,8.12881439744795,-3.76084655261124
1.255,882.191443563401,2265.8622949982,49.9929797435502,49.9927875363077,1694.35583360412,675.003939038019,326.090325621009,326.531131977187,-325.025293845768,175.603629736441,149.421664055613,-6.27645141646117,7.6233428664674,-1.34689145178077
1.256,880.472290115701,2268.00411591954,49.9929934241386,49.99278071868,1696.16195292445,673.532933278133,326.089783785213,326.531279077763,-313.303833137265,81.9690891284689,231.334743955686,-7.56965544207674,6.37049208046994,1.19916335986614
1.257,878.133917999165,2270.72747598381,49.9930120323127,49.9927720499557,1697.44714778885,672.541023550411,326.089398226754,326.531378268735,-271.90494597942,-19.2330468798963,291.13799280625,-8.12084264454412,4.49478600988821,3.62605663294361
1.258,875.76612076312,2273.47762413783,49.9930308746444,49.9927632959622,1696.82480192731,673.453405740377,326.089584930512,326.531287030516,-203.46679700937,-118.653047731124,322.119844687678,-7.87817900684604,2.18003604300141,5.69814296215336
1.259,873.721028226921,2275.91545946585,49.9930471489737,49.9927555360913,1695.23169924884,675.386243275865,326.090062861316,326.531093746763,-114.814706106663,-206.599077200869,321.413783254686,-6.86468627002571,-0.351174927028555,7.21586119537845
1.26,872.849239133935,2277.14204834765,49.9930540864509,49.9927516317377,1693.58119394373,677.328229085589,326.090558012907,326.530899548182,-15.2151467144939,-274.38693422231,289.602080884125,-5.17938530525998,-2.84437153569665,8.02375683929148
1.261,873.08897293347,2277.27807379314,49.9930521787099,49.9927511987552,1692.18619509027,678.996628176042,326.090976512563,326.530732708273,85.9513780932746,-314.799082366229,228.847704220589,-2.98887961758318,-5.05920395410092,8.04808357002885
1.262,873.955026634369,2276.7947056976,49.9930452868736,49.9927527373637,1691.38497466737,680.112600590722,326.09121687869,326.530621111031,178.798598195933,-324.892721367892,146.09412312011,-0.503164571641833,-6.78295797133924,7.2861225413369
1.263,875.199637881417,2275.90052450271,49.9930353825719,49.9927555836308,1691.47945729282,680.308571143627,326.091188533903,326.530601513976,253.963956641862,-303.000144298801,49.0361876037684,2.03103921048558,-7.83856718439389,5.80752797226462
1.264,876.080085172091,2275.38216932841,49.993028376195,49.9927572336066,1692.48719719656,679.576972038494,326.090886211931,326.530674673887,304.720136632983,-251.852072212041,-52.8680644755923,4.36527950572774,-8.12895038783618,3.7636708804471
1.265,876.503068677519,2275.34730864592,49.9930250101992,49.9927573445716,1693.92015837208,678.421892244353,326.090456323579,326.530790181866,325.765257233034,-176.271469232278,-149.493788056115,6.2744016850168,-7.62550623143629,1.35110454473273
1.266,876.073487118263,2276.15357491375,49.9930284287007,49.9927547781463,1696.18087876667,676.464123541019,326.08977810746,326.530985958736,313.709564551104,-82.2499491525307,-231.459615453484,7.56850495874785,-6.37350872845364,-1.19499623199815
1.267,874.641389089335,2277.9202706629,49.9930398249747,49.9927491545791,1697.39466980734,675.493830892405,326.089413970148,326.531082988001,272.131080572576,18.5267756027714,-290.65785622863,8.1202564506608,-4.49871614371857,-3.62154030864838
1.268,872.52432676021,2280.3841461087,49.9930566720214,49.99274131182,1697.21325301567,675.95561822433,326.089468395186,326.531036809268,203.560204445875,118.005612115501,-321.565816612132,7.88000389585175,-2.18276115805287,-5.69724273948484
1.269,871.302478271938,2281.95647617941,49.9930663951827,49.9927363069379,1696.65183491697,676.811005626218,326.089636820615,326.530951270528,114.896875446888,205.907028921176,-320.803904415064,6.867467632878,0.346541211781324,-7.21400884630077
1.27,870.242487019504,2283.33593413541,49.9930748303251,49.9927319159869,1696.55944886295,677.155600538506,326.089664536431,326.530916811037,15.2391607108042,274.287264419708,-289.526425172971,5.18280713810358,2.84031863820295,-8.02312577787343
1.271,870.023742719042,2283.87074024243,49.9930765710369,49.9927302136462,1696.01861198705,677.949924155508,326.089826787494,326.530837378675,-86.2006201411041,314.984487738368,-228.783867635777,2.99134591553972,5.05721477174518,-8.04856068875773
1.272,870.004178334161,2284.243657452,49.9930767267254,49.9927290266138,1695.73281371265,678.506581611686,326.089912526977,326.530781712929,-178.960292242623,325.50445059702,-146.544158390183,0.506147832526071,6.78106538307564,-7.28721321697691
1.273,869.957514312291,2284.60300545945,49.9930770980659,49.9927278827736,1695.38698567233,679.103372231953,326.090016275389,326.530722033867,-253.636069015091,303.267499188997,-49.6314302079497,-2.02662544007615,7.83748940325081,-5.81086396446231
1.274,869.553999391788,2285.31417892616,49.9930803091356,49.9927256190381,1695.47893794315,679.246193525443,326.089988689707,326.530707751738,-304.143318911667,252.010032282619,52.1332865953647,-4.36126033611921,8.1284882819243,-3.76722794702289
1.275,869.581588047685,2285.6132059269,49.993080089592,49.9927246672056,1696.00792349053,678.994840582044,326.089829994043,326.530732887032,-325.097954996385,175.876470800206,149.2214841614,-6.27227055891494,7.62536983446861,-1.35309927672832
1.276,869.20687377809,2286.30705993817,49.9930830714734,49.9927224585997,1696.57809566335,678.669640354496,326.089658942391,326.530765407055,-313.597029436654,82.6822935613509,230.914735838729,-7.56666270022111,6.37474877316381,1.19191392589588
1.277,868.530948233103,2287.293141853,49.993088450318,49.9927193198035,1696.87985403916,678.589147868192,326.089568414879,326.530773456304,-272.247689566456,-18.6922049713622,290.939894498389,-8.12132506622175,4.50169795018304,3.61962711486087
1.278,867.988899802558,2288.13768133274,49.9930927638024,49.9927166315508,1696.50816738409,679.191541292355,326.089679920875,326.530713216961,-203.858526547763,-118.401059490375,322.25958599535,-7.88133278830523,2.18771619722093,5.69361658986425
1.279,867.712543547297,2288.73347736741,49.9930949629756,49.9927147350731,1695.99525730168,679.981803935723,326.0898337939,326.530634190697,-115.125927747489,-206.349150397583,321.47507809831,-6.86977363963982,-0.34378073186426,7.21355437021987
1.28,867.756487103785,2288.94028397583,49.9930946132839,49.9927140767873,1695.68776134542,680.494689649862,326.089926042687,326.530582902125,-15.7700610886039,-273.702080547984,289.472141584983,-5.18469796886152,-2.83651426898813,8.021212236476
1.281,868.090899204917,2288.91460924883,49.9930919521169,49.9927141585125,1695.11909075131,681.287252180886,326.090096643865,326.530503645872,85.3682089794706,-314.612689488373,229.244480452498,-2.99490549216684,-5.05468358953427,8.04958908021746
1.282,868.523749047927,2288.78067984321,49.9930885076073,49.992714584823,1695.78123574631,680.875036737303,326.089898000366,326.530544867417,178.437670151941,-324.832361797323,146.394691585148,-0.509750671949824,-6.77886048666927,7.28861115701551
1.283,868.818197018621,2288.76117981804,49.9930861644648,49.9927146468935,1696.51000585695,680.35749023065,326.089679369333,326.530596622067,253.656747607321,-302.787561689251,49.1308140180469,2.0235448797477,-7.8366232475463,5.81307836607679
1.284,868.540092116321,2289.34650858638,49.9930883775533,49.9927127837342,1697.13583007188,679.952451095188,326.089491622069,326.530637125981,304.534086568027,-251.947709540232,-52.586377094014,4.35962981182542,-8.13012865966289,3.77049884600789
1.285,867.836138822617,2290.3218099058,49.9930939794356,49.9927096792537,1698.34823179071,678.961814429842,326.089127901553,326.530736189647,325.804097554248,-176.647415279329,-149.156682342353,6.26901407614401,-7.62701892395991,1.35800484589795
1.286,867.126899782786,2291.31190365239,49.9930996233806,49.9927065276874,1699.28744332501,678.260533746628,326.088846138093,326.530806317716,313.878625921568,-82.584537460153,-231.294088528789,7.5651511027393,-6.37649815219567,-1.18865295252735
1.287,865.890331514471,2292.80374563252,49.9931094636782,49.9927017790069,1699.20143484625,678.534520921489,326.088871940637,326.530778918998,272.499645479413,18.0086104463484,-290.508255991856,8.11949322920868,-4.50347298839657,-3.6160202428326
1.288,864.892965229013,2294.06497641294,49.9931174004669,49.9926977643846,1698.86450675264,679.080972654027,326.088973019065,326.530724273825,203.480569252231,118.11477412152,-321.595343437647,7.88127000729321,-2.18979107156509,-5.69147893775477
1.289,864.373044770646,2294.8608768401,49.9931215378625,49.9926952309549,1698.21443988281,679.954949397302,326.089168039126,326.530636876151,114.83133859147,206.043451627025,-320.874790279178,6.87092100537569,0.340102846518066,-7.21102385389741
1.29,864.443095352035,2295.02801816502,49.9931209804177,49.9926946989275,1697.47773376693,680.892094511419,326.08938905096,326.530543161639,15.3599151679604,274.258421429238,-289.618336652593,5.18693714718197,2.83462785244633,-8.02156500156932
1.291,864.330812669691,2295.41923005992,49.9931218739349,49.9926934536614,1696.94735169606,681.598578205276,326.089548165582,326.53047251327,-85.8244098227846,314.775043256087,-228.95063348362,2.99940515216064,5.05112795373536,-8.0505331077395
1.292,864.754326007188,2295.26723554561,49.9931185037228,49.9926939374749,1696.21737360976,682.549798694014,326.089767159007,326.530377391221,-178.588419591933,325.498302981448,-146.909883435898,0.51415746247764,6.77729656644219,-7.29145403065238
1.293,865.698328458203,2294.54586625324,49.99311099159,49.9926962336647,1696.41281429366,682.557904202167,326.089708526802,326.53037658067,-253.453948538853,303.477514472997,-50.0235659770172,-2.01989996717541,7.83531292757836,-5.81541296202332
1.294,866.106512872909,2294.40021473155,49.9931077433616,49.9926966972879,1697.06665391688,682.089335389226,326.089512374915,326.530423437551,-304.064445665976,252.09185804355,51.9725875816132,-4.35609358223992,8.1296881833575,-3.7735946026348
1.295,865.938540858216,2294.81858347926,49.9931090800404,49.9926953655788,1698.44675490557,680.907414417817,326.089098344619,326.530541629649,-324.99393617845,176.199101966822,148.794834171142,-6.26714089707052,7.62829557574667,-1.36115468011404
1.296,865.763276459454,2295.24246188731,49.9931104747502,49.9926940163319,1699.33709343182,680.229604112857,326.088831243061,326.530609410679,-313.377569865971,82.6391354788112,230.738434345475,-7.56445133852637,6.37892643162236,1.18552490551196
1.297,864.758194007052,2296.50136459862,49.9931184729422,49.9926900091201,1699.90263941167,679.826455031017,326.088661579267,326.530649725587,-271.987354822366,-18.851384381506,290.838739159594,-8.12082559142917,4.50747415911519,3.6133514309314
1.298,863.532647438997,2297.95181461615,49.9931282255319,49.9926853921943,1699.12650906233,680.778367001325,326.088894418372,326.53055453439,-203.950315459828,-117.942807405178,321.893122817358,-7.88308502846807,2.19380738030513,5.68927764675323
1.299,863.399050169651,2298.3343804616,49.9931292886652,49.9926841744494,1698.29544639553,681.81524080237,326.089143737172,326.53045084701,-115.424992583556,-206.173447746846,321.598440278632,-6.87408096015358,-0.335613479607342,7.20969443829205
1.3,863.893587018623,2298.03017084383,49.993125353266,49.9926851427787,1697.93218431383,682.35641481369,326.089252715796,326.530396729609,-16.0657766273132,-273.605025333229,289.670801905296,-5.19021482661046,-2.83034422360631,8.0205590486692
1.301,864.026203977032,2298.1452781244,49.9931242979338,49.9926847763809,1698.00355532024,682.444479697022,326.089231304494,326.530387923121,85.0912162184747,-314.317706037884,229.226489761292,-3.0025563296047,-5.04856169444329,8.05111802241498
1.302,864.374511876565,2298.02862081039,49.9931215261876,49.9926851477126,1698.2461920156,682.403936876661,326.089158513486,326.530391977403,178.387094110886,-324.837358382821,146.450264212428,-0.516924864050048,-6.77508233732073,7.29200719965821
1.303,864.749941354426,2297.85865905307,49.9931185386148,49.9926856887177,1698.93266357258,681.878414711073,326.088952572019,326.530444529619,253.514601183384,-302.750416197981,49.2358149534957,2.01640889388111,-7.83420326634042,5.81779437067878
1.304,864.817064395152,2298.00849587364,49.9931180044666,49.9926852117723,1699.13722652248,681.84035836831,326.088891203134,326.530448335254,304.589698268569,-252.342127981724,-52.2475703482821,4.35331534016104,-8.12936218358981,3.7760468415963
1.305,864.480201104637,2298.58276250501,49.9931206851395,49.9926833838248,1699.53798954155,681.615944445105,326.088770974228,326.530470776646,325.431159417283,-176.720733140257,-148.710426336698,6.26521003905636,-7.62976846144734,1.36455842053251
1.306,864.114649227918,2299.17070192144,49.9931235941089,49.9926815123556,1700.13740590021,681.198856260183,326.08859114932,326.530512485464,314.178000891252,-82.9377102806958,-231.240290666794,7.56302463573199,-6.38171779878201,-1.18130683879575
1.307,863.288756029917,2300.19354343031,49.9931301663581,49.9926782565499,1700.55568440928,680.930116779002,326.088465665768,326.530539359413,272.402572274373,17.9285391461377,-290.3311114717,8.11936663880245,-4.50965809020226,-3.60970855039176
1.308,862.268046400504,2301.41859711254,49.9931382889073,49.9926743570829,1699.5622676396,682.06962871053,326.088763690798,326.530425408219,203.942296916872,117.570600194192,-321.512897156238,7.88310440393802,-2.19699635165818,-5.68610805397501
1.309,862.68811882436,2301.20493218163,49.9931349460771,49.9926750371995,1698.53410686883,683.294955179994,326.08907213903,326.530302875572,115.058185434011,206.078497965122,-321.136683437657,6.8746539509533,0.333402013802333,-7.20805596631949
1.31,863.639011753501,2300.44157771896,49.9931273791116,49.9926774670322,1698.19616870451,683.76618540572,326.089173520479,326.53025575255,15.9508677786719,273.392100630195,-289.342968438755,5.19389829746643,2.82671017210486,-8.02060847096364
1.311,864.127016776514,2300.16150136182,49.993123495691,49.992678358543,1698.61787023664,683.478446855805,326.089047010019,326.530284526405,-85.511453978465,314.862487753207,-229.351033797087,3.00632623073288,5.04473247140257,-8.05105870332729
1.312,864.173777695685,2300.31939266915,49.9931231235795,49.9926778559593,1698.74264673256,683.540521051588,326.089009577071,326.530278318985,-178.750330512513,325.352695194624,-146.602364698727,0.520064081681959,6.77271514017635,-7.29277922284795
1.313,864.49756197791,2300.17998768147,49.993120546986,49.9926782996992,1698.84590454129,683.587364685785,326.088978599728,326.530273634622,-253.334194308148,303.486351261723,-50.1521569668973,-2.01390282174235,7.83382693047007,-5.81992410953712
1.314,864.557066753861,2300.32547085983,49.9931200734621,49.9926778366118,1699.11841333632,683.458108626678,326.088896847089,326.530286560228,-304.13541948387,252.449953546707,51.6854659244618,-4.35105300114848,8.13069186443517,-3.77963886395702
1.315,864.672933417394,2300.40692706931,49.9931191514245,49.9926775773287,1699.65504379149,683.06466355828,326.088735857953,326.530325904735,-325.159331440201,176.535130464232,148.624200961484,-6.26236999495643,7.63147283459537,-1.3691028402264
1.316,864.49269324979,2300.77667609932,49.9931205857301,49.992676400381,1700.55871182511,682.345390584149,326.088464757543,326.530397832032,-313.398472648236,82.650196944699,230.748275686085,-7.56161909383849,6.38289054187775,1.17872855140064
1.317,864.060461859502,2301.39757789104,49.9931240253182,49.9926744239892,1700.91957504632,682.092337451565,326.088356498577,326.530423137345,-272.304419948909,-18.4714382146415,290.775858140911,-8.12065342216883,4.51407045094709,3.60658297063507
1.318,863.541895515915,2302.09398759416,49.9931281519381,49.9926722072482,1700.58350246407,682.560967480094,326.088457320351,326.530376274342,-204.147045169147,-117.883228293963,322.030273433688,-7.88446131212391,2.20142125956248,5.68304005189177
1.319,863.360608221008,2302.46828084088,49.9931295945765,49.9926710158358,1699.85316671059,683.472429533193,326.088676421077,326.530285128137,-115.700651004182,-205.788301519853,321.488952487926,-6.87684895433213,-0.329577129734243,7.20642608326868
1.32,863.304420967063,2302.66836397778,49.9931300417005,49.9926703789514,1699.43131952147,684.008622202404,326.088802975234,326.53023150887,-16.5896507001325,-273.062022549911,289.651673206777,-5.19586596190862,-2.82276078886491,8.01862674981514
1.321,863.282931398317,2302.87491323595,49.9931302127091,49.9926697214847,1698.89720800015,684.67003175154,326.08896320869,326.530165367915,85.2879025569523,-314.92199889994,229.634096293582,-3.00863927513538,-5.04326490616373,8.05190418016342
1.322,864.072191609184,2302.27362452415,49.9931239319759,49.9926716354461,1698.31384988828,685.409177687163,326.089138216124,326.530091453322,178.13732179455,-324.837814280826,146.700492432665,-0.524272027025188,-6.77114584970657,7.29541787542205
1.323,865.271569631324,2301.22896369598,49.9931143876288,49.9926749607048,1698.34770699487,685.508610943209,326.089128058992,326.530081509996,253.460010002418,-303.244038829241,49.7840287714256,2.0098464335034,-7.83275982244868,5.82291338749156
1.324,865.608536321204,2301.07325221717,49.9931117061331,49.9926754563499,1699.11085449588,684.859671740248,326.088899114742,326.530146403916,304.483204178285,-252.43448183987,-52.0487223937406,4.34718466039442,-8.13042778129258,3.7832431193394
1.325,866.005128218713,2300.8550574764,49.9931085501551,49.9926761508853,1699.61619970736,684.492986804969,326.088747511178,326.53018307241,325.661375815493,-176.941011744255,-148.720364124321,6.26059674464547,-7.63283176416968,1.37223501790923
1.326,866.155901005039,2300.87622201893,49.9931073503434,49.9926760835165,1700.30824501046,683.962436551294,326.088539897587,326.530236127435,314.223789842936,-83.3349911328311,-230.888798758004,7.56061429721797,-6.38524455892977,-1.17536973990163
1.327,866.052002770941,2301.13668750782,49.9931081771392,49.9926752544291,1700.64727549415,683.723500367244,326.088438188442,326.530260021054,272.652368569869,17.5962697493395,-290.248638359065,8.11957750455059,-4.51584605408153,-3.60373145200762
1.328,865.809202246284,2301.54585740632,49.9931101092844,49.9926739520008,1700.72580672655,683.761054900562,326.088414629072,326.5302562656,204.275415950524,117.046034933111,-321.321450914922,7.88585515823363,-2.20439392162563,-5.68146123800099
1.329,865.498681981175,2302.03965282354,49.9931125803262,49.9926723802012,1701.26243348776,683.375901684485,326.088253641044,326.530294780922,115.592922929006,205.310558177598,-320.903481126213,6.87948256309329,0.324482128118539,-7.20396469240036
1.33,864.738746458595,2302.94557544257,49.9931186277009,49.9926694965599,1701.5125018476,683.242719184376,326.088178620536,326.530308099172,16.1799151789559,273.462874345482,-289.642789533343,5.19974242801,2.82019898741757,-8.01994141636291
1.331,864.176313089377,2303.64816546445,49.9931231034034,49.9926672601464,1700.98138348866,683.864807918242,326.088337956044,326.530245890299,-85.1926884785054,314.939879869982,-229.747191391274,3.0127445115688,5.03853939358754,-8.05128390581768
1.332,864.005374732963,2303.98547572303,49.9931244636877,49.9926661864545,1699.83913453244,685.160579209218,326.088680630731,326.530116313169,-178.376018741319,325.406508822804,-147.030490074923,0.526950072529078,6.76898246518847,-7.29593253811551
1.333,864.541099017113,2303.56714723766,49.9931202005293,49.9926675180355,1698.47962535886,686.632358679645,326.089088483483,326.529969135222,-253.10085415345,303.422248501998,-50.3213943391942,-2.00643589099885,7.8308984781515,-5.82446258732861
1.334,865.298657559002,2302.95978533291,49.9931141720699,49.9926694513284,1697.75310726003,687.456304055089,326.089306438912,326.529886740685,-303.931852316034,252.680406787114,51.2514455378429,-4.34445751014526,8.12990068025456,-3.78544317012649
1.335,866.644283394017,2301.76985851206,49.9931034639198,49.9926732389832,1697.21013841909,688.126409397783,326.089469329565,326.529819730151,-325.178072201539,176.92725782189,148.250814384738,-6.25877499513768,7.63344450755881,-1.37466951235713
1.336,868.557612819317,2300.01789861987,49.993088238128,49.9926788156447,1697.85868280028,687.602739801088,326.08927476625,326.52987209711,-313.647126388871,83.1278721521403,230.519254234868,-7.55939804568663,6.38876389361833,1.17063415212736
1.337,869.473828147768,2299.24815538728,49.9930809471181,49.9926812658135,1699.33669190894,686.228225592254,326.088831363518,326.530009548531,-272.359003751939,-18.2804773934636,290.639481134237,-8.11966752438113,4.51890128284737,3.60076624150034
1.338,869.262559807591,2299.61461923107,49.9930826283381,49.9926800993229,1700.92124390937,684.74435771987,326.088355997918,326.530157935318,-204.146537543107,-117.615432364079,321.761969885789,-7.88622004622688,2.20734303965441,5.678877006372
1.339,868.407563208099,2300.62291598951,49.9930894321849,49.9926768898146,1701.41629202777,684.373451995724,326.088207483482,326.530195025891,-116.078335456129,-205.694735497746,321.773070922984,-6.88107725707424,-0.32169735609237,7.20277461274966
1.34,867.875808396295,2301.25187597409,49.9930936637552,49.9926748877728,1701.4319084968,684.448790772494,326.088202798541,326.530187492013,-16.9077900618149,-272.981568980674,289.889359003388,-5.20124396409102,-2.81631108150551,8.01755504494151
1.341,867.413041448353,2301.87219181877,49.9930973463376,49.9926729132461,1701.39736092807,684.561779846676,326.088213162812,326.530176193106,84.7261823807424,-314.360055623568,229.633873197641,-3.01689240507444,-5.0360589202565,8.05295132444326
1.342,866.832810018513,2302.5929805814,49.9931019636726,49.9926706189042,1700.97450681844,685.129639441313,326.088340019045,326.530119407146,177.872149537529,-324.875918288055,147.003768702473,-0.530870412664714,-6.76651492686555,7.29738533843884
1.343,866.393642587446,2303.16119949472,49.9931054584559,49.9926688102073,1699.97760014311,686.235186699504,326.088639091047,326.53000885242,253.501046193392,-303.480783307193,49.9797370663134,2.00355029549533,-7.83140374063353,5.82785344390089
1.344,866.035979369601,2303.63430659903,49.9931083046494,49.9926673042606,1699.13702652751,687.146500357631,326.088891263132,326.529917721055,304.267176737987,-252.577275275097,-51.6899015061549,4.33954490232565,-8.12935516414296,3.78981026051417
1.345,866.584672879787,2303.20620270785,49.9931039382852,49.9926686669576,1697.72069570519,688.683075181507,326.089316162379,326.529764063572,325.659986131468,-177.100692538541,-148.559293630198,6.25598947266385,-7.63382160727228,1.37783213331695
1.346,868.382830786429,2301.55053216601,49.9930896289992,49.9926739371206,1696.97637477537,689.545259671738,326.089539458658,326.529677845123,314.335207153579,-83.6099334992961,-230.725273685357,7.55870536072321,-6.39028254551544,-1.16842281642756
1.347,870.588419145401,2299.45736628954,49.9930720774847,49.9926805998745,1697.0002980272,689.591178534416,326.089532281682,326.529673253237,272.76229661686,17.5388790126403,-290.301175655497,8.11941388571913,-4.52201401711679,-3.59739986971437
1.348,872.127080697084,2298.06904868346,49.9930598332051,49.9926850190267,1698.29733443932,688.388950262938,326.089143170759,326.529793476064,204.396061097593,117.096557141576,-321.492618261252,7.88759693416543,-2.21127125981792,-5.67632567533684
1.349,872.287950757965,2298.05172996723,49.9930585530419,49.9926850741539,1699.77484539821,687.035024111008,326.088699917471,326.529928868679,115.579903165949,205.634275252743,-321.21417843608,6.882743206919,0.31814293515721,-7.20088614293734
1.35,871.370145062233,2299.08783187163,49.9930658567075,49.9926817761391,1700.96475141408,685.911407945017,326.088342945666,326.530041230296,16.4564173611017,273.788032091463,-290.244449468239,5.20542431972422,2.81267953884255,-8.01810385931638
1.351,870.106096914348,2300.47681209062,49.9930759156831,49.9926773548778,1701.57086336497,685.389699142233,326.088161112081,326.530093401176,-85.206183043343,315.040253171249,-229.834070143046,3.01952160583329,5.03377752972248,-8.05329913622131
1.352,869.275367474816,2301.44565010343,49.9930825264179,49.9926742709706,1701.09225395175,685.979027987671,326.088304694905,326.530034468292,-177.925641053393,325.580075285857,-147.654434247945,0.535620496829208,6.76517867464744,-7.30079917208717
1.353,869.205624605251,2301.59975058645,49.993083081414,49.9926737804535,1699.68628378659,687.490698035232,326.088726485954,326.529883301287,-253.154387997153,303.861265514863,-50.7068775340668,-2.00037744037588,7.82971302035049,-5.82933558055519
1.354,869.668288481014,2301.25972302871,49.9930793996519,49.9926748627948,1698.56008764207,688.692581226274,326.089064344798,326.529763112968,-304.028491415685,252.828689123407,51.1998022745317,-4.33858603891446,8.131473724492,-3.79288768615088
1.355,871.126306428129,2299.91743698402,49.9930677971137,49.992679135424,1698.10081833347,689.239718157639,326.08920212559,326.529708399275,-324.971995106637,177.097815204421,147.874179882705,-6.25305002374755,7.63600640126918,-1.38295637810668
1.356,872.213153375559,2298.946896866,49.9930591482605,49.9926822247492,1698.57608684539,688.874314123024,326.089059545037,326.529744939678,-313.743533149474,83.207640736547,230.535892390854,-7.55576244528212,6.39238470980487,1.163377734863
1.357,872.5389131606,2298.72757797401,49.9930565559465,49.9926829228629,1699.06500441552,688.439559912204,326.088912869766,326.529788415099,-272.852226025252,-17.8686371935715,290.720863193943,-8.11842774983109,4.5256405623332,3.59278718683533
1.358,872.556993276975,2298.82078123661,49.9930564120695,49.9926826261877,1699.54906821213,688.055231163334,326.088767650627,326.529826847974,-204.689092388062,-117.143859302391,321.832951663302,-7.88734820203433,2.21398816869685,5.6733600326173
1.359,872.550670887357,2298.95391253189,49.9930564623815,49.9926822024176,1699.86523575495,687.841398898307,326.088672800364,326.529848231201,-116.175158502759,-205.351160960823,321.526319434908,-6.88479239560282,-0.314695979165744,7.19948837399131
1.36,872.356207137731,2299.24336422161,49.9930580098749,49.9926812810643,1700.21024716357,687.563777011262,326.088569296941,326.529875993389,-16.9383832664467,-273.211551893437,290.149935130132,-5.20755189662364,-2.81015257976743,8.01770447556273
1.361,871.83634324916,2299.87000846826,49.9930621468202,49.9926792863937,1700.01061559576,687.827294149564,326.088629186412,326.529849641675,84.6308835850594,-314.404959910212,229.774076294918,-3.02231121015653,-5.03093778033458,8.05324898962192
1.362,871.985536292301,2299.83729182179,49.9930609595797,49.992679390534,1699.18553841112,688.750016786915,326.088876709567,326.529757369412,177.429256639404,-324.935171085055,147.505914415996,-0.538920468172542,-6.76313587375961,7.30205634103414
1.363,872.750959470689,2299.14166884892,49.9930548685356,49.9926816047707,1698.65701833422,689.363871931588,326.08903526559,326.529695983897,253.301080784965,-303.58216098786,50.2810801742742,1.99648761687684,-7.82855003047454,5.83206241269397
1.364,874.02562320743,2297.98611455757,49.9930447250839,49.9926852830142,1698.13222103062,689.953250065073,326.089192704781,326.529637046084,304.033826442341,-252.839690137502,-51.1941363327972,4.33499763447807,-8.1312909781384,3.7962933427625
1.365,874.98177133224,2297.13448055617,49.9930371162989,49.9926879938495,1698.76065944525,689.408739785061,326.089004173257,326.529691497112,325.554519945316,-177.11620464194,-148.438315330827,6.25107121987022,-7.63711703388878,1.3860458131303
1.366,875.242123669346,2296.98116942228,49.9930350444808,49.992688481854,1699.38147560064,688.881432774854,326.08881792841,326.529744227813,314.550016139202,-83.8795046572912,-230.67051150872,7.55506194397231,-6.39445137546696,-1.16061056938217
1.367,875.158877243398,2297.14339331649,49.9930357069348,49.9926879654793,1699.42501807345,688.888317091379,326.088804865668,326.529743539381,273.109152431556,16.9201004816223,-290.029252938905,8.11761422446708,-4.52720936143582,-3.59040486389092
1.368,874.979682852697,2297.43513823718,49.9930371329185,49.9926870368263,1699.06892427925,689.313657531856,326.088911693807,326.529701005337,204.723198441054,116.60130391875,-321.324502385168,7.88957625273882,-2.21805566684898,-5.67152058672594
1.369,875.333305194577,2297.1999804824,49.9930343188813,49.9926877853567,1699.11174550768,689.372720034646,326.088898847438,326.529695099087,116.057568223584,204.963202694962,-321.020770940943,6.88741075299411,0.310740457395271,-7.19815121119481
1.37,875.517448091101,2297.08857734483,49.9930328535187,49.9926881399639,1698.98657962462,689.562223323762,326.088936397203,326.529676148758,16.3882550902631,273.506648859404,-289.894903971275,5.21032699918472,2.80717407138366,-8.01750107133977
1.371,875.983210659812,2296.71464221316,49.9930291470979,49.9926893302364,1698.60418123936,690.003877612279,326.089051116719,326.529631983329,-84.7661515794415,314.57193644424,-229.805784885928,3.02494117608755,5.02896978502787,-8.05391096185824
1.372,876.707196124033,2296.10320232452,49.9930233858046,49.99269127651,1698.30337693507,690.386989125772,326.08914135801,326.529593672178,-177.69105414187,325.511019489944,-147.819965369419,0.542634372675261,6.76131686846637,-7.30395124186373
1.373,877.580919040914,2295.30381715304,49.9930164329386,49.9926938210321,1698.05714261191,690.705433316812,326.089215228307,326.529561827759,-252.626278260563,303.830420407954,-51.2041421696112,-1.99257448017552,7.82799703351642,-5.83542255405583
1.374,877.595215984639,2295.35730648556,49.9930163191671,49.9926936507702,1698.23398854055,690.576318388033,326.089162174528,326.529574739252,-303.688465905983,252.96261459937,50.7258512829051,-4.33071023162793,8.12950897674239,-3.79879874583793
1.375,877.880517842458,2295.17045544662,49.9930140488071,49.9926942455356,1698.31827235875,690.565240669375,326.089136889383,326.529575847023,-325.06281477621,177.131266967158,147.931547783806,-6.24875218893414,7.63763873605361,-1.38888654786437
1.376,878.527583060748,2294.61871990721,49.9930088996257,49.9926960017643,1698.46665036622,690.51062457917,326.08909237598,326.529581308632,-313.965506380222,83.6877043433079,230.277802011881,-7.55432397102171,6.39649383788937,1.15783013236569
1.377,878.732317847611,2294.50179312449,49.993007270398,49.9926963739538,1698.70236386994,690.316319670533,326.089021661929,326.529600739123,-272.872325521467,-17.5572645811193,290.429590078338,-8.11843375707909,4.53078415106063,3.58764960524413
1.378,879.016671651929,2294.30451961976,49.9930050075823,49.9926970018949,1698.6432250924,690.446488649497,326.089039403563,326.529587722225,-204.881765813174,-116.880457576771,321.762223367011,-7.8899631522613,2.22059841860442,5.66936473288819
1.379,879.704554884738,2293.71828734309,49.9929995335815,49.9926988679302,1698.54794126773,690.623688488186,326.08906798871,326.529570002242,-116.493957371071,-205.268425339885,321.762382690183,-6.88856404223295,-0.30813919822602,7.19670323971474
1.38,880.465987184455,2293.00145756575,49.9929934742958,49.9927011496702,1698.30279348986,690.910437174667,326.089141533043,326.529541327373,-17.3877411355621,-272.992736064563,290.380477181605,-5.21230919827873,-2.80295917700962,8.01526837458379
1.381,880.827617697347,2292.74565916136,49.9929905965316,49.9927019639018,1698.64819650252,690.618434543538,326.08903791214,326.529570527636,83.9680601188343,-314.257919651095,230.28985951611,-3.02878369404759,-5.02639477726087,8.05517847065389
1.382,881.273289690847,2292.40664917848,49.9929870499865,49.9927030430041,1699.17711806511,690.163623379612,326.088879235671,326.529616008752,177.14042901805,-324.791307686112,147.650878654696,-0.546647541592013,-6.75897193388395,7.3056194748809
1.383,881.273391219951,2292.45983236792,49.9929870491786,49.9927028737168,1699.88096758378,689.525065985067,326.088668080815,326.529679864492,252.901056182324,-303.42781742221,50.5267612279985,1.98800186183113,-7.82571345118098,5.8377115888168
1.384,880.697026898764,2293.13119484285,49.9929916357401,49.9927007367037,1699.86230799114,689.587978813242,326.088673678693,326.529673573209,304.193538452826,-253.073585215514,-51.119953247977,4.32884981455902,-8.13147411443989,3.80262429940549
1.385,880.116776755437,2293.79011302582,49.9929962532241,49.9926986393019,1699.63814428458,689.88620129061,326.088740927805,326.529643750961,325.781938508685,-177.629731549282,-148.152206969429,6.2465629599398,-7.639770935421,1.3932079750544
1.386,880.262762589159,2293.73373659204,49.9929950915057,49.9926988187537,1698.74906556417,690.849667713849,326.089007651421,326.529547404319,314.373420110723,-84.081113386971,-230.292306734883,7.55264642336905,-6.39984182322626,-1.15280460054193
1.387,880.627911546488,2293.4155618109,49.9929921857426,49.9926998315355,1697.80178253015,691.831573348076,326.089291836331,326.529449213756,272.990111921552,17.0630573573904,-290.053169292207,8.11705668367822,-4.53411436612306,-3.58294231795364
1.388,881.637753650949,2292.46362335262,49.9929841496745,49.9927028616497,1696.72072326894,692.970106704806,326.08961615411,326.52933536042,204.655868981262,116.589727510826,-321.245596509381,7.88946297248234,-2.22394580428474,-5.66551716862316
1.389,883.047846559156,2291.13999979942,49.9929729285117,49.9927070748743,1696.44915742981,693.330008708482,326.089697623861,326.52929937022,116.140065408739,205.048317664148,-321.188383092693,6.88927050134498,0.305337186569487,-7.1946076883934
1.39,884.125143305607,2290.14446006022,49.9929643556566,49.9927102437757,1696.64717495817,693.155085905807,326.089638218603,326.5293168625,17.2974044364398,272.773556651951,-290.070961112359,5.21647304707908,2.8004020620783,-8.01687510971357
1.391,884.691095035074,2289.65327375579,49.9929598519558,49.9927118072703,1697.36068907447,692.493307733122,326.089424164368,326.529383040317,-84.4967202614464,314.704696682159,-230.207976449126,3.0318477653299,5.02333400677877,-8.05518177276201
1.392,885.004726950481,2289.43779721946,49.9929573561523,49.9927124931534,1697.79726422153,692.122937721005,326.089293191824,326.529420077318,-177.493261824131,325.416709649888,-147.923447858137,0.550063114865482,6.75709420076997,-7.30715731639933
1.393,885.399918028915,2289.09611444342,49.9929542113216,49.9927135807635,1698.80742673115,691.179236082798,326.088990143071,326.529514447482,-252.716175699847,303.730169040252,-51.0139933739993,-1.98532987337778,7.82597133037931,-5.84064145786184
1.394,885.119238886361,2289.44327393817,49.9929564448953,49.9927124757205,1699.28922943327,690.738450897829,326.08884560226,326.529558526001,-303.583900509042,253.187391530498,50.3965089444897,-4.32596868486744,8.13034446640722,-3.80437578247212
1.395,885.042839114762,2289.6113541125,49.9929570528653,49.9927119407047,1699.47129397724,690.60539370247,326.088790982897,326.52957183172,-325.282955927399,177.559694741816,147.723261152147,-6.24397382544446,7.64137148729625,-1.39739766283028
1.396,884.520357209816,2290.19838479543,49.9929612106442,49.992710072128,1699.49302595884,690.663387332639,326.088784463303,326.529566032357,-313.902351617478,83.7121023578228,230.190249227471,-7.55059514367665,6.40094544697748,1.14964969569947
1.397,884.0880001692,2290.68731764783,49.9929646512322,49.9927085158064,1698.45190327513,691.717630717823,326.089096800108,326.529460608019,-273.083357275029,-17.0968545213038,290.180211766204,-8.11712890583902,4.53726621656927,3.57986268827423
1.398,884.381398365512,2290.44867824917,49.9929623164436,49.9927092754192,1696.88312624843,693.342500676144,326.089567433216,326.529298121023,-205.057448541411,-116.868144969536,321.925593483607,-7.89102922903457,2.22858309413077,5.66244613393704
1.399,885.388946480209,2289.5230981801,49.9929542986304,49.992712221632,1696.34550022604,693.960779362848,326.089728721023,326.529236293154,-116.540036862383,-205.244713920668,321.784750758749,-6.89230199265757,-0.300849576650944,7.19315156839134
1.4,887.157459845119,2287.79608116627,49.9929402252482,49.9927177188979,1695.87632166073,694.449824833103,326.089869474592,326.529187388607,-17.647555748407,-272.751674028719,290.399229756305,-5.21903584332587,-2.79612267139923,8.01515851387541
1.401,888.382400853521,2286.6518357548,49.9929304774774,49.9927213611442,1696.50829062168,693.858384736116,326.089679883904,326.529246532617,84.0220282335996,-314.242927610478,230.220899359437,-3.03638737009406,-5.01972134175439,8.05610871107864
1.402,889.330705782057,2285.78432293702,49.9929229311066,49.9927241225233,1697.59818255814,692.835756393754,326.089352916323,326.529348795451,177.18409600088,-325.091385639481,147.907289624045,-0.553407448131393,-6.75491571493831,7.30832316238623
1.403,889.748170235649,2285.40994228402,49.99291960903,49.9927253142139,1698.00972241393,692.464662998378,326.089229454366,326.529385904791,252.80698948633,-303.670666815557,50.8636773170587,1.98152552061909,-7.82450544130006,5.84297992008252
1.404,889.624567638669,2285.6083055224,49.9929205926282,49.9927246828041,1698.81565781207,691.697296909981,326.088987673747,326.529462641399,303.771543198727,-252.904709588139,-50.8668336215917,4.32202843350812,-8.13120104386073,3.80917260982921
1.405,888.937313123226,2286.36472611158,49.9929260616259,49.9927222750426,1699.27032177286,691.299941987819,326.088851274559,326.529502376892,325.682466016325,-177.95111099857,-147.73135502903,6.24188533531226,-7.64236387720449,1.40047854142253
1.406,888.478668081773,2286.89672281966,49.9929297114072,49.9927205816445,1699.35266095203,691.278462917753,326.088826572805,326.529504524799,314.375163949576,-84.2074966035875,-230.167667359073,7.54972833202784,-6.40399305073008,-1.14573528174292
1.407,888.099614365249,2287.3216170412,49.9929327278208,49.9927192291641,1698.46639301108,692.190366688327,326.089092453187,326.529413334422,273.304958577282,16.4559541018533,-289.760912695013,8.11779943204866,-4.54022686987183,-3.57757256263033
1.408,888.31351647357,2287.15843077844,49.9929310256419,49.9927197486021,1697.41867871303,693.285096872256,326.089406767476,326.529303861403,205.223660163956,116.236851176357,-321.460511359604,7.89220891758001,-2.23187825881611,-5.66033065925676
1.409,889.444300241919,2286.09912608651,49.9929220271506,49.9927231204737,1696.20261951075,694.564879079668,326.089771585237,326.529175883182,116.041250793828,205.134425443646,-321.175676260865,6.89479298374476,0.29624727228896,-7.19104025659277
1.41,891.006870921064,2284.55848102405,49.9929095926082,49.9927280244993,1695.9186732779,694.876331120986,326.089856769107,326.529144737978,17.4512016155869,272.804831338095,-290.256032981758,5.22085529488842,2.79277583553,-8.01363113106737
1.411,892.208163133464,2283.41668137408,49.9929000330285,49.9927316589604,1696.07535248673,694.740412663212,326.089809765344,326.529158329824,-83.8310989676109,314.513422486542,-230.682323551202,3.0386818980692,5.01691120273417,-8.05559310155821
1.412,893.083037992185,2282.6302209377,49.9928930709956,49.9927341623417,1696.60739454678,694.27246761756,326.089650152726,326.529205124329,-177.438652174362,325.445994463263,-148.007342325549,0.557180264500216,6.7529465859774,-7.31012685134794
1.413,893.541290224662,2282.20430632426,49.9928894243402,49.9927355180701,1697.73616794277,693.190464971597,326.089311520708,326.529313324593,-252.615614388883,304.112941906618,-51.4973275571105,-1.97812416207685,7.82355439120379,-5.84543023010924
1.414,893.270703128358,2282.53941797746,49.9928915776039,49.9927344513765,1698.44299006154,692.513612798079,326.089099474072,326.529381009811,-303.384793184613,253.27610033931,50.1086928044156,-4.32001354122824,8.13105535263304,-3.81104181248232
1.415,892.713980233249,2283.17012864933,49.9928960078639,49.9927324437621,1699.00833188229,691.987922484153,326.088929871526,326.529433578842,-324.823431470947,177.57551037318,147.247921056756,-6.23920496488098,7.64377390709116,-1.40456894335944
1.416,892.106655235898,2283.82009095709,49.9929008408027,49.9927303748678,1698.74919521793,692.310569530409,326.089007612525,326.529401314137,-314.135655651571,84.1224634834792,230.013192129193,-7.54820491741605,6.4054907081237,1.14271420810732
1.417,892.135689328234,2283.8299711259,49.9929006097567,49.9927303434183,1697.64522999233,693.432338806506,326.089338802093,326.52928913721,-273.111158137525,-16.948263112498,290.059421214687,-8.11711174674895,4.54246282033895,3.57464892523351
1.418,892.677988392994,2283.33509663461,49.9928962942779,49.9927319186527,1696.73160011907,694.383754454968,326.089612891055,326.529193995645,-205.433554790694,-116.453809147224,321.887363906659,-7.89317267554194,2.23468619092087,5.65848648349056
1.419,893.64658274598,2282.44540879293,49.9928885864489,49.9927347506171,1696.49299582765,694.679119005704,326.089684472342,326.52916445919,-116.935922488562,-204.900478560166,321.836401021525,-6.89704106003339,-0.292923340200734,7.18996439917604
1.42,894.775161303007,2281.33055437207,49.9928796055061,49.9927382993089,1696.3459269802,694.843406847008,326.089728592996,326.529148030406,-17.5959750958052,-272.849865644605,290.445840716979,-5.22421928269816,-2.78907029509999,8.01328957682785
1.421,895.784787497158,2280.38568762371,49.9928715711562,49.9927413069132,1696.86350207064,694.360422033958,326.089573320469,326.529196328887,83.4418168264747,-313.910270703658,230.468453857268,-3.04242656131469,-5.01415875006361,8.05658531050384
1.422,896.157802067746,2280.07897824152,49.9928686028005,49.9927422831995,1697.74045055092,693.534852164746,326.089310235925,326.529278885874,177.046677409733,-324.978206485841,147.931529058865,-0.560487905853572,-6.75041505266496,7.31090295773937
1.423,896.043532765035,2280.23248412584,49.9928695121267,49.9927417945751,1698.70811638604,692.60913691639,326.089019936175,326.529371457399,252.385634690772,-303.671312761936,51.2856780540169,1.97517663720858,-7.82292456217158,5.84774792426037
1.424,895.221396707933,2281.12139879806,49.9928760544776,49.9927389650718,1699.14427924838,692.200611313837,326.088889087316,326.529412309959,303.885792691483,-253.343113973028,-50.5426787369758,4.31732885682056,-8.13267716432692,3.81534830684345
1.425,894.2013978729,2282.19697285547,49.9928841713704,49.9927355414132,1698.71742989597,692.656122897709,326.089017142122,326.529366758801,325.59454721819,-178.075437620202,-147.519109619099,6.23701475516988,-7.64521319740916,1.40819844158039
1.426,893.953947586534,2282.47854031106,49.9928861405173,49.9927346451562,1697.75836589217,693.675697477432,326.089304861323,326.529264801343,314.246991150946,-84.6895626302258,-229.557428545643,7.54625482289645,-6.40775779297222,-1.13849703061615
1.427,894.153553473418,2282.30576447305,49.9928845521041,49.9927351951187,1696.37070405458,695.080824732973,326.089721159874,326.529124288617,273.34221332292,16.1664324051509,-289.508645757116,8.11660289742527,-4.54533083648862,-3.5712720616923
1.428,894.85791386141,2281.64470764873,49.9928789469822,49.992737299328,1695.19399884594,696.270366974234,326.090074171437,326.529005334393,205.33438629886,115.983800427756,-321.318186759787,7.89439828765118,-2.23969730779301,-5.6547009806993
1.429,896.303429355919,2280.24649468019,49.9928674439354,49.9927417499781,1693.9444226714,697.591539425084,326.090449044289,326.528873217148,116.999478234061,204.336357796191,-321.33583606915,6.89776066743561,0.290101345428176,-7.1878620138063
1.43,898.203568186614,2278.36298326613,49.992852323111,49.9927477453811,1693.86598367728,697.684011851683,326.090472575987,326.528863969905,17.6357182157249,272.444282169343,-290.080000428478,5.22599966237274,2.786760954708,-8.01276061814549
1.431,900.200406808415,2276.42147856917,49.9928364327742,49.9927539253825,1694.52664432302,697.033167348855,326.090274377793,326.528929054356,-83.8191672926679,314.632997791069,-230.813830546443,3.04567775060024,5.0119854185475,-8.05766317034726
1.432,901.601024860587,2275.09597531697,49.9928252870098,49.9927581445904,1696.35134168598,695.276114114142,326.089726968585,326.529104759679,-177.068133133206,325.46998910977,-148.401856027549,0.563190328915687,6.749539967763,-7.31273029800595
1.433,901.415254777679,2275.32421816657,49.9928267653212,49.9927574180708,1698.0095088506,693.626792288698,326.089229518435,326.529269691862,-252.263772252624,304.309280394516,-52.0455081939872,-1.97085738038951,7.82199972700204,-5.85114234804357
1.434,900.655150099215,2276.13521232771,49.992832814042,49.9927548365963,1699.04186633206,692.627245854049,326.088919811191,326.529369646505,-303.279784189649,253.456867713232,49.8229164257976,-4.31348400680018,8.13188210664717,-3.81839810134164
1.435,899.632574669605,2277.1984879922,49.9928409514388,49.9927514520847,1699.61209334016,692.092773935454,326.088748743088,326.529423093697,-324.915768365095,177.71676780972,147.19900050807,-6.23413097571307,7.64509427305692,-1.41096329885392
1.436,898.354135001271,2278.527503094,49.9928511249384,49.9927472216982,1699.00403666492,692.744831422152,326.088931160091,326.529357887948,-314.129633919835,84.7869163729302,229.342717505452,-7.54572389565207,6.41061923857689,1.13510465560469
1.437,897.257038788564,2279.64589517286,49.9928598553526,49.9927436617457,1697.95515859583,693.800834375282,326.089245823512,326.529252287653,-273.524425803657,-16.5700864199808,290.094512189363,-8.11603080039744,4.54904209813742,3.56698870088896
1.438,897.396044311218,2279.53830047375,49.9928587491818,49.9927440042303,1695.89173400039,695.891132462022,326.08986485089,326.529043257844,-205.356305395845,-116.132213931348,321.488519300265,-7.89492018322277,2.24245406738773,5.65246611460727
1.439,898.472779952493,2278.50765140641,49.9928501807919,49.9927472848881,1694.43055227976,697.413236847607,326.090303205406,326.528891047406,-117.062766573747,-204.758268966462,321.821035519973,-6.90009812705569,-0.285781520717986,7.18587964671593
1.44,900.224762142699,2276.76405699523,49.9928362389606,49.9927528349215,1693.4491316095,698.403328494172,326.090597631608,326.528792038241,-18.1290556523363,-272.103028621528,290.232084259305,-5.2294534128049,-2.78275658958044,8.01221000150449
1.441,902.180908122013,2274.84924339004,49.9928206724455,49.9927589299625,1693.58614663677,698.28681271794,326.090556527099,326.528803689819,83.3979792412028,-314.252523634768,230.854544383294,-3.04823277872685,-5.00955394605087,8.05778672406458
1.442,904.355417242323,2272.74678162087,49.9928033682517,49.9927656223062,1694.46413348639,697.445587293569,326.090293131044,326.528887812361,176.73791547755,-325.130217391231,148.392301906017,-0.567652718319758,-6.74733702454677,7.31498974230033
1.443,905.045102013328,2272.07995554597,49.9927978799147,49.9927677448795,1696.07733875226,695.862682676146,326.089809169465,326.529046102823,252.232691115653,-303.726136553914,51.4934454299437,1.96764363977493,-7.82069348612001,5.85304984588207
1.444,904.53495570225,2272.65303878074,49.99280193953,49.9927659206989,1697.50116509225,694.461006190639,326.089382021563,326.529186270471,303.974135419039,-253.495463026157,-50.478672403559,4.31145144751721,-8.13264595640726,3.82119450847682
1.445,903.674902235078,2273.54726835851,49.9928087836181,49.9927630742778,1697.94586022354,694.042532008122,326.089248613023,326.52922811789,325.550431906958,-178.175841363839,-147.374590557628,6.23240302740895,-7.64693475487973,1.41453172705611
1.446,902.934926113547,2274.32780532878,49.9928146721609,49.9927605897514,1698.0173052187,694.016615755205,326.089227179525,326.529230709515,314.585772382297,-84.9270596569473,-229.658712744032,7.5437019534544,-6.41250157744187,-1.13120037647308
1.447,902.837409242225,2274.45980346792,49.9928154481755,49.9927601695883,1697.76823238658,694.269208598935,326.089301901374,326.529205450231,273.418184670389,16.1325251070438,-289.5507097996,8.11712258930716,-4.5530642973526,-3.5640582924843
1.448,902.706271277711,2274.62816441027,49.9928164917383,49.9927596336788,1697.16267554501,694.895687552521,326.089483568427,326.529142802335,205.79372972392,115.540548808756,-321.334278557782,7.89633301667925,-2.24676349884186,-5.64956951844831
1.449,902.460152152613,2274.91584983072,49.9928184502921,49.9927587179476,1696.26900893965,695.847454767886,326.089751668408,326.529047625614,116.984930866254,204.525144332662,-321.51007522726,6.90187063910867,0.281859484804712,-7.18373012460958
1.45,902.941330309475,2274.43702755161,49.992814621198,49.9927602420863,1695.34449807472,696.771985209542,326.090029021668,326.528955172569,17.4905470033161,272.77017468805,-290.260721723108,5.23282995633273,2.77807975802152,-8.0109097151443
1.451,903.433664251022,2273.99537130267,49.9928107033289,49.9927616479218,1694.66836940898,697.475771409745,326.090231860268,326.528884793949,-83.5829395790327,314.122572148632,-230.539632603262,3.05209776307789,5.00637947850228,-8.05847724245986
1.452,904.753885250321,2272.70554329906,49.992800197344,49.9927657535718,1694.31432617149,697.869928217286,326.090338073239,326.528845378269,-176.723391987306,325.736659733192,-149.01326778015,0.571088158804602,6.74472347573728,-7.31581163549285
1.453,905.885774050184,2271.59577439396,49.9927911900592,49.992769286076,1694.75109304846,697.453477035554,326.090207043176,326.528887023387,-252.162056533333,304.056337049012,-51.8942805489996,-1.96357571075949,7.81909480223173,-5.85551909246632
1.454,906.167991187218,2271.32953151557,49.9927889442465,49.9927701335534,1695.46926038522,696.753325987068,326.089991592975,326.528957038492,-303.106476538288,253.540708025509,49.5657684813467,-4.30704712557441,8.13021164919935,-3.82316452463064
1.455,906.181633577922,2271.36961201974,49.9927888356839,49.9927700059732,1696.14773109973,696.088349913185,326.08978805176,326.529023536099,-325.287818193684,178.433551679001,146.85426648624,-6.23023320160339,7.64838422295908,-1.41815102234154
1.456,906.538661546862,2271.05254100027,49.9927859945455,49.9927710152416,1696.23397468564,696.050931814798,326.089762178685,326.529027277909,-313.930499625928,84.7980406735725,229.132458926998,-7.54287459682035,6.41468162344736,1.12819297243431
1.457,906.84925676248,2270.77613400147,49.9927835229074,49.9927718950724,1696.6079007672,695.68287889925,326.08965000086,326.5290640832,-273.363198074859,-16.4334534568518,289.796651508962,-8.11710077095625,4.55569922924506,3.56140154083541
1.458,906.84681629136,2270.80162178346,49.992783542328,49.9927718139422,1696.78831924107,695.515682907376,326.089595875318,326.5290808028,-205.852041979126,-115.879304863766,321.731346822215,-7.89650776199531,2.24992586673301,5.64658189445393
1.459,906.721032246563,2270.98175327645,49.9927845432856,49.9927712405659,1696.94578386415,695.408541639934,326.089548635931,326.529091516926,-117.750533998816,-204.319825009717,322.070358988794,-6.90457870383765,-0.278003734713685,7.18258243780303
1.46,906.350520418793,2271.36576907513,49.9927874917251,49.9927700182056,1696.82807672117,695.526835480648,326.089583948074,326.529079687542,-18.7209939040118,-271.884608655473,290.60560254004,-5.23605669061566,-2.77486000469801,8.01091669461075
1.461,905.852136616012,2271.89584248048,49.9927914577374,49.9927683309296,1696.11364616629,696.273637875187,326.089798277241,326.529005007303,82.9854398498238,-313.784877515905,230.799437646126,-3.05460358840518,-5.00405872746547,8.05866231519577
1.462,905.911182744286,2271.86907429154,49.9927909878632,49.9927684161354,1695.2312894153,697.188566103861,326.090062984266,326.52891351448,176.39726722291,-325.07204249208,148.674775248563,-0.574484492008383,-6.74252350464717,7.31700799598872
1.463,906.717444659118,2271.07266112783,49.9927845718347,49.9927709511972,1694.78319254787,697.662033324154,326.090197413326,326.528866167758,251.807626232432,-303.83942939508,52.0318031387452,1.96127702437449,-7.81871793729142,5.85744091223322
1.464,907.394582758682,2270.42772793362,49.992779183341,49.9927730040833,1694.4834716938,697.955703505722,326.090287329582,326.52883680074,303.716826919201,-253.693548643727,-50.0232783028491,4.30403793453259,-8.13221093320466,3.82817299794164
1.465,908.430519243138,2269.43059111336,49.9927709396203,49.9927761780684,1694.3208154843,698.163265663586,326.090336126445,326.528816044524,325.371943910415,-178.444379607954,-146.927564333679,6.22838865196094,-7.64951029172746,1.42112163896575
1.466,909.415006621833,2268.48818025296,49.9927631053187,49.9927791778554,1695.16408252781,697.356035516691,326.090083146332,326.528896767539,314.665010957933,-85.1854609232742,-229.479550070002,7.54172023855569,-6.41782036730273,-1.12389987214587
1.467,909.521734123626,2268.41064921482,49.9927622560082,49.9927794246443,1696.39047834819,696.114330298786,326.089715227586,326.529020938061,273.723192566267,15.4711449385635,-289.19433754399,8.11648387062057,-4.55905323983954,-3.55743063177678
1.468,908.938350465628,2269.02002056172,49.9927668984279,49.9927774849551,1696.90941175432,695.612954824214,326.089559547564,326.529071075608,205.573748896628,115.441667190919,-321.015416130722,7.89761186488805,-2.25390382512301,-5.64370804086528
1.469,908.568020306539,2269.42571097582,49.9927698454217,49.9927761936024,1696.70482751112,695.869528097048,326.089620922837,326.529045418281,117.511102695034,204.075902544116,-321.58700528328,6.90583004617962,0.274935936585424,-7.18076598396087
1.47,908.35361114467,2269.64311018425,49.9927715516355,49.9927755015992,1696.0455078344,696.530924775342,326.08981871874,326.528979278613,17.9333634186524,272.390539562976,-290.323903027714,5.23758315754131,2.77247343984809,-8.01005659867071
1.471,908.21726756949,2269.79979067341,49.9927726366232,49.9927750028697,1695.29176046731,697.295078777954,326.09004484295,326.528902863213,-83.4698619930899,314.41778703786,-230.947925091905,3.05871147315235,4.99947425490402,-8.05818572940993
1.472,908.779503915464,2269.28687592871,49.9927681624886,49.9927766355281,1694.84381237669,697.782729581201,326.090179227377,326.528854098132,-176.75218699536,325.723674510625,-148.971487562676,0.578339314944971,6.74130663236195,-7.31964594871532
1.473,909.79124178733,2268.28758137986,49.9927601113344,49.9927798163814,1694.83567894838,697.806478584169,326.090181667406,326.528851723232,-251.939023896801,304.035617676612,-52.096593826177,-1.9565619379012,7.81793725753696,-5.86137532107537
1.474,910.301346383773,2267.80268353822,49.992756052051,49.9927813598592,1694.77280159071,697.877843095654,326.090200530613,326.528844586781,-302.977866960491,253.652482046622,49.3253848698671,-4.30049533182303,8.13166179910388,-3.83116646872062
1.475,910.807976617678,2267.3299194126,49.9927520204157,49.9927828647141,1695.20397512087,697.462934674931,326.090071178554,326.528886077623,-325.179574329512,178.7022492082,146.477325080647,-6.22488126750954,7.65138560197215,-1.42650433587039
1.476,911.196854551256,2266.97734981532,49.9927489258234,49.992783986978,1695.77599205292,696.931304963785,326.089899573474,326.528939240594,-314.291466617747,84.9319796640254,229.359486916924,-7.54012689525812,6.42002351868314,1.12010337522835
1.477,911.223361991487,2266.95767161212,49.9927487148839,49.9927840496157,1696.08755896458,696.617092448266,326.089806103401,326.528970661846,-273.796989753812,-15.8949673446498,289.6919570656,-8.11486110332098,4.56119788139619,3.55366322066227
1.478,910.716333191014,2267.48609730263,49.9927527496909,49.9927823675845,1696.38452474496,696.343042033153,326.089717013667,326.528998066887,-206.006542882169,-115.712618500657,321.719161353727,-7.8978376717269,2.25619282799469,5.64164484256814
1.479,910.576336627303,2267.67948100629,49.9927538637482,49.992781752025,1696.4369897424,696.329479802073,326.089701274168,326.52899942311,-117.976393650799,-204.117758012788,322.094151637568,-6.90852188193721,-0.27074812452561,7.17927000540073
1.48,910.549721244688,2267.71068752024,49.9927540755467,49.9927816526916,1696.10896801829,696.667354768404,326.089799680685,326.528965635614,-18.6103686333085,-272.526574114506,291.136942724585,-5.24091298006225,-2.76980905151061,8.01072203060999
1.481,910.661761466236,2267.61499976169,49.9927531839589,49.9927819572752,1695.57373537817,697.199699906716,326.089960250477,326.5289124011,82.4972401143843,-313.540244437706,231.043004301828,-3.06255742737435,-4.99647716506472,8.05903459156527
1.482,910.670895725864,2267.63891290777,49.9927531112708,49.9927818811573,1694.63167060591,698.171041684958,326.090242869909,326.528815266922,176.10457189797,-325.098115472347,148.993543553746,-0.582268734831096,-6.73818795788277,7.32045669190965
1.483,911.541729396215,2266.76953286301,49.9927461813966,49.9927846484799,1693.73272887042,699.091620257454,326.090512552429,326.528723209065,251.937338558185,-304.22721120202,52.2898726237232,1.95403760134886,-7.8168349376833,5.86279733558335
1.484,912.475925512776,2265.86646920248,49.9927387473001,49.9927875230208,1693.33937472612,699.494950677862,326.090630558673,326.528682876023,303.477810392083,-253.761181574831,-49.7166288375024,4.29867709943849,-8.13243064101684,3.83375354086791
1.485,913.317177823611,2265.05947668585,49.9927320528269,49.9927900917578,1693.45605714332,699.381723627173,326.090595553947,326.528694198728,325.501148641712,-178.806517930448,-146.694630732827,6.22311016738817,-7.65283538882246,1.42972522074167
1.486,914.286525587786,2264.11280383471,49.9927243390025,49.992793105111,1693.62640170905,699.259197188575,326.090544450578,326.528706451372,314.777187476869,-85.6444109908158,-229.132776509866,7.53885056275317,-6.42187754049844,-1.11697302295701
1.487,915.02994568602,2263.40024371951,49.9927184230534,49.9927953732603,1694.72822181879,698.15107452893,326.090213904545,326.528817263638,273.848420179857,15.2891145221828,-289.137534728699,8.1160778180486,-4.56548789782199,-3.55058992096258
1.488,914.926840252146,2263.51986926405,49.9927192435403,49.9927949924804,1695.72086659211,697.17434811772,326.089916111113,326.528914936279,206.167356800449,114.847952635459,-321.015309466869,7.89953586349646,-2.26042151594857,-5.63911434834035
1.489,914.459688890449,2264.03985515864,49.9927229610127,49.9927933373139,1696.86092912253,696.069362886296,326.089574092354,326.529025434802,117.666721181765,203.896328717905,-321.56304993414,6.91068885875463,0.266457394634561,-7.17714625425906
1.49,913.760984080176,2264.72632358379,49.992728521129,49.992791152217,1697.33804578673,695.603328334109,326.089430957354,326.529072038257,18.1809139617632,272.158463941414,-290.339377943419,5.24326430608284,2.76511028695237,-8.00837459401796
1.491,912.902493678441,2265.60157868358,49.9927353527785,49.9927883661935,1697.23966369666,695.700486045028,326.089460471981,326.529062322486,-82.9797710929957,314.218513859016,-231.238742810914,3.0656743817785,4.99394144953346,-8.0596158324264
1.492,912.40153936832,2266.14891511729,49.9927393392462,49.9927866239675,1696.72366291797,696.243861305978,326.089615272215,326.52900798496,-176.336319201518,325.637369264516,-149.301050111541,0.586322541425346,6.73634401178981,-7.32266655445993
1.493,912.055274274217,2266.48757102295,49.9927420947363,49.9927855459923,1695.77604915258,697.204666001553,326.089899556345,326.52891190449,-251.599221235963,304.356194187359,-52.75697300301,-1.94942209776879,7.81552210506661,-5.86610000866688
1.494,912.45127997268,2266.09998363066,49.9927389434231,49.9927867797213,1694.99539628872,697.994597712844,326.090133752204,326.528832911319,-303.106557440747,253.977976792236,49.1285805953641,-4.29440630336367,8.13195799864344,-3.8375516967553
1.495,913.129265533387,2265.44317802718,49.9927335481854,49.9927888703985,1694.38233120405,698.623580949968,326.090317671729,326.528770012995,-325.077661466243,178.843755488797,146.233905924018,-6.22057249234766,7.65296123378486,-1.43238874299175
1.496,914.169783231463,2264.42505973819,49.9927252680087,49.9927921111696,1694.35502891993,698.691064976979,326.090325862414,326.528763264593,-314.351702375082,85.2650229619636,229.086679361316,-7.53777055856692,6.42350238656823,1.11426817039852
1.497,915.030058711537,2263.5796359016,49.9927184221539,49.9927948022373,1694.64251897489,698.377281708716,326.090239615398,326.52879464292,-273.829165299132,-15.7241963096606,289.553361559772,-8.11541339476857,4.56831219265163,3.54710120051204
1.498,915.336881509353,2263.30000798013,49.9927159805357,49.9927956923206,1695.13388371635,697.899720550506,326.090092205976,326.528842399035,-206.268857502056,-115.31623974464,321.585097201236,-7.90084858942629,2.26452995188846,5.63631863596571
1.499,915.210760974598,2263.46840115229,49.992716984171,49.9927951563085,1695.84748189399,697.228986356517,326.089878126522,326.528909472455,-118.207954286686,-203.949801107857,322.157755353033,-6.91211592213208,-0.263612369840923,7.17572829046374
1.5,914.93710971561,2263.73250787108,49.9927191618185,49.9927943156307,1695.91209956937,697.168011638694,326.08985874122,326.528915569927,-19.3571069355016,-271.605481711303,290.962588609312,-5.24640316798847,-2.76195164214685,8.00835480871171
1.501,914.179556401527,2264.51422648376,49.9927251902363,49.9927918273431,1695.86509179805,697.202129876887,326.089872843551,326.528912158103,82.5487543959129,-313.923913879511,231.375159449828,-3.0700191380712,-4.99093057100127,8.06094970774774
1.502,913.972715406106,2264.75244638862,49.9927268362246,49.9927910690656,1695.21750294312,697.890649834964,326.090067120207,326.528843306107,175.84152290648,-325.090333438133,149.248810501526,-0.589564706666295,-6.73458860931778,7.32415331476133
1.503,914.260933525265,2264.45843671511,49.9927245426577,49.9927920049274,1694.95572315345,698.163841312807,326.090145654144,326.528815986959,251.645269591752,-304.049022416738,52.4037527970539,1.94614520952331,-7.81472034464138,5.86857513399492
1.504,914.510455230367,2264.22975944806,49.992722557027,49.9927927328298,1695.07846120634,698.035846425864,326.090108832729,326.528828786448,303.394708527256,-254.026137044525,-49.3685715094981,4.29107374744377,-8.13247442688924,3.84140067840857
1.505,915.453400789756,2263.31675130359,49.9927150533047,49.9927956390249,1694.55120662131,698.589502274252,326.090267009104,326.528773420863,325.335831343336,-179.118818082505,-146.217013287502,6.21880466157889,-7.65526300015537,1.43645833760283
1.506,916.213823060486,2262.58145935071,49.9927090020565,49.9927979795319,1694.6274048841,698.54457402317,326.090244149625,326.528777913688,314.80531974207,-85.8126070229232,-228.992712746542,7.53549145632245,-6.42672037802665,-1.1087710792289
1.507,916.385547399222,2262.41994784749,49.9927076355177,49.992798493639,1695.30998259547,697.862417934308,326.090039376312,326.528846129297,274.134843370092,15.1235116380128,-289.258355037534,8.11529457236876,-4.57079285694166,-3.54450171634841
1.508,916.226355300819,2262.5942579764,49.9927089023281,49.9927979387926,1695.88730070813,697.294150836763,326.089866180878,326.528902956007,206.234040871563,114.735501228587,-320.969542132214,7.90085800657066,-2.26687746350155,-5.63398054400828
1.509,915.716830507602,2263.14392542932,49.9927129569976,49.9927961891468,1696.36429270627,696.849781185076,326.089723083278,326.528947392972,117.615175952639,203.750477319396,-321.365653306724,6.91440990936958,0.259488035725552,-7.17389794607654
1.51,915.238043080125,2263.61480682677,49.9927167670669,49.9927946902848,1696.71300406796,696.493852665015,326.08961846987,326.528982985824,18.675001269131,272.435792377746,-291.110793684255,5.25021963566831,2.75815146417589,-8.00837110088246
1.511,915.312406576415,2263.54755017356,49.992716175301,49.9927949043693,1696.57229242176,696.63362599822,326.089660683364,326.528969008491,-82.7595861342621,314.314703992983,-231.555117899308,3.07334277646072,4.98731113959718,-8.06065391716486
1.512,915.328183788356,2263.58479944696,49.9927160497499,49.9927947858012,1696.1621820283,697.078229894856,326.089783716482,326.528924548101,-176.236741827991,325.695402290001,-149.458660506015,0.593113259063995,6.73318386330414,-7.32629712355644
1.513,915.53454841651,2263.36443701311,49.9927144075524,49.9927954872366,1695.54068612819,697.724886089159,326.089970165252,326.528859882481,-251.50128945596,304.566921550705,-53.0656321416875,-1.94386180858919,7.81400053945501,-5.87013873214068
1.514,916.134483751937,2262.77894272971,49.9927096334187,49.9927973509228,1695.14082797011,698.115728541202,326.090090122699,326.528820798236,-303.077619993877,254.220645535269,48.8569744099471,-4.288871424412,8.13256707660978,-3.84369565355397
1.515,916.588401298853,2262.3414806057,49.9927060212576,49.992798743408,1694.93434462916,698.336132939533,326.090152067702,326.528798757796,-324.939860528585,179.098794180435,145.841066299174,-6.21559180655668,7.65538737191992,-1.43979556678344
1.516,916.822849523434,2262.13948365278,49.9927041555779,49.9927993863843,1695.0240202136,698.264561448246,326.090125165026,326.528805914946,-314.711425930313,85.6038162878048,229.107609593184,-7.53429677011408,6.42922871892562,1.10506804972538
1.517,917.056155261786,2261.90997730387,49.9927022989899,49.9928001169257,1695.24616495431,698.048403974328,326.090058521604,326.528827530693,-273.937565868016,-15.4591603421104,289.396726161675,-8.11472804187776,4.57346369376269,3.5412643466262
1.518,916.993738743637,2261.97779571946,49.9927027956847,49.9927999010529,1695.25220433913,698.036752149929,326.090056709789,326.528828695875,-206.637586674548,-115.026659734285,321.664246362845,-7.90180910392691,2.27101679820279,5.63079230423725
1.519,917.358358232921,2261.66258556502,49.992699894135,49.992800904398,1695.48849354964,697.847046048623,326.089985823025,326.528847666486,-118.76997788383,-203.38227740612,322.152255248027,-6.91658099685596,-0.255961584359156,7.17254257976466
1.52,917.2421671618,2261.75439616551,49.9927008187542,49.9928006121558,1695.90125814666,697.427380939663,326.089861993646,326.528889632996,-19.1400687614089,-272.131013142219,291.271081866941,-5.25159896258723,-2.75480497956826,8.00640394077823
1.521,917.507216231564,2261.50363691444,49.9926987095607,49.9928014103473,1695.72794474344,697.599611883291,326.089913987667,326.528872409902,82.0352592836415,-313.43998243352,231.404723119091,-3.07537001813168,-4.98556130691657,8.06093132377843
1.522,917.562000546506,2261.49291442553,49.992698273601,49.992801444478,1695.78683666915,697.561366510737,326.08989632009,326.528876234439,175.675812783318,-325.11495213552,149.439139327188,-0.597340090934002,-6.73018727624438,7.32752736604183
1.523,917.473327261886,2261.57373844026,49.9926989792406,49.9928011872072,1695.83598383581,697.534601046622,326.08988157594,326.528878910986,251.628298501034,-304.073576950528,52.4452784288746,1.93948020787282,-7.81275560551006,5.87327539664156
1.524,917.403565140844,2261.64797693078,49.9926995343899,49.9928009508988,1696.05773942411,697.309729876446,326.089815049263,326.528901398103,303.27566293477,-254.190140824432,-49.0855221289294,4.2855296258819,-8.13208827109433,3.84655864434174
1.525,917.242126288776,2261.84105680548,49.9927008190795,49.9928003363064,1696.11193438953,697.257559494959,326.089798790774,326.528906615141,325.377369626849,-179.346507980369,-146.030861664997,6.21319178512879,-7.6576616208179,1.44446983491057
1.526,916.748920646527,2262.36991069754,49.9927047438852,49.9927986529122,1696.25815424986,697.145267186084,326.089754924815,326.528917844372,314.859493409574,-85.9366433101108,-228.922850119797,7.53330135799372,-6.4317348896117,-1.10156646911102
1.527,916.404025654617,2262.70336065963,49.9927074884724,49.992797591508,1695.85536893271,697.53569847942,326.089875760411,326.528878801242,274.393592295333,14.4222814195493,-288.815873737483,8.11449547054795,-4.57709032779429,-3.53740514347122
1.528,916.366193262422,2262.76439602393,49.992707789533,49.9927973972264,1695.58002796677,697.817034119694,326.0899583627,326.528850667678,206.515444917984,114.403909600876,-320.919354546048,7.90400414450147,-2.27545830847716,-5.62854583676498
1.529,916.385193691454,2262.75660542389,49.9927076383324,49.9927974220247,1695.34798158381,698.100771321711,326.090027976615,326.528822293958,117.782339457759,203.580148976844,-321.362488464867,6.91711073862537,0.252890464232109,-7.17000120365337
1.53,916.553464294739,2262.58464561917,49.9927062992775,49.9927979693897,1695.14686049514,698.273840489732,326.090088312942,326.528804987041,19.251699356668,271.905547801393,-291.157247194065,5.25580524343907,2.7510186477043,-8.00682389203432
1.531,916.912600092838,2262.25031938086,49.9927034413656,49.9927990335832,1694.69322518221,698.731269394257,326.090224403536,326.528759244151,-82.6157386575948,314.387377709861,-231.771639093835,3.08040937440556,4.9825162015379,-8.06292557695873
1.532,917.397047029167,2261.78522582581,49.9926995862594,49.992800514022,1694.21802298075,699.235792523926,326.090366964196,326.528708791838,-175.64400797417,325.696845317764,-150.052837389552,0.601280167418576,6.72828519570547,-7.32956536427472
1.533,918.060512216695,2261.10993580974,49.9926943065712,49.9928026635368,1695.04986164904,698.424829004004,326.090117412596,326.52878988819,-251.359474525789,304.801144112281,-53.4416696347981,-1.93576254549125,7.81134315612475,-5.87558061190906
1.534,917.909581936394,2261.2837080568,49.9926955076362,49.9928021104026,1695.33846076104,698.120391241841,326.090030832862,326.528820331966,-302.848415961032,254.35657549747,48.4918404149864,-4.28222865901478,8.13285093156449,-3.85062227391939
1.535,917.781389692841,2261.42925372532,49.9926965277576,49.9928016471163,1695.40264653499,698.066266963313,326.09001157713,326.528825744394,-324.880807102464,179.387135654209,145.493671401297,-6.21129186557644,7.65870837256369,-1.44741650841019
1.536,917.901429267194,2261.32922987593,49.9926955725131,49.9928019655021,1695.34636416741,698.156035831263,326.09002846184,326.528816767507,-314.242663038327,85.8139257616139,228.428737231505,-7.53198003064039,6.43335814984014,1.09862187936412
1.537,917.568821465655,2261.66138933717,49.9926982193218,49.9928009082057,1695.90909968823,697.577304426786,326.089859641184,326.528874640648,-274.221232819913,-15.0846879739436,289.305920751434,-8.11409228778285,4.58027716204475,3.53381512431699
1.538,916.641187178347,2262.60129439139,49.9927056012009,49.992797916395,1696.08283211982,697.406992391445,326.089807521454,326.528891671851,-206.813983849259,-114.808709861325,321.622693672703,-7.90427611326926,2.27835153624993,5.62592457564951
1.539,916.700156377386,2262.57396737969,49.992705131939,49.9927980033796,1695.34764250882,698.174406175843,326.090028078338,326.528814930473,-118.879896598789,-203.09749177948,321.977388345811,-6.92066360008173,-0.248281360253177,7.16894495905388
1.54,916.776949832259,2262.49080387219,49.9927045208361,49.9927982680973,1694.88592447771,698.647124709699,326.090166593747,326.528767658619,-19.5255630343926,-272.018238609387,291.543801617103,-5.25790105991051,-2.74936658770886,8.00726764645717
1.541,917.839912292221,2261.42687076079,49.9926960620496,49.9928016547016,1694.19274157928,699.322857632139,326.090374548617,326.528700085327,81.7726944856302,-313.58516406534,231.812469558439,-3.08349256404402,-4.97917750359704,8.06267006661768
1.542,918.782329384226,2260.51636810416,49.9926885625327,49.9928045529215,1694.23062452043,699.313231732724,326.090363183734,326.528701047917,175.494280049467,-325.144697668312,149.650417601761,-0.604673190323707,-6.72604887728171,7.33072206672564
1.543,919.498105161029,2259.79588014962,49.99268286657,49.9928068463059,1695.13070504123,698.423637798241,326.090093159578,326.528790007311,251.165564384309,-304.41984659212,53.2542821925667,1.93162357387227,-7.81034615154443,5.87872257691881
1.544,919.257349374221,2260.06318557592,49.9926847824437,49.9928059954463,1696.05446285403,697.50440737774,326.089816032234,326.528881930353,303.301262870957,-254.35069201232,-48.9505708743893,4.2796381900617,-8.1334103506083,3.85377215988248
1.545,918.747669375712,2260.58122040032,49.9926888383482,49.9928043464903,1697.23655881663,696.326346011951,326.089461403445,326.528999736489,325.531214373953,-179.598768305555,-145.932446086747,6.20807458174668,-7.65931306526567,1.4512384828975
1.546,917.532878893302,2261.82504806278,49.9926985053437,49.9928003872638,1697.60090880885,695.985049739351,326.089352098448,326.529033866116,315.025988979062,-86.36157412211,-228.664414879752,7.53003354924901,-6.43572672578522,-1.09430682409616
1.547,916.23659967933,2263.11584834483,49.992708820806,49.9927962785189,1697.20805306957,696.369621050688,326.08946995517,326.528995408985,274.690694250657,14.0931847566262,-288.783879035847,8.11384267940466,-4.58266000514189,-3.5311826749576
1.548,915.438835840929,2263.91004972157,49.9927151692089,49.9927937504974,1696.06739826145,697.508180408841,326.089812151612,326.52888155305,206.60304311301,114.265005930861,-320.868049080377,7.90424833327283,-2.28138945243946,-5.62285888163783
1.549,915.628759944794,2263.74190442117,49.9927136578409,49.9927942857205,1694.84088097705,698.771667384216,326.090180106797,326.528755204352,118.565088347634,203.106831671166,-321.671920061435,6.92138598503566,0.245190516726975,-7.16657650271397
1.55,916.169009450987,2263.18601680158,49.9927093586719,49.9927960551658,1693.87041088395,699.734959289941,326.090471247825,326.528658875161,19.3592481965645,271.714385408331,-291.073633655734,5.26040756604416,2.74470935408156,-8.00511692125939
1.551,917.128237374087,2262.24145482548,49.9927017253786,49.9927990617999,1693.20950162191,700.384474201424,326.090669520604,326.52859392367,-81.9951328366039,313.973190441472,-231.978057663112,3.08702775925049,4.97609026934143,-8.06311802993088
1.552,917.988927113871,2261.39480037725,49.9926948762273,49.9928017567848,1692.85392396876,700.773365204515,326.0907761939,326.52855503457,-175.70255155871,325.735944708989,-150.033393213979,0.607395571533832,6.7239835201783,-7.33137909325633
1.553,919.539317090669,2259.84879861508,49.9926825386159,49.9928066778612,1693.12706483114,700.496375658101,326.090694251641,326.528582733525,-251.27341696836,305.018838452842,-53.7454215512814,-1.9281756085271,7.8101519039658,-5.88197629716366
1.554,920.378997283783,2259.03492132577,49.9926758566532,49.9928092685131,1694.66143530582,698.96862597172,326.090233940499,326.528735508493,-302.659908765095,254.839996862323,47.8199118356386,-4.27624195775409,8.13343969587993,-3.85719773998761
1.555,919.921940299259,2259.50222435423,49.9926794937971,49.9928077810413,1696.34381899199,697.289885393868,326.089729225393,326.528903382551,-324.877160437731,179.205262200674,145.671898172237,-6.20512701569228,7.66055077722701,-1.45542376347588
1.556,919.460697652832,2259.99131938142,49.9926831642495,49.9928062242035,1697.59238557617,696.068906077953,326.089354655418,326.529025480483,-314.538708625217,86.1402842763352,228.398424288604,-7.52880089621363,6.43793786916123,1.09086302509669
1.557,917.978040976363,2261.47396570076,49.9926949628564,49.9928015047937,1698.19905760497,695.45308455049,326.089172653809,326.529087062635,-274.321139674644,-14.8067094444476,289.127849065411,-8.1134135468533,4.58561640158635,3.52779714336263
1.558,916.212163439419,2263.25861344677,49.9927090152634,49.9927958240835,1698.07064490655,695.577160205601,326.089211177618,326.52907465507,-207.029933219654,-114.411992481633,321.441925655584,-7.90596482264515,2.28556680023883,5.62039802061444
1.559,914.97695813528,2264.50103113985,49.9927188447149,49.9927918693451,1696.42475761507,697.261661857657,326.089704943806,326.528906204905,-118.886962347589,-203.21785970084,322.104822012326,-6.92327600498926,-0.241407648085716,7.16468365145262
1.56,914.891330802316,2264.55628080111,49.9927195261155,49.99279169348,1695.17594409956,698.492643131456,326.090079587861,326.528783106777,-20.0155534483259,-271.296622784601,291.312176206838,-5.26326397202769,-2.74023449803513,8.0034984686578
1.561,915.199799307614,2264.26414158827,49.9927170714012,49.992792623388,1693.66028133531,700.012006985835,326.09053428669,326.528631170392,81.3140718900084,-313.486543620283,232.172471713509,-3.08957309113766,-4.97433513411155,8.06390822409153
1.562,916.576184768731,2262.90065401215,49.9927061184737,49.9927969635038,1692.86381237275,700.826889288535,326.090773227379,326.528549682162,175.028629332977,-324.954555019103,149.925925677901,-0.61186982286054,-6.7217782453559,7.33364806731488
1.563,918.280559213115,2261.19152314612,49.9926925554928,49.9928024038363,1692.85600544452,700.834336530816,326.090775569457,326.528548937437,251.135131960079,-304.262827290335,53.1276953270244,1.92449103875877,-7.80846748312061,5.88397644370146
1.564,919.819198531369,2259.65434905656,49.9926803113902,49.9928072968134,1693.27226565036,700.427141413952,326.090650691395,326.528589656949,302.904758844305,-254.691467234269,-48.2132916107971,4.27348849614536,-8.1331047921377,3.8596162955334
1.565,920.941068189359,2258.55477325484,49.9926713838351,49.9928107968719,1694.58288411297,699.112952455949,326.090257505856,326.528721075845,325.673718348609,-180.00986420641,-145.663854143784,6.2035192334294,-7.66205125483835,1.45853202109154
1.566,920.643471018266,2258.88144607541,49.9926737520381,49.99280975704,1696.45029911562,697.274065585971,326.089697281356,326.528904964532,314.944840824902,-86.7251653375286,-228.21967549255,7.52758911055028,-6.43980754639033,-1.08778156440807
1.567,919.339039527857,2260.18614683571,49.9926841323741,49.9928056040485,1697.51565118601,696.17662313801,326.089377675735,326.529014708777,274.537740349868,14.191730670986,-288.729471032298,8.11289989593399,-4.58935407756418,-3.52354581862521
1.568,917.769756365351,2261.77246579287,49.9926966203327,49.9928005546384,1697.69467892667,696.009884455704,326.089323967412,326.529031382645,207.003174738461,113.846033837107,-320.849208595833,7.90726698736072,-2.28940931633963,-5.61785767135679
1.569,916.619425542765,2262.95222762923,49.9927057743745,49.9927967993398,1697.76244502453,695.973971665517,326.089303637583,326.529034973924,118.722351671715,202.958689741513,-321.6810414405,6.92603597722347,0.237106284092969,-7.16314226179259
1.57,915.443669148097,2264.11492218095,49.9927151307466,49.9927930983681,1696.55831195906,697.166188023305,326.089664877503,326.528915752288,19.6256812011855,271.273496789892,-290.899178026256,5.26729724906617,2.73655224059176,-8.00384949031173
1.571,914.802996283477,2264.75510925235,49.9927202290593,49.9927910605894,1695.06073104808,698.673916457214,326.090114151776,326.528764979445,-81.8127351337077,313.823386146654,-232.010651055995,3.09296409422086,4.97133209139218,-8.06429618646779
1.572,915.621631635328,2263.95143303754,49.9927137145662,49.9927936187702,1693.56495187087,700.18252352544,326.090562885529,326.528614118738,-175.329078510406,325.702915944368,-150.373837483179,0.616092778373593,6.71989086368962,-7.33598364312596
1.573,917.230697351489,2262.31744506393,49.992700910028,49.9927988199155,1693.11429509646,700.651722200436,326.090698082561,326.52856719887,-250.955263929152,304.932296210546,-53.9770323357556,-1.92106723037746,7.80718968518655,-5.88612245606839
1.574,918.407757471206,2261.15438039843,49.9926915432812,49.9928025220653,1694.00682444513,699.75288907205,326.090430323757,326.528657082183,-302.707007015597,254.797522907865,47.9094840500968,-4.26945914386402,8.13308536077072,-3.86362621834015
1.575,919.26901730613,2260.31878833941,49.9926846895932,49.9928051818374,1695.53164298033,698.233687861587,326.089972878196,326.528809002304,-325.011695133365,179.706939805009,145.304755269779,-6.20137425846315,7.66365244238473,-1.46227818549208
1.576,918.98658209501,2260.62175191164,49.9926869371412,49.9928042174744,1697.12497310475,696.668607379015,326.089494879159,326.528965510352,-314.558852245986,86.4283506696842,228.130501519914,-7.52586356660396,6.44171609894827,1.08414746600253
1.577,918.047438529077,2261.57327709736,49.9926944106083,49.9928011886757,1698.1615630053,695.606107073215,326.089183902189,326.529071760383,-274.433410494168,-14.6444609210144,289.077871363327,-8.11361209241906,4.59275518372303,3.52085690702698
1.578,916.670375556316,2262.94399082676,49.9927053689272,49.9927968255584,1698.59921777078,695.17395397359,326.089052605759,326.529114975693,-207.077212266895,-114.396007776632,321.473219998187,-7.90671406720316,2.29241993122099,5.61429413436216
1.579,915.360141089021,2264.29132961753,49.9927157954418,49.9927925368458,1697.96913493741,695.829868211206,326.089241630609,326.529049384269,-119.345115963351,-202.882336899666,322.227452825307,-6.9285803594883,-0.233440974007893,7.16202133198551
1.58,914.781069094093,2264.84508009021,49.9927204035503,49.9927907742033,1696.42953398497,697.364029080469,326.089703510895,326.528895968182,-20.374361436469,-271.149466160204,291.523827566702,-5.26903616923239,-2.73463418577101,8.00367035364575
1.581,914.90795325203,2264.72184707667,49.9927193938383,49.9927911664662,1694.78184652092,699.008002424512,326.090197817134,326.528731570848,81.245213379555,-313.566899810078,232.321686407864,-3.09673757234443,-4.96793820331096,8.06467577447813
1.582,916.030049919722,2263.60408139899,49.9927104644767,49.9927947244249,1693.715841052,700.096793672868,326.090517618775,326.528622691723,174.8742020136,-324.995956944283,150.121754915415,-0.619096595097542,-6.71732257755138,7.33641917166553
1.583,917.370189474662,2262.24520985889,49.992699799985,49.9927990498473,1693.50173153358,700.305915679812,326.09058185163,326.528601779522,250.808864954705,-304.493585888737,53.6847209227178,1.91696709287107,-7.80557770347379,5.88861060980689
1.584,918.384854914565,2261.25778647053,49.992691725534,49.9928021929136,1694.08135686193,699.739339534625,326.090407964032,326.528658437137,303.257557423994,-254.777876971851,-48.4796804613962,4.26791413453139,-8.134109630797,3.86619549562636
1.585,919.109071464769,2260.56102681667,49.9926859624018,49.9928044107684,1695.37486535154,698.441461311938,326.090019911485,326.528788224959,325.367578720547,-180.085243587458,-145.282335143071,6.19964596289468,-7.66621669667009,1.46657073324736
1.586,919.272058825802,2260.40564795209,49.9926846653896,49.9928049053547,1696.82033095676,697.014185514792,326.089586271803,326.528930952539,315.048292187015,-87.0601966318915,-227.988095569775,7.52427834325851,-6.44478576068208,-1.07949258306195
1.587,918.267231604616,2261.41295566365,49.9926926615505,49.9928016989947,1698.04033473235,695.778321827756,326.089220270671,326.529054538908,274.671876404275,13.9403985353795,-288.612274961089,8.11270989964835,-4.59577203949551,-3.51693786067198
1.588,916.733035244804,2262.95504235556,49.9927048702973,49.9927967903803,1698.43272500456,695.384338940991,326.089102553589,326.529093937196,207.292116922766,113.601461113131,-320.893578067077,7.90845109964566,-2.29648036312336,-5.61197073714709
1.589,915.508444276772,2264.2058057499,49.9927146152826,49.9927928090768,1697.69943987275,696.155201040079,326.089322539129,326.529016850986,118.690412689275,203.007590774362,-321.698003503032,6.92973589535011,0.230433860313217,-7.16016975645807
1.59,915.253870134756,2264.4251025391,49.9927166411192,49.9927921110334,1696.49008086822,697.347854769565,326.08968534683,326.528897585613,19.8153194180418,271.388586229232,-291.203905694436,5.27167007687754,2.73011739149312,-8.00178746936805
1.591,915.284938941481,2264.40538003348,49.9927163938815,49.9927921738121,1695.15903629387,698.680222989452,326.090084660202,326.528764348791,-81.4605799763755,313.824402006578,-232.363822084604,3.10064005436744,4.96480272597122,-8.06544278154889
1.592,915.660518497083,2264.05677915925,49.9927134051144,49.9927932834431,1695.05501769733,698.794958661977,326.090115865781,326.528752875224,-174.964314513772,325.768623256747,-150.804308803831,0.624438253832323,6.71547896259702,-7.33991721785166
1.593,916.468782469457,2263.22731226512,49.992706973154,49.9927959237183,1695.20525309806,698.659836743414,326.090070795161,326.528766387416,-250.836248902067,305.200813990656,-54.3645651553223,-1.91355884143949,7.80518988980456,-5.89163104999176
1.594,916.917260257173,2262.76987806011,49.9927034042812,49.9927973797765,1695.2457929086,698.615603697953,326.090058633218,326.528770810721,-302.290681197885,254.814362861675,47.4763182654963,-4.26305276034269,8.13234228448271,-3.86928952595163
1.595,917.05747302293,2262.64711711786,49.9927022885035,49.9927977705368,1695.52113151573,698.339219405764,326.089976031636,326.52879844915,-325.175175837551,180.032645610758,145.142530154441,-6.19643221633155,7.665416481203,-1.46898426683303
1.596,917.29225195817,2262.4382920065,49.9927004201921,49.9927984352477,1695.80401739193,698.080076421271,326.089891165873,326.528824363448,-314.713695773771,86.7229348634473,227.990760838336,-7.52405578151061,6.44725457590681,1.07680120353766
1.597,917.180008545257,2262.5452994071,49.9927013133968,49.9927980946326,1696.33776925489,697.525996732465,326.089731040314,326.528879771417,-274.862252876723,-14.135676255372,288.997929062943,-8.11208170438139,4.59851290628317,3.51356879598127
1.598,916.772947320692,2262.95649444273,49.9927045526871,49.9927967857582,1696.85677650835,697.020691610892,326.089575338138,326.528930301929,-207.465535505185,-114.005041401352,321.470576843655,-7.9090652413129,2.29900033428386,5.61006490492975
1.599,916.583835361094,2263.18655034813,49.9927060575922,49.9927960534675,1697.29178032206,696.606756273518,326.089444836994,326.528971695463,-119.562200875008,-202.633153914895,322.195354735632,-6.93277858579631,-0.225865937390508,7.15864452118161
1.6,915.62502725945,2264.11273171673,49.9927136875447,49.9927931053406,1697.67384358488,696.22038855202,326.089330218015,326.529010332235,-20.3792110687611,-271.315933185451,291.695144209942,-5.27411373332609,-2.72674138607541,8.00085511755783
1.601,914.267577542165,2265.49083733589,49.9927244897863,49.9927887186942,1697.05673857967,696.834255108912,326.089515349516,326.528948945579,81.142463673358,-313.581628113849,232.439164406657,-3.10325165217181,-4.96275203856613,8.06600368910988
1.602,914.380588623608,2265.38952324124,49.9927235904727,49.992789041187,1695.92569369604,697.974456832806,326.089854662982,326.528834925407,174.504245808995,-325.004213587774,150.499967755453,-0.627521809842812,-6.7132923954778,7.34081420394473
1.603,914.933323372993,2264.82160095992,49.9927191919493,49.9927908489397,1695.21715139941,698.686810836368,326.090067225671,326.528763690007,250.907293271432,-304.616104830602,53.7088115445604,1.90920788546985,-7.80414244908458,5.89493456250737
1.604,915.5920425781,2264.15498997828,49.9927139500284,49.9927929708284,1695.05517542177,698.858930903999,326.090115818464,326.528746478,302.972772440085,-254.901456207505,-48.0713162406757,4.26032791218529,-8.13282724519626,3.8724993321634
1.605,916.181740959672,2263.57709205519,49.9927092573578,49.9927948103346,1695.03818822595,698.866783755871,326.090120914623,326.528745692715,325.399110963748,-180.3797889734,-145.019321995205,6.19319204506788,-7.6667122919017,1.47352024620751
1.606,916.624402801031,2263.16366182926,49.9927057347668,49.9927961263239,1696.00963768701,697.935864014443,326.089829479784,326.528838784689,315.322381751259,-87.4403664062944,-227.882015350065,7.5227758461696,-6.44955151489467,-1.07322433174222
1.607,916.917467593789,2262.84873525377,49.9927034026313,49.9927971287663,1696.96885483173,696.940276232336,326.089541714641,326.528938343467,274.980226290743,13.5696649623933,-288.549891261637,8.11130607076648,-4.6015571534278,-3.5097489177217
1.608,916.712206065894,2263.0693055269,49.9927050360506,49.9927964266693,1697.44675344476,696.457184834678,326.089398345057,326.528986652607,207.604081779515,113.283398846195,-320.887480640374,7.91032657201438,-2.30358995552725,-5.60673661686931
1.609,916.362739273481,2263.4478808891,49.992707817019,49.9927952216265,1697.7884074598,696.162222423522,326.089295848852,326.529016148848,119.339338179923,202.355625263975,-321.694963465876,6.93354485901479,0.222986269971886,-7.15653112944586
1.61,915.565355638112,2264.23109448584,49.9927141623963,49.9927927285802,1698.13572493304,695.793792484085,326.08919165361,326.529052991842,20.1694446422282,271.358815229722,-291.528259901445,5.27834529428422,2.72284428953802,-8.00118958440946
1.611,914.214987259764,2265.60161571779,49.9927249082865,49.9927883660756,1698.51044560368,695.419476535199,326.089079237409,326.529090423437,-81.208647848767,313.735973683724,-232.527325872829,3.10801220017181,4.95873680255052,-8.06674900348046
1.612,913.162993344836,2266.67454541369,49.992733279788,49.9927849508343,1698.23383758838,695.714305996648,326.089162219814,326.529060940491,-174.870013785922,325.714930106381,-150.844916366825,0.631599499264351,6.71085941963994,-7.34245891986565
1.613,912.598338494446,2267.20157264627,49.9927377731686,49.9927832732546,1697.13497301615,696.824714127092,326.089491879186,326.528949899678,-250.547223745087,304.896655144146,-54.3494314525858,-1.9066104392739,7.8025524738639,-5.89594203576937
1.614,912.523385307905,2267.29557866722,49.9927383696271,49.9927829740241,1696.01418390678,697.940318183655,326.089828115918,326.528838339272,-302.117842538761,254.977696279371,47.1401462008948,-4.25692895680254,8.13384039358417,-3.87691143816721
1.615,912.507095583912,2267.29671555142,49.9927384992566,49.9927829704053,1695.04959241787,698.911292405409,326.090117493365,326.52874124185,-325.024454643724,180.099120720711,144.925333862038,-6.19147298967443,7.66750495336939,-1.47603196525399
1.616,913.565009293939,2266.25839910423,49.9927300806468,49.9927862754692,1694.2401819958,699.741816798864,326.090360316492,326.528658189411,-314.660343149689,86.9134466591115,227.746896431039,-7.52096164955537,6.45139732883047,1.06956431904732
1.617,914.923138868478,2264.88653539682,49.992719272995,49.992790642247,1693.97186280032,699.978752521868,326.09044081225,326.528634495838,-274.927042394854,-13.7981401422994,288.725182481837,-8.11194051527962,4.60478243920083,3.50715807435704
1.618,916.398865093504,2263.42142886633,49.9927075295388,49.9927953058259,1694.6702138844,699.286503969038,326.090231306925,326.528703720693,-207.670025061613,-113.555068128029,321.225093140706,-7.91140197962074,2.30663895115001,5.60476302677849
1.619,917.106768921282,2262.73656931936,49.9927018962192,49.9927974858016,1695.57849346679,698.411650144168,326.08995882305,326.528791206076,-119.581922869998,-202.535494036893,322.117416864936,-6.93520154489578,-0.219535875463875,7.15473741876019
1.62,917.110041408383,2262.72560015471,49.9927018701775,49.9927975207175,1696.65895144225,697.3142877599,326.089634685658,326.528900942314,-20.4603123135871,-271.25264378257,291.712956061485,-5.28052137278204,-2.72027978704102,8.0008011583607
1.621,916.345823492967,2263.50959798557,49.9927079516305,49.9927950251749,1697.81977393495,696.141658339311,326.08928643891,326.529018205256,80.5084239304933,-313.039892906249,232.531468948012,-3.11122308296864,-4.95572334546755,8.06694642714034
1.622,915.138497874368,2264.74127858561,49.9927175592225,49.9927911046138,1698.79437619591,695.191898350093,326.088994058232,326.529113181255,174.396255980607,-325.021879629415,150.625623627882,-0.634795752237907,-6.70921710537685,7.34401285649834
1.623,913.859051547764,2265.99713685059,49.9927277407328,49.9927871070928,1698.70471563854,695.287725303028,326.089020956399,326.52910359856,250.534343507532,-304.740193528801,54.2058500050905,1.90282958039565,-7.80169806254318,5.89886848121157
1.624,912.784139930286,2267.08206912949,49.9927362946077,49.9927836536461,1698.163015807,695.819100730771,326.089183466348,326.529050461017,302.568394634257,-254.949953176271,-47.618441470842,4.25347795037163,-8.13376637485632,3.88028842371284
1.625,911.937215945796,2267.92723506386,49.9927430342146,49.9927809633993,1697.01055544736,696.979362449667,326.089529204456,326.528934434845,325.419931273166,-180.456777722644,-144.963153561684,6.18921036384306,-7.66943792490754,1.48022756042443
1.626,911.937705055462,2267.94196933642,49.9927430303224,49.9927809164987,1695.98824731774,698.022820869307,326.089835896895,326.528830089003,315.368483599948,-87.5514001520967,-227.81708345896,7.51939545119938,-6.45435275626628,-1.06504269547621
1.627,912.59062956877,2267.27110600235,49.9927378345142,49.992783051923,1695.1227360324,698.876887644846,326.090095550281,326.528744682326,275.053930618008,13.1296885449041,-288.183619175971,8.1122530525835,-4.60738188635837,-3.50487116671576
1.628,913.483167325883,2266.37580737882,49.9927307319244,49.992785901747,1694.45751573548,699.53386527143,326.09029511637,326.528678984563,207.699901380124,113.275426411981,-320.975327808385,7.91168226786607,-2.31070179309617,-5.60098047525551
1.629,914.311827870627,2265.56162665914,49.9927241376533,49.9927884933648,1694.57750760669,699.44273207323,326.090259118808,326.528688097883,119.293937983285,202.457795114559,-321.751733120379,6.93715631120215,0.215398390523245,-7.15255470225433
1.63,915.579058382267,2264.28911274619,49.9927140533534,49.9927925439023,1694.80755438812,699.197314920591,326.090190104774,326.528712639598,20.8366962458142,271.105172435799,-291.941868717255,5.28405585468436,2.71706050172931,-8.00111635708638
1.631,915.654144587316,2264.23527293402,49.9927134558363,49.9927927152798,1696.36834789541,697.632279130227,326.089721866722,326.528869143177,-80.8931158740426,313.711928338167,-232.818812512571,3.11483480913204,4.95277976706813,-8.06761457710703
1.632,915.25292768375,2264.65458423681,49.992716648619,49.9927913805705,1696.93859976561,697.074567372692,326.089550791161,326.528924914353,-174.481783687215,325.704456662974,-151.222673035378,0.638474575851114,6.70694848907065,-7.34542306611075
1.633,914.893752860128,2264.99097600293,49.9927195068414,49.9927903098022,1697.33470113572,696.685244947448,326.08943196075,326.528963846596,-250.490652838531,305.200812269474,-54.7101594987194,-1.89887355924062,7.80075493192797,-5.90188137416428
1.634,914.396254829451,2265.51150802951,49.992723465805,49.9927886528973,1697.87868964953,696.143659263134,326.089268764196,326.529018005164,-302.16151084998,255.303314930771,46.8581958467415,-4.25126088088442,8.13449831377418,-3.88323743462277
1.635,913.810616332264,2266.09974779661,49.992728126168,49.992786780472,1698.47460038444,695.538027206171,326.089089990975,326.52907856837,-324.877063566916,180.607013394795,144.270050098869,-6.18580195717867,7.6713171874024,-1.48551523215215
1.636,912.831815247629,2267.08836047588,49.9927359152196,49.9927836336201,1698.58376639235,695.463433909387,326.089057241173,326.529086027699,-314.803757431516,87.2369206873026,227.566836674447,-7.51708113959264,6.45594150842789,1.06113962912467
1.637,911.746414163861,2268.15642963217,49.992744552567,49.9927802338504,1698.1261264769,695.890440014531,326.089194533147,326.529043327089,-274.929675056725,-13.6342286631929,288.563903656936,-8.11074218744745,4.61092926335005,3.4998129220418
1.638,911.239865484013,2268.65470269271,49.9927485835533,49.992778647798,1696.88807160992,697.138067290086,326.089565949607,326.528918564361,-207.9565186895,-113.352774701199,321.309293336324,-7.91170502238313,2.31277884728445,5.59892617311728
1.639,911.396647731009,2268.51692281992,49.9927473359198,49.9927790863649,1696.09151307888,697.967652422681,326.089804917167,326.528835605848,-120.001875188603,-202.345817139231,322.347692282945,-6.93933141717736,-0.211958623583163,7.15129003892585
1.64,911.890821019839,2268.01738848009,49.9927434034137,49.9927806764321,1695.64389040071,698.398549154376,326.08993920397,326.528792516175,-21.1903788930431,-270.965274762349,292.155653620123,-5.28688970991935,-2.71338673874848,8.00027644703229
1.641,912.387090888445,2267.52450720957,49.9927394542236,49.9927822453219,1695.77175827335,698.258722109814,326.089900843608,326.528806498879,80.2127315475253,-313.017549254983,232.804817680788,-3.11839476014067,-4.94962468435828,8.06801944309193
1.642,912.968398432984,2266.96124459611,49.9927348283251,49.9927840382425,1696.14739102845,697.91049028527,326.089788153782,326.528841322062,174.031528531928,-325.121538184678,151.090009633718,-0.641204771435815,-6.70509927076992,7.34630404103194
1.643,913.323575561923,2266.60094666008,49.9927320019153,49.9927851851064,1696.3688242593,697.695745376297,326.089721723813,326.528862796553,250.137346686591,-304.539254004794,54.4019073070437,1.89611410892317,-7.80050206557551,5.90438795571447
1.644,913.254237023574,2266.68022663753,49.9927325536939,49.9927849327504,1697.11365373103,696.938656842159,326.089498274971,326.528938505406,302.259761204373,-255.073706023414,-47.1860551858066,4.24686557694881,-8.13423362087402,3.88736804322521
1.645,912.738694639874,2267.20025439371,49.9927366562498,49.9927832774507,1697.66521187692,696.393501244829,326.089332807527,326.528993020966,325.428242106142,-180.729900842575,-144.698341266024,6.18413753735784,-7.67179478572243,1.4876572478667
1.646,912.058309931215,2267.88885243076,49.9927420705793,49.9927810855751,1698.04505893697,696.031542473294,326.089218853409,326.529029216843,315.404939112235,-87.8738860559906,-227.53105305997,7.51589553559725,-6.45804952651939,-1.05784600943766
1.647,911.392218263633,2268.54325638934,49.9927473711684,49.9927790025426,1697.42623038361,696.632780697446,326.089404501975,326.528969093021,275.316027502997,12.9151081040834,-288.231135614751,8.11108350380751,-4.61333539287198,-3.4977481112334
1.648,910.915889849308,2269.02737143042,49.9927511616695,49.9927774615565,1696.84707023319,697.213694864521,326.08957825002,326.528911001604,207.93457504042,112.815234843337,-320.749809897876,7.91355967483987,-2.31742399968972,-5.59613567546593
1.649,910.67231302577,2269.28550989403,49.9927530999923,49.9927766398763,1696.38133787576,697.703950697462,326.089717969728,326.528861976021,120.02298335597,201.864574797698,-321.887558176455,6.94181529937083,0.207120963905966,-7.14893626368758
1.65,911.11570246872,2268.8098828389,49.9927495716112,49.9927781538442,1696.17222934951,697.894807696359,326.089780702286,326.528842890321,20.7449702965065,270.930337145084,-291.675307474552,5.28910860249392,2.70862596774495,-7.9977345708169
1.651,911.707248068086,2268.23209428234,49.9927448642409,49.9927799930023,1696.02643708103,698.045327565663,326.089824439966,326.528827838334,-80.4909836440801,313.349863901062,-232.858880299955,3.12036825651248,4.94767932913839,-8.0680475864488
1.652,911.920887018665,2268.03388369105,49.9927431641561,49.9927806239262,1696.02094546288,698.058740546707,326.089826087452,326.528826497036,-174.520776573472,325.895184644819,-151.374408123576,0.645701851082004,6.70252268902153,-7.34822454114968
1.653,912.368452057748,2267.56873642216,49.9927396025467,49.992782104536,1696.16730279845,697.92219564649,326.089782180251,326.528840151526,-250.345062404397,305.406569041936,-55.0615066965129,-1.89300561836336,7.79931702059155,-5.90631140352374
1.654,912.387486880681,2267.57059461904,49.9927394510724,49.9927820986211,1696.56409054376,697.512839831337,326.089663143927,326.528881087107,-302.277211661049,255.5662308278,46.7109807706639,-4.2441138906761,8.13466529611336,-3.8905514069519
1.655,911.823254458086,2268.13652606904,49.9927439410913,49.9927802972054,1697.14134978938,696.932722139169,326.089489966154,326.528939098876,-324.957465830532,180.794192544798,144.16327322294,-6.18175403444947,7.67338402219412,-1.49162998942363
1.656,911.471885676347,2268.5105853518,49.9927467371953,49.9927791065377,1697.46714260918,696.636720044724,326.089392228308,326.528968699086,-314.905776470998,87.4390924788508,227.466683932538,-7.51512788379057,6.46141300513122,1.05371487688783
1.657,910.897918014015,2269.05567248351,49.9927513046848,49.9927773714715,1697.42357551554,696.65230352554,326.089405298436,326.528967140738,-275.275992003455,-13.0320698113256,288.308061761574,-8.10933035681663,4.61642513859573,3.49290521644219
1.658,909.925862577106,2270.0360484546,49.9927590400562,49.9927742508378,1697.03274010142,697.057487587539,326.08952254906,326.528926622332,-208.123556905318,-112.939302320168,321.062859181209,-7.91441870970316,2.32048753864391,5.59393116936063
1.659,910.390299518705,2269.58540759002,49.9927553441844,49.9927756852723,1696.18030726674,697.926764063233,326.08977827891,326.528839694684,-120.369172184499,-202.014671240295,322.383843391093,-6.94334588492899,-0.204175153486998,7.14752103687675
1.66,911.416840693699,2268.52596910309,49.9927471752293,49.9927790575697,1695.6170847849,698.482724983194,326.089947245655,326.528784098592,-21.3143531991843,-270.461496149303,291.775849325894,-5.29102502070998,-2.70652995148142,7.99755497087436
1.661,911.757841025463,2268.20835945739,49.9927444616349,49.9927800685526,1696.00861510593,698.080959069469,326.089829786559,326.528824275183,80.0199536124139,-312.932947712192,232.912994087573,-3.12467908351883,-4.94434337094992,8.06902245341404
1.662,912.036841942875,2267.93686452777,49.9927422414161,49.9927809327478,1696.8850474003,697.217513211116,326.08956685687,326.528910619769,173.989011025206,-325.082184069059,151.09317304136,-0.648957076734077,-6.70063675521029,7.34959383116734
1.663,912.085607927385,2267.88430606492,49.9927418533488,49.9927811000466,1697.20791673529,696.901471621837,326.08946999607,326.528942223928,250.104091700147,-304.84931895351,54.7452272594541,1.88878458656957,-7.79834162960971,5.90955704254551
1.664,912.139469694509,2267.81640167356,49.9927414247304,49.992781316193,1697.86183968356,696.232907556412,326.089273819185,326.529009080335,302.43701099797,-255.434580221659,-47.0024307644285,4.2406181021581,-8.13329419813714,3.89267609575002
1.665,911.845630187459,2268.14839301284,49.992743763031,49.9927802594317,1698.46938385733,695.628886665247,326.089091555933,326.529069482424,325.430711617618,-181.321909083485,-144.108802520753,6.18008244631018,-7.67542451075706,1.49534206443153
1.666,911.18921790229,2268.81134655402,49.9927489865939,49.9927781491851,1698.38023621378,695.742965433277,326.089118300226,326.529058074547,315.380524793821,-88.0984446415307,-227.282080141719,7.51321991446644,-6.4626834149347,-1.05053649941381
1.667,910.291499810453,2269.68846526346,49.9927561304075,49.9927753572295,1697.56060383474,696.53911976367,326.08936418994,326.528978459114,275.454473842008,12.4338191743267,-287.888293012133,8.10932265181281,-4.61983638976715,-3.48948626189022
1.668,909.517259908529,2270.45292180185,49.9927622916129,49.9927729238888,1697.4233003034,696.679444360052,326.089405380999,326.528964426654,208.159645327522,112.692164789412,-320.851810122246,7.91475754379703,-2.32404525495454,-5.59071228874952
1.669,909.809052553048,2270.19267727439,49.9927599696008,49.9927737522728,1696.84031354542,697.288126621628,326.089580277027,326.528903558428,120.464673759402,201.520439188278,-321.985112964879,6.9460630099059,0.200195379519855,-7.14625838949105
1.67,910.041640186142,2269.95024418505,49.9927581187273,49.9927745239613,1696.79250553745,697.321222831617,326.089594619429,326.528900248807,21.3290458214435,270.563028415019,-291.8920742662,5.29528436779367,2.70242987010605,-7.99771423820092
1.671,909.97726039206,2270.01189648746,49.9927586310454,49.9927743277159,1696.49656891679,697.622658796318,326.089683400415,326.528870105211,-80.4752403568116,313.655540356137,-233.180300041362,3.12762041580661,4.94161475051458,-8.06923516691224
1.672,910.781570437194,2269.23017767418,49.9927522305494,49.9927768160042,1696.58293257309,697.556666905136,326.089657491318,326.5288767044,-174.221869946413,325.861598887556,-151.639728993686,0.652715628367866,6.69886681445057,-7.35158244372372
1.673,910.879917848135,2269.11732406236,49.9927514479256,49.9927771752284,1697.35376261861,696.791806327141,326.089426242305,326.528953190458,-250.036650592739,305.266020395497,-55.2293698633874,-1.88516401456307,7.79677552078416,-5.91161150743325
1.674,910.812100285469,2269.19317115857,49.9927519876006,49.9927769337996,1697.61582166955,696.505577749119,326.08934762459,326.528981813315,-301.826378736971,255.626784134798,46.1995945367943,-4.23740302105802,8.13429689249219,-3.89689387291714
1.675,910.456019032872,2269.55449029076,49.9927548212052,49.9927757836851,1697.75499039362,696.378653260738,326.089305873972,326.528994505764,-324.85423939494,181.101803308272,143.752436020513,-6.17741013846127,7.67572308035355,-1.49831294358229
1.676,910.40086318978,2269.61919811553,49.9927552601214,49.9927755777137,1697.79080361378,696.347484936237,326.089295130006,326.528997622597,-315.142638700814,88.0713839010493,227.071254735798,-7.51150900291573,6.4657935759143,1.04571542518449
1.677,910.402999986847,2269.61222789013,49.9927552431173,49.9927755999006,1697.71844798688,696.412924498794,326.089316836694,326.528991078641,-275.052176012356,-13.167703646746,288.219879600806,-8.11057433909319,4.62288882139479,3.48768551584077
1.678,910.575687958122,2269.43425840044,49.9927538689101,49.9927761663951,1697.64528341251,696.48875738084,326.089338786067,326.528983495352,-208.725903004053,-112.59992078829,321.325823742149,-7.91584710071654,2.32773119080227,5.58811590810606
1.679,910.188540903509,2269.851230892,49.9927569497285,49.9927748391304,1698.11743013052,696.042751505976,326.089197142051,326.52902809594,-120.641050111693,-201.832999071909,322.474049143353,-6.94703452604216,-0.196468300131454,7.14350282449468
1.68,909.756756291725,2270.25551731856,49.9927603857613,49.9927735522467,1698.03440668577,696.103189674335,326.089222049085,326.529022052123,-21.562321066334,-270.410194452039,291.972515488799,-5.29773753501855,-2.69822528344249,7.99596281697875
1.681,909.623227684749,2270.37072471678,49.9927614483481,49.9927731855302,1697.50503647986,696.615367481101,326.089380860146,326.528970834342,79.6994927578863,-312.811937521314,233.112444744037,-3.13134865661586,-4.9369001207211,8.06824877609662
1.682,909.565377528594,2270.46003960002,49.9927619087051,49.9927729012321,1697.10648203672,697.051809375691,326.089500426479,326.528927190153,173.717260799852,-325.316000947592,151.598740136844,-0.65573314294456,-6.69687766444719,7.35261080641203
1.683,909.49572332285,2270.52405694151,49.9927624629956,49.9927726974586,1697.65145289807,696.510189682796,326.089336935221,326.528981352122,250.095136236222,-305.133940473794,55.0388042304625,1.88128084300735,-7.79627024029901,5.91498939654874
1.684,909.373495290001,2270.63749361275,49.9927634356554,49.9927723363784,1698.09449480154,696.047566313505,326.08920402265,326.529027614459,302.370207788395,-255.730515850702,-46.639691944641,4.23403115936399,-8.13382866381788,3.89979750388494
1.685,909.341148493254,2270.68600788939,49.992763693063,49.9927721819527,1698.02175704811,696.127048849283,326.089225843976,326.529019666205,325.346958351208,-181.452304499511,-143.894653861125,6.17507878332272,-7.6773450683316,1.50226628454191
1.686,909.196720888673,2270.84200549345,49.9927648423814,49.9927716853969,1697.97440094742,696.192680328636,326.089240050806,326.529013103058,315.413273064723,-88.53797991895,-226.875293160906,7.51039363284818,-6.46733728597832,-1.04305634731608
1.687,909.007867050147,2271.01805097392,49.9927663452325,49.9927711250267,1697.81788789332,696.337110031268,326.089287004722,326.528998660087,275.367014271644,12.4833110504822,-287.850325343937,8.11014032617762,-4.6257456883125,-3.48439463836218
1.688,908.646091021526,2271.36908405857,49.9927692241546,49.9927700076537,1697.67448125051,696.470752371881,326.089330026715,326.528985295853,208.409083035232,112.365804949897,-320.774888014644,7.9160708677058,-2.33107935148913,-5.58499151682539
1.689,908.610771591847,2271.43727260407,49.9927695052177,49.9927697906028,1697.19408267516,696.976247246607,326.089474146288,326.528934746366,120.47159125644,201.533743502341,-322.005334796357,6.9500170220193,0.192662047937723,-7.14267907072483
1.69,908.833949258117,2271.1782698289,49.9927677292263,49.9927706150343,1697.24488782912,696.919395901681,326.089458904742,326.5289404315,21.1903339811995,270.803695887047,-291.994029915071,5.2996806412564,2.69542871237219,-7.99510935459567
1.691,909.37511379969,2270.64837906187,49.9927634227757,49.992772301729,1697.09881663153,697.053285622173,326.089502726101,326.528927042528,-79.9280589621131,313.007473536834,-233.07941462982,3.13457750342696,4.93546948733462,-8.0700469919533
1.692,909.636039273403,2270.41457426428,49.9927613463968,49.9927730459528,1697.48679416517,696.677746694237,326.089386332841,326.528964596421,-174.023418732492,325.841381747823,-151.817963076858,0.660635041595421,6.69433503039932,-7.35497007341295
1.693,909.607411447893,2270.42722170745,49.9927615742098,49.9927730056947,1697.64378506859,696.529932535978,326.08933923557,326.528979377837,-249.62322499994,305.453945072175,-55.8307201374391,-1.87772674371244,7.79480305255411,-5.9170763104617
1.694,909.594467272457,2270.45182896656,49.9927616772162,49.9927729273674,1697.83396525023,696.330180240008,326.089282181515,326.528999353066,-301.850420887809,255.690332678347,46.1600881437414,-4.23179033667783,8.13485421211857,-3.90306387721467
1.695,909.445254055918,2270.58664894552,49.9927628646173,49.992772498222,1697.96733794639,696.201167821073,326.089242169706,326.529012254308,-324.954520335737,181.175538169278,143.778982103161,-6.17157316643687,7.67694863315157,-1.50537546857787
1.696,909.160307373744,2270.89197438019,49.9927651321509,49.992771526341,1698.13634955638,696.044711082027,326.089191466223,326.529027899982,-315.012430785754,88.4100526965364,226.602378032049,-7.50862968756638,6.46961383815227,1.03901584753901
1.697,908.49013953709,2271.5623505804,49.9927704651771,49.9927693924673,1698.01353211113,696.156929520646,326.089228311457,326.529016678138,-275.247297405482,-12.7881796897727,288.035477048016,-8.11005012870515,4.62876378896427,3.48128633794711
1.698,908.066982510235,2271.98030699694,49.9927738325537,49.9927680620707,1697.54513601364,696.614624770241,326.089368830286,326.528970908613,-208.581096132534,-112.508322942248,321.08941903897,-7.91812896784916,2.33536705573052,5.58276191049564
1.699,908.184209444493,2271.88182747245,49.9927728996915,49.9927683755407,1697.44301547257,696.750466528341,326.089399466449,326.528957324438,-120.961948204381,-201.635244927049,322.597193106775,-6.95149284937553,-0.189058826242556,7.14055167422679
1.7,908.030391033007,2272.01686167745,49.9927741237395,49.9927679457135,1697.62808913409,696.543051261819,326.08934394435,326.528978065964,-21.8993855364642,-270.442638269755,292.342023794034,-5.30393835691622,-2.69082601671179,7.9947643725164
1.701,907.995752872052,2272.05971498862,49.9927743993812,49.9927678093072,1697.4935803035,696.679229397454,326.089384296999,326.528964448151,79.4832587505747,-312.975216853878,233.491958102117,-3.1381787318186,-4.93264094265556,8.07081967367306
1.702,907.775880386228,2272.29413555034,49.9927761490709,49.9927670631234,1697.13965716281,697.046390665717,326.089490473942,326.528927732024,173.513224146561,-325.272562343332,151.75933820405,-0.664466403162567,-6.69191763665279,7.3563840393229
1.703,907.60685318007,2272.44865829865,49.9927774941466,49.9927665712622,1697.19302365117,696.999714334523,326.089474463995,326.528932399657,249.753821507441,-305.072529392467,55.3187078961623,1.87404374480031,-7.79373611311209,5.91969236808536
1.704,907.521277050809,2272.52054235521,49.9927781751398,49.9927663424481,1696.82644368049,697.358064608187,326.089584437986,326.52889656463,302.438643059,-255.9550348144,-46.4836082335583,4.22836068741162,-8.13399931739478,3.9056386299494
1.705,907.775611011023,2272.27676137025,49.9927761512145,49.9927671184271,1696.85136545004,697.327918135366,326.089576961455,326.528899579277,325.267351826255,-181.627277297356,-143.640074521556,6.16957783639407,-7.67941177316328,1.50983393684043
1.706,907.843659760346,2272.21123060145,49.9927756096997,49.992767327018,1697.19121321129,697.019602498766,326.089475007127,326.528930410841,315.622472978874,-88.7614211932544,-226.861051785494,7.50746419481486,-6.47108499408072,-1.03637920065338
1.707,908.012634165341,2272.04343662349,49.9927742650441,49.9927678611228,1697.04527378956,697.137036674431,326.089518788954,326.528918667423,275.878750475658,11.991194948192,-287.869945433519,8.10960873970945,-4.63185165570759,-3.47775708400742
1.708,907.645396730466,2272.40862820472,49.9927771874268,49.9927666986819,1697.24857986255,696.919268272852,326.089457797132,326.528940444263,208.640675111492,111.873383117544,-320.514058249897,7.91894047586352,-2.339263950128,-5.57967652591244
1.709,907.823022352125,2272.25329843796,49.992775773927,49.9927671931119,1697.40040411045,696.806349045895,326.089412249857,326.528951736186,120.402593980433,201.446796849978,-321.849390863624,6.95327482075991,0.185606068772137,-7.13888088994835
1.71,908.383746781089,2271.66231391281,49.9927713118238,49.9927690742741,1697.36634439504,696.832193585903,326.089422467772,326.528949151732,21.5625893727871,270.469163574691,-292.03175299488,5.30584111396395,2.68896611666624,-7.99480723135128
1.711,909.1223563923,2270.9381161587,49.9927654341552,49.9927713794672,1697.82289742419,696.358539429461,326.089285501863,326.528996517147,-79.7733117204001,313.358062751457,-233.584751090933,3.14193698155796,4.92949828446125,-8.07143526708382
1.712,909.226072201684,2270.86549336358,49.9927646088111,49.9927716106327,1698.36263051874,695.829837692914,326.089123581935,326.529049387321,-173.849908282415,325.797479561051,-151.947571347596,0.668137388597532,6.6901944034992,-7.35833179350309
1.713,908.612300051191,2271.45306851689,49.9927694930546,49.9927697403229,1698.75633550177,695.445107754401,326.08900547044,326.529087860315,-249.656894004245,305.547128818256,-55.890234887512,-1.86990718761815,7.79211258459385,-5.92220539867863
1.714,907.871392975653,2272.19924738159,49.9927753890058,49.9927673651618,1698.82915839208,695.366441982838,326.088983623573,326.529095726892,-302.201586857994,256.22585390586,45.9757328787195,-4.22516583362093,8.13461393407811,-3.90944810237549
1.715,907.222848073737,2272.85788377052,49.9927805499622,49.9927652686571,1698.74276729754,695.452799391894,326.089009540901,326.529087091151,-324.546693883719,181.280097284499,143.266596530692,-6.16786093937917,7.68092172717954,-1.51306078983088
1.716,906.499370475843,2273.57449729503,49.992786307214,49.9927629876054,1697.83614460811,696.388270891788,326.089281527708,326.528993544001,-315.130376240887,88.4571809553473,226.67319522553,-7.50586018896433,6.47277162642325,1.03308856051129
1.717,906.114162220353,2273.94116172258,49.9927893726039,49.9927618204762,1696.9069355788,697.283740845389,326.089560290417,326.528903997006,-275.676208811215,-12.1544045746228,287.830613337059,-8.10844760069664,4.63438179529669,3.47406580347825
1.718,906.757600742872,2273.28943688003,49.9927842522828,49.9927638949808,1695.696358296,698.480615601409,326.089923463602,326.52878430953,-209.104763061492,-112.110427259891,321.215190285623,-7.91961980990693,2.34224686874008,5.57737293944882
1.719,907.902595177673,2272.17849986801,49.9927751407066,49.9927674312032,1695.27210031927,698.946318313085,326.090050740995,326.528737739259,-120.984384066386,-201.488141675525,322.472525719565,-6.95493443553694,-0.182551961094679,7.13748639518947
1.72,909.194791770119,2270.85988385603,49.9927648577328,49.9927716284883,1695.6448982426,698.546926410024,326.089938901618,326.528777678449,-22.5589892148121,-270.008526579354,292.567515783775,-5.30967691502665,-2.68354381541878,7.99322072932177
1.721,909.678276323422,2270.39251475858,49.992761010285,49.9927731161703,1697.52820022376,696.671645030053,326.089373911023,326.528965206587,79.2002119007798,-312.691400399386,233.491188497741,-3.14477302764576,-4.92638488636565,8.07115791321187
1.722,909.0334447646,2271.07452325251,49.9927661416915,49.9927709452699,1699.24038794266,694.97122195381,326.088860254708,326.529135248895,173.178907604801,-325.106598646527,151.927691048056,-0.671456935469783,-6.68848170855499,7.35993864352416
1.723,907.499367993842,2272.58777638161,49.9927783494865,49.9927661284356,1700.26279415699,693.958508413318,326.088553532843,326.529236520249,249.484635350465,-305.125019339774,55.6403840050258,1.86680361589263,-7.79113845814054,5.92433484203203
1.724,905.624123637025,2274.46118662586,49.992793272207,49.9927601651856,1700.02092129646,694.174989737863,326.088626094701,326.529214872117,302.319931348433,-255.909268275838,-46.4106630505971,4.22136196035464,-8.13415296862977,3.91279100833629
1.725,904.974587138427,2275.1148798965,49.9927984410542,49.9927580844153,1698.84912358276,695.352188670056,326.088977634016,326.529097152223,325.337459214224,-181.988299533861,-143.349159657289,6.16515660044452,-7.68190259411353,1.51674599394845
1.726,904.57130626177,2275.52442681153,49.9928016502615,49.9927567807869,1697.51984814077,696.710437442264,326.089376416648,326.528961327346,315.665935972902,-89.1336194683454,-226.532316484623,7.50515582779602,-6.47616023786475,-1.02899558951829
1.727,905.075226934425,2275.00496745319,49.9927976401882,49.9927584342774,1695.85941443101,698.344757335899,326.089874546761,326.528797895357,275.950139815986,11.6635118806353,-287.613651684578,8.10924734622968,-4.63837277379152,-3.47087457199882
1.728,906.574405098907,2273.48504600772,49.9927857101074,49.9927632723377,1694.82866744277,699.376566537384,326.090183770858,326.528694714437,208.532400114292,111.725120178691,-320.257520293979,7.91896775846862,-2.3448028773297,-5.57416488079096
1.729,908.061230792044,2272.02858680177,49.9927738783245,49.9927679083913,1695.11931340642,699.106215650976,326.090096577068,326.528721749525,120.998144537397,200.931885838142,-321.930030389233,6.95693589602303,0.177852446269657,-7.13478834214661
1.73,908.6973784239,2271.37733385084,49.9927688160225,49.9927699813938,1696.24171501183,697.967698473948,326.089759856587,326.528835601243,22.0739941475399,269.858740993896,-291.932735170173,5.31174315464427,2.68110695405878,-7.99285010884685
1.731,908.467560164135,2271.61016475851,49.9927706448581,49.99276924027,1697.32824391461,696.876716686335,326.089433897916,326.528944699422,-79.6870952012448,313.356641759414,-233.669546600655,3.14748414642386,4.92381989596041,-8.07130404287329
1.732,908.341458037155,2271.77714899375,49.9927716483469,49.9927687087427,1698.43041977873,695.786486296451,326.089103245157,326.529053722461,-173.243246563531,325.725945636524,-152.482699126555,0.675389946675505,6.68683894999782,-7.36222889752296
1.733,907.483272898703,2272.61354640073,49.9927784775673,49.9927660464071,1699.02253558598,695.202274416058,326.088925610415,326.529112143649,-249.323383895438,305.627659835336,-56.3042760005113,-1.86371446858396,7.79045315104961,-5.92673868364833
1.734,906.477263789871,2273.61356472139,49.9927864831334,49.9927628632499,1698.75940989304,695.439271780399,326.089004548122,326.529088443912,-301.521228252816,256.189192104557,45.3320360854894,-4.21769571457494,8.13400979089859,-3.91631407777325
1.735,905.950676515637,2274.13633248279,49.9927906735818,49.9927611992284,1698.07100957576,696.137175731843,326.089211068218,326.529018653517,-324.742564967103,181.562653279093,143.17991162805,-6.16209469377731,7.68249024044194,-1.52039554828464
1.736,905.733342538282,2274.35525350128,49.9927924030706,49.9927605023812,1697.66890119629,696.565678212657,326.089331700732,326.528975803269,-315.475374316762,88.9457540470244,226.52962021823,-7.5034424263945,6.4779001529054,1.02554227182012
1.737,906.093288602596,2273.99647816283,49.9927895387108,49.9927616443985,1697.36482054802,696.853501379305,326.089422924926,326.528947020952,-275.697726169582,-12.2805835055558,287.978309636335,-8.10896256933048,4.64065701895582,3.46830554879116
1.738,906.03277219135,2274.04385474846,49.9927900202851,49.9927614935942,1696.94480758049,697.246506146527,326.089548928816,326.528907720476,-209.208948788042,-111.952409041596,321.161357805993,-7.92098229299804,2.34999728140074,5.57098501022102
1.739,906.510635418522,2273.58592578033,49.9927862175704,49.9927629512274,1696.51004706898,697.718230171837,326.08967935697,326.528860548073,-121.340368563408,-201.128000181719,322.468368737749,-6.95890548628361,-0.174773976226488,7.13367946143956
1.74,907.043993493301,2273.04445215149,49.9927819732417,49.9927646747915,1696.58496073827,697.6400848918,326.089656882869,326.528868362601,-22.6308983637958,-270.081239971832,292.712138343906,-5.3141815200706,-2.67893848459361,7.99312000396579
1.741,907.779763183672,2272.3120341026,49.9927761181725,49.9927670061505,1696.72725961898,697.479566516609,326.089614193205,326.528884414439,78.8980332531026,-312.897527908977,233.999494677769,-3.15211294570644,-4.92104721835238,8.07316016376207
1.742,908.227697184962,2271.88183273824,49.992772553627,49.992768375524,1697.09881067862,697.131571495508,326.089502727887,326.528919213941,173.15745638414,-325.205803155464,152.048346803546,-0.678340417363814,-6.68391306437698,7.36225348183612
1.743,908.286381772404,2271.81983038913,49.9927720866299,49.9927685728836,1698.07888022967,696.148983321803,326.089208707021,326.529017472758,249.396920467058,-305.197519444833,55.8005990161615,1.85943973259153,-7.78997899836452,5.93053926621293
1.744,907.874499245653,2272.22713116561,49.9927753642869,49.9927672764049,1698.35234297109,695.863896897794,326.089126668199,326.529045981401,302.088598835577,-256.265571817341,-45.8230269787001,4.21549689358207,-8.13466983070418,3.91917293782554
1.745,907.222173620432,2272.88029079042,49.9927805553293,49.9927651973333,1698.6973045441,695.523192576475,326.089023179727,326.529080051833,325.158346126738,-182.012787195677,-143.145558895788,6.1598663182618,-7.6836586982606,1.52379238085719
1.746,906.314899558478,2273.80616514099,49.9927877751869,49.9927622501837,1698.65139991655,695.590931395889,326.089036951115,326.529073277951,315.856435142312,-89.4915272364341,-226.364907879622,7.50242198169689,-6.48066219576009,-1.02175978505038
1.747,905.601372146407,2274.49896343983,49.9927934532576,49.9927600449382,1698.21467210851,696.002872603079,326.089167969458,326.52903208383,276.014867654422,11.5541581144709,-287.569025755279,8.10759961233546,-4.64417785552151,-3.46342175602631
1.748,905.233593442305,2274.86497615856,49.9927963799475,49.9927588798836,1697.38914194659,696.827655393479,326.089415628506,326.528949605551,209.074087516408,111.253478985793,-320.327566505122,7.92195456376179,-2.35235190214434,-5.56960266104601
1.749,905.561903135176,2274.54585611484,49.992793767342,49.9927598956742,1696.69639044987,697.544475120249,326.089623453955,326.528877923578,121.205118308542,200.766598700763,-321.971717026572,6.96044348213583,0.170769618014488,-7.1312130998904
1.75,906.241501874638,2273.8478911669,49.9927883592671,49.9927621173656,1696.67010240823,697.550066994066,326.089631340368,326.528877364391,22.083056285213,270.151619550535,-292.234675866348,5.31745660688045,2.6741555914151,-7.9916121983951
1.751,906.772519497023,2273.31356840008,49.9927841335631,49.9927638181678,1696.86336833473,697.355717816428,326.08957336059,326.528896799309,-79.2825991999311,313.108557983265,-233.825958825703,3.15460045502589,4.91772092092593,-8.07232137642159
1.752,907.074629001703,2273.03977946024,49.9927817294521,49.9927646896651,1697.17760880966,697.059153703513,326.089479088447,326.52892645572,-172.704456305139,325.729513025568,-153.02505677142,0.682005133048131,6.68225321041104,-7.36425834428165
1.753,907.42428419429,2272.67303361828,49.9927789469845,49.9927658570534,1697.61819472021,696.613840568815,326.089346912674,326.528970987034,-249.341133563304,305.791097258308,-56.4499637517066,-1.8562836525827,7.78864207421963,-5.9323584227672
1.754,907.033747312244,2273.06965162388,49.9927820547782,49.992764594579,1697.66770064683,696.559163450204,326.089332060896,326.528976454745,-301.59325440363,256.336955518765,45.2562988267532,-4.21277751537472,8.13491270830967,-3.92213519430321
1.755,906.983473049815,2273.11558657965,49.9927824548481,49.9927644483635,1697.53891768406,696.688056294665,326.089370695785,326.528963565461,-324.697538063433,181.856130488104,142.841407520139,-6.15801057991776,7.68532718322028,-1.52731660481687
1.756,907.098440685123,2273.02004054666,49.9927815399647,49.992764752496,1697.90234379505,696.341496188788,326.089261667952,326.528998221472,-315.320157671502,88.9234284750686,226.396729147414,-7.50111398740249,6.48356714774055,1.0175468381039
1.757,907.022956900763,2273.08837529172,49.9927821406456,49.9927645349797,1698.14089843724,696.091886821898,326.089190101559,326.529023182408,-275.939464718136,-11.8429674924482,287.782432171101,-8.10783797077018,4.64698407164179,3.46085389762657
1.758,906.652601415018,2273.4647437447,49.9927850878409,49.9927633369618,1698.11855430039,696.093108386668,326.0891968048,326.529023060252,-209.271155667376,-111.747274383423,321.018430023877,-7.92364394701873,2.35741989270558,5.56622405296983
1.759,906.463867412854,2273.67470566804,49.9927865897384,49.9927626686322,1698.26453995489,695.980865406016,326.089153009104,326.52903428455,-121.758929128341,-200.841840960875,322.600770076133,-6.96317207959905,-0.166045460576921,7.12921753907948
1.76,906.244225284913,2273.87320484394,49.9927883375949,49.9927620367897,1698.18696529203,696.050095894367,326.089176281503,326.529027361501,-23.1865203794053,-269.489263415888,292.675783795735,-5.32040753194272,-2.6708622215792,7.99126975273399
1.761,905.883850826796,2274.22072564475,49.9927912053637,49.9927609305966,1698.32740884395,695.905797945046,326.089134148437,326.529041791296,78.6649696203967,-312.68443761813,234.01946801035,-3.15845580698406,-4.91394396282257,8.07239976935828
1.762,905.585701154954,2274.55032989823,49.9927935779634,49.9927598814337,1698.36895450908,695.883325518188,326.089121684738,326.529044038539,172.776133566125,-325.405284100449,152.6291505562,-0.685985920269238,-6.68013800025408,7.36612392041236
1.763,905.340344034582,2274.77159156201,49.9927955304533,49.992759177136,1697.84902175022,696.396233267962,326.089277664565,326.528992747764,249.154919772454,-305.250266221962,56.095346477297,1.85245658394053,-7.78722837163063,5.934771787881
1.764,905.266220273002,2274.83716545042,49.9927961203115,49.9927589684078,1696.65415914385,697.581790281057,326.089636123347,326.528874192062,301.847722540957,-256.394867476836,-45.4528550347072,4.20977856015115,-8.13497946532459,3.92520090560062
1.765,905.842581488096,2274.25388699747,49.9927915337746,49.9927608250408,1696.09075644172,698.146870317935,326.089805144158,326.528817684059,325.521934555718,-182.221243039974,-143.300691488815,6.15500890882821,-7.68612774912922,1.53111884087689
1.766,906.792985548251,2273.31910923244,49.9927839706994,49.9927638005308,1696.68977099639,697.570409838684,326.089625439791,326.528875330107,315.811410638114,-89.5851109261947,-226.226299691559,7.49898971718152,-6.48493304697634,-1.01405666958166
1.767,907.403612328074,2272.69293745233,49.9927791114859,49.9927657936975,1697.19669722981,697.04484828067,326.089473361921,326.528927886262,276.159054065296,11.2498888284458,-287.408942883057,8.10708633293084,-4.64873092553111,-3.45835540683286
1.768,906.860709658778,2273.24512518534,49.9927834317681,49.9927640360293,1697.73261214842,696.496718485505,326.089312587446,326.528982699242,209.42990124687,111.200545406292,-320.630446654124,7.92365212911691,-2.3595751650878,-5.56407696361587
1.769,906.45796403284,2273.67449985563,49.992786636716,49.9927626692873,1698.04699180911,696.211054972663,326.089218273548,326.529011265593,121.295814502156,200.77409148337,-322.069906000447,6.96466857026375,0.164210671043563,-7.12887924113184
1.77,906.671242033675,2273.44344662211,49.9927849395036,49.9927634047526,1697.85883494997,696.372471861471,326.089274720605,326.528995123904,22.7928655988233,270.013817889089,-292.806683518371,5.32340222323957,2.66720093269087,-7.99060315607388
1.771,905.9345689928,2274.18601482782,49.9927908017614,49.9927610410846,1697.53307607765,696.692969567502,326.089372448267,326.528963074134,-79.0585841908021,313.299591287798,-234.241007140821,3.16213080414466,4.91157685571835,-8.07370766037177
1.772,906.094062188616,2274.03633419148,49.9927895325548,49.9927615175329,1696.97252762178,697.276363388656,326.089540612804,326.528904734752,-172.804835182457,325.74454074519,-152.939705617066,0.689431801623439,6.67766681382051,-7.36709861632118
1.773,906.413752772996,2273.70168783282,49.992786988538,49.9927625827453,1696.97143185124,697.286565890287,326.089540941535,326.528903714501,-248.911095388969,305.597462034353,-56.6863667061136,-1.84890506605997,7.78645605812804,-5.93755099327677
1.774,906.97628718058,2273.14745058078,49.9927825120314,49.9927643469373,1697.38676723916,696.863199297718,326.089416340919,326.528946051161,-301.544299634284,256.6152823287,44.9290172430579,-4.20701599814988,8.13563955676098,-3.92862356007955
1.775,907.113395327873,2273.02051434767,49.9927814209594,49.9927647509878,1697.46305833189,696.771899063843,326.089393453591,326.528955181184,-324.683203879201,182.26860778123,142.414596038263,-6.15254259799983,7.6889008431099,-1.53635824674099
1.776,907.229913583715,2272.9027677726,49.9927804937366,49.9927651257868,1697.73742677073,696.533577493253,326.089311143059,326.528979013341,-315.365625263509,89.3522410904091,226.013384119592,-7.4974089122409,6.48689393035306,1.01051498020244
1.777,907.106181455033,2273.02211777544,49.9927814783656,49.992764745884,1697.98380742621,696.267806203411,326.089237228863,326.52900559047,-276.019823770518,-11.4411690827706,287.460992808935,-8.10719004194987,4.65243953950912,3.4547505008046
1.778,906.954428528648,2273.16042824341,49.992782685977,49.9927643056281,1697.59597222845,696.641903935891,326.089353579422,326.528968180697,-209.215787093444,-111.575623329038,320.791410389279,-7.92361922318435,2.36306631486059,5.56055290683168
1.779,906.790044994519,2273.35433720245,49.9927839940996,49.9927636883967,1697.68200384861,696.588940521772,326.089327769936,326.528973477038,-121.808929815732,-200.882783830593,322.691713625721,-6.96643396558669,-0.15998583970515,7.1264198040225
1.78,907.10092588666,2273.02148561889,49.9927815201881,49.9927647478962,1697.76699517619,696.477214100934,326.089302272538,326.52898464968,-23.5195257950649,-269.537232304968,293.056758092528,-5.32618715074102,-2.66365610883892,7.98984325859571
1.781,907.535312483347,2272.59081022601,49.9927780634494,49.9927661187785,1698.00687501739,696.242662644827,326.089230308585,326.529008104826,78.4555534742117,-312.628999720515,234.173446250673,-3.16516822453039,-4.90884353379909,8.07401175766634
1.782,907.290270745797,2272.86007409031,49.9927800134296,49.9927652616851,1698.46153729361,695.784673676331,326.089093909902,326.529053903723,172.29069617629,-325.302052115108,153.011355952604,-0.694138334852532,-6.67523439114106,7.36937272565609
1.783,906.576998587587,2273.5611859669,49.9927856894691,49.9927630299766,1698.83957880849,695.426652383902,326.088980497448,326.529089705852,249.092415159731,-305.495497274854,56.4030821354681,1.84579887445327,-7.78532515361074,5.93952627911921
1.784,905.726284886146,2274.40717464138,49.9927924592336,49.992760337111,1698.7371462035,695.518903965807,326.089011227229,326.529080480694,301.767340609949,-256.508940923605,-45.2583996634309,4.20298481575943,-8.13458750744332,3.93160269188924
1.785,905.179853179683,2274.946882542,49.992796807599,49.9927586191674,1698.04746697332,696.195539752169,326.089218130998,326.529012817115,325.333577515481,-182.558388515309,-142.775188978812,6.15008170938869,-7.68889381163513,1.53881210261662
1.786,905.601601647,2274.53287069465,49.9927934514313,49.9927599370081,1697.07507254954,697.190732560797,326.089509849326,326.528913297834,315.87148151574,-89.9739954091499,-225.897486090108,7.49633231847791,-6.48950318683444,-1.00682913120292
1.787,905.548336075828,2274.5807669691,49.9927938753052,49.9927597845495,1696.20402704005,698.041750948948,326.089771162978,326.528828195996,276.598271753064,10.7101472043669,-287.308418947727,8.10742810282283,-4.65664207779546,-3.45078602460382
1.788,905.756341155248,2274.36137651395,49.9927922200534,49.992760482891,1695.89709291611,698.33898974536,326.089863243216,326.528798472116,209.538114282556,110.7039580787,-320.242072360483,7.925249121655,-2.36719244661768,-5.55805667471129
1.789,906.688510352385,2273.43415702571,49.9927848020866,49.9927634343223,1695.54875182432,698.725476541213,326.089967745543,326.528759823436,121.522559863227,200.51872021033,-322.041280084049,6.96770403345234,0.156718876444163,-7.12442290974312
1.79,907.928729943664,2272.18658809108,49.9927749327327,49.9927674054576,1696.24345120262,698.001625742698,326.08975933573,326.528832208516,23.072655342842,269.977445173758,-293.05010053822,5.32894385943179,2.66028587881051,-7.98922973832387
1.791,907.969791461297,2272.16231668101,49.9927746059755,49.9927674827159,1697.37707987893,696.866966567825,326.089419247127,326.528945674434,-78.7338961665786,312.954627742826,-234.22073160788,3.16842827182597,4.90631523356377,-8.07474350573939
1.792,907.942946907381,2272.20118346935,49.9927748195977,49.992767358999,1698.16994060361,696.092816141639,326.089181388909,326.529023089476,-172.721565419009,325.893446472837,-153.171881093105,0.696732813354321,6.67329031877492,-7.37002313275078
1.793,907.479164890077,2272.64748387813,49.9927785102577,49.9927659383807,1699.00276582022,695.260479230203,326.088931541344,326.529106323167,-249.14237427129,305.880507622939,-56.7381333937014,-1.84184811956423,7.78364869221324,-5.9418005735028
1.794,906.385735125602,2273.744131224,49.9927872114953,49.9927624476438,1699.27286941457,694.967084828846,326.088850510266,326.529135662608,-301.354281659273,256.674928145402,44.6793534713102,-4.19878610969636,8.13430465429896,-3.93551854562706
1.795,905.432700008131,2274.70908757559,49.9927947955078,49.9927593760923,1698.87698751283,695.373531063513,326.088969274837,326.529095017984,-324.673305651575,182.375918835664,142.297386775632,-6.14840985739629,7.69052255938757,-1.54211270311753
1.796,904.955123302966,2275.18577828924,49.9927985959425,49.9927578587387,1698.39505514988,695.876582465567,326.089113854545,326.529044712844,-315.754706278151,89.6724482967832,226.082257947175,-7.49452735537064,6.49163594021333,1.00289141400908
1.797,904.729801505143,2275.38594823254,49.9928003889964,49.9927572215779,1697.77398184073,696.470925916744,326.089300176538,326.528985278499,-276.438287593406,-11.088247011093,287.526534578361,-8.10505129721951,4.6587895145361,3.44626178159985
1.798,904.556911411882,2275.56123828677,49.992801764812,49.9927566636124,1696.90347803027,697.333968020684,326.089561327681,326.528898974288,-209.934694475801,-111.233584406987,321.16827886542,-7.9257905524641,2.37045496329842,5.55533558821616
1.799,905.530740506613,2274.59327779545,49.9927940153263,49.9927597447263,1695.89910729014,698.374344400572,326.089862638903,326.52879493665,-122.165656101781,-200.520102991701,322.685759084765,-6.96947531049564,-0.153040259647451,7.12251556937532
1.8,906.813824728431,2273.28944331542,49.9927838048665,49.9927638949604,1695.60382914998,698.635657615221,326.089951222345,326.528768805329,-23.5100908543111,-269.398135686179,292.908226539628,-5.33144440200815,-2.65691209083952,7.988356492288
1.801,907.986276632139,2272.12662377596,49.9927744747907,49.9927675963299,1695.86824488827,698.360364645482,326.089871897624,326.528796334626,78.0002529407304,-312.453918493403,234.45366555823,-3.17271021634503,-4.90267394487538,8.07538416087444
1.802,908.659250864492,2271.48171017653,49.9927691194319,49.9927696491537,1697.12535389308,697.134984722807,326.089494764922,326.528918872618,172.417230961287,-325.415167405847,152.997936454952,-0.700420257780019,-6.6716595020559,7.37207975969022
1.803,908.319848680502,2271.81137206176,49.9927718203087,49.9927685998073,1698.56099078954,695.70907142735,326.089064073854,326.529061463948,248.70140236299,-305.469323578143,56.7679212283439,1.83877779089593,-7.78368726801595,5.94490947714551
1.804,907.455671511473,2272.68124818822,49.9927786972121,49.9927658309056,1699.76461377559,694.489936388781,326.088702986958,326.529183377451,301.663526593785,-256.758580187815,-44.9049463922156,4.19711610726977,-8.13506764717555,3.93795154006189
1.805,906.486544850198,2273.65231754173,49.992786409277,49.9927627398958,1700.1342171717,694.107114949971,326.088592105939,326.529221659595,325.216861661657,-182.560500224596,-142.656361425676,6.14477884790346,-7.69084487122523,1.54606602355464
1.806,904.771908916159,2275.37601385135,49.9928000539163,49.9927572532001,1699.34909819302,694.906915764444,326.088827641632,326.529141679514,316.005820992233,-90.2223109919268,-225.783509994224,7.49274403691551,-6.49386918758256,-0.998874849094127
1.807,904.15941438302,2275.96168147998,49.9928049279929,49.9927553889621,1698.17906146122,696.063591957938,326.089178652652,326.529026011895,276.421299116467,10.7050521885858,-287.126351306042,8.10532213453459,-4.6618991292987,-3.44342300505963
1.808,904.290018070158,2275.82916530532,49.9928038886818,49.9927558107742,1697.04652178473,697.200575972516,326.089518414555,326.528912313493,209.738964238061,110.590718447981,-320.329682695301,7.92653760274623,-2.37310702314638,-5.55343057954813
1.809,904.926995383028,2275.21987010889,49.9927988197774,49.992757750221,1696.33027719547,697.935318163621,326.089733287932,326.528838839274,121.995446833215,200.12529227278,-322.120739123366,6.97292530733136,0.148505360110919,-7.12143066756419
1.81,906.034340682177,2274.07763286669,49.9927900078035,49.9927613860751,1695.86804515096,698.380142867694,326.089871957545,326.528794356804,23.2185228706426,269.339221008327,-292.557743901829,5.33359785450581,2.65343188743829,-7.98702974225037
1.811,907.00152659261,2273.13057875524,49.9927823111826,49.992764400642,1695.72294762803,698.523082828515,326.089915486802,326.528780062808,-78.3530022888259,312.901436432358,-234.548434172064,3.17590506706496,4.90092687069225,-8.07683193824407
1.812,907.852408864312,2272.30537953256,49.9927755400766,49.9927670273327,1696.40999355335,697.846584550538,326.089709373024,326.528847712635,-172.449532844465,325.761060699988,-153.311527888846,0.705024694664784,6.66919954565335,-7.37422424097928
1.813,908.292527192605,2271.84594580414,49.9927720377262,49.9927684897556,1697.46909176658,696.801825573112,326.08939164356,326.528952188533,-248.712434648758,305.913314791446,-57.2008801790495,-1.83446635696709,7.78192274785272,-5.94745639170303
1.814,908.037628868237,2272.09936157367,49.9927740661426,49.9927676831082,1698.41924923452,695.828192040313,326.08910659632,326.529049551886,-301.090320647162,257.001576502492,44.0887441077466,-4.19323962444759,8.13526357995561,-3.94202395644621
1.815,907.415556238558,2272.72249680483,49.9927790164393,49.9927656996072,1698.96765601717,695.287346573546,326.088942074285,326.529103636433,-324.686659092342,182.598347542681,142.088311514655,-6.14332107418911,7.69249058773499,-1.54916951455476
1.816,906.886286333549,2273.25809541624,49.9927832282354,49.9927639947438,1698.95270594338,695.324598118329,326.088946559307,326.529099911279,-315.628925585637,89.9854011152785,225.643524438185,-7.4918687656877,6.49528630122391,0.996582463437354
1.817,906.435825089063,2273.70273065635,49.9927868128921,49.9927625794259,1698.73262570629,695.516213744705,326.089012583379,326.529080749716,-276.416764211222,-10.7509655424034,287.167729726163,-8.10588849824841,4.6647393899273,3.44114910732133
1.818,905.78463372062,2274.3597497394,49.9927919949083,49.9927604880692,1698.17424214082,696.07218423727,326.089180098448,326.529025152667,-209.795219239945,-110.858727566134,320.65394678593,-7.92838717272984,2.37761675166609,5.55077042014708
1.819,905.698888069489,2274.45411302554,49.9927926772505,49.9927601877015,1697.72019345042,696.548564951836,326.089316313055,326.528977514595,-122.51326776511,-200.330409176514,322.843676930307,-6.97387641531928,-0.144834321969762,7.11871073651508
1.82,905.569762063469,2274.55765327432,49.9927937048027,49.9927598581227,1697.29142531298,696.962259367195,326.089444943497,326.528936145154,-24.0333115732525,-269.355343581916,293.388655153388,-5.33622831009516,-2.65005212290943,7.98628043242238
1.821,905.59551512845,2274.53566872938,49.9927934998663,49.9927599281017,1696.41288415214,697.827497193115,326.089708505845,326.528849621371,77.7094889684108,-312.502997187925,234.793508226973,-3.1789997232585,-4.89710290057578,8.07610262347908
1.822,906.576814918469,2273.55991712671,49.9927856909307,49.9927630340155,1695.72875799704,698.53418920202,326.089913743691,326.52877895217,171.647124441946,-325.199240693037,153.552116267284,-0.707569021153173,-6.6672311705273,7.37480019156805
1.823,907.696184792119,2272.42581320931,49.9927767832682,49.9927666439804,1696.0694657782,698.194745546735,326.089811531357,326.528812896536,248.735754309379,-305.820129080162,57.0843747905129,1.83100665408008,-7.78093774906177,5.94993109509361
1.824,907.930078737245,2272.2099764673,49.9927749219994,49.9927673310101,1696.7960900543,697.451207777809,326.089593544074,326.528887250313,301.617181508494,-257.151456915697,-44.4657245714923,4.19033073833586,-8.13591771899608,3.94558698094862
1.825,907.76576522025,2272.37568257552,49.9927762295648,49.9927668035511,1697.7933787058,696.463497674598,326.089294357479,326.528986021323,325.320157044618,-183.127058560069,-142.193098464868,6.14049900481863,-7.69383675469942,1.55333775028496
1.826,907.309266711938,2272.84128694074,49.9927798622645,49.9927653214864,1698.54592042076,695.730654116109,326.089068594964,326.529059305679,316.083266911524,-90.4097259782326,-225.67354091802,7.49019360536256,-6.49804482512698,-0.992148779789608
1.827,906.766223311235,2273.38127437926,49.9927841836666,49.992763602653,1698.71652109342,695.544059659141,326.089017414762,326.529077965124,276.683327359628,10.2613889999542,-286.944716351198,8.10599890853976,-4.66783809161035,-3.43816081651716
1.828,905.992978871042,2274.15273284754,49.9927903369503,49.9927611470244,1698.71753009979,695.521035314904,326.08901711206,326.529080267559,210.006804068784,110.364426799463,-320.371230868622,7.92891886639439,-2.38204216318809,-5.54687670290249
1.829,905.358288358847,2274.80805188243,49.9927953876569,49.9927590610792,1698.67999836046,695.592309034283,326.089028371582,326.529073140187,122.322860210466,199.809297391262,-322.132157611263,6.97628651498313,0.140961391812963,-7.11724790666555
1.83,904.690692186076,2275.456919375,49.9928007002185,49.9927569956698,1697.95674649362,696.304361963348,326.089245347142,326.529001934894,23.4125138112318,269.583423682293,-292.995937510492,5.33968136590747,2.64670763945244,-7.98638900543113
1.831,904.74885912071,2275.37780211501,49.9928002373407,49.9927572475078,1696.87807991718,697.370760423104,326.089568947115,326.528895295048,-77.8890205140621,312.641024375566,-234.752003885596,3.18186591692708,4.89362427411753,-8.07549019132636
1.832,905.063512807946,2275.07289483575,49.9927977334062,49.9927582180579,1695.87799823455,698.385164450716,326.08986897162,326.528793854645,-171.98909951388,325.890438396683,-153.90133891279,0.711383484613239,6.66459432077556,-7.37597780587905
1.833,906.300183881811,2273.80816466934,49.9927878922905,49.992762243819,1694.98585952169,699.284244779281,326.090136613234,326.528703946612,-248.515784817886,306.190160238742,-57.6743754554715,-1.82860670175131,7.77964367819801,-5.95103697712875
1.834,907.480975086326,2272.65052190566,49.9927784958527,49.9927659287104,1695.18690840097,699.068339145424,326.09007629857,326.528725537176,-301.278002310409,257.128856379355,44.1491458937983,-4.18799359106017,8.13613039303691,-3.94813680282232
1.835,908.325836644384,2271.80834543485,49.992771772658,49.9927686094413,1696.17510817261,698.085803095982,326.089779838639,326.528823790781,-324.676734721543,182.912621021699,141.764113662294,-6.13868307983596,7.69514975157251,-1.55646667270279
1.836,908.6141153036,2271.54152072094,49.9927694786093,49.9927694587708,1697.37928330419,696.893807449244,326.089418586099,326.528942990345,-315.399060406943,90.0816000130187,225.317460359306,-7.48912175530305,6.50075539450737,0.988366359766106
1.837,907.959403492703,2272.19856932341,49.9927746886404,49.9927673673201,1698.30585036651,695.948884076799,326.08914061598,326.529037482683,-276.643075015516,-10.6085292862045,287.251604272683,-8.10591254742123,4.67161433484689,3.43429821155189
1.838,906.946240589629,2273.1946039216,49.9927827511346,49.9927641968435,1698.53012426564,695.717494134297,326.089073333811,326.529060621677,-210.101137855373,-110.683825203948,320.784963038192,-7.92904008896052,2.38436678326539,5.54467330475243
1.839,906.627627096342,2273.53601469521,49.9927852865802,49.9927631100993,1698.07303478139,696.195490795903,326.089210460656,326.529012822011,-122.841162443576,-200.014326443573,322.855488875727,-6.97804518316722,-0.13755305847272,7.11559824084543
1.84,906.761773834989,2273.3740748649,49.9927842190744,49.9927636255698,1697.68597052785,696.578116142554,326.089326579932,326.528974559476,-23.7947728526042,-269.401354562745,293.196127414506,-5.34210664519188,-2.64358938226707,7.9856960268716
1.841,906.774829635947,2273.38366146549,49.9927841151796,49.9927635950547,1697.34036228037,696.911137126917,326.089430262406,326.528941257378,77.2544585928234,-312.028835674029,234.774377090663,-3.18554887394234,-4.89209405938121,8.0776429329852
1.842,907.030808550583,2273.12167961175,49.9927820781641,49.9927644289688,1696.82351033572,697.440360676028,326.08958531799,326.528888335023,171.550680773004,-325.356348940002,153.805668185713,-0.715584635131127,-6.66248967985633,7.37807431491823
1.843,907.463695232282,2272.69749706243,49.9927786333614,49.9927657791838,1697.07419211951,697.195916481465,326.089510113455,326.528912779442,248.228866542224,-305.514990965081,57.2861244476094,1.82352949203584,-7.77936458788307,5.95583509603626
1.844,907.056134038978,2273.08329544266,49.9927818766303,49.9927645511494,1697.27438973297,696.978119804698,326.08945005417,326.52893455911,301.510202542777,-257.309703642953,-44.2004988724104,4.18335496002448,-8.13505576653047,3.95170080690736
1.845,907.242348160287,2272.90120968369,49.9927803947854,49.9927651307464,1697.86769548799,696.394476300377,326.089272062444,326.52899292346,325.311318532371,-183.261867387655,-142.049451117682,6.13572669513833,-7.69623374302847,1.56050704844225
1.846,907.014404857387,2273.14543440745,49.9927822087006,49.9927643533549,1698.18123666603,696.094110709063,326.089178000091,326.529022960019,316.101945900402,-90.8520986172173,-225.249847260297,7.48765693015694,-6.50287537348264,-0.984781556045
1.847,906.557490136367,2273.58284289148,49.9927858447124,49.9927629610405,1697.924165602,696.320488853494,326.08925512141,326.529000322205,276.858903462873,10.095547725279,-286.954451173442,8.10440444735488,-4.674380282646,-3.43002416409958
1.848,906.268230635781,2273.86950365084,49.9927881465664,49.992762048571,1697.30927590033,696.939773063945,326.08943958832,326.528938393784,210.027972563314,109.881178025609,-319.909150585998,7.92996785505521,-2.38759590981405,-5.54237194474697
1.849,906.465654924183,2273.68652007532,49.9927865755138,49.9927626310258,1697.07403639247,697.205687254714,326.089510160173,326.528911802365,122.268731986119,199.959228748356,-322.227960742429,6.97925613746426,0.134333487274865,-7.11358962444275
1.85,906.822420371307,2273.3132646971,49.9927837364646,49.9927638191345,1696.24569810459,698.001752458725,326.089758661659,326.528832195845,23.9251472044045,268.904660910945,-292.829808136546,5.34571510636078,2.63924116257019,-7.98495626890533
1.851,907.521415587733,2272.60420324763,49.9927781740374,49.9927660761472,1695.97994563074,698.271897496774,326.089838387401,326.528805181341,-78.0221936879538,312.866678162144,-234.844484507601,3.18828910602824,4.88880924956195,-8.07709835587998
1.852,908.214402293616,2271.94381084245,49.9927726594244,49.9927681782415,1696.39303929442,697.868306520275,326.089714459302,326.528845540438,-171.549731800342,325.859304253412,-154.309572496773,0.718902092981855,6.66147951805669,-7.38038161165607
1.853,908.552106311685,2271.6006325508,49.9927699720612,49.992769270612,1697.07584652863,697.18065195745,326.089509617132,326.528914305895,-248.226894747759,306.306335354164,-58.0794406578761,-1.81923330554217,7.77816523728116,-5.95893193266877
1.854,908.550950063676,2271.59590683679,49.9927699812623,49.9927692856544,1698.1394629456,696.117930228163,326.089190532207,326.529020578068,-300.949496027551,257.385717321462,43.5637786503231,-4.18126379040723,8.13572413763457,-3.95446034842591
1.855,907.941955550261,2272.21318575545,49.9927748274867,49.9927673207946,1698.80299630264,695.453473617872,326.0889914722,326.529087023729,-324.577421749528,183.030007184107,141.547414509187,-6.13318519790109,7.69742832273681,-1.56424312623476
1.856,907.200487637823,2272.96014828844,49.9927807279009,49.992764943139,1698.77232395536,695.501421535026,326.089000673904,326.529082228937,-315.580886445287,90.3903035037853,225.190582884497,-7.48578220658966,6.50487625324354,0.980905951814252
1.857,906.542908568757,2273.61037348214,49.9927859607488,49.9927628734079,1698.563071384,695.707264680655,326.089063449675,326.529061644622,-276.618798946894,-10.3858547651994,287.004653656266,-8.10490109530375,4.67658205730023,3.42831903638252
1.858,905.993649866059,2274.15249838527,49.9927903316107,49.9927611477708,1697.86712290283,696.38205634584,326.08927223422,326.528994165456,-210.310523265527,-110.333725749439,320.644248963437,-7.93104793756999,2.39132551828319,5.53972241763848
1.859,906.438576969279,2273.72493874012,49.9927867909933,49.9927625087354,1696.81847235408,697.461802339769,326.089586829384,326.528886190856,-123.151617223094,-199.64640058867,322.798017767687,-6.98186905546655,-0.130751120289265,7.11262017415372
1.86,906.873416702216,2273.28248868153,49.9927833306487,49.9927639170976,1696.54712648089,697.711675929699,326.089668233146,326.528861203497,-24.2444336180822,-269.191486046635,293.435919630246,-5.34828838277134,-2.63651667128457,7.98480505257621
1.861,907.483429052754,2272.66243399029,49.9927784763246,49.992765890793,1696.26469355157,697.981061312086,326.089752963025,326.528834264959,77.0243112121742,-312.114243720722,235.089932484687,-3.19313060322468,-4.88446641772102,8.07759701965651
1.862,907.880124657826,2272.28472771352,49.9927753195213,49.9927670930695,1696.55027991283,697.708902979955,326.089667287117,326.528861480792,171.417449006607,-325.247960072349,153.83051105301,-0.723555482679736,-6.65821184951239,7.38176733114238
1.863,908.119663773564,2272.02952022241,49.9927734133296,49.9927679054201,1697.18996733979,697.082956973244,326.089475380888,326.528924075393,248.135613891208,-305.774190684542,57.6385767872919,1.81610966648158,-7.77628937818466,5.96017971090736
1.864,908.11090490024,2272.03653396498,49.9927734830305,49.9927678830947,1697.92340657898,696.332942870644,326.089255349117,326.528999076803,301.233382932287,-257.16861606223,-44.0647668720398,4.17718588064731,-8.13550437614361,3.95831849492571
1.865,907.735939646237,2272.41588878791,49.9927764669092,49.9927666755708,1698.51995088395,695.738985143511,326.089076385825,326.529058472576,325.238025303925,-183.700911180979,-141.537114123894,6.13127222559973,-7.69856084610605,1.56728862011093
1.866,907.546008957188,2272.61878457556,49.9927779783296,49.9927660297334,1698.62674454365,695.649281817609,326.089044347727,326.529067442909,316.082412917543,-91.0737801635369,-225.008632756706,7.48466856582409,-6.507452215314,-0.977216350794545
1.867,906.87746255992,2273.26390878979,49.9927832984527,49.9927639762393,1698.37260381454,695.886714427342,326.089120589946,326.529043699648,277.019378279268,9.62219662813246,-286.641574914386,8.10369462495978,-4.67934506681189,-3.42434955839156
1.868,906.425452027654,2273.72403060958,49.9927868954383,49.992762511626,1697.54854579866,696.693328005455,326.089367807351,326.52896303829,210.130346911309,109.946032213266,-320.076379137968,7.93231011513676,-2.39521688359994,-5.53709323181283
1.869,906.627312955321,2273.53661633569,49.9927852890801,49.9927631081842,1696.39012524655,697.873122108598,326.089715333516,326.52884505888,122.774216086197,199.477126929842,-322.251343036021,6.98396133833183,0.125890418582912,-7.1098517572877
1.87,907.328930349286,2272.80677241734,49.9927797057862,49.9927654313495,1695.83703963428,698.419663485134,326.0898812592,326.528790404742,23.9660049501668,269.334950645884,-293.300955619287,5.35075349495226,2.63262068123411,-7.98337417666979
1.871,908.31800487724,2271.81766168381,49.9927718349812,49.9927685797868,1695.87646185767,698.371825838069,326.089869432533,326.528795188507,-77.3238303182284,312.474555878879,-235.150725588172,3.19565691782875,4.88234269181341,-8.07799961023644
1.872,909.26461781374,2270.89422865653,49.9927643020748,49.9927715191654,1696.32798661868,697.93238707431,326.089733975105,326.528839132383,-171.535638924527,325.867261303159,-154.331622411148,0.726680129559958,6.65639438159976,-7.38307451187812
1.873,909.276086445397,2270.87539706437,49.9927642108104,49.9927715791082,1697.65705265961,696.619178056896,326.089335255292,326.528970453285,-248.167984135079,306.19952379535,-58.0315396978121,-1.81302491976236,7.77506681581842,-5.96204189691065
1.874,908.452294159753,2271.69705433315,49.9927707663411,49.9927689636919,1698.61407538954,695.631136649568,326.089048148474,326.529069257425,-301.038184372955,257.552013127182,43.4861712039005,-4.17383309963236,8.13525236328858,-3.96141926465078
1.875,907.534980243401,2272.62123205978,49.9927780660933,49.9927660219428,1698.65069973076,695.613646196296,326.089037161171,326.529071006471,-324.659322188948,183.411592033726,141.247730110732,-6.12922181632698,7.69998140504357,-1.57075958983992
1.876,907.021716542361,2273.14912644735,49.992782150516,49.9927643416028,1698.68932781973,695.585288774447,326.089025572744,326.529073842213,-315.81264890278,90.7832386543444,225.029410203431,-7.48354331559919,6.51018049208884,0.973362822286746
1.877,906.951659663569,2273.19441738022,49.992782708011,49.9927641974373,1697.76428047978,696.486686101381,326.089303086946,326.52898370248,-276.910036973731,-9.87226827155422,286.782305202193,-8.10342162293364,4.68311560318505,3.42030601846833
1.878,906.802959472924,2273.32377395688,49.9927838913295,49.9927637856825,1697.15325007515,697.098148637973,326.089486396068,326.528922556227,-210.615621375171,-110.164792107707,320.780413444208,-7.93132218583432,2.39769321472065,5.53362896983115
1.879,907.059549267282,2273.09395841528,49.9927818494528,49.9927645172081,1696.24141562629,698.0227846336,326.089759946403,326.528830092627,-123.589504660401,-199.318837276654,322.908341905141,-6.98527966331184,-0.123018721611378,7.10829838369919
1.88,907.996843233637,2272.13396257896,49.9927743907044,49.9927675729698,1695.60547346323,698.645572840496,326.089950729051,326.528767813806,-24.4272062894319,-268.59985327653,293.027059542171,-5.35314762800717,-2.62899334151296,7.98214096841393
1.881,908.782126387819,2271.35554514611,49.9927681416196,49.9927700507494,1695.74296913433,698.50064738739,326.08990948035,326.528782306352,77.0292575943316,-312.148200734793,235.118943125809,-3.19960082205214,-4.87925248119829,8.07885330231429
1.882,908.990245624941,2271.16981608437,49.9927664854593,49.9927706419434,1696.42966579229,697.83843621826,326.089703471353,326.528848527469,171.137091862329,-325.39797566787,154.260883800897,-0.729933553630158,-6.65481109224774,7.38474464515167
1.883,909.250687034706,2270.89707014428,49.9927644129324,49.9927715101207,1697.63502592096,696.633887129819,326.089341863314,326.528968982377,248.068491756376,-305.932891681597,57.8643999288726,1.80966542292951,-7.77491708191811,5.96525165849919
1.884,908.773512032666,2271.37427990426,49.9927682101705,49.9927699911148,1698.54216677132,695.716525454101,326.089069721059,326.529060718545,301.08603410731,-257.282835026976,-43.8031990694089,4.17144984561377,-8.13502418375999,3.96357433789863
1.885,907.613401149867,2272.55280469706,49.9927774420395,49.9927662397539,1699.06673059588,695.199671875175,326.088912351912,326.529112403903,325.159927088634,-183.465734967952,-141.694192105324,6.126852672318,-7.70127818222046,1.57442550987623
1.886,906.645613634559,2273.52596490267,49.9927851434479,49.9927631420888,1698.94876556553,695.324557114587,326.088947741421,326.529099915379,316.207351693581,-91.4380181490591,-224.769333527607,7.48204241026761,-6.51213939647433,-0.969903013641817
1.887,906.386326201763,2273.78139491286,49.9927872067917,49.9927623290298,1698.25409307941,696.00338129709,326.089156143167,326.529032032961,277.033073208446,9.30948781102792,-286.34256100411,8.10444375144615,-4.68693882280411,-3.41750492837489
1.888,906.473647965371,2273.67166429334,49.9927865119072,49.9927626783132,1697.56501783187,696.683446723247,326.089362865741,326.528964026418,210.495568644563,109.54982846621,-320.045397101433,7.93307708651058,-2.40201552095756,-5.53106156524435
1.889,906.89875883709,2273.26941947126,49.9927831289824,49.9927639586982,1697.05746459314,697.223413110596,326.089515131712,326.528910029779,122.954106861962,199.272659067749,-322.226765926195,6.9872558647268,0.119551769905248,-7.10680763436144
1.89,907.164077549692,2272.97569905375,49.9927810176431,49.9927648936394,1696.39116283325,697.86062461242,326.08971502224,326.528846308629,24.7155870821951,268.598113561321,-293.313700649407,5.3564670714586,2.62521018057385,-7.98167725187658
1.891,907.563594157308,2272.59447458352,49.992777838391,49.9927661071145,1695.78327194451,698.456040701321,326.089897389507,326.52878676702,-77.0883186221202,312.343722842871,-235.255404237427,3.20402247926738,4.87598687826514,-8.08000935756025
1.892,908.320851631839,2271.83858978568,49.9927718123275,49.9927685131706,1696.16482558216,698.108577345074,326.089782923416,326.528821513356,-171.112832984507,325.916276090155,-154.803443133804,0.733594484500113,6.65233131757492,-7.38592580234335
1.893,908.958846957014,2271.18057077779,49.992766735322,49.9927706077101,1696.96803275573,697.318593502278,326.089541961264,326.52890051174,-248.134180382843,306.428397560702,-58.2942172162243,-1.8068200790332,7.77293726783898,-5.96611718934882
1.894,909.100492742638,2271.04801538678,49.9927656081406,49.992771029647,1697.82360052513,696.435726547732,326.089285290933,326.528988798436,-300.750532606556,257.700039625811,43.0504929347163,-4.1684128849025,8.13583005603964,-3.96741717195521
1.895,908.781303454345,2271.38158651301,49.9927681481683,49.9927699678572,1698.25252640592,695.999737275584,326.089156613169,326.529032397363,-324.542259304388,183.672705967565,140.869553286137,-6.12364745368143,7.70267929275941,-1.57903184014215
1.896,908.54077136226,2271.63340699506,49.9927700622619,49.9927691662877,1698.50642062392,695.767770074773,326.089080444903,326.529055594083,-315.760580076594,91.0836984400197,224.676881582828,-7.48050627119252,6.51452159837891,0.965984671548782
1.897,908.276098613048,2271.88356555723,49.9927721684607,49.9927683700082,1697.93979630954,696.325112273954,326.089250432198,326.528999859863,-277.023760357384,-9.51857952776509,286.542339831291,-8.10356666123831,4.68866101909549,3.41490564072821
1.898,908.088585628606,2272.05865402378,49.9927736606416,49.9927678126844,1697.54276270757,696.705929597155,326.089369542278,326.528961778131,-211.044227878057,-109.543737322193,320.587965149612,-7.93378207749397,2.40549933374415,5.52828274225429
1.899,908.029864461668,2272.14178904757,49.9927741279298,49.9927675480574,1697.19481772355,697.087288629277,326.089473925773,326.528923642227,-123.595279674421,-199.266714265518,322.8619938951,-6.98894156222207,-0.115872993304738,7.10481455402673
1.9,908.399430129135,2271.73113065445,49.9927711870197,49.9927688552236,1696.90379796184,697.348901250713,326.089561231702,326.528897480965,-24.710386480479,-268.80286750854,293.513253952528,-5.35860385489675,-2.62133408319239,7.97993793666238
1.901,909.004525132027,2271.13700499234,49.9927663718266,49.9927707463843,1696.84436182334,697.405799161206,326.089579062543,326.528891791174,76.4854675277544,-311.971986436201,235.486518881555,-3.20579343044333,-4.87370342961738,8.07949685877922
1.902,909.220782553676,2270.94399092113,49.9927646509047,49.9927713607672,1696.79103678974,697.46497356097,326.089595060053,326.528885873734,171.057985807501,-325.509651681039,154.451665856532,-0.737251411152307,-6.65010591235281,7.38735732242416
1.903,909.208056272589,2270.94343232448,49.9927647521773,49.9927713625453,1697.09239560399,697.171293557465,326.089504652409,326.528915241735,247.683235072986,-306.011849507808,58.3286144263811,1.80204459758178,-7.77277362397699,5.97072902554437
1.904,909.508823032141,2270.63869536887,49.9927623587514,49.9927723325531,1697.93933348375,696.32423810077,326.089250571045,326.52899994728,301.434727051672,-257.772971451495,-43.6617556021031,4.16572691467944,-8.13607567583415,3.97034876053609
1.905,909.428491295718,2270.73628472272,49.9927629980111,49.9927720219166,1698.59739453049,695.65879086727,326.089053152731,326.529066492004,325.019980165521,-184.024470351158,-140.995509812017,6.12118780680018,-7.70391148775323,1.58272368054433
1.906,908.278875289467,2271.91613567447,49.9927721463646,49.9927682663343,1699.3020075193,694.972244911511,326.088841768835,326.529135146599,316.289526170231,-91.4415916961602,-224.847934470295,7.47893631732584,-6.51734758156322,-0.961588736003097
1.907,906.865421162386,2273.30320645288,49.9927833942751,49.9927638511509,1699.18546899566,695.072163487636,326.088876730392,326.529125154742,277.302552182489,9.13149495285649,-286.434047132717,8.10253763346645,-4.69284510577888,-3.40969252781586
1.908,906.015761706179,2274.14053505477,49.9927901556503,49.9927611858512,1698.64674467797,695.607509756659,326.089038347687,326.529071620115,210.66962943795,109.265649234477,-319.935278673612,7.934610843966,-2.40970028233401,-5.52491056171409
1.909,905.377306651564,2274.79197056743,49.9927952363142,49.9927591122676,1697.71350914601,696.572061803168,326.089318318347,326.52897516491,123.28919600363,199.101239586295,-322.390435598202,6.99044514616848,0.112364403386261,-7.10280954965903
1.91,905.322574583722,2274.82063187238,49.9927956718581,49.9927590210358,1696.56624462878,697.712701032636,326.089662497702,326.528861100987,24.7576662427877,268.865994470282,-293.62366072707,5.3612942119589,2.61932372254311,-7.98061793469116
1.911,906.475943263132,2273.66240352587,49.9927864936418,49.9927627077911,1695.87038738176,698.386994866954,326.089871254876,326.528793671604,-76.7686413709014,312.428667020955,-235.660025672232,3.20898707221402,4.87063886636288,-8.0796259389051
1.912,907.306667711542,2272.85302815364,49.9927798829467,49.992765284113,1695.3651863021,698.904585139124,326.0900228152,326.528741912576,-171.22804022608,325.899229480853,-154.671189285534,0.740866043861955,6.64823390944303,-7.38909995381494
1.913,908.476893779022,2271.65856450027,49.9927705705835,49.9927690862089,1695.24401776202,699.029468904656,326.090059165762,326.5287294242,-247.618660756771,306.260864145529,-58.6422034273686,-1.79877455885964,7.7709765201877,-5.97220196204595
1.914,909.972361021576,2270.17714175657,49.9927586700333,49.9927738017239,1695.68713725014,698.575732760036,326.089926229915,326.528774797814,-300.941605211947,257.773541030307,43.1680641367867,-4.1627544920514,8.13663901408301,-3.97388452296137
1.915,910.683351096253,2269.46557145149,49.9927530121541,49.9927760667225,1696.56733895898,697.683587677526,326.089662169403,326.528864012323,-324.309404934979,183.61945822411,140.689946661763,-6.11811496265868,7.70437174187018,-1.58625678033547
1.916,910.591060084136,2269.58280601242,49.9927537465826,49.9927756935533,1697.69318334059,696.584636919891,326.089324416088,326.528973907398,-315.81930960223,91.2741984950483,224.545111057273,-7.47763826456603,6.51876804092134,0.958870222367298
1.917,909.341079444586,2270.83114563873,49.9927636936125,49.9927717199649,1698.47279606668,695.788865340107,326.08909053227,326.529053484556,-277.371412214964,-9.17586299937927,286.547275166431,-8.10273058784257,4.69508222820424,3.40764835826898
1.918,908.531619755134,2271.63973848385,49.992770135088,49.9927691461339,1698.42661734724,695.823039152189,326.089104385886,326.529050067175,-210.991880534679,-109.519258084151,320.511138575353,-7.93698218130439,2.41337678828888,5.52360539162221
1.919,908.300856736644,2271.87758454384,49.9927719714418,49.9927683890464,1698.05064849893,696.226110994124,326.089217176541,326.529009759991,-123.887579608367,-198.976855172726,322.864434744017,-6.99248798253837,-0.107928228157848,7.10041620934527
1.92,907.646210603662,2272.49920425606,49.9927771809502,49.9927664103694,1697.52896577302,696.732545912131,326.089373681358,326.528959116499,-25.1960020236894,-268.461644970771,293.657646966751,-5.36412166634836,-2.61493866312607,7.97906032823552
1.921,907.650265798305,2272.50214233502,49.99277714868,49.9927664010172,1697.09287876768,697.158238937242,326.08950450746,326.528916547197,76.0639433795691,-311.893649945539,235.829706548673,-3.21311427348425,-4.86731046364117,8.08042473606757
1.922,907.462362605459,2272.69827237596,49.9927786439661,49.9927657767159,1696.81972671643,697.452314664808,326.089586453075,326.528887139624,170.675550434386,-325.336855456491,154.661305016058,-0.744358712743766,-6.64541816612182,7.38977687803886
1.923,907.70349020372,2272.44678406229,49.9927767251336,49.9927665772281,1696.35881470735,697.90327671272,326.089724726678,326.528842043419,247.531760146521,-306.23555847226,58.7037983290837,1.79467896392948,-7.77025086506434,5.9755719005715
1.924,908.584197417851,2271.55862081165,49.9927697166883,49.9927694043395,1696.26644252409,697.999406209976,326.089752438333,326.528832430469,301.073806691569,-257.615738686279,-43.4580679937948,4.15926891092839,-8.13609703072914,3.97682811950773
1.925,909.803778253666,2270.3362889784,49.9927600115724,49.9927732951426,1696.50635797781,697.753699334761,326.089680463697,326.528857001157,325.184063470023,-184.274003602218,-140.910059850992,6.11666678798598,-7.70547496153667,1.5888081735076
1.926,910.43554520048,2269.71870857465,49.9927549841307,49.992775260962,1697.34906486694,696.919854580987,326.08942765163,326.528940385632,316.466179417265,-91.9807315189022,-224.485447879467,7.47543473244269,-6.52047819290777,-0.954956539373381
1.927,909.966380117151,2270.19026622316,49.9927587176279,49.9927737599474,1698.0617958381,696.18423803153,326.089213832339,326.529013947287,277.631872253375,8.62845927146911,-286.260331507526,8.10208177499426,-4.69921198194261,-3.40286979275479
1.928,908.742907131485,2271.41433772749,49.9927684537165,49.9927698636068,1698.61701398234,695.639750332351,326.089047266896,326.529068396057,211.016143295096,108.861225520918,-319.877368803516,7.9361350766921,-2.41530687988869,-5.5208281964536
1.929,907.613632765284,2272.57326788168,49.9927774401964,49.9927661746176,1698.23680678658,696.029155547868,326.089161329054,326.529029455536,123.73701203338,198.831071576895,-322.568083604698,6.99564675397112,0.103804807760766,-7.09945156141568
1.93,907.250872019353,2272.89987726356,49.9927803269547,49.9927651349876,1697.02161036231,697.249023305675,326.089525887982,326.52890746876,24.7676576154508,268.493879925911,-293.26153754156,5.36622209072363,2.61281171794756,-7.97903380844293
1.931,907.256860881207,2272.89945067772,49.9927802792968,49.9927651363455,1696.48618212482,697.763498310178,326.089686516453,326.528856021259,-76.6727073154168,312.36471999691,-235.692012688265,3.21684531198478,4.86456157940878,-8.08140689129149
1.932,907.60917545402,2272.55630730778,49.9927774756665,49.9927662286048,1695.94868464342,698.31630439314,326.089847765697,326.528800740651,-170.845041037216,325.925661984597,-155.080620960253,0.749033782013464,6.64348917517282,-7.39252295723622
1.933,908.620834062261,2271.52975505468,49.9927694251431,49.9927694962221,1695.85618566778,698.415923387784,326.08987551539,326.528790778752,-247.567941028422,306.699629414811,-59.1316884028443,-1.7915699544042,7.76969839785222,-5.97812844364991
1.934,909.988540777887,2270.17497391882,49.9927585412789,49.9927738086243,1696.19228117442,698.070778162127,326.089774686738,326.528825293274,-300.611223086023,257.938055037848,42.6731680296789,-4.15569404559273,8.1363989022737,-3.98070485701117
1.935,909.758597339584,2270.40197731765,49.9927603711107,49.9927730860501,1697.07273861585,697.190129755929,326.089510549506,326.528913358115,-324.527029922257,183.975696246372,140.551333656771,-6.11354245362792,7.70663490625208,-1.59309245305103
1.936,909.485743108714,2270.69450869334,49.9927625424156,49.9927721548938,1697.87955028661,696.409770036198,326.089268506004,326.528991394087,-316.228481222646,91.7746548250062,224.453826379164,-7.47502547700993,6.52314352779219,0.951881948728577
1.937,909.045061196604,2271.11600030656,49.9927660492509,49.9927708132443,1698.32562284034,695.936949538979,326.089134684238,326.529038676137,-277.387276510312,-8.92943491937873,286.316711413105,-8.10184612539838,4.70117388399809,3.40067224088393
1.938,908.770181285156,2271.39073247997,49.9927682366757,49.9927699387447,1698.50710617181,695.754400369061,326.089080239239,326.529056931054,-211.159013464517,-109.413536154926,320.572549605933,-7.93714046000558,2.41906958034002,5.51807087915874
1.939,908.206127837843,2271.98505999556,49.9927727252704,49.9927680469414,1698.19200768537,696.081055700375,326.089174768785,326.52902426552,-124.097297506189,-198.833195658528,322.930493155771,-6.99749341037422,-0.100060201321255,7.09755361123795
1.94,907.602000529595,2272.54641325269,49.9927775327628,49.9927662600985,1697.51339936442,696.742055416836,326.089378351281,326.528958165549,-25.5982454160699,-268.298501133221,293.896746544508,-5.37012482948459,-2.60727459076234,7.97739941986757
1.941,907.262827032323,2272.90805821247,49.9927802318197,49.9927651089468,1697.14850117479,697.103566807664,326.089487820738,326.52892201441,76.1523459460671,-311.770900052479,235.61855410571,-3.22024645148883,-4.8614781057031,8.08172455690864
1.942,907.443368609033,2272.72895333149,49.9927787951155,49.9927656790554,1696.3101321335,697.954811707166,326.08973933145,326.52883688992,170.460948528857,-325.509041034097,155.048092508127,-0.752628756683635,-6.64124173900935,7.39387049551608
1.943,908.360022492029,2271.78427280638,49.9927715006157,49.9927686860669,1695.56911013729,698.698330399095,326.089961638049,326.528762538051,247.117524914741,-306.072672561145,58.9551476513498,1.78738908043804,-7.7672903901331,5.97990130961656
1.944,908.68018008471,2271.45568261271,49.9927689528825,49.992769732002,1695.2834503885,698.972417329376,326.090047335974,326.528735129357,300.956741285784,-257.963725533716,-42.9930157454307,4.15238536520046,-8.13535137889702,3.98296601370232
1.945,909.276302915846,2270.86955551345,49.9927642090877,49.9927715977025,1695.7060474699,698.548343168363,326.089920556849,326.528777536774,325.074891879769,-184.733753273256,-140.341138598549,6.11191562743541,-7.70823081157783,1.59631518421949
1.946,909.897256155318,2270.26176755376,49.9927592676989,49.9927735323516,1696.28895048192,697.991486640568,326.089745685946,326.528833222426,316.479193456648,-92.063773449369,-224.415419998244,7.47325410110952,-6.52488044563475,-0.948373655335223
1.947,910.178256355557,2269.9770069631,49.9927570315703,49.9927744387727,1697.04379052721,697.209026112919,326.089519233932,326.528911468479,277.596429577877,8.39375484400164,-285.990184412757,8.10198248692834,-4.70491465368416,-3.39706783305786
1.948,910.205113796727,2269.94212439952,49.9927568178456,49.9927745498074,1697.73620680251,696.514608629129,326.08931150905,326.528980910227,211.314647921656,108.563704868637,-319.878352781792,7.93796946563562,-2.42258334538032,-5.51538612004247
1.949,909.557470164193,2270.62823031298,49.9927619716299,49.9927723658644,1698.23371781994,696.033229894178,326.089162255744,326.529029048101,123.657159181507,198.694451273995,-322.351610450506,6.99961817189999,0.0959891393735714,-7.09560731105779
1.95,908.87858243893,2271.27536583232,49.9927673740467,49.9927703059681,1698.28400012994,695.978076646649,326.089147171051,326.529034563426,25.2255708406718,268.155692411047,-293.381263250587,5.37263898690655,2.60460845837101,-7.97724744510274
1.951,908.554062676945,2271.58928153781,49.9927699564929,49.9927693067434,1697.84616155663,696.398904484693,326.089278522623,326.528992480642,-76.3524168626572,312.301002636464,-235.948585778495,3.22300358253943,4.85829516128562,-8.08129874373678
1.952,908.60462953169,2271.5627190193,49.9927695540947,49.9927693912945,1697.59672776794,696.669597242845,326.08935335276,326.528965411366,-170.60499362217,325.937745389796,-155.332751778229,0.755147781374718,6.63967933615227,-7.39482711755947
1.953,908.86952006491,2271.27593756588,49.9927674461628,49.9927703041482,1697.20938597138,697.058811385095,326.089469555299,326.528926489952,-247.231575663256,306.46190744823,-59.2303318011769,-1.78454583203247,7.76678969035406,-5.98224385849528
1.954,909.108954903902,2271.04100842025,49.9927655408009,49.9927710519509,1697.25359302605,697.004694236367,326.089456293183,326.528931901667,-300.639974654193,258.247150573048,42.3928240601006,-4.1489276309345,8.1361433664034,-3.98721573579068
1.955,909.258619197976,2270.89802417611,49.9927643498103,49.9927715070839,1697.46007946445,696.792958053149,326.089394347251,326.528953075285,-324.388597548786,184.232076799572,140.156520724916,-6.10895476426633,7.70890668196358,-1.59995191815918
1.956,908.909444779087,2271.2651168949,49.992767128452,49.9927703385915,1697.16835720579,697.109817961935,326.089481863929,326.528921389294,-316.023978726716,91.9255736496256,224.098405052627,-7.47204907459106,6.52769430764726,0.944354766369475
1.957,908.996861312099,2271.14872427053,49.9927664328134,49.9927707090807,1697.15989656359,697.093472934779,326.089484402121,326.528923023797,-277.507309994537,-8.81902739059655,286.326337362892,-8.10034084883784,4.70709528505513,3.39324556314884
1.958,909.36519765411,2270.7855754133,49.9927635016859,49.9927718650194,1697.21991384626,697.037934573613,326.089466396937,326.528928577633,-211.562509862049,-108.913947019366,320.476456863379,-7.93967507089919,2.42650680135033,5.51316826891217
1.959,909.598784488204,2270.58669066509,49.9927616428609,49.9927724980892,1697.73070050589,696.545532986961,326.089313160939,326.528977817792,-124.213766257948,-198.708330949591,322.922097195511,-7.00135983286536,-0.0928749111659861,7.09423474344879
1.96,909.235763702599,2270.92419189272,49.9927645316885,49.9927714237895,1698.00119062645,696.254098781001,326.089232013902,326.529006961212,-25.7238422017711,-267.890796455705,293.614638651966,-5.37659169551639,-2.6000702695473,7.97666196458398
1.961,908.614394325409,2271.53932976462,49.9927694763889,49.9927694657448,1697.97090921434,696.269828612096,326.089241098326,326.529005388229,75.7152349023681,-311.775384097479,236.060149196185,-3.22705963035672,-4.85481761734567,8.08187724736108
1.962,908.567270802691,2271.60289129185,49.992769851386,49.9927692634222,1697.67384172714,696.588142885346,326.089330218572,326.528973556802,169.893790338745,-325.38919660129,155.495406269488,-0.759554318229545,-6.6372319308949,7.39678624894171
1.963,908.405442027612,2271.75783411002,49.9927711391785,49.9927687702239,1697.44793138974,696.829350771766,326.089397991673,326.528949436013,246.965925336799,-306.236698717501,59.2707733915873,1.78090013120786,-7.7663029400496,5.98540280881481
1.964,908.130715146616,2272.02493507897,49.9927733253855,49.9927679200151,1697.61490733812,696.648972043982,326.089347898889,326.528967473886,300.564411361087,-258.066438012828,-42.4979733352961,4.14579766644978,-8.13623276219832,3.99043509585469
1.965,907.978378390909,2272.17050972583,49.9927745376429,49.9927674566366,1697.52506802224,696.737544840486,326.089374850684,326.528958616606,325.302240474223,-184.773260085769,-140.528980375367,6.1065688505511,-7.70984545955521,1.60327660920926
1.966,907.877196438728,2272.29388449851,49.9927753428233,49.9927670639225,1697.16311691153,697.11466905485,326.089483436017,326.528920904185,316.547495786462,-92.6375033387074,-223.909992436526,7.47045386504254,-6.52991239274461,-0.940541472036893
1.967,908.286488404417,2271.87059545675,49.9927720857813,49.9927684112934,1696.80996629865,697.453268231493,326.089589381201,326.528887044267,277.648331357094,8.16277915676304,-285.811110506271,8.10131516183777,-4.71066736725018,-3.39064779432081
1.968,908.618408331716,2271.5335463568,49.9927694444465,49.992769484154,1696.36818674532,697.882665344805,326.089721915067,326.528844104556,211.436817056291,108.407630344458,-319.844447398227,7.93996149785409,-2.43036413643506,-5.5095973611971
1.969,909.209144607371,2270.95276823206,49.9927647435166,49.9927713328282,1696.1093537825,698.170506090596,326.089799564956,326.528815320481,123.951631586805,198.400634742386,-322.352266333141,7.0020188097174,0.089472156806202,-7.09149096639337
1.97,909.603313371923,2270.54930912128,49.9927616068212,49.9927726170784,1696.62365730781,697.644350980621,326.089645273898,326.528867935992,25.3164811299372,268.485636118064,-293.802117259592,5.378563363131,2.59798078046111,-7.97654414360078
1.971,910.036677243146,2270.12035739191,49.9927581582211,49.9927739824742,1697.0391327488,697.20974328182,326.089520631266,326.528911396762,-75.997395562436,312.315986594872,-236.31859105152,3.23044272345737,4.85227554483024,-8.0827182684699
1.972,909.830546495353,2270.34447364993,49.9927597985575,49.99277326909,1697.45809182577,696.805229974459,326.089394943543,326.528951848093,-170.399568125785,325.896616736997,-155.497048636873,0.763159891670148,6.63512249394813,-7.39828238599036
1.973,909.728154529469,2270.42110061336,49.9927606133668,49.9927730251787,1697.53938643991,696.734552402141,326.089370555158,326.52895891585,-246.978513842829,306.787757535161,-59.8092437225525,-1.77755552763115,7.76471269422359,-5.98715716714889
1.974,909.859574633161,2270.30593799094,49.9927595675589,49.9927733917528,1697.95162935666,696.304427290073,326.089246882283,326.529001928361,-300.217775197624,258.155834193053,42.0619409723833,-4.14260813684098,8.13628847114227,-3.99368033501166
1.975,908.69141751646,2271.47011130601,49.9927688634579,49.992769686074,1698.2541719862,696.007897522597,326.089156119495,326.529031581338,-324.627818579745,184.610454305664,140.017364242393,-6.10421524717974,7.71155051000896,-1.60733526364701
1.976,907.952477153231,2272.2265840892,49.9927747437584,49.9927672781464,1698.05679044297,696.219819146735,326.089215333957,326.529010389176,-316.102779293354,92.1588008643319,223.94397839988,-7.46884699385583,6.53230052654497,0.936546466440524
1.977,907.744735816869,2272.40848077365,49.9927763969115,49.9927666991512,1697.47309677013,696.773628707001,326.089390442059,326.52895500822,-277.624547868466,-8.50839437231594,286.132942216211,-8.09987821144813,4.71418256723996,3.38569564334277
1.978,907.843623097006,2272.30572849663,49.9927756099915,49.9927670262219,1696.82908506035,697.431793995317,326.089583645572,326.528889191691,-211.91314000213,-108.385546476325,320.298686460941,-7.94063504517047,2.43297120942604,5.50766383494566
1.979,908.476006975748,2271.69662121618,49.9927705776405,49.9927689650706,1696.41021243724,697.876559737126,326.089709307359,326.528844715117,-124.725119828414,-198.319748965636,323.044868785426,-7.00449048097644,-0.086000815238225,7.09049129554679
1.98,909.215702500273,2270.92877225663,49.9927646913305,49.9927714092097,1696.90721321029,697.364282670664,326.089560207127,326.528895942823,-25.932231689384,-268.185123092149,294.117354782322,-5.38053909003998,-2.5943781753893,7.97491726494504
1.981,909.501099077584,2270.66426116398,49.9927624202167,49.9927722511747,1697.30491058994,696.956113619926,326.089440897913,326.528936759728,75.2308930221199,-311.288712362944,236.057819350775,-3.23328300510583,-4.85037140720643,8.08365441204896
1.982,909.527029866241,2270.66512821578,49.9927622138661,49.9927722484148,1697.85801159532,696.414265023098,326.089274967612,326.528990944588,169.89886659374,-325.416910254963,155.518043679196,-0.767637670113309,-6.63300631760215,7.40064398769075
1.983,908.889690729481,2271.28474439783,49.9927672856498,49.9927702761152,1698.37961440331,695.885169504814,326.089118486769,326.52904385414,247.220682093459,-306.304757452397,59.0840753816714,1.77208542248555,-7.76293953116847,5.99085410888188
1.984,908.379425390985,2271.78550472371,49.9927713462123,49.9927686821456,1697.99588448068,696.267759344749,326.089233605746,326.529005595156,300.414276735218,-258.155459242927,-42.2588174663683,4.13900039625519,-8.13538223695727,3.99638184108978
1.985,907.868262666944,2272.28587270847,49.992775413916,49.9927670894248,1697.2783116099,696.986170323139,326.089448877607,326.528933754058,325.187688680785,-185.13281111222,-140.054877542054,6.10107123300726,-7.71202010499207,1.61094887251661
1.986,908.0838760782,2272.08180909265,49.992773698119,49.9927677389795,1696.57756324768,697.704473694103,326.089659102116,326.528861923721,316.554842926098,-92.7916463113393,-223.763196591369,7.46705280787643,-6.5334606266458,-0.933592180617551
1.987,908.344872764403,2271.80482123684,49.9927716211734,49.9927686206592,1696.02831895286,698.223051665033,326.089823875405,326.528810065924,278.001935317945,7.81696131823176,-285.818896619006,8.09964782728813,-4.71671342687079,-3.38293439980185
1.988,908.395723670267,2271.7427449136,49.9927712165147,49.9927688182543,1695.63020758743,698.623730018725,326.089943308814,326.528769998089,211.909681019306,107.984416948797,-319.894097959521,7.94132264199639,-2.43734604266032,-5.50397659880013
1.989,909.199993694552,2270.95625896711,49.9927648163372,49.9927713217168,1695.67459817586,698.612820872632,326.089929991638,326.528771089003,124.41081032821,197.974143650858,-322.384953981235,7.0053347306236,0.0835312445891729,-7.08886597483363
1.99,910.257151962829,2269.88508174186,49.992756403739,49.9927747313798,1695.70330064545,698.556565065836,326.089921380897,326.528776714584,25.5498605951169,268.102094372844,-293.651954982499,5.38413798258264,2.59090040214581,-7.97503838457969
1.991,910.669787518547,2269.48415517005,49.9927531200896,49.9927760075687,1696.32562376346,697.924220557121,326.089734683961,326.528839949035,-75.5773291078256,311.865960633966,-236.288631552876,3.23682568280867,4.84710408222741,-8.08392976517086
1.992,910.728056217715,2269.44301208532,49.992752656402,49.9927761385312,1697.10807677637,697.159102615682,326.089499948057,326.528916460829,-170.19762095216,326.177162305401,-155.979541390553,0.770574082031681,6.63087756914865,-7.40145165162463
1.993,910.875695756507,2269.29026785544,49.9927514815239,49.9927766247312,1697.77118199728,696.503113956039,326.089301016491,326.528982059695,-247.033955486154,307.048863972287,-60.0149085306166,-1.76999622171824,7.76315336963213,-5.99315714865924
1.994,910.459441968667,2269.71119882485,49.9927547939663,49.9927752848663,1698.16634990631,696.096115755947,326.089182466118,326.529022759515,-300.413358751463,258.604610455069,41.808748250192,-4.13689368029302,8.13622042605713,-3.99932674675371
1.995,909.485795307946,2270.67761837565,49.9927625420002,49.9927722086573,1698.25161389832,695.995919110831,326.089156886921,326.529032779179,-324.428847541979,184.762906552026,139.66594094471,-6.09829576404284,7.7134392498811,-1.61514348698823
1.996,908.973231588901,2271.18883403115,49.9927666208527,49.9927705814074,1697.67858823906,696.601510952394,326.089328794619,326.528972219995,-316.330475718744,92.6457872884078,223.684688388954,-7.46541705100518,6.53566133898957,0.929755710785618
1.997,908.925522083553,2271.23108691199,49.9927670005129,49.9927704469123,1697.82379950885,696.436378074182,326.089285231238,326.528988733283,-277.623540055666,-8.39764334493472,286.021183365308,-8.09959604788917,4.71983947669619,3.37975656996881
1.998,908.61915532521,2271.53660044067,49.9927694385021,49.9927694744325,1697.95289755946,696.302595869903,326.089246501823,326.529002111503,-212.001210391337,-108.321641859628,320.322852221844,-7.94221477607618,2.44083482663236,5.5013799482898
1.999,907.979311456685,2272.1916762274,49.9927745302178,49.9927673892615,1697.71794413377,696.562828459943,326.08931698785,326.528976088244,-124.824426754252,-198.103573749323,322.928000482159,-7.00767431962792,-0.0783984797127298,7.08607279830829
2,907.742011344209,2272.39742528561,49.9927764185921,49.9927667343419,1697.1475129369,697.102221858387,326.089488117209,326.528922148905,-26.1678575980591,-267.836307093518,294.004164678856,-5.38636719603741,-2.5862447331488,7.97261192832278
