0,0,0,50,50,0,0,326.59863237109,326.59863237109,0,0,0,0,0,0
0.001,3.91123644503683,2.22419192869822,49.9999688753693,49.9999929201772,-0.169900562033496,0.343656443552325,326.598683341259,326.598598005446,148.076380275613,-502.643565792217,354.567185516206,0.551275660842304,-2.25926468550299,1.70798902466014
0.002,18.5149132281083,10.161249485167,49.9998526630019,49.9999676557383,1.52591085604458,3.07563487450927,326.598174597834,326.598324807603,191.422512893241,-288.462361928215,97.0398490340345,1.67941374310115,-4.23420825433325,2.55479451122517
0.003,41.8615009316364,18.3230443332343,49.9996668767601,49.9999416759384,5.30305254906986,7.65801298270044,326.597041455326,326.597866569792,269.450612991683,-310.029151894598,40.5785389014627,3.06143860124189,-5.55154006384846,2.49010146259108
0.004,68.0739415300017,24.4212821817894,49.9994582847855,49.9999222646445,14.9647804683266,12.0699590592163,326.59414293695,326.597425375184,310.130643532478,-242.929100089869,-67.2015434445965,4.35525235430226,-5.8413533059553,1.48610095162915
0.005,94.322177200147,30.3960206703553,49.9992494079628,49.9999032464612,29.8149227779309,14.8204402543531,326.589687894257,326.597150327065,326.570035149713,-163.818343631675,-162.751691520826,5.44165060154535,-5.46267553032773,0.0210249287473561
0.006,118.780201737548,37.3558923983675,49.9990547771876,49.9998810925014,47.3981534368221,17.0259292864397,326.584412925059,326.596929778162,310.179676730373,-68.3762639933381,-241.80341274036,6.14766703010995,-4.50275971580353,-1.64490731435412
0.007,140.542708484786,45.8795154979397,49.9988815966615,49.9998539609664,66.699168842894,18.6568858801152,326.578622620437,326.596766682502,264.254368808006,33.0019323180074,-297.256301130024,6.35285808274619,-3.07427276212194,-3.27858532068511
0.008,159.902624976319,55.6744848056901,49.9987275353411,49.9998227826108,85.54068917466,21.2326837962484,326.572970164338,326.596509102711,192.096195370513,132.024543710715,-324.120739086092,6.00273197249047,-1.32536861710297,-4.6773633554633
0.009,177.186526240335,66.5744421874327,49.998589994425,49.9997880869688,102.952247250793,25.3129173043189,326.567746696915,326.59610107936,100.798941018208,217.760080130179,-318.559021154625,5.10834328442898,0.568098284360318,-5.67644156888285
0.01,193.48535698286,77.6222900500945,49.998460292451,49.9997529205769,118.078884014178,31.4304149014105,326.563208705886,326.5954893296,0.383015230565351,282.220411849808,-282.603427090373,3.74330438063655,2.41108520750301,-6.15438958826773
0.011,210.318917228703,87.5069665753911,49.9983263352349,49.9997214566743,131.902228027895,38.5468877162164,326.559061702682,326.594777682319,-100.576517617939,319.038282864626,-218.461765259861,2.03140478358208,4.02438668274023,-6.05579146650046
0.012,228.440362174721,95.6220412698186,49.9981821293579,49.9996956255893,144.468188524933,46.5920400401888,326.555291914533,326.593973167086,-191.421649359225,324.536912533326,-133.115263189703,0.131588501086187,5.25017302316321,-5.38176152448283
0.013,247.715818405958,102.120964594319,49.9980287401509,49.9996749388738,157.168111818858,54.1284439408861,326.551481937545,326.593219526696,-263.265446426062,298.218760044032,-34.9533136351059,-1.77085160041623,5.96011150259081,-4.18925990246031
0.014,267.581300498766,107.69268408095,49.9978706556673,49.9996572035399,170.444136190317,60.777338955012,326.547499130233,326.592554637195,-309.612181295696,242.741557499816,66.8706237782802,-3.49626598251038,6.09038056864018,-2.59411458645773
0.015,287.55937503893,112.850700048548,49.9977116752015,49.9996407850651,184.993866341075,65.8210805689989,326.543134211188,326.592050263034,-326.096700316472,163.612478738337,162.484221561222,-4.87517055642309,5.62726570332708,-0.752095147258575
0.016,306.742865470845,118.461838157812,49.9975590178351,49.9996229242578,200.676236505016,69.4892912605344,326.538429500139,326.591683441964,-309.691636182609,67.8394839803952,241.85215218603,-5.77373879949682,4.61006468193704,1.1636741171942
0.017,324.979736360816,124.745782483081,49.9974138934277,49.9996029218418,216.926529728334,72.301832239567,326.533554412172,326.591402187866,-264.278108699077,-33.7224234419565,298.000532126415,-6.1072029413201,3.14484699004302,2.96235595091263
0.018,341.234101444231,132.70140909689,49.9972845453002,49.9995775982957,233.206227373128,74.8288554257142,326.528670502878,326.591149485548,-192.097287505867,-132.482207668394,324.579495162388,-5.84061179306002,1.37199629715959,4.46861549555469
0.019,356.077505328204,141.781382394321,49.9971664252452,49.9995486958431,248.033538409258,78.5993179845511,326.524222309568,326.590772439292,-101.444949115107,-217.682994386262,319.1279434932,-5.00144749399133,-0.537036197377849,5.53848369106184
0.02,370.027344631198,151.444179680632,49.9970554159511,49.999517938204,261.396108095761,83.5598247475084,326.520213538662,326.590276388616,-1.00083182407238,-281.721355812527,282.722187632887,-3.67343840125907,-2.39044219365665,6.0638805946674
0.021,384.411494913646,160.397738916356,49.9969409505202,49.9994894381398,273.030951555045,90.0353834151618,326.516723085624,326.589628832749,99.961844674657,-318.359988232092,218.398143558146,-1.98562015468026,-4.01120185798678,5.99682201249347
0.022,400.221551770339,167.644111151426,49.9968151380852,49.9994663722206,283.809284009064,97.160241314898,326.513489585888,326.588916346959,191.341201662068,-324.020290490307,132.679088832672,-0.101992428382843,-5.24045357808059,5.34244600637199
0.023,416.536360331625,174.059222429272,49.9966853089638,49.9994459522872,295.308012956856,103.324208209748,326.510039967203,326.588299950269,263.461555094541,-297.683396399303,34.2218413109969,1.7901027970328,-5.95325413120553,4.16315133415649
0.024,433.380213830736,179.70511359298,49.9965512698365,49.9994279808575,306.761396068584,109.314845806893,326.50660395227,326.58770088651,309.861098289039,-242.663899668748,-67.1971986137165,3.50848408427733,-6.08725098227295,2.57876689803716
0.025,450.769254190557,184.523262600974,49.9964128922501,49.9994126442128,319.134011269055,114.174511994857,326.50289216771,326.587214919891,326.670390468574,-163.815150194734,-162.855240268477,4.88363378637878,-5.62440636431865,0.740772578015595
0.026,467.555076703265,189.653971519895,49.9962793149188,49.9993963126591,333.077279647941,117.263756759281,326.498709187196,326.586905995414,310.037802158683,-68.5568495065616,-241.480952649696,5.77957075694825,-4.60886454618463,-1.17070621068216
0.027,482.711399870854,196.142499651224,49.9961587047312,49.9993756590326,347.446375380739,119.683222945178,326.494398458476,326.586664048796,264.00506900443,33.018113872518,-297.023182878951,6.11015553087791,-3.14453529471681,-2.96562023610634
0.028,496.111947731734,204.110319072542,49.9960520665596,49.9993502966757,361.120452963829,122.604408767897,326.490296235201,326.586371930214,192.009552206846,132.111007583953,-324.120559798306,5.84258678268089,-1.37120455736585,-4.47138222531857
0.029,508.989534638218,212.356088260411,49.995949589979,49.9993240495772,373.680928777479,126.442515464262,326.486528092457,326.585988119544,100.822227465927,217.582680415705,-318.404907894056,5.00384347040753,0.536378727796005,-5.54022219828936
0.03,521.133483139673,221.034351738354,49.9958529515074,49.9992964258066,384.935837191968,131.358973652986,326.483151619933,326.585496473725,0.460516275720094,282.095003706827,-282.555520001558,3.67459810161796,2.39032066880653,-6.06491877060702
0.031,533.672955817581,229.07821958136,49.9957531655544,49.99927082138,395.308614226304,136.95295919128,326.480039786822,326.584937075171,-100.476622560452,318.91559849375,-218.43897595722,1.9873860462674,4.01032604137533,-5.99771208793703
0.032,546.859593892709,236.233431493913,49.9956482296227,49.9992480456331,405.880462134204,142.180976127285,326.47686823245,326.584414273478,-191.434375061109,324.476538854508,-133.042163820922,0.10319548888048,5.2406815373358,-5.34387702661793
0.033,560.191593350335,242.938704341669,49.995542136942,49.9992267020867,416.304768945811,147.326680730029,326.473740940407,326.583899703017,-263.185550927697,297.957799396795,-34.7722484976314,-1.78836990521292,5.95307911028211,-4.16470920555982
0.034,573.803801076214,249.160091129999,49.9954338144347,49.9992068987975,426.211491124208,152.800850501885,326.470768923753,326.58335228604,-309.511023273886,242.684024990335,66.8269982566177,-3.50683726107019,6.0874655881103,-2.58062832758574
0.035,588.089236071307,254.449653968195,49.995320134555,49.9991900615961,435.566252433795,158.651608634097,326.46796249536,326.582767210227,-325.851390173098,163.4429441371,162.408446012784,-4.88248622289117,5.62436016956492,-0.741873947233759
0.036,602.222362999942,259.63556882327,49.9952076667044,49.9991735543164,446.67205429716,162.559909063346,326.464630754801,326.582376380184,-309.641187090118,68.0716448467858,241.569542227661,-5.77831524234236,4.60931670221113,1.16899853960641
0.037,615.518403379159,265.421613789406,49.9951018601769,49.9991551367632,458.317994559799,165.70803504877,326.461136972722,326.582061567586,-264.141901226881,-33.480734439417,297.62263566188,-6.10937473487758,3.14587504130731,2.9634996931464
0.038,627.959733462546,271.83833844583,49.9950028552178,49.9991347116943,470.136266867736,168.530356769281,326.45759149103,326.581779335413,-192.094703886103,-132.477156404318,324.571860297923,-5.84344791500758,1.37307857136746,4.47036934337728
0.039,639.618470860784,278.805514554531,49.9949100779335,49.9991125344839,482.1869063896,170.95199324509,326.453976299174,326.581537171766,-101.42739937189,-217.37560726456,318.803006655345,-5.00440505224462,-0.535352678881376,5.53975773106387
0.04,649.601188936925,287.190063028492,49.9948306379871,49.9990858456372,493.538327235263,173.851622438576,326.45057087292,326.581247208847,-1.15943820211288,-281.786202149989,282.945640379661,-3.67626701390556,-2.3887195592708,6.06498657332761
0.041,659.37612455761,295.563450738439,49.994752851521,49.9990591923164,503.834559595993,177.64179139013,326.447482003212,326.580868191951,99.8440833867597,-318.199503689149,218.355420335824,-1.9886566426195,-4.0090887503668,5.99774539333534
0.042,669.130622237142,303.739123269768,49.9946752276948,49.9990331683424,512.261742465992,183.134204170548,326.444953848351,326.580318950673,191.026726673938,-324.1289224905,133.102195852034,-0.105390843997497,-5.23881410120855,5.34420494571572
0.043,679.615898297116,310.932306988406,49.9945917885191,49.9990102717275,520.51585207337,188.621781752989,326.442477615468,326.579770192915,263.170474664411,-297.637890742784,34.467416112726,1.78731290149767,-5.95319888818021,4.16588598730124
0.044,690.591087810644,317.413456593672,49.994504450736,49.9989896415876,528.657120637719,194.037532973618,326.440035234899,326.579228617793,310.191235005612,-243.017441854149,-67.1737931217305,3.50462365599074,-6.0857006338947,2.58107697856953
0.045,702.344790181636,322.939637418242,49.9944109177444,49.9989720512077,537.279722531908,198.822771373213,326.437448454331,326.578750093953,326.557276047609,-163.95494115376,-162.602334871611,4.88151937953781,-5.62478952250266,0.743270143611202
0.046,714.237733410786,328.087617350688,49.9943162767092,49.9989556646786,546.743554864911,202.598589744649,326.434609304631,326.578372512116,310.177982762843,-68.7512101476703,-241.426772602928,5.77802818362439,-4.61062087089503,-1.16740731216664
0.047,725.814730501406,333.332392924333,49.9942241498936,49.9989389700395,557.055952804532,205.337258129076,326.431515585249,326.578098645277,263.883117598659,33.1486561553087,-297.031773752992,6.10891263308353,-3.1466831379263,-2.96222949473671
0.048,736.084803762042,339.691336625405,49.9941424232473,49.998918728893,567.867612885709,207.431009752747,326.428272087225,326.577889270115,192.238313892257,131.989661859788,-324.227975762308,5.84360564857065,-1.37442146948497,-4.46918417885009
0.049,745.578662479156,346.628936896396,49.9940668735201,49.9988966458255,578.308525857838,209.753331477088,326.425139813333,326.577657037943,101.209199954555,217.551225299168,-318.760425274223,5.00545993711131,0.53377742794821,-5.53923736503219
0.05,753.874497975967,354.527597971731,49.9940008573588,49.9988715036064,588.117040959885,212.505509059388,326.422197258802,326.577381820184,0.737890496805635,281.797315070244,-282.535205595714,3.67788784790614,2.38635249621909,-6.06424034430958
0.051,761.354197673375,363.041722097558,49.9939413357998,49.9988444023076,596.883798288851,216.161421836921,326.419567231604,326.577016228907,-100.198954104115,318.866830167766,-218.667876097348,1.99006995542374,4.00725805792232,-5.99732801372233
0.052,769.604062641557,370.607117293447,49.9938756854604,49.9988203209068,604.323819681683,221.015013417834,326.417335225186,326.576530869749,-191.215146825501,324.392874523204,-133.177727732818,0.105993098908742,5.2380900571318,-5.34408315656803
0.053,778.36621527308,377.434914975954,49.9938059584652,49.9987985873517,612.181533927298,225.257077354965,326.414977910912,326.576106663355,-262.834455246147,298.113312346298,-35.2788571314568,-1.78518871113076,5.95243648867251,-4.16724777816052
0.054,787.003471041863,384.19749534285,49.9937372253677,49.9987770613899,619.810101574684,229.583248222056,326.412689340618,326.575674046268,-309.430673508288,242.578958716296,66.8517147719854,-3.50243321151246,6.08573807642112,-2.58330486552392
0.055,796.164805569578,390.268643653227,49.9936643217839,49.9987577363246,627.706926313883,233.509934277978,326.410320293196,326.575281377663,-326.189544277543,163.979863037778,162.20968123562,-4.87970200979866,5.62531020810781,-0.745608198809607
0.056,804.970122312026,396.48059538155,49.9935942512996,49.9987379630681,635.88303864831,237.017542229693,326.407867459496,326.574930616867,-309.62866966194,68.2050695457506,241.423600131677,-5.77652432413615,4.61082099697113,1.16570332688375
0.057,813.444841271265,402.845436046252,49.993526811629,49.998717703151,643.810946032072,240.596256254978,326.405489087281,326.574572745465,-264.166191531765,-33.4560361813382,297.622227751721,-6.1090498637815,3.14785462695644,2.96119523686182
0.058,822.165363377693,408.774484845829,49.993457415919,49.9986988304025,651.981558912443,243.800477633672,326.403037903417,326.574252323327,-192.560495332989,-131.921084677744,324.481580072048,-5.84324001772315,1.37588581512783,4.46735420302826
0.059,830.777432970731,414.650221215107,49.9933888832467,49.9986801273528,660.665203948561,246.379258089881,326.400432809906,326.573994445281,-101.797375409681,-217.295078836158,319.092454326379,-5.00539898958576,-0.532643138024111,5.5380421284728
0.06,838.962739421855,420.754307920491,49.9933237466476,49.9986606974413,669.157503493957,248.962235517119,326.397885120042,326.573736147539,-1.33243570209882,-281.698038201092,283.030473997759,-3.67886369288885,-2.38565782963711,6.06452152380485
0.061,846.174494163972,427.650972207915,49.9932663573268,49.9986387446771,678.073344991224,250.994588806223,326.395210367593,326.57353291221,99.5603981506489,-318.30142369675,218.741025648273,-1.99196122820905,-4.00586267560058,5.99782390544776
0.062,852.151647632401,435.621171123017,49.9932187926508,49.998613374746,686.503229502016,253.401204983243,326.39268140224,326.573292250592,191.030194009942,-324.021638133407,132.991444226411,-0.108554967248478,-5.23666393947268,5.34521890862732
0.063,858.025268958701,443.488870546533,49.9931720518574,49.9985883310809,693.960915407516,256.624510153875,326.390444096468,326.572969920075,262.981847336783,-297.706987941864,34.7251407028142,1.78368190542532,-5.9516510849362,4.16796918157436
0.064,863.564840989238,451.531453613614,49.9931279693438,49.9985627307439,701.230998669427,259.899529336104,326.38826307149,326.572642418157,309.886464836264,-242.912189345171,-66.9742754044882,3.50163581836,-6.08587699720286,2.58424118094144
0.065,869.2749166425,459.257797384398,49.9930825300055,49.9985381370279,708.084978503745,263.465511411982,326.386206877539,326.572285819949,326.35967835941,-163.696226488256,-162.663451800168,4.8783203653938,-5.62597343703877,0.747653073657005
0.066,875.49631854689,466.276029025463,49.9930330216622,49.9985157973027,714.303425431336,267.552669898592,326.384341343461,326.571877104101,310.05757976117,-68.5163913435019,-241.541188364673,5.77567790096429,-4.61192697311897,-1.163750926027
0.067,882.439116854951,472.424275158024,49.9929777726287,49.9984962268274,720.294909696205,271.699759327427,326.382543898182,326.571462395158,263.986964668432,33.035217944395,-297.022182578681,6.10888090521872,-3.15029193143461,-2.9585889722427
0.068,888.909380432621,478.869477820423,49.9929262839072,49.9984757111102,726.49255599582,275.546752629485,326.380684604292,326.571077695827,192.20198631773,131.713563108101,-323.915549409314,5.84354015010812,-1.37758692869513,-4.46595322020122
0.069,896.319907577173,484.222475735364,49.9928673128059,49.9984586719886,733.528406528756,278.427934238903,326.378573849132,326.570789577667,101.386509759864,217.104863278393,-318.491373036263,5.00638788846868,0.52957735220474,-5.53596523980862
0.07,903.572538310694,489.556267866371,49.9928095982043,49.998441694001,740.998635132661,280.718991051258,326.376332780551,326.570560471985,0.804112067198318,281.89312322148,-282.697235296495,3.68019609322242,2.38259478380437,-6.06279087648742
0.071,909.379850560229,496.197607045477,49.9927633850818,49.9984205539618,749.494460527759,281.889361461197,326.373784032932,326.570443434944,-100.066348217792,318.973781051534,-218.907432845578,1.99315851295821,4.00514618398253,-5.99830469667017
0.072,914.71204541894,503.18221923218,49.9927209528233,49.9983983212507,757.921074027121,283.018872388474,326.371256048882,326.570330483852,-191.063157168605,324.545362281979,-133.482205122756,0.110409487224589,5.23633057244745,-5.34674005958491
0.073,918.669095635421,511.342140411487,49.9926894636182,49.9983723474149,765.899562347844,284.459425423392,326.368862502386,326.570186428548,-262.857644792025,298.400911090729,-35.5432662977912,-1.78163534797499,5.95152103750045,-4.16988568950651
0.074,922.208874168298,519.787656253584,49.9926612949556,49.998345464503,772.548750501726,287.108361566529,326.36686774594,326.569921534934,-309.394243497477,242.855642025961,66.5386014899336,-3.4996486515178,6.08622213655261,-2.58657348494587
0.075,925.855680248686,527.975655083127,49.9926322745949,49.9983194012932,777.560280884091,291.28330703927,326.365364286825,326.569504040386,-326.129785528951,163.953955079779,162.175830490546,-4.87614438987869,5.62614382182128,-0.74999943164254
0.076,930.389411395481,535.115807628226,49.9925961963088,49.9982966734818,781.95007833339,295.97543523308,326.36404734759,326.569034827567,-309.959253526929,68.6049461137888,241.354307481345,-5.77455069437472,4.61387222355246,1.16067847146459
0.077,936.000517909788,541.033330285439,49.9925515445419,49.9982778374222,787.490437012531,299.392465662309,326.362385239987,326.568693124524,-264.44076489549,-33.1091946535141,297.549959644309,-6.10777344478183,3.15093628752059,2.95683715834636
0.078,941.089181363808,547.337412936623,49.9925110502448,49.9982577709038,794.058065367725,301.668998817493,326.36041495148,326.568465471209,-192.459556520622,-132.096111611947,324.555668252641,-5.84381340496606,1.37990344693198,4.46390995961973
0.079,946.237420274368,553.451933029258,49.9924700818612,49.9982383077819,800.645421430374,303.835147457599,326.358438744661,326.568248856345,-102.155903800045,-217.05331105627,319.209214996044,-5.007550141672,-0.527741737446766,5.5352918812131
0.08,950.772609066591,560.016442224476,49.9924339919755,49.9982174123001,807.068463504997,306.012143124075,326.356511832039,326.568031156778,-1.38097145794802,-281.43849990249,282.819471511778,-3.68228521853376,-2.37998642511127,6.06227164619786
0.081,954.275416148944,567.477499220612,49.9924061175224,49.9981936630181,813.5180779637,308.089205164488,326.354576947701,326.567823450574,99.5172839982203,-318.342077341169,218.824793497619,-1.99519307436539,-4.00251149146882,5.99770456874683
0.082,958.152181684869,574.457163287756,49.9923752672025,49.9981714460574,819.819305823284,310.220898208079,326.352686579343,326.56761028127,190.854634309029,-323.96259979248,133.107965633128,-0.112229064948867,-5.23474056414757,5.34696963223452
0.083,961.459188235735,581.83047039728,49.9923489508806,49.9981479760919,826.18384575319,312.154676996185,326.350777217364,326.567416903391,262.815118908988,-297.908165117231,35.0930463458951,1.77922643087475,-5.95020946294531,4.1709830352863
0.084,964.473412957257,589.384519136353,49.9923249644424,49.998123930808,831.951210707538,314.584289021893,326.349047007878,326.567173942188,309.586443831918,-243.069852929626,-66.5165907833753,3.49756328908238,-6.08638600440625,2.58882271846484
0.085,967.799634680686,596.500462419806,49.9922984952109,49.998101280057,837.582410743415,317.06685785087,326.347357647867,326.566925685305,326.363633445404,-164.429103919283,-161.934529431092,4.87518662398591,-5.62682723212832,0.751640611061895
0.086,970.818851894884,603.773375604432,49.9922744690437,49.9980781296553,843.108126330845,319.558193730453,326.345699933191,326.566676551717,310.248602452003,-69.0579834465846,-241.190618936794,5.77370646475723,-4.61448120968435,-1.15922525250227
0.087,973.827719583409,610.936988461459,49.9922505252354,49.9980553271674,848.776361655743,321.772630925885,326.343999462594,326.566455107998,264.075709627467,32.7074850108544,-296.78319459621,6.1077791829155,-3.15326299818814,-2.95451618259882
0.088,976.499411661742,618.312966130347,49.9922292645854,49.9980318487013,854.508255563697,323.839297887589,326.342279894421,326.566248441302,192.368733391652,131.629867397151,-323.998600770562,5.84476927595624,-1.38260937483888,-4.46215989948218
0.089,979.442029928108,625.302836441004,49.9922058479733,49.998009599253,859.848706017358,326.232201333557,326.340677759285,326.566009150957,101.43193290644,216.998861627574,-318.430794535558,5.00885863958317,0.525543015369775,-5.53440165381584
0.09,982.141586082827,632.397860636305,49.9921843655879,49.9979870150896,865.784732635418,327.891563252031,326.3388969513,326.565843214765,1.06773647833271,281.834822562668,-282.902559055772,3.68358222409655,2.37924094386577,-6.06282316728513
0.091,984.521049487812,639.681943492326,49.9921654304198,49.9979638291337,871.519347031858,329.660582287281,326.337176566981,326.565666312862,-99.4522051892017,318.759151462382,-219.306946293117,1.99810443825848,4.00020807001773,-5.99831250797365
0.092,986.91962182687,646.867214486332,49.9921463431876,49.9979409577058,877.614013385797,331.008446963945,326.335348167075,326.565531526394,-190.783278086602,324.439818641547,-133.656540571204,0.115335052023753,5.23318953418289,-5.34852458615447
0.093,988.317667564432,654.882987528304,49.9921352178931,49.9979154427078,883.160203425689,332.795422658118,326.333684310063,326.565352828825,-262.643618357267,298.180729334739,-35.5371109824267,-1.77745554974969,5.94980594168877,-4.17235039198929
0.094,989.253989864227,663.271334166731,49.992127766877,49.9978887417711,888.004287460838,335.177005918991,326.332231084852,326.565114670498,-309.245381759697,243.172003454204,66.0733783186136,-3.49597759360643,6.08663279605364,-2.59065520244431
0.095,990.66381636926,671.058778174148,49.9921165478341,49.997863953567,892.136871661076,338.194774164634,326.330991309592,326.564812893674,-325.81695845634,164.088568506043,161.728389986623,-4.87345015052365,5.62750443310921,-0.754054282379621
0.096,993.032513000249,677.770735799618,49.9920976983453,49.9978425887423,895.960302419248,341.438953484921,326.329844280365,326.564488475742,-309.90437235806,68.8241037816313,241.080268638516,-5.77298600810557,4.61654222277898,1.15644378586427
0.097,995.564950500397,684.193570472053,49.9920775458479,49.9978221442246,900.649984469294,343.70908999818,326.32843737575,326.564261462091,-264.280328124442,-33.0969701812617,297.377298393906,-6.10724336218345,3.15475066870274,2.95249269444601
0.098,998.523775420168,690.091525073932,49.9920540002674,49.997803370452,905.550633013217,345.681621437064,326.326967181186,326.564064208947,-193.003408202802,-131.413309973306,324.416718288301,-5.84477116692577,1.38469379790404,4.46007737046881
0.099,1000.85597191309,696.526526773621,49.9920354412374,49.9977828872054,911.501476560932,346.552006624923,326.325181928122,326.563977170428,-101.98499764185,-217.022459166829,319.007456940318,-5.00991281566662,-0.52297881596162,5.53289163356666
0.1,1001.88058414602,704.136007655296,49.9920272876323,49.9977586654755,917.700333486392,347.047146961426,326.323322271044,326.563927656394,-1.84529141503932,-281.213992751356,283.059284310874,-3.68540579615585,-2.37632384135433,6.06172963989979
0.101,1001.89855272923,712.645461895182,49.9920271446428,49.9977315790414,923.588541221413,347.775012121749,326.321555808724,326.563854869878,99.0569136762028,-318.072166854797,219.015253328196,-2.00043781288524,-3.9979437461935,5.99838156183511
0.102,1001.68077746009,721.307904095414,49.9920288776434,49.9977040056314,928.131052538427,349.808895771459,326.320193055329,326.563651481513,190.507401254762,-323.852069633608,133.344668525619,-0.116618052472984,-5.23218283036028,5.34880088583579
0.103,1002.43816900358,728.84240195516,49.992022850513,49.9976800225799,931.703941552808,352.685055767747,326.319121188625,326.563363865514,262.714483293015,-298.11062116243,35.3961380063276,1.77454582630755,-5.94869307923471,4.17414725603829
0.104,1003.21997089263,736.283098777279,49.9920166291312,49.9976563381063,935.873562913268,354.899346380592,326.317870302216,326.563142436452,309.732277079819,-243.135932622194,-66.5963443373601,3.49381140141651,-6.08640312788154,2.59259172953776
0.105,1004.17508675713,743.440724209892,49.9920090285606,49.9976335546769,939.924066002528,357.153028842781,326.31665515129,326.562917068206,326.382450070904,-164.260965702264,-162.121484270061,4.87156428494779,-5.62812750281104,0.756563220754672
0.106,1005.19246340205,750.427557090607,49.9920009325345,49.9976113148971,944.40314121465,358.908466008416,326.315311428726,326.56274152449,310.145755876846,-69.2678025159331,-240.877953285106,5.77160252622066,-4.61778008046563,-1.15382244316469
0.107,1006.03210249585,757.50250491779,49.9919942508989,49.9975887946388,948.827593011949,360.624632755846,326.313984093187,326.562569907815,264.363383677857,32.4405729905082,-296.803956613956,6.10760103839527,-3.15710285034525,-2.95049818583317
0.108,1006.44342248691,764.903998502278,49.9919909777185,49.997565234953,953.938665275086,361.580634082612,326.312450771508,326.562474307682,192.608994341381,131.266420184697,-323.875414490355,5.84570099857642,-1.38735275165764,-4.45834824510862
0.109,1006.15898490884,772.916091372441,49.9919932412008,49.9975397316693,958.659549363861,362.872800575162,326.311034506281,326.562345091033,101.917842535388,216.787434022616,-318.705276536648,5.01168345770369,0.519827720356104,-5.53151117664775
0.11,1006.13833508696,780.52743959172,49.9919934055268,49.9975155039954,963.008589354522,364.424263585845,326.309729794284,326.562189944732,1.54175818684452,281.524281500671,-283.066039674101,3.68691163760482,2.3734198684237,-6.0603315049664
0.111,1006.05494182052,788.134063799569,49.9919940691494,49.9974912913585,966.686562590667,366.594286560008,326.308626402313,326.561972942434,-99.3903784628548,318.761991520481,-219.371613045132,2.00177781836518,3.99697273288195,-5.99875055044876
0.112,1006.76761427517,794.861280755625,49.9919883978822,49.9974698779619,970.590929200116,368.482037592841,326.30745509233,326.561784167331,-190.337453889196,324.444905076117,-134.107451167454,0.119312504673675,5.23031473606583,-5.3496272400903
0.113,1007.49203614548,801.476908393349,49.9919826331161,49.9974488197651,975.297244754412,369.474488608038,326.306043197664,326.56168492223,-262.437863081797,298.434987678645,-35.9971245618438,-1.77271883658174,5.94944926635362,-4.17673042912616
0.114,1007.92761369677,808.288942463249,49.9919791669001,49.9974271363872,980.150316161544,370.255329174826,326.304587276242,326.561606838173,-309.196571886126,243.327319562303,65.8692523799239,-3.49234360432916,6.08702881327715,-2.59468520815435
0.115,1007.63953975717,815.722889282708,49.9919814593196,49.9974034733996,984.869978426703,371.092828134532,326.303171377562,326.561523088277,-325.941630735285,164.462873092202,161.478757723767,-4.86974546197963,5.62850592006097,-0.758760457003773
0.116,1006.9449457569,823.48904756207,49.9919869867231,49.99737875295,989.122038796849,372.338250408278,326.301895759451,326.56139854605,-309.8246164517,68.7083797948219,241.116236764505,-5.77098844285779,4.61982928370228,1.1511591606281
0.117,1005.50852278203,831.892014244172,49.9919984174139,49.9973520054763,993.242711309061,373.624046678734,326.300659557698,326.561269966423,-264.277200475847,-32.6995917742548,296.976792383669,-6.10666344124153,3.15946860509388,2.94719483809374
0.118,1004.13998896571,840.13423245741,49.99200930786,49.9973257696809,996.267732499649,375.948534100107,326.29975205134,326.56103751768,-192.847978406022,-131.537854518048,324.385833080207,-5.84591878596022,1.38971003757263,4.45620875084018
0.119,1003.99347191233,847.093547163447,49.9920104738057,49.9973036174942,999.582266542805,377.944276937924,326.298757691128,326.560837943397,-102.215522047916,-216.964728616533,319.18025083745,-5.01258549881294,-0.517512764059416,5.53009826581676
0.12,1004.00644176511,853.782411946763,49.9920103705949,49.9972823261763,1003.38447463582,379.344061577781,326.2976170287,326.560697964933,-2.29251633999366,-281.129086773044,283.421603295135,-3.68930038037362,-2.3712605128569,6.06056089660084
0.121,1003.92287999362,860.509502048999,49.9920110355583,49.9972609131834,1007.54674628601,380.348123672128,326.296368347205,326.560597558723,98.9380683299752,-318.044517033885,219.106448886782,-2.00432730083675,-3.99507490350898,5.99940220803369
0.122,1002.79005193107,868.206348804746,49.9920200503176,49.9972364133593,1011.84640207729,381.153156687188,326.295078450467,326.560517055422,190.356457731848,-324.08571197041,133.729254413499,-0.12271963101207,-5.22856884179358,5.35128847666989
0.123,1001.87166679958,875.573630459625,49.9920273585943,49.9972129625734,1015.97548012361,382.052626508117,326.293839727053,326.56042710844,262.506535720575,-297.931686755179,35.4251511950889,1.76995273054291,-5.94755012858793,4.1775974019324
0.124,1000.29590298455,883.553756174408,49.9920398981243,49.9971875610444,1020.33187357079,382.659103734295,326.292532809019,326.560366460717,309.43019407978,-243.11078575333,-66.3194081864277,3.48930579421789,-6.08681268932661,2.59750689886795
0.125,998.32577482146,891.821864754489,49.9920555759061,49.9971612428373,1023.91266748184,383.992372569563,326.291458570846,326.560233133833,326.436326314741,-164.489797600629,-161.946528599506,4.86816824877307,-5.62904525175734,0.760877006471614
0.126,996.573267256593,899.794774706179,49.9920695219182,49.9971358642767,1027.11892938829,385.635637146474,326.290496692274,326.560068807376,310.301331818622,-69.4782143349969,-240.823117396955,5.76928612928986,-4.62071861615578,-1.14856751004138
0.127,994.875128229116,907.630802877448,49.9920830352792,49.9971109214244,1030.31392596944,387.204200844976,326.2895381933,326.559911951006,264.98962273967,32.0906679367252,-297.080290617459,6.10628446076849,-3.16114323591745,-2.94514122224289
0.128,993.656595742902,914.934213851169,49.9920927320526,49.9970876739452,1033.6428836715,388.610092774072,326.288539505989,326.559771361813,193.016390187236,131.000776498377,-324.017166651471,5.84693088403581,-1.39167130504885,-4.45525957690878
0.129,992.896067365532,921.70389369759,49.9920987841451,49.997066125385,1037.0623819185,389.87501934081,326.287513656515,326.559644869156,102.074528924947,216.489093492961,-318.563622403985,5.01417393224385,0.515058871270417,-5.52923280196392
0.13,991.801030232177,928.711228679326,49.9921074981738,49.997043820345,1040.84095800234,390.692713397441,326.28638008369,326.559563099751,1.67559707061742,281.615337139048,-283.290934209181,3.69025876669388,2.37017621405819,-6.0604349796845
0.131,990.306610720214,936.054707900416,49.9921193903864,49.9970204453247,1044.02499678038,392.044818116056,326.285424872056,326.559427889279,-98.8647742041618,318.462318851344,-219.597544651977,2.00721933985123,3.99237422458331,-5.99959356375739
0.132,988.570245793103,943.582670273418,49.9921332079394,49.9969964830762,1047.95115451984,392.63217400912,326.284247024734,326.559369153689,-190.246027554539,324.545800106968,-134.299772553371,0.125448950330949,5.22716211651304,-5.35261106642727
0.133,986.560450078097,951.276551773835,49.9921492013856,49.9969719926908,1051.69778591454,393.326961176576,326.283123035316,326.559299674973,-262.146420201615,298.270048563771,-36.1236283509967,-1.76761586078971,5.9466865762007,-4.17907071509896
0.134,984.535967151074,958.931057731077,49.9921653117088,49.9969476276416,1054.94765186684,394.439148715538,326.28214807553,326.559188456219,-309.167290378724,243.709156255113,65.4581341542985,-3.48649427348028,6.0862390581337,-2.59974478427953
0.135,982.347805183389,966.684770626302,49.9921827245485,49.9969229468069,1058.19883404098,395.535821596265,326.281172720878,326.559078788931,-325.958312750905,164.708268020121,161.250044786277,-4.86693587243923,5.63027345422691,-0.763337581191778
0.136,980.618068860301,973.907859096991,49.9921964893528,49.9968999550022,1061.37114854551,396.65489609045,326.280221026527,326.558966881481,-310.175495467052,69.1245638910129,241.050931662143,-5.76936093868594,4.62167280816044,1.14768813148953
0.137,979.213251699751,980.733338573792,49.9922076685326,49.9968782288262,1064.36728057277,397.858803935745,326.279322186919,326.558846490697,-264.485224969884,-32.5951377608355,297.080362850858,-6.10693264966474,3.16343385260441,2.94349879853166
0.138,977.345481449648,987.951521853082,49.9922225317759,49.9968552526352,1067.66176243376,398.730019481524,326.27833384236,326.558759369142,-193.105863760825,-131.285735945138,324.391599859078,-5.84678489056341,1.39395409097397,4.45283080166494
0.139,975.472951581642,995.128385459692,49.9922374328952,49.9968324079689,1070.74402494056,399.778441776915,326.277409163608,326.558654526913,-102.650804168903,-216.52398598044,319.17479032964,-5.01529052046102,-0.512293811225173,5.52758433440285
0.14,973.462253434928,1002.36258189526,49.9922534335226,49.9968093808064,1073.94950703087,400.62617344881,326.276447518981,326.558569753746,-2.31291388302369,-280.820645458787,283.133559543224,-3.69318640612648,-2.3665744064385,6.05976081589467
0.141,970.346427377947,1010.62538109659,49.9922782284786,49.9967830794997,1077.28832067007,401.300747585682,326.275445874889,326.558502296332,98.7465871352879,-318.038301430019,219.291714508529,-2.0090920258999,-3.99008223069775,5.99917426046348
0.142,967.924784716279,1018.14662221837,49.9922974992986,49.9967591386456,1079.80851250129,402.762495483981,326.27468981734,326.558356121542,190.104631572748,-324.132387886295,134.027756529936,-0.127373204483759,-5.22522726681579,5.35260047557526
0.143,966.206804760677,1024.8799072391,49.9923111705487,49.9967377059337,1082.93858354508,403.548821112487,326.273750796027,326.558277488979,262.392642872183,-297.972148279107,35.579505617355,1.76526455185955,-5.94614844678186,4.18088389945247
0.144,963.813975414293,1032.25444577636,49.9923302120796,49.9967142320485,1086.13369098953,404.208050124687,326.272792263794,326.558211566078,309.215409296388,-243.602667996208,-65.6127411040484,3.48483744403839,-6.0868102676419,2.60197282821601
0.145,960.998330608146,1039.97837325471,49.992352618269,49.9966896460238,1089.47686474887,404.69087182015,326.271789311666,326.558163283908,326.53581285472,-165.055665116249,-161.48014756364,4.86508512913203,-5.63204239623454,0.766957271623183
0.146,958.623128298566,1047.18288100823,49.9923715195285,49.9966667133633,1092.66325301976,405.296308529303,326.270833395184,326.558102740237,310.552849148415,-69.9542469560975,-240.598602043584,5.76768777401881,-4.62328383471496,-1.14440393503573
0.147,956.85884499739,1053.72968603216,49.9923855592489,49.9966458742357,1095.48123866548,406.190763130871,326.269987999491,326.558013294777,264.302721952615,31.7699519610477,-296.072673793563,6.10641758940791,-3.16518951031212,-2.94122807521614
0.148,953.938144858638,1061.36366448516,49.9924088014421,49.9966215745276,1098.61179118429,406.726914265811,326.269048833735,326.557959679664,192.690044782352,131.059889076327,-323.749933766461,5.84689189338885,-1.39637587039577,-4.45051601959775
0.149,951.019699770564,1068.95889012313,49.9924320256902,49.9965973981735,1101.40479151426,407.582321084648,326.268210933636,326.557874138982,102.199656765219,216.504069067246,-318.703725765141,5.0164179187708,0.510162361267121,-5.52658027717368
0.15,948.125231218212,1076.44868967462,49.9924550591391,49.9965735574011,1104.4585920542,408.105187082565,326.267294793474,326.557821852382,1.72360322886587,281.40763749875,-283.131240679303,3.69405756840367,2.36507990846527,-6.0591374745306
0.151,945.254141167281,1083.86076914182,49.9924779065478,49.9965499640194,1106.93957696317,409.154896664689,326.266550498001,326.557716881424,-98.9567111336108,318.399750345058,-219.443039174083,2.01163876523744,3.98835244405846,-5.99999120742321
0.152,942.789284724038,1090.83976544163,49.9924975212521,49.9965277491842,1109.49094020602,410.126521597209,326.265785089029,326.557619718931,-190.231605460165,324.497846077689,-134.266240581754,0.129793034638294,5.22467012320288,-5.35446315632296
0.153,940.080617208833,1097.96806502896,49.9925190761433,49.9965050591019,1112.53750186471,410.528128978976,326.264871120531,326.557579558193,-262.076764808883,298.48187578969,-36.4051109392221,-1.76202030745672,5.94542218339629,-4.183401874635
0.154,937.063524243915,1105.35800628016,49.9925430854063,49.9964815361883,1114.98652665177,411.486442765682,326.264136413095,326.557483726814,-308.844346068942,243.566956161007,65.2773899615974,-3.4828237578682,6.08595433804992,-2.6031305789448
0.155,934.117279060354,1112.63783894639,49.9925665308805,49.9964583637612,1117.19575528365,412.649192949967,326.263473644505,326.557367451795,-325.97464685347,164.951476900904,161.023170024744,-4.86374636392648,5.63276455258482,-0.76901818733988
0.156,931.743957315317,1119.27394433432,49.9925854171749,49.9964372403817,1119.64875742157,413.537635308172,326.262737743864,326.55727860756,-309.827026076677,69.6191322698996,240.207893904518,-5.76676799757693,4.62538715689463,1.14138084223335
0.157,929.116118275696,1126.1220236887,49.9926063288535,49.9964154422681,1122.70765012898,413.755327520664,326.261820076052,326.557256838338,-264.754361346143,-32.0377573439879,296.792118817967,-6.10654285737681,3.16757070842783,2.93897215088115
0.158,925.602465259118,1133.79605750872,49.9926342896158,49.9963910150598,1125.30324367718,414.403593109088,326.261041397987,326.557192011779,-193.289033431939,-131.040551098447,324.329584687782,-5.84817848726525,1.39897694390648,4.44920154578335
0.159,922.839686873039,1140.67705914134,49.9926562751076,49.9963691121513,1127.77417489907,415.16305419884,326.260300118621,326.557116065671,-102.81617076372,-216.372353001049,319.188523948858,-5.01748568109873,-0.507973473291331,5.52545915736613
0.16,919.952746287289,1147.62360063658,49.9926792486509,49.996347000623,1130.51237055218,415.567903902591,326.259478659925,326.5570755807,-2.54102299185234,-280.949979182796,283.491002378227,-3.696831493274,-2.36212635299068,6.05895784978846
0.161,916.772620516047,1154.80360567907,49.9927045552877,49.9963241459571,1133.31210391039,415.898514073704,326.258638739917,326.557042519683,98.4979883471263,-317.907194155354,219.409206022577,-2.01366856540007,-3.98652154772872,6.00019011713237
0.162,913.960162156431,1161.60207918498,49.9927269361202,49.9963025057438,1136.12826122429,416.186512825769,326.257793892723,326.557013719808,189.745797401908,-323.850439478869,134.104642292221,-0.132387495514549,-5.22315264485387,5.3555401447337
0.163,910.792698021054,1168.65013868684,49.9927521419989,49.9962800710737,1138.3644520063,416.994164538272,326.257123035489,326.556932954637,262.04195051023,-297.977197588092,35.935247282665,1.76046871106748,-5.94435284647435,4.18388413996788
0.164,907.720676568599,1175.58617024957,49.9927765883689,49.9962579929995,1140.58980140153,417.757082392929,326.25645543067,326.556856662851,309.081001155022,-243.525978234395,-65.5550227359848,3.48016528141449,-6.08671172955005,2.60654645269776
0.165,904.123526534681,1183.00862986436,49.9928052135793,49.9962343665767,1143.41195517667,417.924070521299,326.255608784537,326.556839964038,326.319754767633,-165.097281306281,-161.222473303199,4.86214556622055,-5.63349850837106,0.771352946522516
0.166,900.881412634535,1190.00663682192,49.992831013502,49.9962120912288,1145.58727448557,418.701317704048,326.254956188745,326.55676223932,310.718407156775,-70.2707713454305,-240.447635685267,5.76623630924827,-4.62664250276734,-1.13959380246974
0.167,897.576088950392,1197.02708317101,49.9928573164321,49.996189744454,1147.71889002823,419.451193595934,326.254316704082,326.556687251731,264.85125832693,31.4960009444399,-296.347259180002,6.10575495850451,-3.16928059696703,-2.93647435803645
0.168,894.397442351943,1203.87642384979,49.9928826112981,49.9961679423255,1149.75524365672,420.284931901272,326.253705797993,326.5566038779,192.926891392008,130.574396992232,-323.501288326413,5.84905582885248,-1.40120694790002,-4.44784887806296
0.169,891.864677195047,1210.04285915989,49.9929027664028,49.9961483139522,1152.06003749573,420.825267643116,326.253014359842,326.556549844326,102.46082033754,216.392747475883,-318.853567784765,5.01915991163951,0.50537090832105,-5.52453081772629
0.17,889.270014719332,1216.20974527625,49.9929234140707,49.9961286841441,1154.45857881932,421.203097654091,326.252294797445,326.556512061325,2.39034826300579,280.900988274949,-283.291336530929,3.69843773585338,2.36014622281305,-6.05858395706577
0.171,885.843934332356,1223.16959129082,49.9929506779522,49.9961065302661,1156.69032713961,421.727334985272,326.251625272949,326.556459637592,-98.7980950769337,318.424790583662,-219.626695511709,2.01581231037609,3.9845091156302,-6.00032142495595
0.172,882.251290230143,1230.2757626071,49.9929792673055,49.9960839106203,1159.0091801447,422.152783534808,326.250929617047,326.556417092737,-190.017335790014,324.71836372171,-134.701027937989,0.134496663145457,5.22164864777847,-5.35614531028684
0.173,878.655906116477,1237.30263015406,49.9930078784632,49.9960615434062,1160.96173612392,422.87834703637,326.250343850253,326.556344536387,-261.957241334916,298.743529778229,-36.7862884412994,-1.75766065446638,5.94393924593951,-4.1862785910753
0.174,875.745971687733,1243.62127327986,49.9930310349857,49.9960414305405,1162.83240839915,423.669747702386,326.249782648571,326.55626539632,-308.724177752071,243.656602849317,65.0675749220842,-3.47912075873595,6.08720534394131,-2.60808458485997
0.175,872.698684791814,1250.02757141975,49.9930552845243,49.9960210386602,1164.80585989549,424.311903818761,326.249190613122,326.556201180709,-325.843324508769,165.231620426339,160.611704126501,-4.85971236938725,5.63390421429636,-0.774191844425676
0.176,869.825356711462,1256.22461872168,49.9930781497426,49.9960013128459,1167.40622971627,424.329461654575,326.248410502175,326.556199424925,-309.942212044401,69.6730537764139,240.269158342763,-5.76514447987723,4.6283662312474,1.13677824943
0.177,866.68003179863,1262.65006939611,49.993103179443,49.9959808600012,1169.94348497277,424.330332357481,326.247649325599,326.556199337855,-264.850610590231,-31.6176131435873,296.468223841611,-6.10602603335808,3.17183148128252,2.93419455334211
0.178,862.504598187067,1270.05683444125,49.9931364064879,49.9959572835358,1172.27108458113,424.531887589524,326.246951045716,326.556179182331,-193.53710016988,-130.745395563237,324.282495872824,-5.84905017929188,1.40345727793463,4.44559290319319
0.179,858.599180686394,1277.16621593895,49.993167484813,49.9959346536717,1174.2797771265,425.040265436937,326.246348437952,326.556128344547,-102.895194181999,-216.139298959134,319.034493308607,-5.01997028817069,-0.503060689451207,5.52303098007269
0.18,855.445194466088,1283.46742264411,49.9931925834378,49.9959145963078,1176.12225972243,425.655228856088,326.245795693174,326.556066848205,-2.92027739770444,-280.406259330052,283.326536916033,-3.69963210206136,-2.35823103018108,6.05786313529282
0.181,852.056748611875,1289.98356427735,49.9932195478332,49.9958938547848,1178.12458292666,426.074788436604,326.245194996212,326.556024892247,97.7887878011951,-317.533347766179,219.744560165142,-2.01854635641118,-3.98313536835594,6.00168172834175
0.182,848.754243351585,1296.37409311135,49.993245828335,49.9958735130997,1179.85235091139,426.775815136314,326.244676665817,326.555954789577,189.688151763228,-323.986525479419,134.298373917651,-0.137080718063965,-5.22018931750734,5.35727003954169
0.183,845.582460408251,1302.56876048388,49.9932710685817,49.995853794861,1182.05780715169,426.936646049597,326.244015028945,326.555938706485,262.28526809131,-298.473855004342,36.1885871054261,1.75484513829689,-5.94284889818003,4.18800376407915
0.184,841.806208605419,1309.34614512147,49.9933011190387,49.9958322217757,1184.18102432179,427.156810368876,326.243378063794,326.555916690053,309.28008110382,-243.930990300687,-65.3490906290544,3.47691163176184,-6.08651764753159,2.60960602000069
0.185,838.37493307555,1315.7399297101,49.9933284242618,49.9958118697273,1185.98715041472,427.666510366827,326.242836225966,326.555865720054,326.279994852289,-165.223695590997,-161.056299113172,4.85819437184347,-5.63381906169487,0.775624693924212
0.186,835.064637908542,1321.97490767533,49.9933547667538,49.995792023176,1187.67032417432,428.280237854675,326.242331273838,326.555804347305,310.48697040971,-70.2970726139049,-240.189897678356,5.76402730063977,-4.62951829696085,-1.13450899994062
0.187,831.862876831425,1328.05831674017,49.9933802455589,49.9957726590835,1189.39241081243,428.800223622831,326.241814647847,326.555752348728,265.044080549189,31.7334538907409,-296.777534355335,6.1052492227868,-3.17316836170242,-2.93208085782288
0.188,828.416368632306,1334.36839169604,49.9934076719997,49.9957525734911,1191.13287202151,429.29100893219,326.241292509484,326.555703270197,193.314122211479,130.360162499861,-323.674284658315,5.85009888008072,-1.40602911577825,-4.44406976161502
0.189,825.159613889823,1340.45598703616,49.9934335884305,49.9957331960733,1192.9101051593,429.731804606648,326.240759339543,326.55565919063,102.741056459474,215.945121518415,-318.686177951747,5.02173635832063,0.500494704561219,-5.52223106080812
0.19,821.89681797326,1346.48409675522,49.9934595529354,49.9957140080041,1194.69603190172,430.112065040873,326.24022356152,326.555621164586,2.12774619458792,281.278717427526,-283.406463615543,3.70145401313273,2.35581108377563,-6.05726509542407
0.191,818.254068904402,1352.88970873328,49.9934885410114,49.9956936183079,1196.64025730214,430.322793715683,326.2396402939,326.555600091719,-98.8123682310758,318.170612244487,-219.358244017457,2.01977790954094,3.98192064529361,-6.00169855385767
0.192,814.578246079528,1359.27800763009,49.9935177922801,49.995673283721,1198.50271597881,430.583581342984,326.239081556297,326.555574012956,-189.700061019274,324.678439089132,-134.97837807424,0.139802496539916,5.21813442073503,-5.35793691667477
0.193,811.334341057915,1365.18319268939,49.993543606456,49.9956544869332,1200.08994401357,431.090944164515,326.238605387886,326.555523276674,-261.747999194202,298.702302726271,-36.9543035271376,-1.75356336004764,5.94242659797994,-4.18886323754063
0.194,808.277930029727,1370.90082158869,49.9935679286022,49.9956362871551,1201.8452071666,431.392141884535,326.23807880894,326.555493156902,-308.743022918836,243.984009735389,64.7590132065978,-3.47454637262216,6.08733943426715,-2.61279306127702
0.195,804.724373145078,1377.08244301106,49.9935962069094,49.995616610443,1203.83730397726,431.457589884617,326.237481179897,326.555486612102,-325.952712305864,165.42584393166,160.526868422792,-4.85754678227282,5.63618286044719,-0.778636077643786
0.196,801.285823327583,1383.08979938744,49.9936235700194,49.9955974884338,1205.62930201641,431.699148769204,326.236943580485,326.555462456213,-310.105556862407,69.9664576464259,240.13909929594,-5.76327322169778,4.63112960109711,1.13214362146968
0.197,797.689328235802,1389.22995815811,49.993652190018,49.9955779437014,1207.41741660284,431.888916118758,326.23640714611,326.555443479479,-264.900950498021,-31.6742439673557,296.575194578766,-6.10503603063417,3.17530470341307,2.92973132857565
0.198,793.801778837904,1395.63617741664,49.9936831261531,49.9955575520721,1209.23248161546,432.049730842462,326.235862626606,326.555427398006,-193.835659809521,-130.354010493786,324.189670448752,-5.85061900883939,1.40768791599723,4.44293109478042
0.199,790.409955849533,1401.53231810248,49.9937101174229,49.9955387840734,1210.61211087546,432.628516561139,326.235448737828,326.555369519434,-103.387332365212,-215.900134775151,319.28746731273,-5.02339611800469,-0.498086181407498,5.52148230197282
0.2,787.620356250396,1406.74936993201,49.9937323163512,49.9955221776817,1211.81465041842,433.327014323588,326.235087975965,326.555299669658,-2.84473057807356,-280.704403372318,283.549134141379,-3.70335425572305,-2.35341804464551,6.05677230352155
0.201,784.844181274836,1411.93576476931,49.9937544084497,49.9955056688742,1212.9757192692,434.058474558391,326.23473965531,326.555226523635,98.151630992426,-318.072682660044,219.921051867696,-2.0213980716376,-3.97968934841229,6.00108742370208
0.202,781.785725601704,1417.42277823435,49.9937787468666,49.9954882031679,1214.38001966054,434.534801909964,326.234318365192,326.555178890899,189.405342127902,-323.930184994413,134.524843065149,-0.141832518027236,-5.2178140142276,5.35964653626343
0.203,778.64812752569,1422.89703954015,49.9938037150788,49.9954707780529,1216.34316558657,434.430653969184,326.233729421414,326.555189305693,261.912703160249,-298.345506119693,36.4328031467541,1.75212551148424,-5.94224219196653,4.19011668467128
0.204,775.250780440518,1428.64607007241,49.9938307503079,49.9954524783204,1217.93859415944,434.63965212234,326.233250792843,326.555168405878,309.07741184859,-243.931789076536,-65.1456226046532,3.47298363704068,-6.08744728104074,2.6144636481782
0.205,771.505737998986,1434.69549709156,49.9938605524087,49.9954332223961,1219.53016087313,434.858152733557,326.232773322828,326.555146555817,326.201401048993,-165.579187404344,-160.622213503302,4.85589157522693,-5.63682126300193,0.780929691758254
0.206,768.569464295389,1439.90395431339,49.9938839185324,49.9954166433619,1221.11841250594,435.068595503873,326.232296847339,326.55512551154,310.760718901282,-70.7472684011022,-240.0134503901,5.76256306504043,-4.63256258424215,-1.13000047717352
0.207,765.499016888768,1445.22146313279,49.9939083523765,49.9953997172056,1222.63027780006,435.308942288672,326.23184328775,326.555101476862,265.016608094508,31.2563070080285,-296.272915026219,6.10579023296341,-3.17698179884251,-2.92880843099786
0.208,762.524516631751,1450.41287073159,49.9939320226975,49.995383192442,1224.15146390014,435.506723489611,326.23138693192,326.555081698741,193.585986908241,129.988449115099,-323.574435978813,5.85134532677055,-1.41107480644047,-4.44027051780211
0.209,759.156791819492,1455.99202003183,49.9939588222,49.9953654334582,1225.85457259678,435.541356872868,326.230875999311,326.555078235403,102.983111707125,215.736476409375,-318.719588099263,5.02445957654894,0.495214264474301,-5.51967383912389
0.21,755.459875716771,1461.83221657632,49.9939882413236,49.9953468435352,1227.50555766421,435.576148814007,326.230380703791,326.555074756209,2.3827684785279,280.948014652309,-283.330783133312,3.70511101835247,2.35112360161358,-6.05623461866778
0.211,751.491646637009,1467.9381986921,49.9940198194873,49.9953274075905,1228.89167013191,435.86034948144,326.229964870051,326.555046336142,-98.1828417615999,318.348219614172,-220.165377865377,2.0244938745583,3.97747810877658,-6.00197198255178
0.212,747.840796410366,1473.70965447297,49.9940488720303,49.9953090364762,1229.91220292426,436.512224911878,326.229658710213,326.554981148599,-189.616679334165,324.535905495623,-134.919226174098,0.143388599221895,5.21657176316733,-5.3599603619841
0.213,744.652832745094,1478.96535571571,49.9940742410391,49.9952923070595,1230.92703903558,437.123145426844,326.22935425938,326.554920056548,-261.48860521198,298.639256833635,-37.1506516218503,-1.74911677530259,5.94143862411865,-4.19232184860649
0.214,741.915505760097,1483.76404303441,49.9940960239951,49.9952770323634,1232.13725211441,437.520148213909,326.228991195456,326.554880356269,-308.444481895616,244.114318674859,64.3301632425526,-3.47147698500355,6.08745311848821,-2.61597613325941
0.215,739.007198045288,1488.70547317822,49.9941191675725,49.9952613033027,1233.55503998127,437.699142900058,326.228565859096,326.5548624568,-325.761087640988,165.324779097662,160.436308594164,-4.85490237059005,5.63685281268155,-0.781950441648409
0.216,735.769808020016,1493.95163534783,49.9941449299038,49.9952446042499,1234.86831373189,437.958591093243,326.228171876971,326.554836511981,-310.277650361729,70.2574867509842,240.020163693632,-5.76155710938853,4.63394742795317,1.127609682271
0.217,732.900151545698,1498.78729207593,49.9941677659044,49.9952292118765,1235.64443196941,438.720566731755,326.2279390415,326.554760314417,-265.349135273342,-31.6864631823647,297.035598568355,-6.10519864841784,3.17872818759832,2.92647046216317
0.218,730.270559844554,1503.36895468594,49.9941886915303,49.9952146279914,1236.77063698796,439.127012437314,326.227601179994,326.554719669847,-193.953674063488,-130.319339961664,324.27301416457,-5.85125632596647,1.41187390011477,4.43938242775706
0.219,727.855078696169,1507.74072055013,49.9942079133185,49.9952007122285,1238.05213856606,439.374637418519,326.227216729521,326.554694907349,-103.63247058783,-215.763866261964,319.396337010611,-5.02591226244905,-0.493747413960538,5.51965967887813
0.22,724.967619240235,1512.53905685807,49.9942308909908,49.9951854386496,1239.98417379541,438.933700501026,326.226637118952,326.55473900104,-3.3732531337283,-280.412612300597,283.78586560853,-3.70713194282631,-2.34978836218206,6.05692030798543
0.221,721.698219760275,1517.67630166267,49.9942569080452,49.9951690862915,1241.58039411857,438.809637565523,326.226158252855,326.554751407334,97.8777752236784,-317.455721826364,219.577946781081,-2.02570213074759,-3.97583076136757,6.0015328954952
0.222,718.628446034785,1522.63542920555,49.9942813365284,49.9951533008983,1243.30364650179,438.556703421477,326.22564127714,326.554776700748,189.251849922891,-324.162392465972,134.910542716285,-0.146639036507831,-5.21525170993417,5.36189075007992
0.223,715.050001517053,1528.02843658713,49.994309812885,49.9951361344226,1244.618096983,438.668945271364,326.225246941995,326.554765476563,262.064447002481,-298.670362353066,36.6059155095828,1.74667570763397,-5.94072278752229,4.19404708361508
0.224,711.479658331901,1533.43154804497,49.9943382247734,49.9951189357847,1245.6024183833,439.103080922379,326.224951645575,326.554722062998,308.883789284152,-244.053625104266,-64.8301640434004,3.46903266097336,-6.08766413638363,2.61863147904472
0.225,707.872361565782,1538.81454952523,49.9943669307289,49.9951018011588,1246.48240423547,439.645248270911,326.22468764982,326.554667846263,326.337546756324,-165.643259675348,-160.69428697262,4.85314398666203,-5.63696230264696,0.783818319351796
0.226,705.148367713486,1543.29559019785,49.9943886075833,49.9950875375634,1246.6189811108,440.895607935314,326.224646676757,326.554542810297,310.638363861297,-70.7312928774728,-239.907070906542,5.76059361530653,-4.63462375776726,-1.12596985458762
0.227,702.779317904773,1547.41386984644,49.9944074598826,49.9950744286721,1247.13504618821,441.731666416558,326.224491857234,326.554459204449,265.219467673953,30.8804394386226,-296.099907066668,6.10540708788771,-3.18116151221135,-2.92424557325056
0.228,700.862177515897,1551.05208249173,49.9944227160011,49.9950628478816,1248.14632433167,442.070635067557,326.224188473791,326.554425307584,193.574856818022,129.874961373591,-323.449818173991,5.85233853399179,-1.4142787125986,-4.43805981955321
0.229,698.829208008017,1554.7967158363,49.9944388938584,49.9950509283434,1249.71798148189,441.8650065196,326.223716976646,326.554445870438,102.979424439795,215.778918039395,-318.758342484572,5.02533907863251,0.492577079110688,-5.51791615649376
0.23,696.371950547885,1558.93676606318,49.994458448092,49.9950377501543,1251.60404705075,441.265290959385,326.223151156975,326.554505841994,3.12293400036498,280.630639894212,-283.753573915139,3.70898294541117,2.34731474079631,-6.05629768549954
0.231,692.939434313891,1564.03314027625,49.9944857631883,49.9950215278913,1253.30232707613,440.859860897908,326.222641672968,326.554546385001,-97.9450160295053,318.198011304835,-220.252995301665,2.02909873736201,3.97353896236809,-6.00263769946036
0.232,689.442102257441,1569.1808871065,49.9945135940725,49.9950051421042,1254.54965303095,440.92562612272,326.222267475181,326.554539808478,-189.246752411286,324.567716413191,-135.320964023859,0.14805146226873,5.21393407369699,-5.36198553598726
0.233,686.317270818049,1573.91355791428,49.994538460691,49.9949900775452,1255.62762041893,441.116068583106,326.221944084965,326.554520764232,-261.806860557614,299.227695295781,-37.4208347460908,-1.74545678516417,5.9406255901457,-4.19516880511814
0.234,683.447865522791,1578.36955061369,49.9945612946928,49.9949758936799,1256.18823214175,441.790206626911,326.221775901448,326.554453350428,-308.436745433051,244.152894371976,64.2838510760387,-3.4668900466161,6.08651972095109,-2.61962967439675
0.235,681.152543682909,1582.25941251473,49.9945795602837,49.9949635118649,1256.89836076556,442.334295089075,326.221562862861,326.554398941581,-325.888976162895,165.592266321026,160.296709886162,-4.85222618417487,5.63889862587828,-0.786672441502253
0.236,678.631649188312,1586.3482742461,49.9945996209247,49.9949504966138,1258.59012541053,441.881606378188,326.221055333467,326.554444210453,-310.170794086235,70.2704957589449,239.900298405037,-5.76052817704486,4.63685602969733,1.12367214797506
0.237,675.530471943237,1590.97268964089,49.9946242993091,49.9949357766424,1259.45704524429,442.19687660298,326.220795257517,326.55441268343,-265.347659134642,-31.5128347629855,296.860494009236,-6.10435922094442,3.18226907618397,2.92209014594183
0.238,672.871248337413,1595.15828522732,49.9946454607381,49.9949224534778,1259.61374025022,443.235791411549,326.220748249015,326.554308791949,-193.898500572686,-130.181205937956,324.079706652778,-5.85297276193067,1.41619530438816,4.43677745934751
0.239,670.247206115065,1599.29570110941,49.9946663422027,49.9949092836741,1260.4152514501,443.632624374219,326.220507795655,326.554269108653,-103.859582661254,-215.455834567335,319.315417394663,-5.02753999971197,-0.489648380382806,5.51718838252937
0.24,668.083381004403,1602.9248167421,49.9946835613758,49.9948977318402,1261.28343551056,443.919546654965,326.220247340437,326.554240416425,-3.51496364184988,-280.653475511665,284.168439333786,-3.70977696994741,-2.34603081461429,6.05580778756233
0.241,665.765395362066,1606.70991035167,49.9947020073194,49.9948856835131,1262.41943765132,443.915169495627,326.219906539795,326.554240854141,97.3048308021727,-317.521873471718,220.217042853383,-2.03022045517666,-3.97275576415901,6.00297622277849
0.242,663.445606650388,1610.48997462392,49.9947204676115,49.9948736511948,1262.87750618823,444.607240585582,326.219769119234,326.554171647032,189.004796739045,-324.113700066432,135.108903503952,-0.149994059470076,-5.21323936664303,5.36323342982734
0.243,661.591958487644,1613.75180503921,49.9947352184748,49.9948632684661,1263.75449418376,444.842645675323,326.219506022835,326.554148106523,261.465804951288,-298.536241359287,37.07043657225,1.74237045414069,-5.93974119525178,4.19737074492534
0.244,660.160144316461,1616.60886838542,49.99474661249,49.994854174151,1265.31100594782,444.394342732274,326.219039069306,326.554192936817,309.002520572239,-244.179093935902,-64.8234264924199,3.46624711067357,-6.08799816195223,2.62175105502381
0.245,657.167510515732,1621.00918435232,49.9947704271131,49.9948401675103,1267.30731441455,443.491877097421,326.218440176766,326.554283183381,326.027244781485,-165.666326953393,-160.360917710423,4.85035037372959,-5.6391037192546,0.788753349035633
0.246,654.106220934611,1625.44207298467,49.9947947880816,49.9948260571875,1268.44183830867,443.448767024878,326.218099819598,326.554287494388,310.608243700714,-70.6289330082577,-239.979310604947,5.75955154587759,-4.63798046581079,-1.12157107693879
0.247,651.2958604641,1629.60635721769,49.9948171522196,49.9948128018591,1269.45023280386,443.503335363147,326.217797301249,326.554282037554,265.651049314013,30.6648257885919,-296.315875046144,6.10477681957264,-3.18374383309766,-2.92103298384704
0.248,648.059054512295,1634.18906691957,49.9948429099029,49.9947982146411,1270.25877708529,443.738641197192,326.217554737965,326.554258506971,193.808904621356,129.523366366969,-323.332270960696,5.85326321507054,-1.41830880847678,-4.43495440453649
0.249,644.864251262336,1638.71086571496,49.9948683333394,49.9947838213085,1270.53364700943,444.524865124859,326.217472276988,326.554179884578,103.473940645554,215.530484291716,-319.00442493348,5.02851443874282,0.487614691121764,-5.51612912839562
0.25,642.099783068715,1642.76250490725,49.9948903322783,49.9947709245404,1270.71345820411,445.345411555728,326.217418333629,326.554097829935,3.28051505415884,280.466583016757,-283.747098083286,3.71141258787599,2.34288475030296,-6.05429733725635
0.251,639.377566750714,1646.77620143854,49.9949119949875,49.9947581485475,1270.52319559859,446.547051667116,326.217475412411,326.553977665924,-97.8309244086296,318.124619589197,-220.293695199576,2.03160642688195,3.97133700892295,-6.00294343533129
0.252,637.622580569603,1649.81105686354,49.9949259607238,49.9947484883026,1269.70134290053,448.3736102945,326.21772196822,326.553795010061,-189.058827987377,324.784762482647,-135.725934510729,0.152498961740699,5.2115979426444,-5.36409690421746
0.253,636.887617103081,1651.78013348231,49.9949318093772,49.9947422205371,1270.05175341237,449.021923327714,326.217616845067,326.553730178758,-261.41707626071,298.736057327014,-37.3189810687876,-1.74127055104088,5.93932849702703,-4.19805794595171
0.254,636.662089390246,1653.25351098347,49.9949336040697,49.9947375306309,1271.06001079618,448.967826580203,326.217314367852,326.553735588432,-308.33300047063,244.216012934286,64.116987555326,-3.46444235030066,6.08804945793206,-2.62360710754289
0.255,635.912123888934,1655.24120758211,49.9949395721056,49.9947312035961,1273.16780200287,447.828712669558,326.21668203049,326.553849499823,-325.864270927801,165.793075964262,160.071195010228,-4.8493687905289,5.63982823418795,-0.790459443334353
0.256,633.790150823587,1658.58922200206,49.9949564582307,49.9947205465352,1275.32493044903,446.632328242218,326.216034891956,326.553969138266,-310.560841067594,70.7095756151135,239.851265531723,-5.75965421264379,4.63949218860417,1.12016202476471
0.257,631.475132238905,1662.0925881336,49.9949748805632,49.9947093949744,1276.72292032967,446.157942280848,326.215615494991,326.554016576862,-265.682685610665,-30.9596706869221,296.642356410458,-6.10488160891184,3.18553352287774,2.91934808729113
0.258,628.521593082517,1666.23715490132,49.9949983840811,49.9946962024087,1278.22743059511,445.580939769044,326.215164141912,326.554074277114,-194.016789723447,-129.927253899975,323.944043767727,-5.85344870469733,1.42000219108513,4.43344651548124
0.259,624.959424343989,1670.97819604713,49.9950267309192,49.994681111206,1278.74012826386,445.993449800235,326.215010332611,326.55403302611,-103.875195227887,-215.412909974702,319.288105372458,-5.02946406002796,-0.485543319652253,5.5150073821811
0.26,622.352023300436,1674.71744308448,49.9950474799574,49.994669208813,1278.29197976622,447.330661627058,326.215144777161,326.553899304928,-4.01443339268807,-280.141486327372,284.155919907334,-3.7133451971172,-2.34130157238631,6.05464677259151
0.261,619.920962890758,1678.29302314306,49.9950668257215,49.9946578273882,1278.17871245168,448.341441019702,326.215178757355,326.553798226988,97.429449161844,-317.596472416266,220.167023449335,-2.03424409840324,-3.96975752598651,6.0040016279623
0.262,618.540437081853,1680.8030264515,49.9950778115968,49.9946498377995,1278.31075790812,449.111522391196,326.215139143718,326.553721218851,188.550405175288,-324.099704173347,135.549299189981,-0.154002672819746,-5.21113713850077,5.3651398152281
0.263,617.28789913957,1683.16045104848,49.9950877789771,49.994642333884,1279.20550897685,449.086172584176,326.214870718397,326.553723753832,261.225427503968,-298.545641443299,37.3202141182746,1.73933104277646,-5.9394172470808,4.20008620836519
0.264,615.189357208047,1686.35200427887,49.9951044786431,49.9946321748545,1280.02008356352,449.118293241183,326.214626346021,326.553720541766,308.944584100993,-244.548921996099,-64.3956619476932,3.46227642634676,-6.08748442731205,2.62520800498411
0.265,613.069371196635,1689.56432162972,49.9951213489558,49.9946219497308,1280.7167667109,449.279138983049,326.214417341077,326.553704457192,326.2836861418,-166.056600219146,-160.227085793732,4.84812944715669,-5.64047982763543,0.792350384266189
0.266,611.714239247711,1691.97365606113,49.9951321327532,49.9946142805811,1280.77456280485,450.068207174559,326.214400002249,326.553625550373,310.868778051244,-71.4166889578674,-239.452088996631,5.75823559521686,-4.64006439364493,-1.11817119818132
0.267,610.622279636449,1694.1147204644,49.9951408222917,49.9946074653615,1280.75933895821,450.887310605437,326.214404569403,326.55354364003,265.763490849581,30.5698238326142,-296.333314618577,6.10453445295609,-3.18706512731522,-2.91746932277589
0.268,609.566417314207,1696.22161974712,49.9951492245771,49.9946007588928,1281.31897901903,451.150999070565,326.214236677385,326.553517271183,194.154553508927,129.50215286416,-323.65670634023,5.85479246492851,-1.42231524055563,-4.43247722211116
0.269,608.174152690296,1698.65712607136,49.9951603038669,49.9945930064354,1282.89990592807,450.395485102661,326.213762399312,326.55359282258,103.586666368462,215.262617771167,-318.849284131821,5.03050682075434,0.483927898750222,-5.51443471786438
0.27,605.991066865823,1701.85560008966,49.9951776763119,49.9945828253763,1284.28313431112,449.794545081254,326.213347430797,326.553652916582,3.18849680213439,280.500070835687,-283.688567647131,3.71526496460517,2.34012933269431,-6.05539429623613
0.271,603.428035274878,1705.41990480399,49.9951980722693,49.9945714798421,1285.36655730832,449.497090091634,326.213022403898,326.553682662081,-97.7237404291045,318.191082221561,-220.467341809267,2.0358325247777,3.96806582897705,-6.00389835316731
0.272,601.028619338259,1708.82265255179,49.9952171662146,49.9945606485596,1286.35457552933,449.294771812172,326.212725998432,326.553702893909,-188.96074274661,324.618117757011,-135.657375024333,0.156654848303997,5.20940033316309,-5.36605518120916
0.273,598.902733340427,1711.911244189,49.9952340834779,49.9945508172671,1286.40652502231,450.013353564852,326.212710413584,326.553631035734,-261.054970086688,299.055678898228,-38.0007088129959,-1.73779886674214,5.93828900282002,-4.20049013597262
0.274,597.208020653066,1714.57237127886,49.995247569573,49.9945423466365,1285.76584428612,451.395820673797,326.212902617805,326.553492789023,-308.375559995667,244.680625532491,63.6949344827514,-3.46115658580885,6.08827238312284,-2.62711579717107
0.275,596.185136431966,1716.53109673237,49.995255709427,49.9945361118197,1285.31476605481,452.597014908338,326.213037941274,326.5533726696,-325.557889265839,165.86481916136,159.693070151586,-4.84631902207076,5.6405111822469,-0.794192159809923
0.276,595.953855057494,1717.69707259333,49.9952575499057,49.9945324004033,1285.27571194428,453.390363022305,326.213049657507,326.553293334788,-310.506498886406,70.9242488212147,239.582250143528,-5.75755484024893,4.64093584820452,1.11661899279568
0.277,595.435124915052,1719.16401133866,49.995261677829,49.9945277309922,1286.37626904699,452.999863978607,326.212719490376,326.553332384693,-265.606389800767,-30.9778474382825,296.584237349381,-6.10527934432061,3.18951008553471,2.91576926004665
0.278,594.47369513956,1721.05187394126,49.995269328644,49.9945217217389,1287.64813498996,452.443592910829,326.212337930593,326.553388011799,-194.649633134976,-129.399438973073,324.049072247859,-5.85505511690872,1.42432651443351,4.43072860431876
0.279,592.663171440244,1723.77219966058,49.9952837363338,49.9945130626732,1288.98586146977,451.852084968986,326.211936612649,326.553447162593,-103.969499392549,-215.521201642583,319.490701198797,-5.03090650340371,-0.482456841047439,5.51336334689316
0.28,590.751755698439,1726.57400414007,49.995298946897,49.9945041442525,1290.14797757206,451.361660415264,326.211587977819,326.553496205049,-4.17539346431444,-279.875475654086,284.050869296804,-3.71616048423478,-2.33779534676765,6.05395583399136
0.281,588.310254611688,1729.90468515261,49.9953183757453,49.9944935423656,1290.58127112786,451.620851186861,326.211457989752,326.553470285972,96.8457982147315,-317.396883734464,220.551085702906,-2.03759408510642,-3.96674421221478,6.00433830074603
0.282,586.230260339571,1732.87200311452,49.9953349278139,49.9944840970992,1290.30535616741,452.593508792747,326.21154076424,326.553373020211,188.734530629845,-324.125833761211,135.391303308583,-0.158319131909762,-5.20872647874776,5.36704561436204
0.283,584.972181257572,1734.97001840946,49.9953449392891,49.9944774189091,1289.9785682998,453.60190057626,326.2116388006,326.553272181033,261.510636224949,-298.963034034944,37.452397971075,1.73555130575144,-5.93779796238267,4.2022466604272
0.284,583.591579789797,1737.20163768009,49.9953559257665,49.9944703154443,1290.04022516182,454.201622054775,326.211620303542,326.553212208885,309.027510974646,-244.385875482421,-64.6416353558841,3.45952764240307,-6.08752474100191,2.62799710228658
0.285,582.995681292793,1738.63080316786,49.9953606677761,49.9944657662693,1289.93199499707,454.968094461367,326.211652772591,326.553135561644,326.451499039389,-166.484496554724,-159.967002378897,4.84575130906114,-5.64163240940376,0.795881103733612
0.286,582.464655549584,1739.99138915407,49.9953648935447,49.9944614353896,1290.20589550006,455.351198939341,326.21157060244,326.553097251196,310.673915416852,-71.4294683705611,-239.244446975158,5.75682721850806,-4.64222775299623,-1.11459946257785
0.287,582.244087322207,1741.0320036946,49.9953666487708,49.9944581230106,1290.52696666947,455.658217913566,326.21147428109,326.553066549299,265.801599506961,30.1072189838623,-295.90881845573,6.1045992889947,-3.19042486349752,-2.91417442315248
0.288,581.411549800085,1742.67889991176,49.9953732738939,49.9944528807771,1291.56562938091,455.253709055718,326.211162682276,326.553107000185,194.303406307004,129.307163809377,-323.610570114091,5.85537829241636,-1.42551121080944,-4.42986707992769
0.289,580.55508151192,1744.35578471899,49.995380089452,49.994447543087,1292.6070023833,454.854169334468,326.210850270375,326.553146954157,103.833607018372,215.118949198063,-318.952556242235,5.03292278320551,0.479831149059512,-5.51275393126634
0.29,578.831975878353,1746.86051329839,49.995393801491,49.9944395702883,1293.66874541533,454.398012893508,326.210531747466,326.553192569801,3.64535357485374,280.438275828466,-284.083629449374,3.71761009260501,2.33673417117269,-6.05434426342204
0.291,577.041478847533,1749.42130202187,49.9954080498136,49.9944314190447,1294.03087101118,454.638273303775,326.210423109787,326.55316854376,-97.3280525676044,318.124253983484,-220.79620146788,2.03935045056655,3.96498085220536,-6.00433130294003
0.292,575.647236916979,1751.60418302768,49.9954191448384,49.9944244707186,1294.0658960548,455.215513836005,326.210412602274,326.553110819707,-188.917263113945,324.875887198969,-135.958624127424,0.159945299946687,5.20779930790066,-5.36774460834615
0.293,574.880138556764,1753.10940927656,49.9954252492132,49.9944196794347,1293.40763332821,456.471848946213,326.210610081092,326.552985186196,-260.947627637506,299.127437321162,-38.1798096981631,-1.73378277293413,5.93744999669975,-4.20366722431922
0.294,574.311947036946,1754.429987663,49.9954297707376,49.9944154759031,1293.67167607781,456.785617830645,326.210530868267,326.552953809307,-308.182687098107,244.519799819795,63.6628872992026,-3.45756989382999,6.08766514254229,-2.63009524904121
0.295,573.585026228102,1755.91482089887,49.9954355553896,49.9944107495321,1293.78421565594,457.260874167249,326.210497106394,326.552906283674,-325.705720427367,166.140019245862,159.56570124129,-4.84530474427505,5.64336649665957,-0.798061752264755
0.296,572.888814939077,1757.33039068625,49.995441095663,49.9944062436335,1293.93669779069,457.686531014953,326.210451361753,326.552863717989,-310.468969764182,71.0055992747673,239.4633705883,-5.75606784305471,4.64398355356667,1.11208429021788
0.297,572.46682338451,1758.47590725381,49.9954444537651,49.9944025973411,1294.3281281644,457.852757133195,326.210333932641,326.552847095377,-265.621070919195,-30.8009231322453,296.421994186237,-6.1044667142656,3.19210253774307,2.91236417795532
0.298,571.877103005964,1759.77788722798,49.9954491466108,49.9943984530101,1294.95677858181,457.779259759766,326.210145337516,326.552854445114,-194.625809589916,-129.454355298981,324.080165053402,-5.85555658108062,1.42708312416129,4.42847345907786
0.299,571.410553947569,1760.96841289181,49.9954528592902,49.9943946634492,1295.34784639278,457.960120690641,326.210028017173,326.552836359021,-104.114462870262,-215.2315398187,319.346002875363,-5.03410367112032,-0.478269079798325,5.51237275375865
0.3,570.685501514924,1762.36523119739,49.9954586290742,49.9943902172384,1296.29772668135,457.522920790557,326.209743053086,326.552880079011,-4.16678075313925,-279.890378783811,284.057159737055,-3.71935069098544,-2.33372215458617,6.05307284900129
0.301,569.413041343856,1764.32123780165,49.9954687549905,49.994383991076,1296.64648429907,457.71155304656,326.209638425801,326.552861215786,96.7415980571018,-317.641880980112,220.900283127218,-2.04066971884837,-3.96355240166345,6.00422212439776
0.302,568.620118529958,1765.81966319718,49.9954750648697,49.9943792214399,1296.84429262731,458.06151170318,326.209579083302,326.55282621992,188.57781056466,-324.119134251248,135.541323884769,-0.161650568129523,-5.20734927962141,5.36899985192461
0.303,567.825634864344,1767.2755310648,49.9954813871699,49.9943745872685,1297.18599673364,458.244241830457,326.20947657207,326.552807946907,261.321236154031,-298.959165655039,37.637929685142,1.73202542282626,-5.93728096006462,4.20525554151717
0.304,566.85396053968,1768.90250109573,49.9954891195084,49.9943694084621,1297.57620895236,458.370959483127,326.209359508405,326.552795275142,308.526474799648,-244.632797157942,-63.8936774788154,3.45650285171995,-6.08775701328827,2.63125416576988
0.305,565.863100312729,1770.55877336182,49.9954970045236,49.9943641363837,1297.6027524137,458.855579163299,326.209351545366,326.552746813174,326.320550418618,-166.563724183066,-159.756826098974,4.84385696003719,-5.64373691771097,0.799879961630525
0.306,565.048248426824,1772.00795415988,49.9955034889089,49.994359523498,1297.50297612983,459.469346473182,326.209381478251,326.552685436443,310.673399323672,-71.6358363928922,-239.037562822665,5.75536067146588,-4.64432176711525,-1.11103890077728
0.307,564.154170494454,1773.53964701394,49.995510603755,49.9943546479682,1297.34971952774,460.104080219959,326.209427455232,326.552621963068,265.334921124488,30.5006476588825,-295.83556870371,6.10474733733283,-3.19409410613401,-2.91065322810803
0.308,564.104717730952,1774.20887999829,49.9955109972876,49.9943525177334,1297.1428571023,460.802093399583,326.20948951396,326.55255216175,194.659338928569,128.943844632525,-323.603183506603,5.85631304868422,-1.42923462969465,-4.42707841643122
0.309,564.331959984078,1774.62406349191,49.9955091889512,49.9943511961633,1297.5907926579,460.860267242049,326.209355133293,326.552546344366,103.926014921934,215.129551738071,-319.055566624893,5.03514594827758,0.476329844141071,-5.51147579038847
0.31,564.143146243516,1775.41253933792,49.9955106914832,49.9943486863667,1298.15382747198,460.757491001068,326.209186222849,326.55255662199,3.89017620663917,280.318417925445,-284.208594108492,3.7207769263282,2.33276211566421,-6.05353904043252
0.311,563.39418749391,1776.77615676286,49.9955166515076,49.9943443458377,1299.19276165208,460.196918214502,326.208874542595,326.552612679269,-97.2945216930691,317.907696649131,-220.613174935086,2.04242261750009,3.96298369549607,-6.00540631179967
0.312,562.821775294557,1777.96481265829,49.9955212066191,49.9943405622284,1299.54694505033,460.318914813868,326.208768287575,326.552600479609,-188.776633868721,324.785548476387,-136.008914579998,0.1638853747827,5.20601633102811,-5.36990170483372
0.313,562.267490451631,1779.08466562104,49.9955256174777,49.9943369976258,1299.88037884087,460.43659342916,326.208668257438,326.552588711747,-261.313321873824,299.323978504176,-38.0106565865872,-1.729772685723,5.9361238020468,-4.20635111539599
0.314,561.851741559353,1780.09040907497,49.9955289259023,49.9943337962449,1299.57627408013,461.195258741315,326.208759488866,326.552512845216,-308.121589476225,244.571316255996,63.5502732873358,-3.45525448629277,6.08839907636134,-2.63314458901126
0.315,561.536894831387,1780.98923457935,49.995531431373,49.9943309351945,1299.88753398188,461.332294066578,326.208666110896,326.552499141684,-325.614518412675,166.461986421712,159.152532086091,-4.84231395107746,5.64437285556955,-0.802058903138857
0.316,560.877906315364,1782.2094156823,49.9955366754369,49.9943270512374,1299.63880761451,462.03191716154,326.208740728806,326.552429179374,-310.498528308369,71.1474847276246,239.351043706788,-5.75456128497729,4.64629207088831,1.10826921587399
0.317,560.522062117662,1783.11802443449,49.9955395071551,49.9943241590459,1299.6193454208,462.479720402762,326.208746567464,326.55238439905,-265.833549768596,-30.5576268090999,296.391176734389,-6.10403988100584,3.19496610150762,2.9090737818169
0.318,560.664203576698,1783.53051177079,49.9955383760293,49.9943228460579,1298.91303322008,463.616999755733,326.208958461124,326.552270671115,-194.540477777021,-129.230976732374,323.771454693832,-5.85704792268836,1.43062300430191,4.42642492129105
0.319,561.068875701298,1783.68343360618,49.9955351557509,49.9943223592926,1299.3533188132,463.620804660326,326.208826375446,326.552270290624,-104.415726175345,-215.083019838475,319.498746220391,-5.03564015284858,-0.474657655638721,5.51029781197899
0.32,561.215660757494,1784.07754788089,49.9955339876725,49.9943211047879,1299.92929749481,463.45841908632,326.208653581842,326.552286529182,-4.43703595495478,-280.097106319887,284.534142495474,-3.72224097713631,-2.33215875526693,6.05439973642562
0.321,560.732172701838,1785.10574115792,49.9955378351482,49.9943178319471,1301.03727572099,462.761153632336,326.208321188374,326.552356255727,96.730313920995,-317.596966673832,220.866652978135,-2.04438647567959,-3.96173008698385,6.00611656710753
0.322,560.028361693565,1786.35354882874,49.9955434358982,49.9943138600519,1301.58374198354,462.632819119197,326.208157248495,326.552369089178,188.285314251279,-323.959025109439,135.673711078328,-0.166245302696345,-5.20455601003414,5.3708013174458
0.323,559.243209081203,1787.63669641675,49.9955496839442,49.9943097756663,1301.85269441979,462.776449966295,326.208076562764,326.552354726094,261.062976780392,-298.900486247502,37.8375096768007,1.72853254694474,-5.93607241366478,4.20753987154871
0.324,558.413688780056,1788.9798106681,49.995556285057,49.9943055004008,1301.67642843672,463.333431987857,326.208129442559,326.552299027892,308.803452463299,-244.925075553945,-63.8783767174132,3.45282117226177,-6.08817753344189,2.63535636596791
0.325,558.105472116339,1789.79761897829,49.9955587377673,49.9943028972361,1301.29582509208,464.118992503778,326.208243623563,326.55222047184,326.414661989902,-166.694738152267,-159.719923668981,4.84137848515494,-5.6450403491603,0.803661868599008
0.326,557.914230573725,1790.48012420625,49.9955602596191,49.9943007247545,1301.14246163677,464.669851330864,326.208289632599,326.552165385957,311.095456734342,-71.8625872033482,-239.232869388217,5.75380066483611,-4.64706239867768,-1.10673826189301
0.327,557.828917685041,1791.04800674999,49.9955609385175,49.9942989171282,1300.80167412518,465.387413123933,326.208391868853,326.552093629778,266.029999390763,29.8869163420686,-295.916915615756,6.1037796595202,-3.19589763556555,-2.90788202011309
0.328,558.037236878892,1791.33611671903,49.9955592807661,49.9942980000457,1300.28416157406,466.272292006749,326.208547122618,326.55200514189,194.436316820215,128.900963244622,-323.33727997114,5.85739061405708,-1.43280697875386,-4.4245836319381
0.329,558.553031352464,1791.31075587659,49.9955551762041,49.9942980807718,1299.7218638923,467.234016950424,326.208715811923,326.551908969395,104.229801087852,214.893543128517,-319.123344141302,5.03678426155877,0.473172541480699,-5.50995680015682
0.33,559.558739563553,1790.76285278491,49.9955471730324,49.9942998248015,1299.80827294751,467.497201785655,326.208689889206,326.551882650912,3.9613404119445,280.35412490266,-284.315465251742,3.72345481007845,2.32995731427209,-6.05341212190859
0.331,560.806006533702,1789.99873638882,49.9955372475972,49.9943022570595,1300.50320496791,467.163038025505,326.2084814096,326.551916067288,-97.0747826391662,317.781912502858,-220.707129804369,2.04624874704195,3.9601333993302,-6.00638214428364
0.332,561.525273111344,1789.76908771107,49.9955315238557,49.994302988054,1301.39166571085,466.655705651588,326.208214871377,326.551966800525,-188.748231105947,324.728445822179,-135.980214649307,0.167245487169709,5.20441245580941,-5.37165794110198
0.333,561.536860151604,1790.20792539567,49.9955314316489,49.9943015911902,1302.97902442389,465.423355593045,326.207738663763,326.552090035531,-261.082869695655,299.380966628969,-38.2980968512653,-1.72700565487278,5.93625210882952,-4.20924645212476
0.334,560.484802567804,1791.72722147386,49.9955398036572,49.9942967551206,1304.11364985787,464.631969832025,326.207398276133,326.552169174107,-307.911581981989,244.808756007137,63.1028260782237,-3.45172691935559,6.0888964220007,-2.63716950069456
0.335,558.81825698044,1793.84241241745,49.9955530656056,49.9942900222587,1304.51989151118,464.579544166224,326.207276403637,326.552174416674,-325.819253006469,166.518413222598,159.300839912878,-4.84014608558775,5.64564130516046,-0.80549521735308
0.336,557.799329637079,1795.30155985327,49.9955611739718,49.9942853776482,1303.74930083858,465.700796971082,326.207507580839,326.552062291393,-310.428141210706,71.428060356401,239.000081010657,-5.75361431749318,4.64925001955562,1.10436430054931
0.337,556.787827287127,1796.73315159056,49.9955692232517,49.9942808207501,1302.43753110893,467.33514748219,326.207901111758,326.551898856342,-265.890209587251,-30.3565615646562,296.24677133507,-6.10396267130999,3.19836190834379,2.9056007660536
0.338,557.240511229851,1796.69217851355,49.9955656209073,49.9942809511715,1300.37848785346,469.724086703657,326.208518824734,326.55165996242,-194.67396468024,-129.191497992041,323.865462879533,-5.85718313901118,1.43423613283538,4.42294700977884
0.339,558.937554341051,1795.4274104104,49.9955521162673,49.9942849770534,1298.82769743606,471.621828721458,326.20898406186,326.551470188218,-104.850446107789,-214.859846210341,319.710292545074,-5.03778865402923,-0.471118644073854,5.5089073022217
0.34,561.215988581492,1793.54552779421,49.9955339850638,49.9942909672718,1298.76527162266,471.998949382915,326.209002789604,326.551432476152,-4.60823744643409,-279.699703461829,284.307941148484,-3.72396489814661,-2.32837247284309,6.05233737557912
0.341,563.061919250245,1792.13800821474,49.9955192956142,49.9942954475458,1300.02816397748,471.048669703828,326.208623921897,326.55152750412,96.3656273247923,-317.391760609223,221.026133530244,-2.04811498720123,-3.95888964908103,6.00700464125581
0.342,563.760433982494,1791.87314011221,49.9955137370106,49.9942962906472,1301.9258722665,469.486583851426,326.20805460941,326.551683712705,188.344942744228,-324.292900925282,135.94795842374,-0.168443121783932,-5.20352486642767,5.37196799344771
0.343,563.54856618302,1792.48196095475,49.995515423001,49.9942943527102,1303.58616072076,468.134801793671,326.207556522874,326.551818890911,261.068283498981,-299.051508141765,37.9832248727054,1.7249934837584,-5.93560365400104,4.21061017558401
0.344,562.378970558159,1794.05195627069,49.9955247303472,49.9942893552599,1304.97145709637,467.039877158931,326.207140933961,326.551928383375,308.798467629492,-244.880809513822,-63.9176579049687,3.44913051299835,-6.08807640178541,2.63894589406612
0.345,561.199675560134,1795.64013927102,49.9955341148787,49.9942842999164,1304.99853715959,467.327594698134,326.207132809942,326.551899611621,326.179055298434,-166.736862398495,-159.442192713296,4.83897801783458,-5.64645789135742,0.807479878584283
0.346,560.159371769874,1797.06818387318,49.9955423933532,49.9942797543093,1304.06790617005,468.57803885895,326.207411999239,326.551774567205,311.102142437426,-72.1365696846873,-238.965572592455,5.75339903508902,-4.64968157612752,-1.10371745424789
0.347,559.68263208946,1797.9069102273,49.995546187127,49.9942770845604,1302.56482943141,470.358743760072,326.207862922261,326.551596496714,265.982520543717,29.6345654937936,-295.617085903649,6.10404452084503,-3.19995203766741,-2.90409247890523
0.348,560.539387216282,1797.43151114067,49.9955393692863,49.9942785978027,1300.9843078529,472.222063318613,326.208337078735,326.551410164759,194.982966413743,128.783948482424,-323.76691478645,5.85898571485618,-1.43692736303025,-4.42205834804707
0.349,562.255100153879,1796.10460788214,49.9955257160766,49.9942828214669,1300.28351263195,473.242347251311,326.208547317301,326.551308136365,104.302773057167,214.764423431422,-319.067196398468,5.03956880064482,0.468765088890009,-5.50833388625679
0.35,563.682581879184,1795.02895461058,49.995514356538,49.9942862453776,1300.156303293,473.647044289742,326.208585480102,326.551267666661,3.92796513308413,280.203081410862,-284.131046466319,3.72583822935844,2.32692312307084,-6.05276134960805
0.351,565.159172576776,1793.92836527765,49.9955026062025,49.9942897486623,1300.55361171221,473.519438131387,326.208466287577,326.551280427277,-96.8614381600037,317.915021513745,-221.053583280198,2.05016146712931,3.95691654241682,-6.00707800708956
0.352,566.36590636782,1793.10578744376,49.9954930033201,49.9942923670088,1301.59738978392,472.765418118974,326.208153154155,326.551355829278,-188.178441047856,324.781945337853,-136.603504211908,0.171792755608502,5.20218800417326,-5.37398075756135
0.353,566.977695311261,1792.83428748821,49.9954881348584,49.99429323122,1303.36548914869,471.282894665615,326.207622724346,326.551504081624,-260.745016847532,299.13885440739,-38.3938374700304,-1.72297817190864,5.93488921952313,-4.21191104548063
0.354,566.245783641612,1793.92712951416,49.9954939592264,49.9942897525958,1304.72992462839,470.180831821357,326.207213393702,326.551614287908,-308.31283181667,245.062746119284,63.2500858052371,-3.44877088095807,6.08845826315916,-2.63968738000188
0.355,564.684521174246,1795.83956429206,49.9955063833584,49.9942836651269,1304.79955009499,470.36894503833,326.207192506062,326.551595476587,-325.652298308267,166.778780601472,158.873517837047,-4.83753734131777,5.64665999816759,-0.809122654442478
0.356,563.99647265023,1796.86485152616,49.9955118586746,49.9942804015362,1303.83340329086,471.620373103606,326.207482350103,326.55147033378,-310.54070433559,71.3053562569048,239.235348231805,-5.7526124282476,4.65081814078805,1.10179429018673
0.357,564.015706692259,1797.17325523141,49.9955117056149,49.9942794198567,1302.02031558497,473.678945871296,326.208026276415,326.551264476503,-266.249223189098,-29.9841919763944,296.233415341337,-6.10459421917431,3.20138370724335,2.90321051505153
0.358,565.647523292386,1795.87547349292,49.995498720031,49.9942835508243,1300.51193802805,475.437160117362,326.208478789682,326.551088655079,-195.179999779361,-128.876473037496,324.05647301284,-5.85966301117117,1.43877582111449,4.42088719360811
0.359,567.79790117476,1794.05424674368,49.9954816078675,49.9942893479691,1300.11081169118,476.120505941484,326.208599127583,326.551020320496,-104.900020529303,-214.730856494879,319.6308772357,-5.0394235158384,-0.46764238534637,5.50706590516309
0.36,569.577911101374,1792.59856830499,49.9954674429986,49.9942939815375,1300.4771387231,475.989070081717,326.208489229473,326.551033464082,-4.44474986391776,-279.959896839982,284.404646923808,-3.72782349018298,-2.32497196099641,6.0527954555321
0.361,571.090691205541,1791.40922057941,49.995455404677,49.9942977673489,1301.70282423373,475.000438819595,326.20812152382,326.551132327208,96.6179819665873,-317.592449562768,220.974467817022,-2.05162981140573,-3.95499905300526,6.00662886904489
0.362,571.314171468576,1791.52713874749,49.9954536262776,49.9942973920037,1303.32803853251,473.636323983676,326.207633959531,326.551268738692,188.018381882437,-324.263471373522,136.245089704863,-0.172337453263102,-5.2011797690543,5.3735172271098
0.363,571.050447723387,1792.09668545799,49.9954557249245,49.9942955790802,1304.12331409529,473.07774206857,326.207395376862,326.551324596884,260.864083764558,-298.871627238229,38.0075436724906,1.72067197147057,-5.93407576492478,4.21340379825893
0.364,569.814885638849,1793.64271625458,49.9954655572152,49.9942906579113,1304.34386983685,473.076664088108,326.207329210139,326.551324704682,308.700584638267,-245.218974582315,-63.4816098777359,3.44646843927951,-6.08850763502221,2.64203920041075
0.365,569.425528892597,1794.35035494854,49.9954686556177,49.9942884054274,1303.02737206453,474.640838316555,326.207724159471,326.551168287259,326.25234038496,-166.923950700055,-159.328389531501,4.83731494447738,-5.6484969564519,0.811182016368652
0.366,570.146747222239,1793.91009615502,49.9954629163446,49.9942898068147,1301.79614616802,476.123434497088,326.20809352724,326.551020027641,311.240265552135,-72.4288521266517,-238.811413299292,5.7517491098578,-4.65183340256546,-1.09991570328842
0.367,571.207976959429,1793.14836330904,49.9954544713467,49.9942922314857,1300.70871282152,477.430320123709,326.208419757244,326.550889339078,266.048980384385,29.5870339175087,-295.636014202765,6.10404560730282,-3.20252732471629,-2.90151827905848
0.368,572.18763178767,1792.45864805712,49.9954466755012,49.9942944269175,1300.05720742975,478.302602474511,326.208615208861,326.550802110843,195.095210769516,128.386595252348,-323.481805946665,5.85916281218597,-1.43972067839662,-4.41944213077906
0.369,573.703510066841,1791.24323106179,49.9954346125252,49.9942982957099,1299.54596335061,479.058303756516,326.208768582085,326.550726540715,104.664065518652,214.531868387682,-319.195933849831,5.04069657866479,0.466131836526808,-5.50682841269292
0.37,575.932101485535,1789.29606686333,49.9954168779582,49.9943044937261,1299.56162537887,479.24149656554,326.208763883477,326.550708221434,4.62293940843322,279.863978316233,-284.486917679523,3.72977793201736,2.32312344805538,-6.05290137802874
0.371,577.671248456154,1787.84426130255,49.9954030382663,49.9943091149667,1301.03276581418,477.982561326202,326.208322541346,326.550834114958,-96.7394673738522,318.097410706853,-221.357943290865,2.05354778749316,3.95377568891283,-6.00732347471596
0.372,578.239488783633,1787.58447877197,49.9953985163535,49.9943099418802,1302.93562685004,476.309954752891,326.207751683035,326.551001375615,-188.416496250161,324.750845996016,-136.334349698014,0.175065488506252,5.20009631895063,-5.37516180598732
0.373,577.473953190937,1788.6170521021,49.9954046082921,49.9943066550972,1304.07931240294,475.378563100222,326.20740857737,326.55109451478,-260.792795124522,299.599238334602,-38.8064431484718,-1.71961409590106,5.93371934375023,-4.21410524644284
0.374,576.387651065589,1789.97396189712,49.9954132528098,49.9943023359192,1304.10164660336,475.55830961815,326.207401877109,326.551076540129,-308.214117397942,244.980405928871,63.2337115510625,-3.44565086788048,6.08887208885968,-2.64322121947505
0.375,576.14414348477,1790.48873887523,49.9954151905816,49.9943006973332,1302.95219098491,476.92006958244,326.207746713795,326.550940364132,-325.792937776507,167.016563120438,158.776374762918,-4.83585088042856,5.64806525970111,-0.812214377519825
0.376,576.275372523101,1790.62348747274,49.995414146294,49.9943002684151,1301.47337000943,478.604459754404,326.208190360088,326.550771925115,-310.528628140229,71.5921344938417,238.936493781056,-5.75110994400335,4.65380927798526,1.09730066814708
0.377,577.501923893547,1789.64904821076,49.9954043857084,49.9943033701515,1299.93418855683,480.337112686469,326.208652114523,326.550598659822,-266.417666754785,-29.8587586001927,296.276425517247,-6.10460637535461,3.20482015497823,2.89978622297653
0.378,579.796301985149,1787.60588176749,49.9953861276276,49.9943098737523,1298.45280653072,482.013513184472,326.209096529131,326.550431019772,-195.37363019677,-128.446695168759,323.820325552592,-5.86022303989152,1.44168309418544,4.41853994882737
0.379,582.53729952019,1785.13050098445,49.9953643154623,49.9943177531341,1298.57234364921,482.114213612149,326.209060667996,326.550420949729,-105.00561297552,-214.520059235671,319.525672418736,-5.04169110458828,-0.463753518118775,5.50544462635177
0.38,584.198409314305,1783.71979039191,49.9953510967706,49.9943222435654,1300.17041981402,480.686353562725,326.208581245146,326.550563735734,-5.06688287537928,-279.53222545922,284.599108555984,-3.73129417702665,-2.3207394563568,6.05203363751029
0.381,584.900554120171,1783.28219378607,49.9953455092797,49.9943236364786,1302.08517490242,478.962966592107,326.20800681862,326.550736074431,96.2630696028549,-317.312675651775,221.049606276014,-2.0552811138206,-3.95266549087128,6.00794660921275
0.382,584.828496850983,1783.61996933412,49.9953460826933,49.9943225613057,1303.09174564697,478.15282278977,326.207704847396,326.550817088811,187.961459014491,-324.218090294576,136.256631504309,-0.176753358408685,-5.19912109820816,5.37587446140627
0.383,584.576986464082,1784.10208749133,49.9953480841493,49.9943210266759,1303.51978445705,477.91660384108,326.207576435753,326.550840710706,260.680846355236,-299.010363388676,38.3295172465559,1.71791571573397,-5.93347108733859,4.21555537651038
0.384,583.605103796077,1785.3276786166,49.9953558181459,49.9943171254982,1302.99801568936,478.610725498485,326.207732966384,326.550771298541,308.23717068235,-244.630326736033,-63.6068437511818,3.44431065903214,-6.08970859696586,2.64539794279651
0.385,583.522229527906,1785.6427695091,49.9953564776383,49.9943161225327,1301.39621031122,480.398576176676,326.208213507997,326.550592513473,326.377324918452,-167.121798069757,-159.255526676673,4.83469600350946,-5.64938979655633,0.814693797713335
0.386,584.571819559136,1784.80623079353,49.9953481252663,49.9943187853182,1299.47784002658,482.512087384213,326.208789019082,326.550381162352,311.117529149142,-72.2353219667532,-238.882207036794,5.75027773711528,-4.65387437603842,-1.09640335673994
0.387,586.571860707249,1783.04288472991,49.9953322094445,49.994324398223,1298.49968736323,483.65150265181,326.209082464881,326.550267220825,266.374312848135,29.2512196158397,-295.625532345546,6.10467882583709,-3.20630169951357,-2.89837712241978
0.388,588.967949126704,1780.87489333346,49.9953131419787,49.994331299154,1298.00180598183,484.317134838002,326.209231829296,326.550200657607,194.953866406873,128.378444169,-323.332310482579,5.86117755647479,-1.4443635420145,-4.41681401105156
0.389,591.135117023669,1778.93829685099,49.9952958962045,49.994337463532,1298.46807828442,484.042995749141,326.209091947605,326.550228071515,104.713000389479,214.513597321693,-319.226597638126,5.04305715065552,0.461453459838443,-5.50451060759413
0.39,592.806817512801,1777.49750589544,49.9952825932347,49.9943420497121,1299.78883158707,482.885677635653,326.208695721614,326.550343803327,4.61524685540964,279.671947431203,-284.287194225773,3.73264313992317,2.32003542044146,-6.05267855792767
0.391,593.310121328495,1777.22240048345,49.9952785880702,49.9943429253998,1301.66363466021,481.156871346078,326.208133280692,326.550516683956,-96.1950879225641,317.750709079247,-221.555621100768,2.05790317458986,3.95039082557336,-6.00829399809678
0.392,592.70159118113,1778.06512408409,49.9952834305993,49.9943402429273,1302.61027579725,480.399652550309,326.207849288351,326.550592405835,-188.077323420699,324.681698447624,-136.604374968196,0.178678467971082,5.19780183939491,-5.37648030555119
0.393,591.993981487786,1778.9661315774,49.9952890615783,49.9943373749313,1302.5863618347,480.588010863328,326.20785646254,326.550573570004,-260.518216806667,299.460968710705,-38.9427518347899,-1.7160265375817,5.9329778139304,-4.21695127464357
0.394,591.816824192822,1779.35821284387,49.9952904713512,49.9943361268979,1301.44604054166,481.876000156587,326.208198558928,326.550444771075,-308.235128532767,245.476911486306,62.7582171326519,-3.44296069764745,6.08978082809547,-2.64682012870274
0.395,592.151006801056,1779.23372173725,49.9952878120105,49.9943365231654,1299.60382282904,483.886712791642,326.208751224242,326.550243699811,-325.815292299264,167.252590021129,158.562702386331,-4.83381110971138,5.65012396307108,-0.816312851429156
0.396,593.665632537842,1777.90689997198,49.9952757590019,49.9943407465703,1298.42350964052,485.229333065987,326.209105318198,326.550109437784,-310.87445509113,72.0586739216548,238.815781303564,-5.74954287015468,4.65569764395119,1.09384522844981
0.397,595.762675370351,1776.01250101043,49.9952590712653,49.9943467766294,1297.65312102163,486.140530149814,326.209336434784,326.550018318075,-265.968950738894,-29.657662145412,295.626613045666,-6.10383505131764,3.20791370376433,2.89592135022385
0.398,597.923023963826,1774.05035064498,49.9952418797574,49.994353022348,1297.31494451071,486.631307211804,326.209437887737,326.549969240369,-195.14460896524,-128.72552747052,323.870136622087,-5.86102243304011,1.44540793825227,4.41561449794767
0.399,599.881212066195,1772.31487280691,49.9952262969916,49.9943585465456,1297.99497525852,486.12250423078,326.209233878513,326.550020120667,-105.06443827482,-214.701692246456,319.766130728116,-5.04443761846946,-0.460064652829192,5.50450227496266
0.4,601.407364862288,1770.97185669852,49.9952141522535,49.9943628214986,1298.72012953129,485.537642156889,326.209016332231,326.550078606875,-5.40232385097763,-279.405200202984,284.807524274655,-3.73347887745936,-2.31834424108522,6.05182312267742
0.401,602.119206166117,1770.46384347739,49.9952084876004,49.9943644385549,1300.06947537512,484.32250685183,326.208611528478,326.550200120405,95.8543843195947,-317.037202429948,221.182818336748,-2.05868990368082,-3.94937331654528,6.00806322474372
0.402,601.688786308072,1771.10692107583,49.9952119127728,49.9943623915753,1300.6354283332,483.922156110951,326.20844174259,326.550240155479,187.752337052416,-324.24818931963,136.49585248997,-0.179905893980658,-5.1972747006029,5.37718059935971
0.403,601.564791868223,1771.4086384809,49.9952128994892,49.994361431179,1300.39103763657,484.301765600297,326.208515059799,326.55020219453,260.582659966611,-299.074473137429,38.4918133819468,1.71441434556074,-5.9332847371055,4.21887039642731
0.404,601.854048974,1771.30742812267,49.9952105976543,49.9943617533416,1299.61922590795,485.206432301371,326.208746603318,326.55011172786,308.485378596967,-245.314972600616,-63.1704058036883,3.44099700572069,-6.09009779464826,2.64910079375569
0.405,602.318202023853,1771.03139527582,49.9952069040417,49.9943626319814,1299.02130797707,485.956139319993,326.208925978697,326.550036757158,326.282661312766,-167.142022754625,-159.140638386384,4.83238677871656,-5.65067935216555,0.818292578077249
0.406,603.4262118098,1770.0949639234,49.99519808678,49.994365612735,1298.27253916855,486.858601906185,326.20915060934,326.5499465109,311.068841655778,-72.4118420689257,-238.65699943855,5.74943088921581,-4.65686703485415,-1.09256385004012
0.407,604.76751884275,1768.93446153426,49.9951874129977,49.9943693067288,1297.70355445663,487.55041646732,326.209321304753,326.549877329444,266.218762826711,29.1417530337168,-295.360515736778,6.10426232760976,-3.20942249672224,-2.89483982696265
0.408,606.356922134503,1767.52595583738,49.9951747649282,49.9943737901417,1297.05954769633,488.319025153431,326.209514506781,326.549800468575,195.091789485494,128.117990249845,-323.209779635346,5.86193858659114,-1.44775378716406,-4.41418479595626
0.409,607.891665021165,1766.1776065553,49.9951625518324,49.9943780820708,1296.5273598221,489.00949397308,326.209674163144,326.549731421693,104.823463580312,214.22743015691,-319.050893656816,5.04536857097743,0.458059463920544,-5.50342803190106
0.41,609.635692910119,1764.60035048738,49.9951486732994,49.9943831026328,1296.67926071428,488.973511257613,326.209628592876,326.549735019965,4.74571617375135,279.504553157539,-284.250269264019,3.73558519260416,2.31567012739811,-6.05125531744651
0.411,610.594660163581,1763.81891777093,49.9951410420805,49.9943855900104,1297.50006068332,488.276113507196,326.209382352885,326.54980475974,-96.3273507196489,317.67092292035,-221.343572139497,2.06082449297579,3.94805460888738,-6.00887909967264
0.412,611.202814278091,1763.38930559313,49.9951362025438,49.9943869575084,1298.00822719781,487.915100933039,326.209229902931,326.549840860997,-187.681371425615,324.87819597998,-137.196824491013,0.182184169357883,5.19614768994937,-5.37833185737095
0.413,612.329030024885,1762.41188140552,49.9951272404036,49.9943900687462,1298.47025282677,487.576491907752,326.209091295242,326.5498747219,-260.602785187586,299.630510657903,-39.027725396724,-1.71231337764202,5.9319521002089,-4.21963872074485
0.414,613.599226413032,1761.31585048323,49.995117132502,49.994393557521,1299.43241589306,486.732940793511,326.208802646322,326.549959077011,-308.103625864273,245.471173208489,62.6324527466163,-3.43964972795902,6.09025267360984,-2.65060294378984
0.415,613.857851239234,1761.23201389736,49.995115074431,49.9943938243811,1300.04594579678,486.241373766547,326.208618587351,326.550008233714,-325.604207126043,166.915791282898,158.688415956629,-4.83061551214234,5.65118486908771,-0.820569354895433
0.416,613.667215816834,1761.57976589206,49.9951165914595,49.9943927174522,1299.75319486904,486.669799044945,326.20870641263,326.549965391186,-310.782888841782,72.2828869234101,238.500002058201,-5.74889040884513,4.65829676766334,1.09059364355522
0.417,613.361256551146,1762.03630714109,49.9951190262059,49.9943912642362,1298.62004443617,487.910017460612,326.20904635776,326.549841369344,-266.139504287455,-29.8037888361283,295.943293290833,-6.10369084561622,3.21056554288248,2.89312530553815
0.418,613.699524248264,1761.84431905122,49.9951163343571,49.9943918753533,1296.93629568101,489.693608627127,326.209551482386,326.549663010228,-195.431985844129,-128.519396097121,323.95138213469,-5.86197285556804,1.44971620804102,4.41225665083135
0.419,615.203383277828,1760.50149803742,49.9951043670272,49.9943961496853,1295.590938355,491.187378611626,326.209955089584,326.549513633229,-105.429506863933,-214.336725245564,319.766232325095,-5.04624738574391,-0.4563800242371,5.50262741380791
0.42,617.324429000799,1758.51975322608,49.9950874882817,49.994402457775,1294.84890126542,492.037511369446,326.210177700711,326.549428619953,-5.19903215376133,-279.674808116339,284.873840502102,-3.73592396669186,-2.31558863759928,6.05151260861548
0.421,620.000287178165,1755.9882330676,49.9950661944789,49.9944105158539,1293.91953858618,493.054098889384,326.210456509515,326.549326961201,95.73302777414,-317.321856471625,221.588828938217,-2.06210421599729,-3.94681096232066,6.00891518306753
0.422,622.40249016794,1753.76330047618,49.9950470783549,49.9944175980343,1294.38981912757,492.716083989442,326.210315425352,326.549360762691,187.670712895668,-324.185534059361,136.51482140441,-0.18413497849072,-5.19562522163748,5.37976020518938
0.423,624.696166758009,1751.60612167852,49.9950288258565,49.9944244645477,1296.05568945587,491.162018759285,326.209815664254,326.549516169214,260.582340828761,-299.377992049734,38.7956514533837,1.71061876583845,-5.93216952162895,4.22155076101942
0.424,625.656609935281,1750.81607584849,49.9950211828925,49.9944269793417,1298.12499067351,489.185257009208,326.209194873888,326.549713845389,308.286092177691,-245.341932387937,-62.9441595728036,3.437246812096,-6.09076872399742,2.65352191714236
0.425,625.043925341384,1751.58665803672,49.9950260584816,49.9944245265024,1299.91334515989,487.515252390605,326.208658367542,326.549880845851,326.31242804295,-167.692426775196,-158.620001072336,4.82986924697047,-5.65259665247681,0.822727410602749
0.426,623.693719409149,1753.07153475487,49.995036803079,49.994419799993,1299.93834005421,487.603088028326,326.208650869074,326.549872062288,311.135424360869,-72.8998280619979,-238.235596129125,5.74766407783596,-4.66010520939772,-1.08755886362858
0.427,622.974247357938,1753.92260124395,49.9950425284557,49.9944170909642,1299.14069987894,488.503939656466,326.208890161127,326.549781977125,266.009155866864,29.4398830187588,-295.449038743334,6.10353281919383,-3.21269390679789,-2.89083890799033
0.428,622.382028864238,1754.63944694792,49.9950472411807,49.9944148091735,1297.28717568672,490.452314181278,326.209446218384,326.549587139672,195.445247792093,128.024690445263,-323.469938121523,5.86219656350038,-1.45111629592621,-4.41108026365191
0.429,623.333331956696,1753.83477849306,49.9950396709513,49.9944173705127,1295.45147762838,492.408209721492,326.209996927802,326.549391550118,105.084521718271,214.030055799706,-319.114577425342,5.04783253064216,0.453690324017607,-5.50152285125447
0.43,625.673347393195,1751.60009285237,49.9950210497001,49.994424483738,1294.15479322728,493.789062466061,326.210385933122,326.549253464844,5.08154368619042,279.614941933618,-284.696485544251,3.73832254281333,2.31192425336571,-6.05024679327509
0.431,627.687932981059,1749.7231845999,49.9950050181373,49.9944304581226,1293.39901298132,494.636606663236,326.210612667196,326.549168710424,-95.8673081911067,317.782745368894,-221.91543711145,2.06414489680876,3.9453296044495,-6.00947449878783
0.432,630.124663111626,1747.43137161453,49.9949856272551,49.9944377531899,1293.25549312765,494.898473061789,326.210655723152,326.549142523784,-187.668538390762,324.784242574552,-137.115704117425,0.185845032978043,5.19422050746221,-5.38006553828857
0.433,632.150728289865,1745.52389256087,49.9949695043407,49.9944438248843,1293.76957354603,494.473379471147,326.210501499027,326.549185033143,-260.275733293996,299.75554851298,-39.4798151444926,-1.70872748135483,5.93169532472881,-4.22296784139669
0.434,634.146083890527,1743.66677586157,49.9949536258053,49.9944497362703,1295.05032773362,493.290434301104,326.21011727277,326.54930332766,-307.799479985491,245.40011504242,62.3993650328862,-3.43672080028629,6.09055102529686,-2.65383022305123
0.435,635.035848355936,1742.92354654446,49.9949465452847,49.9944521020427,1296.96994512439,491.469257374103,326.209541387553,326.549485445353,-325.871195292619,167.370802726636,158.50039267735,-4.82893616595034,5.65288831499607,-0.823952146946748
0.436,634.469116783275,1743.61804993938,49.9949510551912,49.9944498913698,1297.9238707004,490.610447141987,326.20925520988,326.549571326376,-310.945150943768,72.4114473123786,238.533703767525,-5.74736487903262,4.66128184883787,1.08608303257366
0.437,633.751170458065,1744.45912556079,49.9949567684266,49.9944472141429,1297.95132575949,490.668357287456,326.209246973363,326.549565535362,-266.135623048225,-29.2326552911094,295.368278501631,-6.10377985177143,3.21495922783794,2.88882062670159
0.438,633.170115753092,1745.15557084148,49.994961392313,49.9944449972887,1296.96781558754,491.73181486327,326.209542026414,326.549459189604,-195.663079074472,-128.292864001625,323.955943263494,-5.8636600818438,1.45358836451531,4.41007172055947
0.439,633.701228473778,1744.74391258543,49.9949571658523,49.9944463076377,1295.68720746384,493.125438192728,326.209926208851,326.549319827271,-105.489027084048,-214.134201421538,319.623228714914,-5.04818757122949,-0.452009802595334,5.50019737755012
0.44,634.963009073056,1743.58331378402,49.9949471249213,49.9944500019384,1293.85478501779,495.028753884332,326.210475935585,326.549129495702,-5.55963482784406,-279.475096279901,285.034731333042,-3.73978777650492,-2.31063219744992,6.05041997815609
0.441,636.730811035052,1741.93454315151,49.9949330572002,49.9944552501383,1292.34681124729,496.63108649134,326.210928327716,326.548969262441,95.6937116218829,-317.189662973824,221.495951585855,-2.06506631592542,-3.94487360405147,6.00993992458871
0.442,639.56749084847,1739.2348149134,49.9949104836195,49.9944638436402,1291.77692144216,497.291878820868,326.211099294658,326.548903183208,187.274196749916,-324.33577698943,137.061580473928,-0.188453022284505,-5.19358223299099,5.38203526019199
0.443,642.163896128237,1736.73442499715,49.9948898220828,49.9944718026285,1292.85649857204,496.302867025017,326.210775421519,326.549002084388,260.460572949459,-299.311239925599,38.8506672040789,1.70677494094097,-5.93094766814378,4.2241727322937
0.444,644.260026971815,1734.76260044717,49.9948731416036,49.994478079141,1295.01778222311,494.211604295201,326.210127036423,326.549211210661,308.17504731835,-245.600580673326,-62.5744664309545,3.43405301659404,-6.09009673686285,2.65604372538945
0.445,644.070997986287,1735.0779109612,49.9948746458484,49.9944770754764,1297.01156031458,492.308488879386,326.209528902996,326.549401522202,326.507165091836,-167.8441758569,-158.66298904072,4.82750948602272,-5.65320354313718,0.82569406211701
0.446,642.824500749938,1736.44176728465,49.9948845651583,49.9944727341869,1297.78183061493,491.626188385734,326.209297821906,326.549469752252,311.284467794913,-73.1736684493316,-238.11079917493,5.74672967290483,-4.66258870095931,-1.08414096719738
0.447,641.659689966387,1737.70311536702,49.9948938344279,49.9944687191913,1297.02926536577,492.448892464475,326.209523591481,326.549387481844,266.504657413228,28.8359799427647,-295.340637210869,6.10348461708506,-3.21604745161886,-2.88743716108287
0.448,641.733603777683,1737.72695587211,49.9948932462405,49.9944686433046,1295.24582534694,494.304625061366,326.210058623486,326.549201908584,195.599528401059,127.74162756654,-323.341155847154,5.86371113892703,-1.45497996043247,-4.40873117455303
0.449,642.783622824281,1736.79525294987,49.9948848904545,49.9944716090071,1293.2947119721,496.356527601894,326.210643957499,326.54899671833,105.269636500049,214.012152070073,-319.281788471697,5.04979672329515,0.450155818593769,-5.49995253842525
0.45,644.671422763992,1734.99385642087,49.9948698678199,49.9944773430303,1291.77894146914,497.937466731627,326.21109868865,326.548838624417,5.31715128503812,279.377943652009,-284.695094856216,3.74160535374777,2.30897573559021,-6.05058108634804
0.451,647.106037417371,1732.66481099163,49.994850493772,49.9944847566122,1291.38924266382,498.40242916922,326.211215598291,326.548792128173,-95.6757029327759,317.609464237676,-221.933761234079,2.06752198477896,3.94274291266643,-6.01026489487726
0.452,649.284224406964,1730.60454194557,49.9948331603107,49.9944913146523,1292.03336518757,497.843969068087,326.211022361534,326.548847974184,-187.509376496877,324.735216377717,-137.225839811371,0.190295287716153,5.19198360799677,-5.38227889346606
0.453,650.964405828811,1729.01675782012,49.9948197898518,49.9944963687261,1292.92321978594,497.022855543161,326.210755405155,326.548930085536,-260.102999924415,299.84417093552,-39.7411709344253,-1.70451121856685,5.93047523049978,-4.22596400987051
0.454,651.780529085321,1728.31203360151,49.9948132953493,49.9944986119329,1294.45895384865,495.557936232865,326.210294684936,326.549076577467,-307.850173171231,245.620949162131,62.2292241006723,-3.43268742035543,6.09061788677985,-2.65793046439153
0.455,652.149245091868,1728.055840637,49.9948103612005,49.9944994274205,1295.65702363462,494.436189469628,326.209935264,326.549188752143,-325.724826031345,167.4128182412,158.312007903085,-4.82591901415193,5.65493304961026,-0.829014033295976
0.456,651.631060160645,1728.6758902815,49.9948144847852,49.9944974537412,1296.34914548759,493.832056419441,326.209727627444,326.549249165448,-310.813058090855,72.3643732330002,238.448684996604,-5.74613718131202,4.66419174387834,1.08194543987293
0.457,650.501009946688,1729.8865740743,49.994823477439,49.994493600015,1296.0043160736,494.237284045821,326.209831076268,326.549208642686,-266.061567821725,-29.1219812209609,295.183549209644,-6.10323305723436,3.21753408497404,2.88569897510037
0.458,650.447882863756,1730.03215070833,49.9948239002109,49.9944931366301,1294.35264498944,495.948082358206,326.210326577594,326.549037562855,-195.619658321878,-128.193036468775,323.81269498509,-5.86466080329283,1.45708205476971,4.40757875185096
0.459,651.082241744855,1729.48572472938,49.9948188521433,49.9944948759581,1292.62397722186,497.775161014457,326.210845177924,326.548854854989,-105.85114491041,-213.879742946894,319.730888075596,-5.05010503706898,-0.448665807473479,5.49877084839867
0.46,652.709623983075,1727.9386621037,49.994805901847,49.9944998004113,1291.11749834718,499.320874702257,326.211297121586,326.54870028362,-5.68883261974576,-279.260181365137,284.949014220283,-3.74357146671175,-2.30661552917505,6.05018700025192
0.461,654.991081280649,1725.74903453472,49.9947877465867,49.9945067702124,1290.3888059853,500.111191978756,326.211515729295,326.548621251893,95.1848356748669,-317.03769068886,221.852855258345,-2.07027382034683,-3.94023829422336,6.01051211937294
0.462,657.145716599548,1723.69816580049,49.9947706005436,49.9945132983303,1290.40841633241,500.184022579157,326.211509846191,326.548613968832,187.209631675527,-324.304971044061,137.095339612758,-0.191806518917993,-5.19108209109997,5.38288861514149
0.463,659.48444142983,1721.42387872931,49.9947519895627,49.9945205376109,1291.21595906567,499.442808278616,326.211267583371,326.548688090263,260.356685027626,-299.451861017486,39.0951762244865,1.70375827696196,-5.92991511624107,4.22615684456994
0.464,661.044849249017,1719.9848246171,49.9947395722318,49.9945251182624,1292.69089315801,498.014525220985,326.210825103143,326.548830918568,308.200095033346,-245.494530817149,-62.705563999005,3.43158209904962,-6.0916844714636,2.66010237770293
0.465,661.444631597767,1719.69148154175,49.994736390865,49.9945260520024,1294.2174885505,496.557588030782,326.210367124525,326.548976612287,326.198278796293,-167.97166200149,-158.226616601289,4.82525607249737,-5.65624112174392,0.830985054366946
0.466,660.544373376291,1720.67292191411,49.9947435548923,49.9945229279807,1295.55614329769,495.296448123226,326.209965528101,326.549102726278,311.362701977621,-73.2435645524105,-238.119137258759,5.74500773678845,-4.66506737852065,-1.07994035346523
0.467,659.441697819629,1721.84738200487,49.9947523297056,49.9945191895581,1295.0401490043,495.85603467116,326.210120326389,326.549046767623,266.922568587322,28.5991735307671,-295.52174197997,6.10303117741114,-3.21973445840877,-2.88329671463172
0.468,659.15183612058,1722.20941217345,49.9947546363517,49.9945180371803,1293.63177764086,497.333221248826,326.210542837798,326.548899048965,195.700005639609,127.561563980063,-323.26156950858,5.86444985530939,-1.45822027025489,-4.40622958119106
0.469,659.922411108022,1721.53050842304,49.9947485043107,49.994520198198,1291.99160899663,499.048514944023,326.211034888391,326.548727519596,105.3277237218,214.099309673378,-319.427033306408,5.05200528856014,0.446041255212124,-5.49804654044104
0.47,661.694921123559,1719.82288643103,49.9947343991242,49.9945256337276,1290.98112506821,500.109098711527,326.21133803357,326.548621461219,5.32969945420585,279.4203583489,-284.750057729928,3.74440081415653,2.30524919311079,-6.04965000443625
0.471,663.406965752097,1718.18769979293,49.9947207751059,49.9945308386884,1290.56437466964,500.571916063679,326.21146305869,326.548575179484,-95.5083356496121,317.689423824268,-222.181088108779,2.07169936751353,3.93907982317711,-6.01077918827762
0.472,665.033599254532,1716.66012107161,49.9947078307678,49.9945357011225,1290.84799288915,500.367201104792,326.211377973224,326.54859565098,-187.244649386337,324.88907983989,-137.644430386158,0.193802669514555,5.18994422068445,-5.3837468880819
0.473,666.091604564117,1715.65750446525,49.9946994114291,49.9945388925502,1291.12915349939,500.13636984263,326.211293625041,326.548618734106,-259.955921189271,299.92095428274,-39.9650330158847,-1.70082040834054,5.92895370979204,-4.22813329947856
0.474,667.029786961942,1714.81013202659,49.9946919456108,49.9945415898205,1291.71725095413,499.601799632867,326.211117195804,326.548672191127,-307.455536252945,245.811628429616,61.6439079184461,-3.42972678106631,6.09075916168728,-2.66103237862832
0.475,668.274643155275,1713.65021880923,49.9946820393599,49.9945452819389,1292.41506743825,498.969085485847,326.210907850859,326.548735462542,-325.682912479805,167.461661944529,158.221250653717,-4.82425176980857,5.6557596691034,-0.831507897121647
0.476,668.940875196168,1713.06202242102,49.9946767376538,49.9945471542262,1292.66155280496,498.776698802239,326.210833905249,326.54875470121,-310.957647783883,73.2019878353639,237.755660093939,-5.74478594105293,4.66678576437045,1.07800017917845
0.477,669.542800447325,1712.5368053759,49.9946719476849,49.994548826044,1293.40099438536,498.086766688067,326.210612072775,326.548823694422,-266.835335848024,-28.8487879166493,295.684123938555,-6.10422910346056,3.22197407185677,2.88225503453636
0.478,669.689317585984,1712.46951422996,49.9946707817385,49.9945490402383,1294.03670559048,497.508012689181,326.210421359413,326.548881569821,-196.130708158562,-127.493842732504,323.624551092641,-5.86529163971068,1.4610881051678,4.40420353798863
0.479,668.891625789781,1713.35557834791,49.9946771295681,49.9945462198086,1294.03940607985,497.577275386306,326.210420549266,326.548874643552,-105.743861570338,-214.01816548909,319.762027284731,-5.05305839924384,-0.443563410536937,5.49662181377082
0.48,668.120392380775,1714.18063502178,49.9946832668486,49.9945435935717,1293.07311891583,498.574371060389,326.210710435416,326.548774933984,-6.04405855225562,-279.080209604369,285.124268399196,-3.74693718072803,-2.3023160324666,6.04925321770663
0.481,667.929608051308,1714.43378592376,49.9946847850621,49.9945427877673,1291.30700753559,500.393449460176,326.21124026883,326.548593026144,95.0162615442963,-317.047094582071,222.03083328968,-2.0735615429816,-3.93736613070721,6.01092767864901
0.482,669.309069594978,1713.13200096233,49.9946738076559,49.9945469314776,1289.41755530086,502.344960321892,326.2118071045,326.548397875058,186.998174636051,-324.399373900952,137.401199517398,-0.196114582528985,-5.18891066464607,5.38502525246786
0.483,671.831751490359,1710.65075302523,49.9946537327912,49.994554829535,1288.27179909876,503.541074348241,326.212150831361,326.548278263656,260.158935913281,-299.684539924984,39.5256042562621,1.6989521326493,-5.92862700897432,4.22967488180322
0.484,674.441506126034,1708.12552220334,49.9946329650237,49.9945628675944,1288.5932360018,503.267133163851,326.21205440029,326.548305657774,308.089591475664,-246.055937288744,-62.0336539579545,3.42843298860053,-6.09141703864257,2.66298405554428
0.485,676.411574153981,1706.23267255418,49.9946172877204,49.994568892722,1289.89533463769,502.017689734518,326.211663770699,326.548430602117,326.272391500597,-168.082940148405,-158.189451144945,4.82266859325875,-5.65684856547858,0.834179977585079
0.486,677.340029214477,1705.37873894427,49.9946098993098,49.9945716108771,1291.91591408759,500.05684209364,326.211057596864,326.548626686881,311.295885043886,-73.3844208185091,-237.911464043185,5.74394946552176,-4.66777472486718,-1.07617473557093
0.487,676.702034581622,1706.08243943574,49.9946149763098,49.9945693709288,1293.55178250504,498.450159263702,326.210566836339,326.548787355164,266.837314911888,28.1841641666168,-295.021478922172,6.10334969747852,-3.22331255236163,-2.88003714042292
0.488,675.715808909643,1707.13564106135,49.9946228244443,49.9945660184839,1293.71084109186,498.330419141102,326.210519118763,326.548799329176,195.750123220656,127.289192431676,-323.039315520347,5.86623294518598,-1.46347978025682,-4.40275316069401
0.489,674.563813777749,1708.36143910065,49.9946319917303,49.9945621166476,1293.39344613189,498.730833659673,326.210614337251,326.548759287724,105.673526416444,213.664937796805,-319.338464100571,5.05383254023645,0.442502754157467,-5.49633529063874
0.49,674.338749149233,1708.63428434151,49.9946337827377,49.9945612481542,1291.68973326019,500.452869165895,326.211125451112,326.548587084174,5.53943521937055,279.212455205175,-284.751890324299,3.7481031559543,2.30110339571108,-6.04920654834974
0.491,675.227404535962,1707.79590463781,49.9946267110429,49.9945639167997,1289.78932026182,502.398433510234,326.211695575012,326.548392527739,-95.3974241002643,317.662763921522,-222.265339725958,2.07495813191386,3.93647881761997,-6.01143694657537
0.492,677.272227812658,1705.82514234262,49.9946104388562,49.9945701899309,1288.00535635143,504.236261047081,326.212230764185,326.548208744986,-187.096862349492,324.942351580033,-137.845489132146,0.198452663058766,5.18776860048343,-5.38622126082393
0.493,679.633593937636,1703.50394721527,49.9945916477017,49.9945775785245,1287.42090363846,504.866772946374,326.212406099999,326.548145693796,-259.952177970844,299.904931834825,-39.9527537543339,-1.69706823479927,5.92853543516801,-4.23146719774908
0.494,682.119704281487,1701.08795090857,49.9945718638642,49.9945852688796,1288.14092550046,504.182410255586,326.21219009344,326.548214130065,-307.675909713489,245.942837554502,61.7330722865461,-3.42664429930123,6.09131309220013,-2.66466879022348
0.495,683.606823686499,1699.66991825852,49.994560029744,49.9945897826177,1289.36271835915,503.001575768135,326.211823555583,326.548332213514,-325.704921926554,168.046999850483,157.657922226311,-4.82098367154704,5.65781315766355,-0.836829483238182
0.496,684.215399062602,1699.13864838816,49.994555186855,49.9945914737022,1291.53998433473,500.890490672769,326.21117037579,326.548543322023,-311.239870244694,73.0882607982898,238.15160962183,-5.74392811636896,4.66949096689866,1.0744371526774
0.497,683.461560222384,1699.94904838976,49.9945611857139,49.9945888941189,1293.0243103486,499.429746903983,326.210725077986,326.5486893964,-266.617949833843,-28.6148542239351,295.23280425909,-6.10370488638728,3.2254149353613,2.87828995465607
0.498,682.305458232594,1701.16025783214,49.9945703856812,49.9945850387195,1293.26695709928,499.220630348796,326.210652283961,326.548710308055,-196.428166949081,-127.473291259834,323.9014584339,-5.86695408793977,1.46564858371101,4.40130550833608
0.499,681.268795511623,1702.25686746257,49.994578635181,49.9945815481026,1292.82948244292,499.734329015091,326.210783526357,326.548658938189,-106.258674473588,-213.596091405688,319.854766123409,-5.05480827181038,-0.440256967967361,5.49506524437142
0.5,680.545364522148,1703.03036164694,49.9945843920619,49.9945790859942,1291.41293186622,501.163374546632,326.21120849153,326.548516033636,-6.25057307644822,-278.785120027495,285.035693360056,-3.75011029539357,-2.29853917080376,6.04864947123476
0.501,680.82148860385,1702.8025261584,49.9945821947363,49.9945798112171,1289.51289496365,503.109347492147,326.211778502601,326.548321436341,94.9708362370159,-316.972901856823,222.002065879964,-2.07736033383016,-3.93461546677339,6.01197580599555
0.502,682.566743018835,1701.11650513135,49.9945683064429,49.9945851779887,1288.00152274816,504.674016893116,326.212231914266,326.548164969401,186.741763196215,-324.435598880688,137.693835939897,-0.200277904507104,-5.18681528671619,5.3870931968438
0.503,685.139282968803,1698.58290778358,49.9945478348205,49.9945932426795,1287.44666855326,505.26742413419,326.212398370524,326.548105628677,260.016666441118,-299.903346243131,39.8866800443908,1.69530319986125,-5.9284702120336,4.23316701786768
0.504,687.033624912527,1696.75796412171,49.9945327601262,49.9945990516556,1288.07688527085,504.663012276156,326.212209305509,326.548166069863,308.078296914703,-246.045759749451,-62.032536942214,3.42464987559987,-6.09184575532818,2.66719588533961
0.505,688.406749025211,1695.43774671664,49.9945218331517,49.9946032540381,1288.80928851583,503.975906053019,326.211989584536,326.548234780485,326.164016125231,-168.265328258123,-157.898687667752,4.81978624113091,-5.65827404123876,0.838487805487416
0.506,689.015404184716,1694.88351700761,49.9945169896279,49.9946050182061,1290.29156098287,502.542068961571,326.211544902796,326.548378164194,311.275039876649,-73.253787316027,-238.02125238706,5.74217711298602,-4.67044967867812,-1.07172742928154
0.507,688.719717700722,1695.23994308725,49.9945193426262,49.9946038836666,1291.94074986765,500.926171911417,326.21105014613,326.548539753899,267.133757212796,27.8404935821757,-294.974250646931,6.10395581861536,-3.22682195262044,-2.87713386140839
0.508,688.064680719122,1695.9328034271,49.9945245552448,49.9946016782237,1292.49597556791,500.396884551004,326.21088357842,326.548592682635,196.066378275379,127.020664583642,-323.087042733728,5.86657042701846,-1.46707343857873,-4.3994969843363
0.509,687.000225161765,1697.06161143478,49.994533025913,49.9945980851162,1292.24237423048,500.704933003944,326.210959658821,326.54856187779,105.90034428645,213.721971809166,-319.622315987784,5.05635525902402,0.437534952798786,-5.49389020819942
0.51,686.074161532154,1698.0176049953,49.9945403952932,49.9945950420942,1290.76805023601,502.202738061948,326.21140195602,326.548412097284,5.72352238726077,279.308975805129,-285.032498095031,3.75072773881661,2.2975447633484,-6.0482724989678
0.511,686.402610356456,1697.73132633159,49.9945377815805,49.9945959533474,1289.06328449969,503.932235365604,326.211913385741,326.548239147554,-95.3817095044783,317.344162944387,-221.962453345204,2.07973344305814,3.93235576649331,-6.01208920668506
0.512,687.73883174383,1696.4535398846,49.9945271482686,49.994600020668,1288.20540449012,504.847806779363,326.212170749743,326.548147590412,-186.966748619822,325.006974143127,-138.040225423151,0.202305825276097,5.18547434236105,-5.38778016497507
0.513,689.529136690416,1694.70170700066,49.9945129014745,49.9946055969253,1287.50660084111,505.574478597118,326.212380390838,326.548074923231,-259.813587681497,299.999119717072,-40.1855319221994,-1.69321310302867,5.92798722824285,-4.23477412260887
0.514,691.116261830332,1693.16039285077,49.9945002715339,49.9946105030806,1287.21068173718,505.901725444384,326.212469166569,326.548042198546,-307.707638829048,246.222444419216,61.4851945428548,-3.42294157561586,6.09119415274212,-2.66825257442311
0.515,692.495977536656,1691.83996599666,49.9944892921052,49.9946147061298,1288.26173894654,504.883936486931,326.212153849406,326.548143977442,-325.527890518188,168.0353254468,157.492565228106,-4.81837634301099,5.6596323521033,-0.841256006147332
0.516,693.272481740851,1691.11213540065,49.9944831128811,49.9946170228866,1289.80189476943,503.394103501586,326.21169180266,326.54829296074,-311.265765020299,73.3098249452405,237.955940256747,-5.74204610271848,4.67187558810816,1.07017051791157
0.517,693.327744238394,1691.09244137438,49.9944826731161,49.9946170855746,1290.76725470558,502.450819837531,326.211402194679,326.548387289107,-266.914846053749,-28.2205557649208,295.135402025032,-6.10272432076344,3.22789417649025,2.87483014800918
0.518,692.883541414915,1691.59810754794,49.9944862079698,49.9946154759892,1291.47027307843,501.775341087008,326.211191289167,326.548454836982,-196.485617097232,-127.324756398217,323.810373723623,-5.86866965382037,1.46901324952989,4.39965640849992
0.519,692.181072400915,1692.34932976008,49.9944917980406,49.9946130847746,1291.21794701782,502.075053105409,326.211266986985,326.54842486578,-106.594596606859,-213.422968432599,320.01756528437,-5.05767045668045,-0.435918699423161,5.49358916078002
0.52,691.757072607254,1692.80292296775,49.9944951721238,49.9946116409426,1290.21189870476,503.094063277962,326.211568801479,326.548322964763,-6.56543949127187,-278.773516443923,285.33895618888,-3.75342443695931,-2.29458817364365,6.0480126156881
0.521,691.52224967343,1693.07547074942,49.9944970407853,49.9946107733961,1289.72563964635,503.625481783951,326.211714679196,326.548269822912,94.6126546316353,-316.738462909603,222.12580853218,-2.08093773715636,-3.93156208190885,6.01249982445485
0.522,691.863968832197,1692.78595102427,49.9944943214707,49.994611694966,1289.38478892691,504.005197082453,326.211816934412,326.548231851382,186.582385115791,-324.272769557879,137.690384688061,-0.20441537032193,-5.18412253455063,5.38853791042871
0.523,692.602127124488,1692.07066857416,49.9944884473936,49.9946139717807,1288.96917302971,504.447950096888,326.211941619181,326.548187576081,259.798146543507,-299.735094444124,39.9369481306598,1.69141363268772,-5.92706359919154,4.23564997206893
0.524,693.190852467453,1691.52662678399,49.9944837624662,49.9946157035195,1288.06140186832,505.368003944765,326.21221395053,326.548095570696,307.852968137382,-245.881843587525,-61.9711243416269,3.4207850444175,-6.09152184953513,2.670736810534
0.525,694.641115313077,1690.11438451144,49.9944722216412,49.9946201988263,1287.00838450586,506.457176734835,326.212529855739,326.547986653417,326.313142514964,-168.661213327841,-157.651929004748,4.81771582922792,-5.65997645601303,0.842260631909128
0.526,696.648515923277,1688.15380110443,49.9944562472547,49.9946264395571,1287.23899526575,506.275562531209,326.212460672511,326.548004814837,311.597109484593,-73.5091590500995,-238.087950278931,5.74191108793579,-4.6731956212767,-1.0687154619414
0.527,698.047590032929,1686.80805139383,49.9944451137766,49.9946307232115,1288.6277837642,504.898034225589,326.212044035961,326.548142567668,267.229940832769,27.8088055106984,-295.038746213444,6.10408124598077,-3.2310066861012,-2.87307455564037
0.528,698.486790024871,1686.41112150772,49.9944416187342,49.9946319866785,1289.90545013285,503.64901366508,326.211660736051,326.548267469724,196.132535475627,126.837267854249,-322.96980322153,5.86889869540344,-1.47165918515989,-4.39723950650988
0.529,698.380480653991,1686.5665497962,49.9944424647173,49.9946314919349,1290.79602076784,502.811872050624,326.21139356486,326.548351183885,105.819884605163,213.577625905967,-319.397510418186,5.05894769389093,0.433486139709561,-5.49243383034906
0.53,697.558837513133,1687.42610971982,49.9944490031456,49.9946287558707,1291.36871058882,502.254660505805,326.211221757914,326.54840690504,5.83903389667237,279.15165213587,-284.990685947095,3.75460108768641,2.29348594904352,-6.04808703388439
0.531,696.180791846261,1688.82954235281,49.9944599692846,49.9946242886059,1291.36845609489,502.271414726496,326.211221834262,326.548405229618,-94.910681704354,317.635028953478,-222.724347162859,2.08357467669531,3.92915492172679,-6.01272959586824
0.532,695.787283604794,1689.27141341042,49.9944631007237,49.9946228820866,1290.3603826665,503.319621710248,326.21152425629,326.548300408919,-186.653977526265,324.919659987077,-138.265682365131,0.206934415856456,5.18302959685778,-5.38996401030944
0.533,696.004620994975,1689.07445878634,49.9944613712077,49.9946235090127,1289.49086241419,504.217150926641,326.211785112366,326.548210655998,-259.631946072432,300.06058846494,-40.428642280474,-1.68827594298989,5.92604446043257,-4.23776851503005
0.534,696.224585660109,1688.89369114106,49.9944596207845,49.994624084414,1288.85259299732,504.867905957384,326.211976593191,326.548145580495,-307.726480751478,246.449996574185,61.2764843112299,-3.41860768670311,6.09148641286952,-2.67287872359108
0.535,697.201675809108,1687.94860416978,49.9944518453482,49.9946270927192,1287.79511737938,505.962793554374,326.212293835877,326.548036091735,-325.688637904842,168.339929269461,157.34870879481,-4.81636610779269,5.66070331892795,-0.844337208259215
0.536,699.088750091856,1686.09082632078,49.9944368284881,49.9946330062098,1287.18454649528,506.610060087291,326.212477007142,326.547971365082,-311.004657523614,73.1899265975648,237.814731111358,-5.74053077591852,4.67419384502804,1.06633693417239
0.537,700.961452917096,1684.24480337927,49.9944219259926,49.9946388822833,1287.8600136597,505.947640044097,326.212274366992,326.548037607086,-267.065708414779,-28.4373170480374,295.503025672816,-6.10304228208021,3.23186174053901,2.87118054529412
0.538,701.987772858749,1683.26370394364,49.994413758798,49.9946420052198,1289.04487785209,504.780016796324,326.211918907735,326.548154369411,-196.399721488423,-127.402508011711,323.802229730808,-5.86891490619428,1.47315979273147,4.39575511770815
0.539,702.298221180948,1683.00937109406,49.9944112883287,49.9946428147864,1290.12145867255,503.752661687872,326.211595933489,326.548257104922,-106.858923811025,-213.181551454688,320.040475511661,-5.06054387988053,-0.431788404474266,5.492332289067
0.54,701.931234022119,1683.40807214048,49.9944142087197,49.9946415456816,1290.81097598221,503.068237841251,326.211389078296,326.548325547306,-6.4670073074381,-278.762083051248,285.229090614456,-3.7566487149953,-2.29129896532813,6.04794768544399
0.541,701.296344364065,1684.07298905173,49.9944192610111,49.9946394291853,1290.78333924338,503.117825810702,326.211397369317,326.548320588509,94.4929516910272,-316.763893771379,222.270942338058,-2.08573657581338,-3.92766375872848,6.01340033997667
0.542,700.483403878667,1684.93602537518,49.9944257301859,49.9946366820554,1290.73122873579,503.218702311282,326.21141300247,326.548310500859,186.408523319226,-324.247248719639,137.838725652033,-0.20869674444351,-5.18244237119056,5.39113912125754
0.543,699.943841185669,1685.47833768702,49.9944300238894,49.9946349558217,1290.38702976454,503.575352257288,326.211516262161,326.548274835865,259.628950467158,-299.739074847699,40.110124619251,1.68643915977641,-5.9250857924213,4.2386466383134
0.544,699.819123852321,1685.63847571467,49.9944310163584,49.9946344460865,1289.712016076,504.267487131995,326.211718766268,326.548205622377,307.999882324427,-246.324984107685,-61.6748979965313,3.41721380046816,-6.0914672967349,2.67425350183681
0.545,699.886468846954,1685.60052503718,49.994430480444,49.9946345668872,1289.19997523958,504.816596901227,326.211872378519,326.5481507114,326.330739563374,-168.442488202632,-157.888251160043,4.81505412893154,-5.66117817114256,0.846124047558947
0.546,700.983174010115,1684.53911110844,49.9944217531416,49.9946379454727,1288.63769202949,505.410266450821,326.212041063482,326.548091344445,311.501998299851,-73.8362078749514,-237.665790244965,5.74026171098747,-4.67555137841671,-1.06471032753125
0.547,701.4179226816,1684.13371327395,49.9944182935216,49.9946392358941,1288.75948882864,505.28846927345,326.212004524442,326.548103524163,267.425605790015,27.7361993866859,-295.161805017447,6.10316768615759,-3.2344078222928,-2.86875985919615
0.548,701.696906229052,1683.89822357391,49.9944160734411,49.9946399854811,1289.06362001705,505.012149928939,326.211913285085,326.548131156097,196.565063410856,126.567690606548,-323.132753876799,5.87079112082622,-1.47592749810268,-4.39486361845738
0.549,702.297608480935,1683.33484999655,49.9944112932044,49.9946417787549,1289.1684346768,504.955024934606,326.211881840687,326.548136868597,106.316158679767,213.062283183334,-319.378441738279,5.06183269957353,0.429172599688355,-5.49100529539828
0.55,703.205327365503,1682.45102782123,49.9944040698071,49.9946445920482,1289.63802547801,504.491093697329,326.211740963447,326.548183261721,6.3543204541268,278.980201994898,-285.334522334577,3.75870989755932,2.28932492061993,-6.04803481468603
0.551,703.326406274041,1682.35714209082,49.9944031062917,49.9946448908958,1290.79782471724,503.350492371186,326.211393023675,326.548297321853,-95.2723699045455,317.554491279482,-222.28212126444,2.0874934902276,3.92612486413191,-6.01361835116653
0.552,702.770821887507,1682.95682327046,49.9944075274918,49.9946429820513,1290.80835048451,503.377026381392,326.211389865945,326.548294668452,-186.612520911207,324.843060439564,-138.230539414291,0.210399013668896,5.1810481467039,-5.39144715737675
0.553,702.216381966018,1683.5219738496,49.9944119395845,49.9946411831212,1290.26111518733,503.944143746858,326.211554036534,326.548237956716,-259.551667412108,300.334209486998,-40.7825419504136,-1.68542788690441,5.9255386713742,-4.24011078154416
0.554,702.071182404494,1683.68079687313,49.9944130950459,49.9946406775718,1289.33846062923,504.868734226346,326.211830832902,326.548145497668,-307.232891908367,246.453963848965,60.7789282000421,-3.41519531521127,6.0911576027984,-2.67596228459966
0.555,702.666595899294,1683.13283197419,49.9944083568959,49.9946424217982,1288.90480809071,505.32722336652,326.211960928663,326.548099648754,-325.629904342512,168.515966683948,157.113937819677,-4.81364967567651,5.66297186155025,-0.849322182696402
0.556,703.152279296885,1682.66774448575,49.9944044919502,49.9946439022177,1289.10157598875,505.171946023228,326.211901898294,326.548115176488,-311.095564700804,73.7825160139725,237.313048870414,-5.73882612751386,4.67694051203226,1.06188561895802
0.557,703.302226932851,1682.54534855136,49.9944032987048,49.994644291816,1289.2186950421,505.057083437771,326.211866762578,326.548126662747,-266.967300091413,-28.1661715150297,295.133471813165,-6.10293223636659,3.23566049871297,2.86727174151099
0.558,702.672405586875,1683.19364173681,49.9944083106638,49.9946422282347,1288.92114082691,505.368195917319,326.211956028842,326.548095551499,-196.891177909714,-126.779760347776,323.670938485321,-5.86997976334628,1.47735143544609,4.39262833218632
0.559,702.966698469269,1682.93929092007,49.9944059687555,49.9946430378585,1288.30430656384,506.028671123847,326.212141079121,326.548029503978,-106.697034782662,-213.23610653953,319.933141566567,-5.06250187957094,-0.427641146042205,5.49014303033376
0.56,703.964838744569,1681.94649730408,49.9943980258075,49.9946461980188,1287.31889142723,507.011547858883,326.212436703662,326.547931216305,-7.10938995891211,-278.587313331119,285.696703544716,-3.75969380324322,-2.28747772914579,6.04717153750182
0.561,705.627181083769,1680.32513082192,49.9943847973075,49.9946513589886,1287.16925602568,507.180539329003,326.212481594283,326.547914317158,94.130020355905,-316.984725396166,222.854705297915,-2.08966343697719,-3.92529670636416,6.01496014876376
0.562,706.606621760931,1679.38706220967,49.9943770031663,49.9946543449537,1288.19674157085,506.186777227326,326.212173348619,326.548013693368,186.465995279788,-324.28446522409,137.818470196881,-0.213482309420272,-5.17963565684339,5.39311797188044
0.563,706.854087309611,1679.15117897089,49.994375033898,49.9946550957934,1289.50815478382,504.900499741593,326.211779924655,326.548142321116,259.390637381251,-299.773512199655,40.382875058639,1.68301323069428,-5.92498039312493,4.24196716810263
0.564,706.136003005995,1679.91057733863,49.9943807482313,49.9946526785533,1290.67619490586,503.728993794784,326.211429512619,326.548259471711,307.989335699557,-246.489865494608,-61.4994699831128,3.41349753777828,-6.09231475970642,2.67881722751117
0.565,704.7289423108,1681.34092033344,49.9943919452646,49.9946481256301,1290.99234731666,503.441154760244,326.211334666895,326.548288255614,326.24841956852,-168.938490363718,-157.309929008203,4.81201328866862,-5.66270645808212,0.850693174760651
0.566,704.011919951875,1682.08317785356,49.9943976511472,49.9946457629511,1290.49844300782,503.967483348293,326.211482838188,326.548235622756,311.774722943848,-74.2245059883829,-237.550216786224,5.73869039891157,-4.67903456074105,-1.05965583319377
0.567,703.488129843251,1682.62705335405,49.9944018193365,49.9946440317416,1289.9918628552,504.479731137524,326.211634812234,326.548184397977,267.312015490621,27.6185603814108,-294.930575729506,6.10280133214391,-3.2376263648578,-2.86517496277064
0.568,703.762231388304,1682.36879691073,49.9943996381057,49.9946448537974,1288.61159223832,505.87827924703,326.212048893419,326.548044543166,196.373587589843,126.587392561793,-322.960980032341,5.87091786854838,-1.47919944143816,-4.39171842309928
0.569,704.600784201598,1681.56388298303,49.9943929651144,49.994647415918,1288.08149046159,506.444140637129,326.212207923952,326.547987957027,106.756452758351,212.97275245015,-319.729205107189,5.06402719851574,0.42491588311206,-5.48894307811395
0.57,705.576358872844,1680.60340462461,49.9943852017378,49.9946504732155,1288.18087365602,506.345614039417,326.212178108994,326.547997809686,6.49127898174295,279.058299739661,-285.549578630747,3.7619467184115,2.28541846271112,-6.04736517804896
0.571,706.312699960136,1679.87839424381,49.9943793421216,49.9946527809953,1288.73533348029,505.811008046354,326.212011771046,326.548051270286,-94.6176166660509,317.267263338575,-222.649646584171,2.09075982568178,3.92296019394723,-6.01372001689466
0.572,706.510165942544,1679.72109778201,49.9943777707373,49.9946532816855,1289.21417008432,505.357802340193,326.211868120065,326.548096590856,-186.458938064193,325.016107581138,-138.557169422311,0.21458828107428,5.1788992056478,-5.39348748419296
0.573,706.913492785557,1679.33327531971,49.9943745611642,49.9946545161627,1289.58548377714,504.998983948232,326.211756725957,326.548132472696,-259.498527986702,300.331042605562,-40.8325145099442,-1.68089939008838,5.92487405783715,-4.24397466526844
0.574,706.227819380625,1680.05363055349,49.9943800175798,49.9946522232008,1290.21130848028,504.381241927064,326.211568978546,326.548194246898,-307.509275618912,246.626723046426,60.8825527019144,-3.4123262769666,6.09269378130865,-2.68036750175162
0.575,705.004294095479,1681.2964121501,49.9943897540847,49.9946482673041,1290.40619300064,504.210665330385,326.21151051319,326.548211304557,-325.51259713152,168.451432243563,157.061165042415,-4.81086755118934,5.66384433843742,-0.852976784399203
0.576,704.827369545281,1681.48965373209,49.9943911620055,49.994647652197,1290.36662205453,504.2842497384,326.211522384474,326.548203946117,-311.284090750904,73.5858134889142,237.698277443359,-5.73792583271873,4.67947450516042,1.05845133078661
0.577,704.44241367811,1681.89001078189,49.994394225387,49.9946463778209,1289.85408766996,504.792700731065,326.211676144789,326.548153101017,-267.208809347795,-27.7419104775995,294.950720033,-6.10255644605378,3.23885976869565,2.86369668104982
0.578,703.991141458207,1682.36341436919,49.9943978164972,49.9946448709305,1288.37447297082,506.277512039274,326.212120029199,326.548004619886,-196.799957736951,-126.805645341707,323.605603309305,-5.87172799641392,1.48144718955322,4.39028081105615
0.579,705.272913659751,1681.10572491713,49.9943876164781,49.9946488742804,1287.22458013794,507.466178669919,326.212464997049,326.547885753223,-107.250494433656,-212.788829363407,320.039324045248,-5.0651736205044,-0.423027840178268,5.48820146537207
0.58,706.600401454852,1679.78966570383,49.9943770526659,49.994653063427,1287.37458163701,507.312097930597,326.212419996599,326.547901161297,-7.32997164821336,-278.400831930969,285.730803836865,-3.76356761783086,-2.28324415013845,6.04681177309027
0.581,707.765455843754,1678.64958995942,49.9943677814576,49.9946566924008,1288.28172740467,506.426437295639,326.212147852869,326.547989727361,94.0432097917768,-316.710737331688,222.667527798374,-2.09332241832353,-3.92181366496882,6.01513608873641
0.582,708.036681031397,1678.41943642093,49.9943656231162,49.9946574250022,1289.79625107101,504.936240057323,326.211693495769,326.548138747085,185.88794665812,-324.312245363092,138.424298956069,-0.217628073815464,-5.17762397267981,5.39525205212245
0.583,707.339916860504,1679.11588205385,49.9943711677893,49.9946552081469,1291.47149914676,503.274620206052,326.211190921346,326.54830490907,259.682485415957,-299.889072091327,40.2065869163904,1.67836787715534,-5.92337252586421,4.24500465438482
0.584,705.626320027961,1680.86445844556,49.9943848041596,49.9946496422554,1292.1465018953,502.608205242654,326.210988420522,326.548371550566,308.01623036086,-246.707465038875,-61.3087650966062,3.41060808772698,-6.0923163811417,2.68170829901933
0.585,704.47245538282,1682.04096751758,49.9943939863227,49.9946458973107,1291.7786954098,502.994789374342,326.211098762467,326.548332892153,326.189930811235,-168.932981228533,-157.256949377563,4.80983593618158,-5.66496186107757,0.855125930306933
0.586,703.486788053739,1683.03362423402,49.9944018300141,49.9946427375863,1290.20994796341,504.580445382295,326.211569386701,326.548174326552,311.555214193005,-74.4107710384441,-237.144442972208,5.73665204217213,-4.68099624038597,-1.05565579667646
0.587,703.748037521239,1682.77899872543,49.9943997510569,49.9946435480844,1288.41864851702,506.381602117996,326.212106776535,326.547994210879,267.727491830865,27.0245979633294,-294.752089635233,6.10307099876329,-3.24065336957495,-2.86241762446332
0.588,704.56405006851,1681.98793459428,49.9943932574353,49.9946460661198,1287.4004666655,507.408481001215,326.212412231091,326.54789152299,196.860171912177,126.213520645145,-323.073692419935,5.87265955131609,-1.48383351489663,-4.3888260321288
0.589,706.209739354078,1680.36471346272,49.9943801614561,49.9946512329931,1287.44181318933,507.405420885514,326.212399827134,326.547891829002,106.778562530759,212.851198179955,-319.629760590883,5.06622807993187,0.421125908400176,-5.48735398448487
0.59,707.927343855298,1678.66283265714,49.9943664931938,49.994656650248,1287.98878510353,506.857486757513,326.212235735559,326.547946622415,6.55676354411307,278.825335474488,-285.382098909878,3.76479708647993,2.2819713330896,-6.0467684161279
0.591,708.368949104201,1678.24308040615,49.9943629790109,49.9946579863609,1289.54627431999,505.298993201319,326.211768488794,326.54810247177,-94.6395573469226,317.539450575144,-222.899893123285,2.09598864921504,3.91953190626351,-6.01552055236231
0.592,708.398362652726,1678.24578628353,49.9943627449453,49.9946579777478,1290.68413414429,504.192264406236,326.211427130847,326.54821314465,-185.966489858891,324.944314554335,-138.977824586555,0.219595792056202,5.17642509647401,-5.39602088562603
0.593,707.612692202676,1679.03966993219,49.9943689971121,49.9946554507377,1291.74742053691,503.13540875272,326.211108144929,326.548318830215,-259.150912972708,300.200762310989,-41.0498492181362,-1.67599367568491,5.92316772945631,-4.24717405094218
0.594,706.275573382276,1680.39454017126,49.9943796375656,49.9946511380518,1292.02079541173,502.865268520454,326.211026132467,326.548345844238,-307.496206150699,246.872974269212,60.6232320191897,-3.4079372398775,6.09241453658201,-2.68447729380681
0.595,704.857564445755,1681.83281641972,49.9943909217221,49.9946465598763,1291.8548949713,503.05946485038,326.211075902599,326.548326424605,-325.626571445269,168.782741493334,156.843830111493,-4.80810550029557,5.6649407844245,-0.856835281026087
0.596,704.327016349857,1682.37581391352,49.9943951436897,49.9946448314615,1290.98601552643,503.951145284442,326.211336566432,326.548237256562,-311.436983010899,74.1892641263512,237.247719068929,-5.73629212049093,4.68275400053715,1.05353812338046
0.597,704.318201296355,1682.39904769074,49.9943952138377,49.9946447575061,1290.53080768534,504.413202114612,326.211473128785,326.548191050879,-267.243901217819,-27.7384666533089,294.982368080843,-6.10320999555321,3.24289873055361,2.86031126884183
0.598,704.447370910453,1682.28985627652,49.9943941859386,49.9946451050732,1289.67183043836,505.280046308623,326.211730821959,326.54810436646,-196.709557894814,-126.660840718758,323.370398846506,-5.87265102056149,1.48571136573225,4.38693965913957
0.599,704.445493090205,1682.30827785441,49.9943942008818,49.9946450464355,1289.04889747795,505.934032379507,326.211917701847,326.548038967852,-107.306795277927,-212.816296765377,320.12309229523,-5.06711629911931,-0.418730505919625,5.48584680982667
0.6,705.078675268676,1681.67358852473,49.9943891621781,49.9946470667144,1288.68505383421,506.29376769023,326.21202685494,326.548002994321,-7.29877402266785,-278.551731588226,285.850505875362,-3.76626574920347,-2.27976634966519,6.04603210409637
0.601,706.362910894802,1680.40100560529,49.9943789425557,49.9946511174716,1288.55016631387,506.439321569511,326.212067321196,326.547988438933,93.7163280626729,-316.730288143786,223.013960350743,-2.09662625371112,-3.91859875500557,6.01522501430294
0.602,707.118199553684,1679.69181967689,49.9943729321595,49.9946533748805,1289.51587799953,505.49636430791,326.211777607691,326.54808273466,185.944086751326,-324.388602087942,138.444515603549,-0.221761559953908,-5.17563629007924,5.39739785586228
0.603,707.139037580613,1679.66964239499,49.9943727663358,49.994653445473,1290.54448949755,504.47102381058,326.211469024241,326.548185268709,259.169175467765,-300.263883165165,41.0947079550723,1.67433235381169,-5.92306485480822,4.24873250693564
0.604,706.407103189833,1680.41438875699,49.9943785908846,49.9946510748717,1291.43725113058,503.578806213449,326.211201195751,326.548274490469,307.71796676123,-246.558582107987,-61.159384411033,3.40622089490111,-6.09208691496327,2.68586602597193
0.605,705.466198429005,1681.38640552499,49.9943860783668,49.9946479808463,1291.88403705604,503.155160750858,326.211067159974,326.548316855015,326.146769655405,-169.056656153774,-157.090113278985,4.8070614279222,-5.66650116399886,0.859439741824086
0.606,704.407345456665,1682.45471604051,49.994394504451,49.9946445803083,1291.5701670644,503.493175794327,326.211161320971,326.548283053511,312.046319162603,-74.7718834575496,-237.274435506009,5.73577616673938,-4.68360346107566,-1.05217270019489
0.607,704.122667044219,1682.7568552797,49.9943967698498,49.9946436185692,1290.85678260696,504.203961864671,326.211375336308,326.548211974904,267.516494416278,26.8959809412898,-294.412475184516,6.10338979517172,-3.24531558360409,-2.85807420648504
0.608,703.997747720868,1682.89212916584,49.9943977639262,49.9946431879791,1290.29916855587,504.767940351862,326.211542620524,326.548155577055,196.948859618793,125.827156875965,-322.776016346227,5.87358778532919,-1.48808642529361,-4.38550135541119
0.609,704.130628502619,1682.78599055186,49.9943967064946,49.9946435258288,1289.72341489711,505.377667872554,326.211715346621,326.548094604303,107.004419378517,212.803510561305,-319.807929812303,5.0691424246907,0.416207047912938,-5.48534946846331
0.61,704.316348202545,1682.6019595539,49.9943952285842,49.9946441116176,1289.85051165834,505.250564108585,326.211677217593,326.54810731468,6.86144903516957,278.803374841056,-285.664823764656,3.76817448392524,2.27772363878166,-6.04589811903428
0.611,704.04949906491,1682.87631514906,49.9943973521021,49.9946432383166,1289.6871949106,505.420725373405,326.211726212617,326.548090298553,-94.1448169200561,317.262858653374,-223.118041630354,2.09899345090833,3.91688053902364,-6.01587398666442
0.612,704.660984113929,1682.2889804632,49.9943924860587,49.994645107861,1289.47308313712,505.658267300039,326.211790446149,326.54806654436,-185.905837807137,324.914309854207,-139.008471944405,0.223463259497788,5.17432254036843,-5.39778579689812
0.613,704.899810708105,1682.05713711464,49.9943905855371,49.9946458458413,1289.96845639572,505.173592649172,326.211641834172,326.548115011825,-259.156964162677,300.36327210656,-41.2063078338751,-1.67289734058512,5.92267036777226,-4.24977302438417
0.614,705.273349201654,1681.69149829601,49.9943876130122,49.9946470097058,1290.2425155502,504.898075335931,326.211559616425,326.548142563557,-307.369535886232,247.324075927328,60.0454600831712,-3.40548823727447,6.09294162148834,-2.68745338142935
0.615,705.285701674354,1681.7040506464,49.9943875147143,49.9946469697504,1290.73158825289,504.423706208867,326.211412894615,326.54819000047,-325.601539255103,169.131539635539,156.469999763486,-4.80561470563083,5.66715508719759,-0.861540378655357
0.616,704.683113130707,1682.31615273751,49.9943923099616,49.994645021369,1291.64496639737,503.536172144,326.211138881171,326.548278753876,-311.500394233055,74.1994583198974,237.300936080802,-5.73425902382782,4.68507686140214,1.04918216559773
0.617,703.636440134766,1683.37664418869,49.9944006391207,49.9946416457198,1292.20792105413,502.958990688228,326.210969994774,326.548336472022,-267.579270465429,-27.1793353971487,294.75860605579,-6.1024143352057,3.24718626372559,2.85522807502307
0.618,702.494735376551,1684.53128871608,49.9944097245184,49.9946379703722,1291.94196945644,503.247143521946,326.211049780253,326.548307656738,-197.132322587482,-126.291733059896,323.424055864728,-5.87336378601767,1.48904251761055,4.38432127239409
0.619,701.792080978956,1685.24468425835,49.9944153160645,49.9946356995636,1290.5277971655,504.683331197035,326.211474031941,326.548164037971,-107.717698636232,-212.515054256916,320.232753131304,-5.06928886679311,-0.415144736956093,5.48443360820962
0.62,702.261173329254,1684.77921624271,49.9944115831462,49.9946371811943,1289.45622608553,505.74583929777,326.211795503265,326.548057787161,-7.38212513490758,-278.217095975715,285.599221363585,-3.76972096345409,-2.27562459827504,6.0453455666433
0.621,702.487871202927,1684.55611000065,49.9944097791418,49.9946378913636,1288.50106567696,506.704068837717,326.212082051387,326.547961964207,93.7457738160891,-316.877287778198,223.131514222486,-2.10135514589028,-3.9152084433548,6.0165635945454
0.622,703.672964326408,1683.39722301141,49.9944003484704,49.9946415802154,1288.3850065459,506.848505848414,326.212116869127,326.547947520506,185.751808278053,-324.663159227349,138.911351209083,-0.225433731506983,-5.17323836441145,5.39867210149704
0.623,704.699587911394,1682.36631116066,49.9943921788595,49.9946448617098,1288.88810358268,506.349314978543,326.211965940016,326.547997439593,259.51353020175,-300.269573074306,40.7560431240491,1.67057237468923,-5.92177556953708,4.25120320057087
0.624,705.446226055541,1681.64747001803,49.9943862373019,49.9946471498522,1290.00908553143,505.233592382187,326.211629645431,326.548109011852,307.658439823471,-247.069932100534,-60.5885074866571,3.40382988505817,-6.09349729531771,2.6896674159802
0.625,705.217169053366,1681.90143905783,49.9943880600796,49.9946463414436,1291.31730740998,503.933015712032,326.211237178867,326.548239069519,326.006422462718,-169.329631846554,-156.676790400217,4.80394396267864,-5.66795128753479,0.864007330429861
0.626,704.251733385317,1682.88243849828,49.9943957427725,49.9946432188254,1292.5718000613,502.701335134635,326.210860831072,326.548362237577,312.074529342697,-74.9333447145548,-237.141184436006,5.73424046777347,-4.68721868143122,-1.04702178104506
0.627,702.5301012411,1684.61375151168,49.9944094430858,49.9946377078849,1293.1324994527,502.143324642641,326.210692621255,326.548418038626,267.892975761492,26.4291875288056,-294.322163123369,6.10271065952889,-3.24846590345863,-2.85424475115401
0.628,700.701976639997,1686.45220552263,49.9944239908392,49.9946318559041,1293.09308399968,502.189865850754,326.21070444589,326.548413384505,197.159288041683,125.939072062107,-323.098359960682,5.87417877720005,-1.49160366036793,-4.3825751123654
0.629,699.808188077253,1687.35646286036,49.9944311033826,49.9946289775636,1291.55736066409,503.756902768299,326.211165162891,326.548256680814,107.110859167441,212.537543658889,-319.648402703421,5.07042274657026,0.412817180939801,-5.48323992351686
0.63,700.392664659229,1686.76959990239,49.9944264522657,49.9946308456064,1290.20186684671,505.093906657158,326.211571811036,326.548122980425,7.13973699431524,278.42305305362,-285.562789939111,3.77193233981327,2.27323036290034,-6.04516269916842
0.631,700.931630495225,1686.24585345539,49.9944221633119,49.9946325127431,1289.41140325833,505.893722326284,326.211808950113,326.548042998858,-94.161968948466,317.284922980636,-223.122953930232,2.10339539140619,3.91367838230617,-6.01707377054425
0.632,702.320863853738,1684.87966478563,49.9944111081441,49.9946368614567,1289.07102245999,506.255171959049,326.211911064352,326.548006853894,-185.966306471963,324.939344265015,-138.973037689936,0.228618414937502,5.17176545275754,-5.40038386479631
0.633,703.202147654116,1683.98298889631,49.9944040951104,49.9946397156647,1289.89742558595,505.436763715541,326.211663143415,326.548088694719,-259.182917070874,300.677690698107,-41.4947735150837,-1.6682728474327,5.92067086608777,-4.25239801589011
0.634,703.417509252102,1683.79816012963,49.9944023813173,49.9946403039929,1291.47602733394,503.862388911762,326.21118956289,326.548246132199,-307.08900615788,247.044761850959,60.0442444353042,-3.40152527542724,6.09332054001325,-2.69179526180322
0.635,702.653770302314,1684.57314858724,49.9944084589587,49.9946378371281,1292.92635560088,502.42232732582,326.21075446441,326.548390138358,-325.53852046731,169.039199318557,156.499321298505,-4.80272910041507,5.66819053640869,-0.865461433044807
0.636,701.300001731736,1685.94019068828,49.9944192319067,49.9946334856979,1293.15341561311,502.220735592759,326.210686346406,326.548410297531,-311.788848849225,74.7749438103476,237.013905212311,-5.73375804617533,4.68717934059463,1.04657870882244
0.637,699.531268128131,1687.72045131809,49.9944333070415,49.9946278189523,1292.79289996397,502.56050003324,326.210794501101,326.548376321087,-267.510948381771,-27.1285973897412,294.639545969443,-6.10227419939159,3.2505908445072,2.85168335851308
0.638,697.900126070307,1689.35755949534,49.9944462872576,49.9946226078751,1291.80017701948,503.567300556959,326.211092317985,326.548275641035,-197.430901199223,-126.211412477282,323.642313897395,-5.87557264291608,1.4939821743483,4.38159047264274
0.639,698.516472316108,1688.753801711,49.99444138253,49.9946245296959,1290.33994554211,505.053974898601,326.211530387428,326.548126973601,-107.811859002998,-212.366708684172,320.178567927521,-5.07239269673985,-0.410320028321768,5.4827127296004
0.64,700.004222436344,1687.24279955882,49.9944295433907,49.9946293393651,1289.12298940435,506.26711828968,326.211895474269,326.548005659261,-7.92773088345942,-278.162209271041,286.089940408609,-3.77228214116834,-2.27199470236439,6.04427684850983
0.641,701.12970785836,1686.14085798034,49.9944205870623,49.9946328469541,1289.73315774731,505.664442619773,326.211712423766,326.548065926828,93.6069519351648,-316.821388750051,223.214437075849,-2.10489532338831,-3.91243987670054,6.01733520543639
0.642,701.830100360006,1685.47829391149,49.9944150135159,49.994634955961,1290.97888648309,504.427247572294,326.211338705145,326.548189646333,185.491046424383,-324.550378163726,139.059331999457,-0.230446530483083,-5.17123055097703,5.40167708707407
0.643,701.844595750906,1685.45008837199,49.9944148981652,49.994635045742,1292.31610053872,503.101412514778,326.210937540929,326.548322229839,258.972883875474,-300.200697751806,41.227814127848,1.66618007534952,-5.92062551217327,4.25444544257093
0.644,701.199126607673,1686.11304669104,49.9944200346454,49.9946329354802,1293.60265193706,501.811405255365,326.210551575509,326.548451230565,307.431487618381,-246.989549221994,-60.4419381600826,3.39946034592487,-6.09299776028427,2.69353742009675
0.645,699.792029514225,1687.54313436618,49.9944312319683,49.9946283833697,1293.63046891888,501.788926043277,326.210543230415,326.548453478486,326.336364058739,-169.733517256467,-156.602846586032,4.80170025510512,-5.66985861672662,0.868158367208354
0.646,698.62338818301,1688.71615383593,49.9944405317206,49.9946246495328,1292.84307249417,502.601318074157,326.210779449342,326.548372239283,311.862033406287,-75.1493650948761,-236.71266811856,5.73249977991344,-4.68927591662457,-1.04322385797752
0.647,697.968912420236,1689.36821500769,49.9944457398732,49.9946225739576,1291.95483157599,503.479997809159,326.211045921618,326.548284371309,267.866426021799,26.2921789437606,-294.15860479733,6.10224053887737,-3.25223574529897,-2.85000478864193
0.648,697.182540239548,1690.15275392009,49.9944519976242,49.9946200766927,1291.1805871792,504.267317494708,326.211278194937,326.548205639341,197.345920199922,125.843408923066,-323.189328977907,5.8748871483312,-1.49532481785731,-4.37956232597664
0.649,697.924759930168,1689.4340205246,49.9944460912275,49.9946223644921,1290.1922982438,505.283552980024,326.211574681617,326.548104015792,107.286087632201,212.363363353102,-319.649450860498,5.07353867788752,0.408603114987684,-5.48214178884156
0.65,698.946887552214,1688.40859975875,49.9944379573944,49.9946256285078,1290.44437430735,505.020511829261,326.211499058798,326.548130319907,7.36210308080893,278.485286181131,-285.847389152061,3.77514156547001,2.26973472199186,-6.04487628387422
0.651,699.2606885588,1688.11020537356,49.9944354602453,49.9946265783266,1291.27067993881,504.198440103781,326.211251167109,326.54821252708,-93.4943772804809,316.998389742936,-223.504012359982,2.1071262534425,3.91065327433661,-6.01777952457329
0.652,699.179939650577,1688.21412612367,49.9944361028247,49.9946262475366,1292.0481400111,503.446114031016,326.211017929087,326.548287759687,-185.638406590916,324.912354637005,-139.273947942962,0.232058512336633,5.16971181537705,-5.40177032478462
0.653,698.642924868199,1688.74386477541,49.9944403762526,49.9946245613261,1292.73867313018,502.74983841975,326.210810769151,326.548357387248,-258.788318855776,300.578391740514,-41.7900727733279,-1.66390825117478,5.91970902190566,-4.25580076794571
0.654,697.533625025744,1689.86733417091,49.9944492037802,49.994620985212,1292.82254150525,502.663473564068,326.210785608639,326.548366023734,-307.253575333464,247.09822797572,60.1553474841504,-3.39779157700367,6.0936446483376,-2.69585306854756
0.655,696.98682669852,1690.41681468093,49.9944535550631,49.9946192361612,1292.15566570198,503.337677431875,326.21098567138,326.548298603347,-325.891266518937,169.565100465437,156.326166200062,-4.79979718954278,5.66965862784321,-0.869861435369556
0.656,696.735943863824,1690.67458729357,49.9944555515252,49.9946184156454,1290.95058126891,504.566220178921,326.21134719671,326.548175749072,-311.380199220043,74.5442258513867,236.835973538084,-5.73181111943117,4.69079712102385,1.04101400160744
0.657,696.529710394229,1690.87877685837,49.994457192679,49.9946177656899,1290.39211669565,505.117924850263,326.211514736082,326.548120578605,-267.690374492974,-27.0360312375946,294.726405924394,-6.10203982184488,3.25374811914959,2.84829170626322
0.658,697.124884999046,1690.27994189975,49.99445245643,49.9946196718408,1290.67512924943,504.841682531108,326.211429832316,326.548148202837,-197.705356883131,-125.991854996609,323.697212097058,-5.87566496958801,1.49752809566003,4.37813687793016
0.659,697.703070445323,1689.72871966558,49.9944478553764,49.9946214264356,1291.31737715547,504.223621716678,326.211237157944,326.548210008919,-107.970195063812,-212.195458664448,320.165653965291,-5.07426482897171,-0.406523298780777,5.4807881322148
0.66,697.758577458963,1689.67952986878,49.9944474136656,49.9946215830116,1291.80324570065,503.717097906691,326.21109139738,326.5482606613,-7.98559488507569,-278.303835017087,286.289430152871,-3.77754643690186,-2.2670580922226,6.04460453402308
0.661,697.189154112694,1690.25718168179,49.9944519449926,49.9946197442888,1292.38291512119,503.145712866734,326.210917496554,326.548317799804,93.2613334830682,-316.647461504288,223.386128278075,-2.109692999623,-3.90815344647615,6.01784645136313
0.662,696.560560974163,1690.90836771344,49.9944569471779,49.9946176714993,1292.65450570741,502.905691351788,326.210836019378,326.548341801955,185.661400513049,-324.591405787738,138.930005529603,-0.233750415359868,-5.16898969352373,5.40274011440337
0.663,696.296681129149,1691.16901268664,49.994459047067,49.9946168418405,1292.57622472248,502.987752250675,326.210859503674,326.548333595865,258.576101118851,-300.112738880916,41.5366380073893,1.6624779863967,-5.9199892048884,4.25751122412977
0.664,695.736005744283,1691.72639191218,49.9944635087799,49.9946150676474,1292.5100065156,503.051419141356,326.210879369136,326.548327229176,307.597954674083,-247.147588953485,-60.4503654911787,3.39629025243909,-6.09279480660969,2.69650455978177
0.665,695.339400471247,1692.14276370865,49.9944666648644,49.9946137422948,1291.99905808397,503.560391137891,326.211032653665,326.548276331977,326.124687588737,-169.898434661166,-156.22625271954,4.79891042274301,-5.67113297434577,0.872222557043845
0.666,695.72991248596,1691.75069763173,49.9944635572686,49.9946149902799,1291.48071225011,504.105527070216,326.211188157415,326.548221818383,312.098835661361,-75.4107825325263,-236.688052946051,5.73125648612481,-4.69208832219722,-1.03916815878647
0.667,696.177171417541,1691.30873300469,49.9944599980951,49.994616397097,1291.66531926129,503.909809840742,326.211132775312,326.548241390106,268.134881487859,26.3964853652337,-294.531366696978,6.10213557128651,-3.25532382002708,-2.84681174652582
0.668,696.535702557454,1690.95728013408,49.9944571449949,49.9946175158062,1291.56161845749,504.017407596551,326.211163885553,326.548230630331,197.683107883553,125.268732946254,-322.951840699057,5.87682231770154,-1.49998173707681,-4.37684057636849
0.669,696.766506655339,1690.75260038823,49.9944553083143,49.9946181673221,1292.41760315232,503.191458956243,326.210907090145,326.548313225195,107.795943177683,212.278579425837,-320.074522493192,5.07590984604188,0.403989303129924,-5.47989914541622
0.67,696.353662979673,1691.16847753234,49.9944585936198,49.994616843544,1293.02889825396,502.57664333776,326.210723701614,326.548374706757,7.51004961443418,278.449741981718,-285.959791497343,3.77797197808839,2.26635389665364,-6.04432587143945
0.671,695.57018867273,1691.95009189091,49.9944648283103,49.9946143555882,1293.66230809262,501.940436164695,326.210533678663,326.548438327474,-93.4832986269803,317.207748841244,-223.724450120185,2.11112137803977,3.90668522292358,-6.01780659801981
0.672,694.252766332662,1693.29835185673,49.9944753120242,49.9946100639435,1294.39554548482,501.219257614615,326.210313707445,326.548510445329,-185.68683073444,325.17492762552,-139.48809679663,0.23720292294508,5.16702896120021,-5.40423188145847
0.673,693.01467369644,1694.52185792543,49.9944851644523,49.9946061694027,1294.30559364188,501.317423837014,326.210340692998,326.548500628707,-258.52564250784,300.61271768913,-42.0870750787,-1.66001456427173,5.91900784353509,-4.25899327670854
0.674,691.791264922295,1695.76162071377,49.99449490003,49.9946022231152,1293.74413431944,501.875156583421,326.210509130795,326.548444855432,-307.079102214124,247.199396836353,59.8797054950435,-3.39440172155547,6.09396075950905,-2.69955903539142
0.675,691.250806383303,1696.29163625869,49.9944992008624,49.9946005360233,1292.17060494114,503.459375650889,326.210981189608,326.548286433525,-325.664135668606,169.445830938563,156.218304867744,-4.79750884436068,5.67106697130248,-0.873558124230845
0.676,692.196149970301,1695.34677385993,49.9944916780572,49.9946035436137,1290.59502575056,505.056827988464,326.211453863365,326.548126688292,-311.869891790614,74.9963763983689,236.873515554071,-5.73067948190162,4.6929856761395,1.0376938087525
0.677,693.385407271614,1694.147962521,49.9944822142483,49.9946073595487,1290.21272325107,505.418856036587,326.211568554115,326.548090485487,-267.841937319049,-26.9299653937775,294.77190290023,-6.10144214515295,3.25700363729832,2.8444385112295
0.678,694.231840037845,1693.32549913142,49.9944754785503,49.994609977531,1290.40658954609,505.227371051274,326.211510394227,326.548109633985,-197.929110071581,-125.586787466803,323.515897751206,-5.87831790474809,1.50223845055104,4.37607945803075
0.679,695.529689374011,1692.04126358169,49.9944651505934,49.9946140653797,1291.42949148744,504.238291411194,326.211203523644,326.548208541949,-108.155523597824,-212.205805848404,320.361329681078,-5.07688698291224,-0.402212008627489,5.47909899586642
0.68,695.911401455047,1691.67253555278,49.9944621130252,49.9946152390775,1293.20461169271,502.449787393785,326.210670987583,326.548387392351,-8.2522104202702,-278.133753809819,286.385964481399,-3.78027912250031,-2.26389332662941,6.04417245393433
0.681,694.627478730902,1692.96857343885,49.9944723301576,49.9946111136608,1295.01051771056,500.644621020959,326.210129215777,326.548567908988,93.1617834568861,-316.737956902942,223.576173706816,-2.11345578700916,-3.90514015778507,6.01859595001567
0.682,692.392930580087,1695.22273186928,49.9944901121268,49.9946039384516,1295.64212755495,500.028962064667,326.209939732824,326.548629474884,185.291176399602,-324.631295007202,139.340118870312,-0.238664588530577,-5.1661061073398,5.40477070140963
0.683,691.099203851629,1696.48844727501,49.994500407277,49.9945999095544,1294.7557029182,500.916538681274,326.210205660215,326.548540717222,258.88480913503,-300.436677278792,41.5518684048339,1.65813831094819,-5.91796545958448,4.25982715438492
0.684,690.49564304208,1697.10227114917,49.9945052102613,49.9945979556923,1293.47705525283,502.190929129488,326.210589254515,326.548413278177,307.484229085204,-247.200616240537,-60.283612591833,3.39247623492123,-6.09319804329841,2.7007218142224
0.685,690.373679281518,1697.22473644065,49.9945061808181,49.9945975658732,1292.49742691954,503.184695532526,326.210883143015,326.548313901537,326.287090388748,-170.190523819897,-156.096566330505,4.7962168045499,-5.67197556069737,0.875758761963335
0.686,691.179098771393,1696.42752165833,49.9944997714934,49.9946001034866,1292.08949723897,503.610331703835,326.211005521919,326.54827133792,312.101301733009,-75.3286387408546,-236.772662773678,5.73004954542638,-4.69476032440856,-1.03528921536092
0.687,691.397172708018,1696.20109326068,49.9944980361162,49.9946008242306,1292.24423395624,503.43694809034,326.210959100903,326.548288676281,268.419536787387,25.9231193976847,-294.342655990067,6.10149001855426,-3.25919810672524,-2.84229190645273
0.688,691.265487635476,1696.35413358433,49.9944990840327,49.9946003370881,1292.78968096482,502.890096596997,326.210795466801,326.548343361431,197.911451720164,125.129942676651,-323.041394226158,5.87844248158065,-1.50474845599499,-4.37369402058739
0.689,691.289649030151,1696.34576725888,49.9944988917624,49.994600363719,1292.95188048894,502.757863816756,326.210746806944,326.548356584709,107.998180697455,211.868662753579,-319.866843303119,5.07844671136237,0.399285240823502,-5.4777319476263
0.69,691.44921136698,1696.17645285174,49.9944976220057,49.9946009026634,1293.10883886776,502.60009535695,326.21069971943,326.548372361555,7.69345668695895,278.221335821024,-285.914792378612,3.78076692276229,2.26221477063347,-6.04298168929094
0.691,690.880439768879,1696.75581423671,49.9945021481463,49.9945990584989,1293.27413720623,502.437662351536,326.210650129929,326.548388604855,-93.6295251581429,317.22865849905,-223.599133224435,2.11473859350928,3.90410519618223,-6.01884378601175
0.692,690.063627462393,1697.59016736147,49.9945086481321,49.9945964026704,1293.40410474051,502.316413242744,326.210611139668,326.548400729766,-185.18788304098,324.909815500969,-139.721932348871,0.240632305637083,5.16506400902371,-5.40569631133415
0.693,689.899320710383,1697.74210857303,49.9945099556437,49.9945959190265,1292.66951984439,503.052964189343,326.210831515137,326.548327074671,-258.650002934399,301.04030680038,-42.3903037515688,-1.65669705866435,5.9185577067592,-4.2618606450064
0.694,690.17583454443,1697.47964807984,49.9945077552165,49.9945967544642,1292.21568798686,503.50070145054,326.210967664694,326.548282300945,-306.774164288429,247.221340158796,59.5528242551246,-3.39086197155124,6.0942885671351,-2.70342659259108
0.695,690.062081549949,1697.59690225013,49.9945086604341,49.9945963812326,1292.30220183775,503.427699145262,326.210941710539,326.548289601176,-325.611613277684,169.878856541347,155.73275687957,-4.79511064886409,5.67345459220302,-0.87834394029151
0.696,690.790430672396,1696.8674027478,49.9945028644159,49.9945987033016,1292.35925753011,503.387300359945,326.210924593831,326.548293641054,-311.759517598905,75.1502836989589,236.60923406623,-5.729177107453,4.69620921495972,1.03296789574166
0.697,691.476227113616,1696.18483367816,49.9944974070212,49.9946008759864,1293.08375049024,502.65195133553,326.210707245943,326.548367175957,-268.238006757736,-26.3733175156795,294.611324465924,-6.10204498360812,3.26095408371402,2.84109090347405
0.698,691.394548173293,1696.28795772301,49.9944980570016,49.9946005477324,1294.40868909212,501.328173485588,326.210309764363,326.548499553742,-197.924891898955,-125.305256602781,323.230148721086,-5.87884469899221,1.50612901806448,4.37271568494001
0.699,690.324211063957,1697.36964705584,49.9945065744737,49.9945971046083,1294.94174814722,500.815828034137,326.210149846646,326.548550788287,-108.506050236793,-211.853434487985,320.359484969725,-5.07924343948107,-0.397013109422407,5.47625655341131
0.7,689.098159785061,1698.59047438266,49.9945163310797,49.9945932185943,1295.27495084941,500.481506577987,326.210049885836,326.548584220433,-8.44053420163641,-277.837078058923,286.277612526355,-3.78289020061472,-2.25992185154094,6.04281205717559
0.701,687.555316018478,1700.14237762773,49.9945286086403,49.9945882787328,1294.88196451564,500.870062404381,326.210167781736,326.54854536485,92.7372176732592,-316.512249652632,223.775032259529,-2.1171759104695,-3.90173112633975,6.01890704230654
0.702,686.535469182262,1701.16757365352,49.9945367243236,49.9945850154325,1293.85104676757,501.920030263838,326.21047705706,326.548440368064,184.929711314119,-324.525755735424,139.596044707781,-0.242479701267801,-5.16384537896848,5.40632508613024
0.703,686.806905160371,1700.8664190092,49.9945345643047,49.9945859740375,1292.30259532841,503.464434482953,326.210941592492,326.548285927642,258.580284807107,-300.452320968527,41.8720364454341,1.65418594740523,-5.91704596849078,4.26286002725295
0.704,688.146296078025,1699.54844203845,49.9945239057704,49.9945901692885,1291.49723753724,504.274896264874,326.211183199829,326.548204881464,307.53163592346,-247.684190934028,-59.8474447156986,3.3907053738419,-6.09506674462167,2.70436137707385
0.705,689.460337143179,1698.24364332959,49.9945134489639,49.9945943225918,1292.027602661,503.753346912201,326.211024090292,326.548257036399,326.059535636071,-169.868309793412,-156.191225586505,4.79414887301828,-5.6740749856456,0.879926118890249
0.706,690.039462430791,1697.66903882105,49.9945088404313,49.9945961516148,1292.87914039505,502.906380822011,326.210768628972,326.548341733008,312.057777700569,-75.9230998402078,-236.134677627461,5.72811858844789,-4.69758487770044,-1.03053370466973
0.707,689.319707087546,1698.39125549108,49.9945145680623,49.9945938527277,1294.14935395282,501.627302858873,326.210387564905,326.548469640805,268.153835045009,25.6871658633319,-293.841000702726,6.10145692799111,-3.26263510612087,-2.83882181611928
0.708,688.309833418025,1699.40973115992,49.9945226043816,49.994590610819,1294.93190414618,500.843150438712,326.210152799847,326.548548056047,197.746185412983,124.974851539614,-322.72103677495,5.87926990156125,-1.50829447223005,-4.37097542401806
0.709,687.161302400072,1700.57367753244,49.9945317441011,49.9945869058626,1294.68208939981,501.114973341756,326.21022774427,326.548520873756,108.06472270899,211.779089196914,-319.843811754838,5.08025520553384,0.395600871463465,-5.47585607219076
0.71,686.449443641735,1701.25985397041,49.9945374088931,49.9945847216951,1293.95857314368,501.831055203502,326.210444799147,326.54844926557,7.92409332148153,278.033894440867,-285.957987636845,3.78404748027057,2.25794190995902,-6.04198938596881
0.711,686.661398980818,1701.06084986275,49.9945357222061,49.9945853551449,1293.29113324795,502.498757706407,326.210645031116,326.54838249532,-92.7233521613435,316.836343750138,-224.112991482298,2.1185912218772,3.90117650445263,-6.01976772260555
0.712,687.018690282111,1700.72090541469,49.9945328789723,49.9945864372217,1293.13405959906,502.670360608316,326.210692153211,326.54836533503,-185.081058794728,325.008366994315,-139.927308103628,0.244834566119306,5.16301772533998,-5.40785228820422
0.713,687.281655733312,1700.44553844174,49.9945307863597,49.994587313742,1293.36495339484,502.440511466873,326.210622885072,326.548388319944,-258.365743764653,300.836255880729,-42.470512021482,-1.65158611435825,5.91653384585494,-4.26494772859577
0.714,686.858834307644,1700.87910439591,49.9945341510657,49.9945859336587,1294.07816541402,501.726962919071,326.210408921466,326.548459674798,-306.878239496817,247.546549498065,59.3316901012774,-3.38755209304927,6.09430237164755,-2.70675027590011
0.715,686.419778565479,1701.34067521629,49.9945376449603,49.9945844644331,1294.81304827752,500.998679616425,326.210188456607,326.548532503129,-325.54561040341,170.07199115646,155.473619365892,-4.79221753714678,5.67541873122272,-0.883201191410403
0.716,685.244220995855,1702.50857957418,49.9945469997502,49.9945807468781,1294.83488690029,500.989216859521,326.21018190502,326.548533449404,-311.936045452129,75.4851787599438,236.45086683426,-5.72712096270238,4.69837650207541,1.02874446343198
0.717,684.465503588075,1703.28879614015,49.9945531965864,49.9945782633716,1293.76362318171,502.051781531597,326.210503284136,326.548427192937,-268.304788454045,-26.1928635580226,294.497652182203,-6.10174230593325,3.26437787065703,2.83736443838066
0.718,684.645986420148,1703.09868544056,49.9945517603497,49.9945788685128,1292.87338338638,502.95328152155,326.210770356074,326.548337042938,-198.308293117954,-125.064662148711,323.372955466666,-5.87924839378933,1.50954782719003,4.36970057013536
0.719,685.474510438131,1702.28802545773,49.994545167165,49.9945814489236,1292.8580066448,502.980978603245,326.210774969097,326.54833427323,-108.647699044286,-211.727773785469,320.375473057591,-5.081874398105,-0.393279859511859,5.47515426167074
0.72,686.059776488516,1701.69401512234,49.9945405097658,49.9945833397173,1293.34971178745,502.488282999061,326.210627457554,326.54838354279,-8.61183711794369,-277.760412496743,286.372249865475,-3.78575100321158,-2.25667945464148,6.04243046245071
0.721,685.628090869644,1702.13357240271,49.9945439450108,49.994581940563,1293.66077801091,502.168854609341,326.210534137687,326.548415485629,92.1165528067204,-316.314309848326,224.197757307813,-2.12042245738284,-3.89926075365499,6.0196832161456
0.722,685.672721030657,1702.10941424074,49.9945435898552,49.9945820174608,1293.99650762847,501.851166551511,326.210433418802,326.548447254435,185.109712884858,-324.584288697167,139.474576084779,-0.246362461718348,-5.16248654271545,5.40884900996239
0.723,685.558329424322,1702.20589265114,49.9945445001547,49.9945817103605,1294.31763265084,501.52208171119,326.210337081295,326.548480162919,258.296658514199,-300.526559925892,42.229901680367,1.64969868803212,-5.91602832809677,4.2663296458768
0.724,684.96235498447,1702.82018217292,49.9945492427686,49.9945797550162,1294.32154448519,501.502184220544,326.210335907745,326.548482152668,307.213666678285,-247.807590925913,-59.4060754966489,3.38528948103021,-6.09482758502399,2.70953810992253
0.725,684.604884764698,1703.17549311713,49.9945520874262,49.9945786240264,1293.87545431271,501.966555142355,326.210469734797,326.548435715576,326.106434573842,-170.070709509125,-156.035724830363,4.79110644070694,-5.67548068174171,0.884374246898731
0.726,684.629216543629,1703.15065688684,49.9945518938001,49.9945787030825,1293.56816691319,502.290460138796,326.210561921016,326.548403325076,312.210392721606,-75.9737762834239,-236.236616232046,5.7264720069665,-4.69975058722589,-1.02672141412114
0.727,684.234305619187,1703.54065003156,49.9945550364014,49.9945774616958,1293.1586016231,502.681977531714,326.210684790603,326.548364173337,268.320193180456,25.6305255986499,-293.950718605164,6.10146893149104,-3.26659193474248,-2.83487699153523
0.728,684.893217638117,1702.86878604498,49.9945497929461,49.9945796003053,1292.78745241533,503.059417419317,326.210796135366,326.548326429348,198.117524653134,124.926383884186,-323.043908396628,5.87946621990696,-1.51141188388053,-4.3680543313449
0.729,685.703038883726,1702.09378374481,49.9945433485934,49.9945820672142,1293.38336440835,502.488677521687,326.210617361768,326.548383503338,108.281167359586,211.549116133055,-319.830283383123,5.08299803116719,0.391701427649933,-5.47469945474524
0.73,685.569728993553,1702.22551621276,49.9945444094398,49.9945816478968,1294.78377365729,501.079275388356,326.210197238993,326.548524443552,8.25300751891308,277.908133860726,-286.161141295756,3.7881664226334,2.25431286707013,-6.04247928626118
0.731,684.376070956504,1703.4304556056,49.9945539082687,49.9945778124555,1295.6474475363,500.206028523058,326.20993813683,326.548611768238,-93.00987135703,316.768891293739,-223.759019870606,2.1233917660999,3.89686043175354,-6.02025219499757
0.732,683.16971713921,1704.64879535182,49.9945635081273,49.9945739343597,1295.42918454747,500.443307559038,326.210003615726,326.548588040334,-184.963179690258,325.174282308902,-140.211102560488,0.248865786422409,5.16069016162988,-5.40955594568359
0.733,682.619624269899,1705.18492822758,49.9945678856273,49.9945722277957,1294.69147091837,501.176050043551,326.210224929815,326.548514766086,-258.250188649411,301.021258786818,-42.7710700774619,-1.64782101639048,5.91613038441467,-4.26830936599789
0.734,682.322823883687,1705.4701427299,49.9945702474897,49.9945713199298,1293.62992717372,502.233377863941,326.210543392938,326.548409033304,-306.601925922664,247.554134338481,59.0477916558768,-3.38357138513297,6.09357044411591,-2.7099990571248
0.735,682.789999521313,1705.01346755616,49.9945665298241,49.994572773572,1292.52924674306,503.340866306265,326.210873597067,326.54829828446,-325.526018417467,170.11615472149,155.409863788255,-4.79037448149993,5.67669594347611,-0.886321460095219
0.736,684.019315859877,1703.78164090125,49.9945567472355,49.994576694598,1292.7633744564,503.132838597427,326.210803358753,326.548319087231,-311.585641104963,75.4270455483522,236.158595677253,-5.72585603332179,4.70069549096162,1.0251605444555
0.737,684.325117251545,1703.48025859971,49.9945543137454,49.9945776539277,1293.73783337154,502.135421059206,326.210511021079,326.548418828984,-268.307621632837,-25.846046214849,294.153668000945,-6.10139479488313,3.26785846930442,2.83353632806295
0.738,683.776263747863,1704.0426880177,49.9945586813828,49.9945758636593,1294.46048227508,501.413113434773,326.210294226408,326.548491059747,-198.256514756378,-124.938354845521,323.194869788311,-5.88123589979585,1.51430475311869,4.3669311496828
0.739,683.417610981686,1704.41686496592,49.9945615354508,49.994574672617,1294.56471527194,501.337592972844,326.210262956509,326.548498611793,-108.734386940304,-211.587523420072,320.32191057743,-5.08398896981148,-0.389619717040151,5.47360869045819
0.74,683.041853941521,1704.77276889165,49.9945645256303,49.9945735397397,1294.5385935071,501.349185987763,326.210270793038,326.548497452492,-8.77227479222222,-277.527699733064,286.299974767353,-3.7889987183059,-2.25231781352213,6.04131653605343
0.741,683.205175924109,1704.6304366026,49.9945632259553,49.9945739927974,1293.8997502195,501.973897461792,326.210462446025,326.548434981344,92.306703589615,-316.20423531606,223.897531985329,-2.12598258533782,-3.89554115392394,6.02152374406118
0.742,683.352761834695,1704.48514552128,49.9945620515039,49.9945744552733,1293.63618288197,502.266880975091,326.210541516226,326.548405682993,184.694093383721,-324.454723012237,139.760629894876,-0.251208737802032,-5.15923584458784,5.41044458766231
0.743,683.824020839147,1704.01039757529,49.9945583013439,49.9945759664429,1294.47493792283,501.422590883988,326.210289889714,326.548490112002,258.314416192455,-300.615753847045,42.3013379190606,1.64565052366861,-5.91589728816842,4.27024677010267
0.744,683.556427299548,1704.28291923083,49.9945604307857,49.9945750989795,1295.24374774216,500.65111782221,326.210059246768,326.548567259308,307.42165200416,-247.748290511776,-59.6733612397434,3.38271248357467,-6.09500221435733,2.71228973654542
0.745,682.829138715403,1705.02035109403,49.9945662183643,49.994572751661,1295.46629015171,500.438760153447,326.209992484045,326.548588495075,326.19983708293,-170.504793432486,-155.69504341766,4.78830777202243,-5.67710996583419,0.888802199548302
0.746,681.921222399074,1705.92826894634,49.9945734433328,49.9945698616687,1295.68511245288,500.22913217941,326.209926837355,326.548609457872,312.314521474252,-76.0593437688626,-236.255177499056,5.72506159702408,-4.70271062601106,-1.02235096548168
0.747,681.254440078408,1706.58846131079,49.9945787494179,49.9945677602112,1294.82843634237,501.077322376046,326.210183840188,326.548524638853,268.352813378302,25.477060935352,-293.829874137783,6.1014835374514,-3.26963798022987,-2.83184555205619
0.748,681.206039930429,1706.62344794546,49.9945791345741,49.9945676488453,1294.24363548173,501.659910105037,326.210359280446,326.54846638008,198.535499583611,124.496835966458,-323.032335405739,5.88047443762268,-1.51560274628098,-4.36487168666772
0.749,681.460051541624,1706.38247634132,49.9945771132139,49.9945684158817,1293.58456545057,502.342327553249,326.210557001455,326.548398138335,108.098644616612,211.773509487981,-319.87215399112,5.08441364153145,0.387835029909633,-5.47224866733973
0.75,681.832518779131,1706.00319232051,49.9945741492138,49.9945696231802,1293.2821090902,502.629207685675,326.210647738363,326.548369450322,8.25904775661429,278.128111130395,-286.387158802527,3.79068910944502,2.25096045616616,-6.04164956213307
0.751,682.251521116635,1705.58695971065,49.9945708148991,49.9945709480898,1292.92726366673,502.976640241982,326.21075419199,326.548334707066,-92.7112319947549,316.802991502443,-224.091759444251,2.12707478924952,3.89415837198056,-6.02123315836202
0.752,683.207855039405,1704.65508143937,49.9945632046356,49.9945739143504,1293.49566488471,502.428939280358,326.210583671625,326.548389477162,-184.905033752646,325.113184298224,-140.208150493386,0.252908458156447,5.15907337778654,-5.41198183360395
0.753,683.30033440441,1704.5563158019,49.9945624687082,49.9945742287312,1294.62045754085,501.297704069998,326.210246233828,326.548502600683,-258.241121476394,301.366718688537,-43.125597160083,-1.64342058350194,5.91493856807505,-4.27151798262508
0.754,682.495233161667,1705.37540361334,49.9945688755003,49.9945716214938,1295.97921142253,499.943422578786,326.209838607664,326.548638028832,-306.658942460238,247.575251218661,59.0836913044841,-3.38018440695083,6.09485049309761,-2.71466608440861
0.755,681.056919180507,1706.82108171064,49.9945803212393,49.9945670197574,1296.41574830638,499.507688935039,326.209707646598,326.548681602197,-325.664120762915,170.212162031356,155.451958814755,-4.78717137512159,5.67770992186682,-0.890538545016069
0.756,679.970426792114,1707.89624758706,49.994588967271,49.9945635973982,1295.62595855179,500.309686137547,326.209944583525,326.548601402477,-311.966145051333,75.9493089643091,236.016836198793,-5.72416699069653,4.70396506311006,1.02020192950922
0.757,679.084202865689,1708.78674263974,49.9945960196169,49.9945607628644,1295.12843605854,500.796315857583,326.210093840273,326.548552739505,-268.145704222702,-25.7143609745503,293.860065342815,-6.10117398610915,3.27166410367008,2.82950988474408
0.758,678.718524570186,1709.13285889838,49.9945989295923,49.9945596611421,1294.26528948481,501.666143875766,326.210352784245,326.548465756703,-198.569640701692,-124.89615077225,323.465791654475,-5.88125162596983,1.51772897622007,4.36352265258461
0.759,679.136329058525,1708.73343325104,49.9945956048099,49.9945609325534,1293.78361270865,502.162022082782,326.210497287278,326.548416168882,-109.022361081792,-211.421776350854,320.444137645494,-5.08626606484497,-0.3850448524659,5.47131092076766
0.76,679.795426469185,1708.06368360051,49.9945903598793,49.9945630644328,1293.21368477124,502.718146188138,326.210668265659,326.548360556472,-9.25897473626729,-277.631265187994,286.890240162339,-3.79290207414274,-2.24861480774259,6.04151688598148
0.761,680.821256761267,1707.03489872387,49.9945821965812,49.9945663391568,1293.03895827378,502.886794466134,326.210720683608,326.548343691644,92.0651619612892,-316.377642359065,224.31248065228,-2.128923241571,-3.89256780120475,6.0214910474582
0.762,681.948487477627,1705.931235918,49.9945732263642,49.9945698522246,1293.50294239379,502.444463265798,326.210581488372,326.548387924764,184.497675461585,-324.70687548451,140.209200283069,-0.255073531081127,-5.15776860033733,5.4128421365732
0.763,682.485282868921,1705.39442784937,49.9945689546822,49.9945715609377,1294.79705823165,501.14892146943,326.210193253621,326.548517478943,257.838868436635,-300.664773673082,42.8259054914175,1.64229872591126,-5.9150409401194,4.27274221967195
0.764,681.277907340456,1706.61313473521,49.9945785626714,49.9945676816732,1296.11315155894,499.826201900725,326.209798425623,326.5486497509,307.143370387176,-247.933200804809,-59.210169343258,3.37891353868794,-6.09468321126228,2.71576967815304
0.765,679.624261042226,1708.26074372748,49.9945917219705,49.9945624371709,1295.97559242733,499.969777091231,326.209839693362,326.548635393381,326.344943586985,-170.866423307282,-155.478520065687,4.78592991080219,-5.67826460488545,0.892334699568903
0.766,678.82727268434,1709.05694818756,49.9945980642023,49.9945599027734,1295.56369313144,500.397696980108,326.209963263151,326.548592601392,312.465462198995,-76.204879419922,-236.260582596773,5.72381663232169,-4.70482511951111,-1.01899150761864
0.767,678.126361058666,1709.74664104763,49.9946036418798,49.9945577074129,1294.80929529888,501.127253311118,326.210189582501,326.548519645759,268.714214444268,25.2600020512041,-293.974216348074,6.10119644332856,-3.27318200330261,-2.82801443529602
0.768,678.525599069896,1709.3394811198,49.9946004648447,49.9945590034432,1293.49871348049,502.440437524324,326.210582757046,326.548388327338,198.506261716686,124.343210612438,-322.849472216627,5.88187259315639,-1.5197416978316,-4.36213089118115
0.769,679.649955342717,1708.23238921505,49.9945915175018,49.9945625274261,1292.96619052933,502.994521474532,326.210742513932,326.548332918943,108.512240838406,211.310057881818,-319.822298640911,5.08729783110241,0.383091467624375,-5.47038929524017
0.77,680.565960834189,1707.3070151173,49.9945842281617,49.9945654729834,1292.97461971627,502.969748338155,326.210739985176,326.548335396257,8.73411427746703,277.644499998651,-286.37861422814,3.79412095365212,2.24655156340979,-6.04067251427372
0.771,680.916245774634,1706.95322640755,49.9945814406827,49.9945665991278,1293.25481454899,502.679695297042,326.210655926726,326.548364401561,-92.2339628945352,316.824169476105,-224.590206555903,2.13100496677799,3.89039752653996,-6.0214024912028
0.772,681.465580644301,1706.43679450577,49.9945770692147,49.9945682429816,1294.37940667738,501.583683313811,326.210318549087,326.548474002759,-184.58404347931,325.091801808803,-140.507758314597,0.257250821031271,5.15674077981044,-5.41399159930018
0.773,681.273287968623,1706.62888776071,49.9945785994312,49.9945676315298,1296.21959344786,499.743430618011,326.209766493056,326.548658028029,-257.925627566885,301.176356045173,-43.2507284618837,-1.63995562928544,5.91440320965594,-4.27444757924045
0.774,680.202669526716,1707.70380094786,49.994587119142,49.9945642099748,1297.10342684279,498.850057931695,326.209501343038,326.548747365297,-306.444784684843,247.880981650287,58.5638030644266,-3.37658575752139,6.09479534696418,-2.71820958851943
0.775,678.788008201851,1709.12769784006,49.9945983766592,49.9945596775703,1297.14314719819,498.824025006441,326.209489426931,326.54874996859,-325.532618735633,170.541302902156,154.991315887465,-4.78486206441923,5.67900391759198,-0.89414185222949
0.776,678.062401600764,1709.84780692762,49.994604150853,49.9945573853919,1296.36386406844,499.618865640907,326.20972321187,326.548670484526,-311.916610153075,75.8307349270335,236.085875312317,-5.72290060187097,4.70625508943672,1.01664551362138
0.777,677.660466303193,1710.25000662641,49.9946073493525,49.9945561051505,1295.76875943031,500.201216801661,326.209901743261,326.54861224941,-268.288185037164,-25.6235532860792,293.911738447011,-6.10141558068196,3.27507853478759,2.82633704752558
0.778,677.28555009333,1710.62457372101,49.9946103328409,49.9945549128664,1295.25028271833,500.716454557388,326.210057286275,326.548560725635,-198.807093758883,-124.516531228578,323.323625150022,-5.88301882104577,1.522065173238,4.36095365004011
0.779,677.408698506913,1710.50873731717,49.994609352857,49.9945552815851,1294.19955862725,501.786252315533,326.210372503502,326.548453745859,-109.154177374924,-211.290337807632,320.444515381469,-5.08834414435139,-0.380971876834243,5.46931602411781
0.78,677.680415936494,1710.21907194078,49.9946071905984,49.9945562036186,1293.28859141632,502.679799299332,326.210645793665,326.54836439116,-9.75812158687477,-277.083556117004,286.841677931187,-3.79622096803892,-2.24395286170152,6.04017383339188
0.781,678.277232961933,1709.62352678841,49.9946024412794,49.9945580992977,1293.33430339045,502.63086890863,326.210632080073,326.5483692842,92.1066866005209,-316.528384100129,224.421697745763,-2.13325258874326,-3.88870657123427,6.02195916429063
0.782,679.11607274066,1708.80239667556,49.9945957660045,49.994560713036,1293.39066934021,502.591122501697,326.210615170288,326.54837325884,184.337682560711,-324.678479347023,140.340797039416,-0.259223376709966,-5.15512838777825,5.41435176933836
0.783,679.650921125767,1708.23682969216,49.9945915098163,49.9945625132917,1293.58366800305,502.397816447472,326.210557270689,326.548392589446,257.779094002988,-300.629111833562,42.8500180778866,1.63820373437266,-5.91270845228475,4.27450472311643
0.784,679.70366926599,1708.20839657276,49.9945910900599,49.9945626037971,1294.09327530624,501.877788177462,326.210404388499,326.548444592273,307.094303727839,-247.91303441265,-59.1812690857127,3.3758156274734,-6.09553455319542,2.71971893106042
0.785,679.338744560606,1708.57393063097,49.9945939940385,49.994561440266,1294.37110174279,501.603875440607,326.210321040568,326.548471983546,326.193292035264,-171.103711095977,-155.089580737939,4.7833831257268,-5.67983584689758,0.8964527264088
0.786,679.070834338766,1708.84929336467,49.9945961260003,49.9945605637592,1294.91935726103,501.077702516882,326.210156563912,326.548524600839,312.539049270259,-76.5702795727497,-235.968769531845,5.72303832470607,-4.7081470563212,-1.01489126347295
0.787,679.119350420451,1708.79711833871,49.9945957399216,49.9945607298375,1295.076080814,500.899340551052,326.210109546846,326.548542437035,268.889050846868,24.7279819392253,-293.617032659964,6.10130695393927,-3.27696324665847,-2.82434370288763
0.788,678.512335534092,1709.3973351987,49.9946005703925,49.9945588192879,1295.14028277642,500.838081825252,326.210090286257,326.548548562908,198.931329137304,123.863331476597,-322.794660527559,5.88296307271291,-1.52359586082192,-4.35936720815992
0.789,678.213802678287,1709.73050878447,49.9946029460415,49.9945577587634,1295.42387496106,500.574973070147,326.210005208602,326.548574873783,108.926825291604,211.113463022228,-320.040288263439,5.09054142545426,0.378726393925615,-5.46926781639019
0.79,677.895653838611,1710.03107107511,49.9946054777896,49.994556802044,1295.42132941678,500.570119500461,326.210005972265,326.54857535914,9.16754677737629,277.645036206508,-286.812582961567,3.79760695782625,2.24289314442692,-6.0405001000068
0.791,677.521993375642,1710.40152990241,49.994608451285,49.9945556228369,1295.08446842704,500.893041746606,326.210107030562,326.548543066916,-92.5025343585932,316.756636758504,-224.254102395374,2.13503006145918,3.88706048030439,-6.02209054018904
0.792,677.68362859615,1710.25429624112,49.9946071650328,49.9945560914962,1294.10556795447,501.883062449047,326.210400700704,326.548444064846,-184.218146663393,324.979219249012,-140.761072586947,0.26201814980979,5.15364092549845,-5.41565907426832
0.793,677.990479900701,1709.92747571342,49.9946047231877,49.9945571317982,1293.61113459968,502.38057529452,326.21054903071,326.548394313561,-257.872307857778,301.17420723583,-43.3018993736616,-1.63596665692663,5.91281972572156,-4.27685306810419
0.794,678.699256363909,1709.21690601559,49.9945990829238,49.9945593936118,1293.74493967209,502.243127600447,326.210508889189,326.54840805833,-306.40071236672,248.006226036614,58.3944863521874,-3.37336030645545,6.0951150353013,-2.72175472828761
0.795,679.225811921251,1708.71090713059,49.9945948927279,49.9945610042563,1294.85988354373,501.128524826309,326.210174406027,326.548519518608,-325.743179458444,171.11119195886,154.631987549391,-4.78195006515402,5.68150962013432,-0.899559554322492
0.796,678.803274607432,1709.13245360595,49.994598255173,49.9945596624322,1295.75826685869,500.253181830728,326.209904891033,326.548607052907,-312.007501893453,76.2989986802137,235.708503297543,-5.72160131998917,4.70905816502015,1.01254315594577
0.797,678.134174371852,1709.80911556686,49.9946035797035,49.9945575085503,1295.95412698531,500.046168822595,326.209846132995,326.548627754208,-268.581597022232,-25.3230095836923,293.904606728733,-6.10162769983928,3.27832968293961,2.82329801838131
0.798,677.342097558146,1710.60018503278,49.9946098828505,49.994554990498,1295.65609274016,500.328063534392,326.209935543268,326.548599564737,-198.848489268835,-124.457514402908,323.306003833286,-5.88442852056227,1.52711746770452,4.35731105498307
0.799,676.770498336544,1711.18433014026,49.9946144314926,49.9945531311063,1295.52275932413,500.495143908551,326.209975543293,326.5485828567,-109.371578444215,-211.00252027876,320.374098920171,-5.09083984873484,-0.376400630604231,5.46724048218691
0.8,676.057612314545,1711.87680078579,49.9946201044593,49.9945509269038,1295.16421471861,500.83599090958,326.210083106675,326.548548771999,-9.45156312244083,-277.616066548839,287.067629897525,-3.79947812818269,-2.24014845668821,6.03962658845408
0.801,676.006949539562,1711.92496403601,49.9946205076208,49.9945507735954,1294.4244612317,501.578731300826,326.210305032721,326.54847449796,91.8281327856983,-316.22762749871,224.399494958744,-2.13626237833423,-3.88608558938281,6.0223479719773
0.802,676.281050836704,1711.66685487305,49.994618326392,49.9945515951824,1293.68993777451,502.322263844207,326.210525389758,326.548400144706,184.120194723972,-324.47715018613,140.356955715407,-0.263277177158152,-5.15319807768026,5.41647525965121
0.803,677.383433961423,1710.53671037061,49.9946095539058,49.9945551925441,1293.10999902607,502.903211950792,326.210699371383,326.548342049895,257.679607387266,-300.701263597954,43.0216564565879,1.63456982663095,-5.91214310372782,4.27757328226891
0.804,678.68572848456,1709.24480404511,49.9945991905753,49.9945593048096,1293.17452236774,502.831796650263,326.21068001438,326.548349191425,307.066117359495,-248.350250972987,-58.7158661599919,3.37273005973464,-6.09563891265106,2.72290885821295
0.805,679.320771424766,1708.63248345953,49.9945941370641,49.9945612538866,1294.38764929759,501.610605936666,326.210316076301,326.548471310497,326.094033763358,-170.906457407519,-155.187576158526,4.78071790885709,-5.68232957373512,0.901611670057794
0.806,678.916447615053,1709.03083518785,49.9945973545708,49.9945599858937,1295.49695273623,500.519710550134,326.20998328527,326.548580400035,312.306980442032,-76.4548646838218,-235.852115597239,5.72050692333817,-4.71068496096543,-1.00982195753627
0.807,677.990213124881,1709.96571501793,49.9946047253107,49.9945570100788,1296.07247490691,499.937031362206,326.209810628618,326.548638667954,268.534700682058,25.0130719094564,-293.54777247041,6.10121571890911,-3.28023708545736,-2.82097862914962
0.808,677.134593675588,1710.80593359549,49.9946115341139,49.9945543355799,1295.87167155865,500.12767469617,326.209870869623,326.548619603621,198.603296003936,124.026155306701,-322.629451229251,5.88408128725444,-1.528171595298,-4.35590968832725
0.809,676.742878274946,1711.21854759939,49.994614651286,49.9945530221888,1295.01581346028,501.001623754791,326.210127627052,326.548532208715,108.802395042937,210.9130406828,-319.715435679542,5.09235522300286,0.374295313531086,-5.46665053364964
0.81,676.739227101929,1711.18704045877,49.9946146803411,49.9945531224791,1294.4397480031,501.563225257773,326.210300446689,326.548476048565,9.32712571018257,277.343983712471,-286.671109403463,3.80055286352856,2.23783974772167,-6.03839260910384
0.811,676.556948419204,1711.38813274524,49.9946161308688,49.9945524823825,1294.37226829541,501.637385675121,326.210320690602,326.548468632523,-92.2336948328391,316.794988927708,-224.561294092217,2.13849116993358,3.88480051000584,-6.02329167845104
0.812,676.765790306291,1711.20216614161,49.9946144689579,49.9945530743326,1294.58575441015,501.437573325544,326.210256644767,326.548488613758,-184.051665373973,325.204498402341,-141.152833030373,0.265587305657777,5.15266864678636,-5.41825595147076
0.813,677.03964707888,1710.90403971304,49.9946122896749,49.9945540232985,1294.37938492359,501.63706349659,326.210318555613,326.548468664741,-257.521483267253,301.209402429741,-43.6879191562521,-1.63213417561352,5.9117279157151,-4.27959373944855
0.814,677.324152765032,1710.62636577796,49.9946100256506,49.9945549071621,1293.96960121654,502.042786872559,326.210441490725,326.548428092403,-306.392520116061,248.345252258857,58.0472678835214,-3.37049822702771,6.0958491799406,-2.72535095235226
0.815,678.154667846538,1709.80231140129,49.9946034166216,49.9945575302086,1294.07432153142,501.942156910599,326.210410074631,326.548438155399,-325.698256691276,171.06088236752,154.63737438002,-4.779845559576,5.68302512180114,-0.903179561519544
0.816,678.718999341348,1709.23147660977,49.9945989258142,49.9945593472322,1294.64647596569,501.393577857936,326.210238428301,326.548493013305,-311.725493544659,76.2695988800361,235.455894758147,-5.71969926412371,4.71110829118357,1.00859097401401
0.817,678.298689843042,1709.65291542816,49.9946022705309,49.9945580057508,1295.667013643,500.351848144572,326.209932266997,326.548597186276,-268.790252679898,-25.2934570928418,294.083709907056,-6.10061507595858,3.28150449316139,2.81911058442945
0.818,677.34877746194,1710.61396040767,49.9946098296935,49.9945549466496,1296.19829566941,499.815732324316,326.20977288239,326.548650797858,-198.913879304372,-124.290622095948,323.204501574755,-5.88536492369837,1.53024711891013,4.35511780711417
0.819,676.599400868935,1711.37217425392,49.9946157930429,49.99455253318,1296.09437798766,499.946067174485,326.209804057694,326.548637764373,-109.420730840146,-211.0743907794,320.495121830282,-5.09284156566641,-0.373090138577379,5.46593170733165
0.82,675.718552734831,1712.22942442396,49.9946228026097,49.9945498044679,1295.28748520543,500.73489005645,326.210046125529,326.548558882085,-9.60268959975813,-277.528459622482,287.131149463607,-3.80176058637304,-2.23703131641059,6.03879190664231
0.821,675.618673827491,1712.33183006272,49.9946235974208,49.9945494785006,1294.7985519773,501.211988610593,326.210192805497,326.548511172229,91.5660332575105,-316.168642543657,224.602609548,-2.14130684939784,-3.88200148481337,6.02330833877996
0.822,675.731522550991,1712.24084319218,49.9946226993992,49.9945497681208,1294.8503261444,501.189821013973,326.210177273247,326.548513388989,183.938160352102,-324.651818713608,140.713658632395,-0.267114950853648,-5.15129933274526,5.41841428874992
0.823,675.992810538179,1711.95815799588,49.9946206201354,49.9945506679358,1294.41913879701,501.614004472797,326.210306629451,326.548470970643,257.600656983391,-300.921461190658,43.3208044750994,1.63033484942154,-5.91123384758158,4.28089900371511
0.824,676.346878381931,1711.61116768509,49.994617802553,49.9945517724402,1293.99953705447,502.030472983514,326.210432509974,326.548429323792,307.160438758918,-248.409898109769,-58.7505403966339,3.36932667342786,-6.09596027765887,2.7266336099736
0.825,676.96384897396,1710.99799250037,49.9946128928571,49.9945537242375,1293.9248174422,502.101572178772,326.210454925858,326.548422213873,326.080846784062,-171.06220987127,-155.018636686953,4.77803844731363,-5.68322329261787,0.905184850998368
0.826,677.882303252898,1710.07758644995,49.9946055840301,49.9945566539809,1294.00523452894,502.034842662152,326.210430800732,326.548428886824,312.566302025215,-76.8043539484293,-235.761947886126,5.71967873116655,-4.71315273907463,-1.00652598668265
0.827,678.300342972049,1709.65846678257,49.9946022573758,49.9945579880803,1293.91283561678,502.11662770474,326.210458520405,326.54842070832,269.084408314107,24.342426254472,-293.42683441815,6.10094893751452,-3.28344823210425,-2.81750070049413
0.828,679.416368318778,1708.55169579996,49.9945933763282,49.9945615110417,1294.51185821046,501.505017218843,326.210278813627,326.548481869369,198.939425824776,123.556925511125,-322.496351226705,5.88637274761978,-1.53306367689905,-4.35330906645841
0.829,679.175464176223,1708.80656763346,49.9945952933825,49.9945606997595,1295.44442061213,500.600847557767,326.209999044907,326.548572286335,109.358445879202,210.730036784671,-320.088482593398,5.09406724888311,0.370392798381135,-5.4644600437548
0.83,678.156720342256,1709.81341527738,49.9946034002883,49.9945574948639,1296.36601490061,499.66188863146,326.20972256662,326.548666182227,9.55608472002181,277.040408430821,-286.596493112407,3.80437732158196,2.2342686070374,-6.03864592588841
0.831,676.99058105019,1710.9806646897,49.99461268013,49.9945537793936,1296.44902675474,499.577449008385,326.209697663064,326.54867462619,-91.7889042290977,316.610563839619,-224.821659594228,2.14244447394196,3.88090096181055,-6.02334543374937
0.832,675.866172490628,1712.11949420851,49.994621627889,49.9945501543867,1296.28484755421,499.749099734697,326.209746916824,326.548657461117,-183.900451125461,325.164940171429,-141.264489039859,0.270212961772829,5.14888774279478,-5.4191007031704
0.833,675.043910571443,1712.91428013096,49.9946281712414,49.9945476245045,1294.87767309826,501.148549769408,326.210169069161,326.548517516113,-257.580478517313,301.285622905621,-43.7051443794007,-1.62771077932017,5.91016281334181,-4.28245203304904
0.834,675.143971429852,1712.81373075467,49.9946273749824,49.9945479445631,1293.05404050672,502.968464071326,326.210716158938,326.548335524683,-306.655711654399,248.560889999525,58.094821679076,-3.36704121431993,6.0960844094359,-2.72904319434557
0.835,676.533676880506,1711.4259799332,49.9946163160578,49.9945523619112,1292.53345864252,503.495972353161,326.210872333498,326.548282773855,-325.506884836716,171.225967113413,154.2809177744,-4.77710737740644,5.68433436770145,-0.907226989484028
0.836,677.753702588383,1710.21171288144,49.9946066074017,49.9945562270432,1293.31916806608,502.725955288962,326.210636620671,326.548359775561,-312.018753581937,76.4178019391393,235.60095172994,-5.71903055963387,4.71466587074284,1.00436468998635
0.837,678.529819631518,1709.42974944735,49.9946004312585,49.9945587161101,1293.39784105373,502.62574522134,326.210613018774,326.548369796568,-269.28378820616,-24.7577695511187,294.041557885795,-6.10121375837182,3.28557663301384,2.81563712695431
0.838,679.452197489283,1708.51872431435,49.9945930912087,49.9945616159932,1294.14840429356,501.880783463589,326.210387849802,326.548444292744,-199.152453575688,-123.894106312865,323.046560059656,-5.88671495044212,1.53432380486356,4.35239114784408
0.839,679.685135082238,1708.3133472029,49.9945912375503,49.9945622697289,1295.68743467697,500.364643560982,326.209926140687,326.548595906734,-109.777858143123,-210.842599337755,320.620457691537,-5.09614485408185,-0.368416314311484,5.46456117142992
0.84,678.357653057014,1709.63433561561,49.9946018013166,49.9945580648922,1297.01095712178,499.021087759413,326.209529083954,326.548730262314,-10.3435740607037,-276.897059083899,287.240633388061,-3.80610636142428,-2.23236584921936,6.03847221447808
0.841,676.338392546103,1711.65843255256,49.9946178700812,49.9945516219915,1297.20843645742,498.817452576029,326.209469840153,326.548750625833,91.4149291318376,-316.202064547452,224.787135681641,-2.14504332350283,-3.87882249790762,6.0238658259903
0.842,674.88759599144,1713.11109224112,49.9946294151533,49.9945469980321,1295.9203214195,500.125965460631,326.209856274665,326.548619774544,183.758108514222,-324.624671137371,140.866562899491,-0.271637394494302,-5.14841326444807,5.42005066414166
0.843,674.476320827401,1713.50291947596,49.9946326879771,49.9945457508073,1294.55740753865,501.485292532241,326.210265148829,326.548483841837,257.430501194358,-300.954843159011,43.5243422386269,1.62623625075986,-5.91025489412297,4.28401864899794
0.844,674.907395797385,1713.06425986803,49.9946292575915,49.9945471471042,1293.08363558352,502.953385045055,326.210707280415,326.548337032586,306.948440124615,-248.457532308531,-58.4909075570534,3.36556503941752,-6.09574699839624,2.73018196482578
0.845,676.262208050132,1711.71061292738,49.9946184763381,49.9945514558962,1291.89647768645,504.137215109607,326.211063427784,326.548218649579,325.894808673597,-171.423568436182,-154.471240004733,4.77576286200612,-5.68478246063966,0.90901960444922
0.846,678.489789913423,1709.47439875679,49.9946007498049,49.994558573987,1291.84748622041,504.199594954111,326.211078125224,326.548212411595,312.500362928906,-77.1146925257641,-235.38567020533,5.71802617316175,-4.71578870877709,-1.00223745883992
0.847,680.13073827276,1707.83674885598,49.9945876915528,49.9945637867885,1293.06751630926,502.972926500708,326.210712116198,326.54833507844,268.920914831321,24.4046132744895,-293.325527948248,6.10050412827937,-3.28641836765795,-2.81408575555977
0.848,679.972591181708,1708.01451821788,49.9945889500473,49.9945632209311,1295.15421241574,500.873212174873,326.210086107366,326.548545049873,199.152234469909,123.489325012602,-322.641559366452,5.88726285925067,-1.53664256784367,-4.35062028699504
0.849,678.925163800859,1709.08455257737,49.9945972852096,49.9945598149059,1296.89250704945,499.15447362442,326.209564618976,326.548716923728,109.51561989078,210.592345124447,-320.107964935165,5.09699707541837,0.366264759108045,-5.46326183085372
0.85,677.273587603566,1710.72275339656,49.9946104280354,49.9945546003508,1297.04834592801,498.978813251148,326.209517867312,326.548734489765,9.56509248091416,277.302085552176,-286.86717798156,3.80782660546378,2.23049776969163,-6.03832437222618
0.851,675.970861081759,1712.01321112462,49.9946207948036,49.9945504926962,1296.38485656433,499.640163388692,326.209716914121,326.548668354751,-91.6452628730836,316.703672331007,-225.058409425008,2.146374292046,3.87748933252668,-6.02386362231925
0.852,675.30250048954,1712.69716742155,49.9946261134482,49.9945483155957,1295.27608047223,500.763478736192,326.210049546949,326.548556023217,-183.841291057024,325.283345598968,-141.442054516296,0.274203911632634,5.14698823974706,-5.42119214967165
0.853,675.692542413541,1712.27943048465,49.9946230095932,49.9945496452937,1294.13446456053,501.903785208388,326.210392031722,326.54844199257,-257.187082117064,301.463447751305,-44.2763656044982,-1.62412194024018,5.90955902834717,-4.28543708676679
0.854,676.740532300458,1711.24326554247,49.9946146699547,49.9945529435091,1293.52556270468,502.504213754901,326.210574702279,326.548381949715,-306.331228434584,248.32513902997,58.0060894502008,-3.36303761807573,6.09626357557679,-2.73322595631882
0.855,677.315841719612,1710.6765607623,49.9946100917878,49.9945547473865,1293.77608426846,502.262474108051,326.21049954581,326.54840612368,-325.626470082629,171.429791040303,154.196679113492,-4.77440814594356,5.68583609119626,-0.911427944004171
0.856,677.6876802905,1710.2987681662,49.9946071327905,49.9945559499377,1293.86715982583,502.18188957683,326.210472223143,326.548414182133,-312.086068688845,76.8491793775418,235.236889415669,-5.71719147022098,4.71718887576237,1.00000259599072
0.857,677.574510829607,1710.40685982313,49.9946080333644,49.9945556058712,1293.87163662032,502.160849691486,326.210470880104,326.548416286121,-268.88371274576,-24.9931703116396,293.87688319964,-6.10007292257608,3.28898960489113,2.81108331969214
0.858,677.582925854198,1710.39490346257,49.9946079663998,49.9945556439295,1294.35013703758,501.679305754445,326.210327329979,326.548464440515,-199.419484430572,-123.904208644927,323.323693256322,-5.88707383088783,1.53858615672638,4.34848767678967
0.859,677.826537297236,1710.16457354082,49.9946060278015,49.9945563770924,1294.28568110277,501.767792295859,326.21034666676,326.548455591861,-110.213430191779,-210.415169460198,320.628599868499,-5.09734334095327,-0.364846868632173,5.46219021292021
0.86,678.152777285515,1709.82827266101,49.9946034316662,49.9945574475714,1294.11376215812,501.925366126644,326.210398242443,326.548439834478,-10.3191219608009,-276.743232138725,287.062354345252,-3.80886752044161,-2.22940620345342,6.03827372795548
0.861,678.483529831798,1709.49899504255,49.994600799621,49.9945584956946,1294.34228374027,501.694186014055,326.210329685968,326.548462952489,90.9824797265325,-316.299561099872,225.317081638895,-2.14786606706225,-3.87681854867469,6.02468462046915
0.862,678.725184864668,1709.27781038018,49.9945988765914,49.9945591997472,1294.79505139856,501.248090214892,326.210193855671,326.548507562069,183.406156915503,-324.573808473925,141.167651832187,-0.276321200181202,-5.14624050403196,5.42256170949786
0.863,678.554970337355,1709.44137654487,49.9946002311156,49.9945586790999,1295.33725561581,500.709999680997,326.210031194406,326.548561371122,257.621846640846,-301.023636123926,43.4017897530255,1.62184929996903,-5.90939738555212,4.28754809124506
0.864,677.761374290382,1710.22724369834,49.9946065463522,49.9945561776071,1295.69255181181,500.350542298593,326.209924605547,326.548597316861,307.00314522403,-248.779207813309,-58.2239371560549,3.36198643802875,-6.09561758796886,2.73363115577009
0.865,677.125449152284,1710.87089077713,49.9946116068837,49.9945541288148,1295.44304599847,500.598475653892,326.209999457291,326.548572523525,326.183694189715,-171.906638246475,-154.277055714245,4.77293606099257,-5.68617326576947,0.91323721054908
0.866,677.009354650834,1710.98091012353,49.9946125307344,49.9945537786124,1294.76411955054,501.292991449816,326.210203135225,326.548503071945,312.495595328375,-77.1131072896,-235.3824878438,5.71644877339664,-4.71811752802658,-0.998331239878588
0.867,677.158430514472,1710.82746058973,49.9946113444264,49.9945542670574,1293.8463975829,502.188426271463,326.210478451816,326.548413528463,269.22510664587,24.0563510098199,-293.281457499693,6.10066343122049,-3.29072720434094,-2.80993622186897
0.868,677.806553459673,1710.17628460957,49.9946061868278,49.9945563398149,1293.46577420651,502.569534698855,326.210592638828,326.54837541762,199.239260200033,123.40053102248,-322.639791106404,5.88806755632024,-1.54044740850655,-4.34762014343806
0.869,678.577248532598,1709.4294045908,49.9946000538313,49.9945587172079,1293.98069666109,502.075696551755,326.210438162092,326.548424801435,109.842487862522,210.27573178164,-320.118219566929,5.09962948375231,0.362002784577042,-5.4616322646859
0.87,678.552014572695,1709.44765932824,49.9946002546368,49.9945586591012,1294.98157965728,501.063929902876,326.210137897193,326.5485259781,9.74005416527763,277.230898673893,-286.970952797781,3.81087120218864,2.22680068088236,-6.03767188021521
0.871,677.479638842717,1710.52008469518,49.9946087883317,49.9945552454653,1295.44471112323,500.593773528797,326.209998957753,326.548572993738,-91.4596975884998,316.432877604445,-224.973180000732,2.15033361644046,3.87452777831532,-6.02486139266579
0.872,676.757665583778,1711.24666015201,49.9946145336123,49.9945529327037,1295.05320011145,500.993346120719,326.210116411057,326.548533036478,-183.527486578384,325.466100972656,-141.938614393004,0.278044647235919,5.145058590679,-5.42310323648738
0.873,676.580193632006,1711.41350650455,49.9946159458893,49.9945524016153,1294.22562096548,501.824619592277,326.210364684801,326.548449909131,-257.121550979723,301.584023549727,-44.4624725681135,-1.62059573393325,5.90932100257465,-4.28872526769972
0.874,676.728695051767,1711.24926644816,49.9946147641525,49.9945529244076,1293.48929210923,502.545646975117,326.210585583458,326.548377806393,-306.342834107855,248.579836951688,57.762997172343,-3.3593696247039,6.09541921269288,-2.73604958730223
0.875,677.652762198248,1710.33074775186,49.9946074106598,49.9945558481435,1292.68735131394,503.35128830138,326.210826165696,326.54829724226,-325.875498026945,171.720912812012,154.154585257574,-4.77188886612373,5.68683833125545,-0.914949464443902
0.876,678.681359981315,1709.31399624175,49.9945992253387,49.994559084564,1292.81620312077,503.245185966223,326.210787510154,326.548307852494,-312.027491749488,76.9818656160657,235.045626212339,-5.71655124389398,4.72000447909907,0.996546765739985
0.877,679.382640065812,1708.6099205574,49.9945936447291,49.9945613257065,1293.85684851608,502.187293102892,326.210475316536,326.54841364178,-269.01595496516,-24.4907724815951,293.506727568128,-6.10052227252838,3.2925511606935,2.80797111326949
0.878,679.386423162299,1708.61516256784,49.9945936146242,49.9945613090207,1295.23115130373,500.804764709994,326.210063025699,326.548551894619,-199.630473959309,-123.422809825355,323.053283950328,-5.8887301350208,1.54296740126137,4.34576273586689
0.879,678.729398908922,1709.2896933598,49.9945988430571,49.9945591619225,1295.93910261786,500.119992355169,326.209850640305,326.548620371855,-110.009131767569,-210.594992055989,320.604124030262,-5.09989040733868,-0.360237192048646,5.46012760228394
0.88,677.773279692667,1710.22506337293,49.9946064516121,49.9945561845473,1295.69933569878,500.348032735438,326.209922570381,326.548597567817,-10.5132852649975,-276.629843779168,287.143129283203,-3.81193214239224,-2.22496075303066,6.03689289913233
0.881,677.152153918655,1710.84858238725,49.9946113943739,49.9945541998246,1295.2026388246,500.838786030237,326.210071579443,326.548548492487,90.5635310388717,-315.889259495914,225.325728717342,-2.15202893017376,-3.87367199689266,6.02570093152373
0.882,676.951536709615,1711.06072204538,49.994612990835,49.9945535245631,1294.62678416968,501.425313984569,326.210244335839,326.548489839692,183.26651477709,-324.754983547503,141.488469038733,-0.280350650894555,-5.14391923950898,5.42426989546756
0.883,677.233771585047,1710.7516588604,49.9946107448812,49.9945545083418,1293.6586650029,502.391629729151,326.210534771589,326.548393208117,257.549226547728,-301.111456429014,43.5622301432281,1.61822153999922,-5.90793877547462,4.28971724094067
0.884,677.950785618125,1710.0307422269,49.9946050390648,49.9945568030907,1292.80604876096,503.230147043084,326.210790556462,326.548309356386,306.489958401393,-248.732029762417,-57.7579283970015,3.35779470894555,-6.09583344302992,2.73803873970335
0.885,679.114417118188,1708.88243836923,49.9945957791795,49.9945604582554,1293.17286211844,502.874486076388,326.210680512455,326.548344922483,325.865978180018,-171.820546122089,-154.045431847515,4.77115742852835,-5.68821552829597,0.91705810527542
0.886,679.877933399047,1708.12396038682,49.99458970331,49.9945628725658,1293.78622275514,502.277232466886,326.210496504264,326.548404647844,312.689356084544,-77.854664200256,-234.834691713808,5.71567571896615,-4.72141683551594,-0.99425887830684
0.887,679.898631462017,1708.10470756204,49.9945895386001,49.9945629338495,1295.24279497176,500.801702901276,326.210059532599,326.5485522008,269.327731561384,23.4850589013118,-292.812790336257,6.10077138148622,-3.29484004568406,-2.80593133123835
0.888,679.249428586585,1708.76232837429,49.9945947047924,49.9945608405774,1296.45526216552,499.585092636129,326.209695792441,326.548673861827,199.398748162985,123.072606278279,-322.471354359125,5.88924769069529,-1.54478129355074,-4.34446639331918
0.889,677.9531896914,1710.06456477219,49.9946050199338,49.9945566954302,1296.65307579791,499.410656902657,326.209636448351,326.5486913054,109.692516047596,210.411057676243,-320.103573682459,5.10069462994615,0.358014433066304,-5.45870906001488
0.89,677.094362558297,1710.91246588683,49.994611854263,49.9945539964771,1295.94256062233,500.103860011465,326.209849602904,326.548621985089,9.90466673820619,277.201792133702,-287.106458863404,3.81375434270763,2.22351298056248,-6.03726732111383
0.891,676.576859142044,1711.41687443158,49.9946159724243,49.9945523908949,1294.68471576183,501.349770324713,326.210226956362,326.548497394058,-91.0501113293957,316.646322266024,-225.596210949686,2.15450699106038,3.87079638050864,-6.02530337018338
0.892,676.963430840137,1711.04936872804,49.9946128961845,49.9945535607019,1293.92249158857,502.139663380726,326.210455623614,326.548418404752,-183.723708376709,325.309352886205,-141.585644530402,0.28156652178247,5.14326510693046,-5.42483162794945
0.893,677.894799554084,1710.0910177202,49.9946054845877,49.9945566112279,1293.17807498994,502.881735333384,326.210678948593,326.548344197557,-256.99470718898,301.648772261466,-44.6540650869869,-1.61675251242348,5.90740806207286,-4.29065554929739
0.894,679.043024408074,1708.95438307602,49.9945963473047,49.9945602292483,1293.49460820277,502.556017543704,326.21058398863,326.548376769336,-306.118104492512,248.865950142783,57.2521543551702,-3.35686972208234,6.09693015777363,-2.74006043549935
0.895,679.618512644468,1708.39482254984,49.9945917677148,49.9945620103848,1294.02603900866,502.024935709254,326.210424559388,326.548429877519,-325.388168506591,171.652568123077,153.735600420317,-4.76915892089668,5.6888203889383,-0.919661467744063
0.896,679.488244844531,1708.52171284694,49.994592804353,49.9945616064804,1294.72835904892,501.333571451714,326.210213863376,326.548499013945,-312.166858655394,77.287504873849,234.879353858051,-5.71411368609443,4.72240710371104,0.991706583041452
0.897,678.871052467991,1709.13666153866,49.9945977158139,49.9945596490379,1294.94270520433,501.101072887742,326.210149559529,326.548522263802,-269.354905442091,-24.3464319992476,293.701337562239,-6.10017885174441,3.29613587180452,2.80404298117467
0.898,678.421020761117,1709.57956063831,49.9946012970524,49.9945582392463,1294.36156662361,501.673079645374,326.210323901103,326.548465063126,-199.581410593453,-123.471469613913,323.052880373405,-5.88924648828034,1.54658813365032,4.34265835660628
0.899,678.668094679384,1709.34845472427,49.9945993309007,49.9945589748793,1294.08468581274,501.973463366682,326.210406965347,326.548435024754,-110.77011811818,-210.091705300678,320.861823626602,-5.1030182042674,-0.355622875419078,5.45864108250018
0.9,679.363722736072,1708.64062271335,49.9945937952685,49.9945612279786,1294.34532509206,501.707464956833,326.210328773563,326.548461624595,-10.6033654757264,-276.791927176251,287.395292893957,-3.81553467240441,-2.22166487529426,6.03719955136886
0.901,679.790125724069,1708.20923090205,49.9945904020613,49.9945626011413,1294.40248531824,501.64022301126,326.210311625495,326.548468348789,90.5117283946235,-316.056701933632,225.544973804687,-2.15586623096181,-3.86998530251676,6.02585153794283
0.902,679.561705088638,1708.47201567359,49.994592219775,49.9945617646714,1294.56875651766,501.482330579616,326.210261744135,326.548484138032,182.993338626582,-324.651116440399,141.657778090522,-0.285209458367966,-5.14188924212801,5.42709870561885
0.903,679.453830919055,1708.54967812687,49.9945930782103,49.9945615174642,1295.08616277094,500.977921791842,326.210106522259,326.548534578911,257.158543482163,-301.244103804662,44.0855605969471,1.61397408058085,-5.90696076746783,4.29298669247475
0.904,678.403811980135,1709.6151852482,49.9946014339955,49.9945581258497,1295.52141140401,500.518093796547,326.209975947669,326.548580561711,306.343700971296,-248.703911297381,-57.6397894150219,3.35394541185468,-6.09660556409647,2.7426601580596
0.905,677.383066766066,1710.62746365566,49.9946095568279,49.9945549036674,1294.93044138482,501.127759865871,326.210153238675,326.548519595104,326.121737838244,-172.071499210192,-154.050238397241,4.76796607781181,-5.68877062903957,0.920804557017843
0.906,677.370872014271,1710.63895592369,49.9946096538706,49.9945548670864,1294.33115699797,501.732728802381,326.210333023991,326.54845909821,312.768959817802,-77.5674330454876,-235.201526578941,5.71371473376126,-4.72398945404702,-0.989725274209872
0.907,678.391877272906,1709.61421735145,49.9946015289689,49.9945581289306,1293.18313662639,502.861656854972,326.210677430102,326.548346205405,269.159973368921,23.6758036983933,-292.835776917339,6.10054452619609,-3.29818043376067,-2.80236408744623
0.908,679.446428813977,1708.54879187793,49.9945931371144,49.9945615202852,1292.73391048956,503.30834274696,326.210812197944,326.548301536816,199.634505846156,122.757638820348,-322.392144561763,5.8898493239393,-1.54842015287101,-4.34142916677657
0.909,680.288544879851,1707.72606967705,49.9945864357677,49.9945641390913,1293.41726700086,502.647824832528,326.21060719099,326.548367588607,110.153311215634,210.047892960212,-320.201204113606,5.10363295568888,0.353885084138333,-5.45751803634844
0.91,680.037322040013,1707.96488341782,49.9945884349355,49.9945633789235,1294.58782265747,501.465575278749,326.210256024293,326.548485813563,10.1499887070425,276.774999494053,-286.924988174666,3.81656345765089,2.21927795878646,-6.03584141380909
0.911,679.54973939748,1708.45619308621,49.9945923149949,49.9945618150363,1294.75252605513,501.290345560577,326.210206613274,326.548503336534,-91.2223579535484,316.527381744094,-225.305023789105,2.15787763448587,3.86861806572369,-6.02649569838341
0.912,679.399496624144,1708.61775224744,49.9945935105889,49.9945613007775,1294.40326253523,501.655084976824,326.21031139233,326.548466862593,-183.078318207535,325.093065112382,-142.014746915653,0.28598879729973,5.14073402270195,-5.42672281885173
0.913,679.473358579631,1708.52995596733,49.9945929228141,49.9945615802417,1294.1701420949,501.886669580725,326.210381328462,326.548443704132,-257.065612299675,301.830106702151,-44.7644944109284,-1.61273534677809,5.90694406877463,-4.29420872132729
0.914,679.165474061341,1708.8310648974,49.9945953728813,49.9945606217823,1293.64289301732,502.395536778753,326.210539503185,326.548392817412,-306.324588053821,248.906649768555,57.417938293503,-3.35236808319072,6.09617210292159,-2.74380401929633
0.915,679.330266700283,1708.67480190507,49.9945940615031,49.9945611191828,1293.1460224644,502.893702434921,326.210688564351,326.548343000847,-325.789901418675,172.12602002903,153.663881426826,-4.76653362019457,5.69052719424225,-0.923993573579006
0.916,679.828496274138,1708.17436071057,49.9945900967182,49.9945627121366,1293.03027223464,503.031398452182,326.21072328942,326.548329231245,-312.326436497941,77.6310046378317,234.695431935115,-5.71308977124539,4.7251225510651,0.987967220944362
0.917,680.615261173087,1707.38208315366,49.994583835842,49.9945652340344,1293.12708131416,502.922833215661,326.210694246696,326.548340087769,-269.111937331447,-24.3060186693332,293.417956119776,-6.10015397309777,3.29922362529069,2.80093034909769
0.918,680.735207555928,1707.26805009836,49.994582881339,49.9945655970129,1293.97387421348,502.069711801569,326.210440208826,326.54842539991,-199.842239424321,-123.216349909364,323.058589498549,-5.89063683506994,1.55034354049255,4.34029329657746
0.919,680.308328809229,1707.7148646971,49.9945862783322,49.9945641747578,1294.60916054614,501.458011043231,326.210249622927,326.548486569986,-110.65710715799,-210.307939360313,320.965046725998,-5.10476791767501,-0.352477512406727,5.45724543290706
0.92,680.137071748959,1707.88051731855,49.9945876411526,49.9945636474692,1294.77059848808,501.280732923699,326.210201191544,326.548504297798,-10.9213038517093,-276.584786298533,287.506090393218,-3.81913728884649,-2.21751718739415,6.03665447992222
0.921,679.543442148168,1708.47076157473,49.9945923651068,49.9945617686634,1294.97888738986,501.067876826855,326.210138704873,326.548525583408,90.4013302364275,-315.8957123294,225.494382360182,-2.16030255617472,-3.86660890292945,6.02691146358598
0.922,679.152863483467,1708.87388716397,49.9945954732331,49.9945604854747,1294.66083684585,501.395910862082,326.210234120037,326.548492780004,183.106035125172,-324.731431783494,141.625396936832,-0.288495217375526,-5.13934330546726,5.42783852799059
0.923,679.137255443996,1708.86165395703,49.9945955974379,49.9945605244143,1294.24542111933,501.825031599669,326.210358744755,326.54844986793,257.334567302826,-301.493352841295,44.1587858172471,1.61054919807345,-5.90562278624321,4.29507359379846
0.924,679.35134033323,1708.65910539355,49.9945938938045,49.9945611691464,1294.07712677238,501.980149681394,326.210409233059,326.548434356122,306.8214516209,-249.288067306767,-57.5333840486109,3.35215186565622,-6.09708956916275,2.74493770939687
0.925,679.864267585995,1708.15976091071,49.9945898120591,49.9945627586092,1293.4827050207,502.567323821738,326.210587559584,326.548375638708,326.06046409599,-172.198816920711,-153.861646935421,4.76527287208205,-5.69156738748336,0.92629452130391
0.926,680.517324773225,1707.49794031135,49.9945846151951,49.9945648652496,1293.70274245093,502.378699498362,326.210521548355,326.548394501141,312.723277564226,-77.6089411416526,-235.114336218101,5.71223083666397,-4.72595222519486,-0.98627860580778
0.927,680.666967915585,1707.3459848414,49.9945834243728,49.9945653489389,1294.49710549946,501.560951936766,326.210283239441,326.548476275897,269.728059616856,22.921686105884,-292.649745560259,6.09987738809209,-3.30091898572338,-2.7989583971805
0.928,680.462946024161,1707.54924594537,49.9945850479275,49.9945647019387,1294.75564855111,501.288931719146,326.210205676525,326.548503477918,199.793453457962,122.797651204326,-322.591104543886,5.89113256937474,-1.55272476782717,-4.33840779701802
0.929,680.067181109543,1707.96220081958,49.9945881973246,49.9945633874625,1295.14951188604,500.923532864344,326.210087517525,326.548540017804,110.042961888036,210.239913816158,-320.282875627893,5.10557132914222,0.349942346939869,-5.4555136723342
0.93,679.681893570504,1708.32611132401,49.9945912633454,49.9945622290994,1294.91240738429,501.148851574416,326.210158648875,326.548517485933,10.4645240017298,276.835722512668,-287.300246474048,3.81991730407186,2.21582085240886,-6.03573815356172
0.931,679.597029817748,1708.41454238234,49.9945919386697,49.9945619476146,1294.80462435534,501.252163806771,326.210190983784,326.54850715471,-91.0331675037934,316.54127909637,-225.508111578468,2.1616168145486,3.86539755062559,-6.02701436304892
0.932,679.534643878205,1708.50004071745,49.9945924351212,49.9945616754649,1294.678467557,501.386578200906,326.210228830823,326.54849371327,-183.037705334868,325.220415213334,-142.182709878065,0.290708954071802,5.13858913865759,-5.42929809128458
0.933,679.38521862365,1708.62781156094,49.9945936242096,49.9945612687577,1294.38576282172,501.675283520372,326.210316642244,326.548464842738,-256.770230543668,301.818327584254,-45.0480970399293,-1.60805160972818,5.90567445931522,-4.297622848641
0.934,679.569514110434,1708.43683282741,49.9945921576327,49.9945618766619,1294.19792887881,501.853568070507,326.210372992427,326.548447014283,-305.907639106617,249.145896362249,56.7617427589648,-3.34892530636783,6.09645445926324,-2.74752915221585
0.935,679.789687625581,1708.2299423375,49.9945904055476,49.9945625352148,1294.30895194389,501.75208875887,326.210339685507,326.548457162215,-325.718228356853,172.085021055666,153.633207341914,-4.76440862904661,5.69176094408983,-0.927352314372905
0.936,679.867351985326,1708.15902142614,49.9945897875142,49.9945627609631,1294.24883605644,501.820184959365,326.210357720273,326.548450352594,-312.607958521031,77.7452841699404,234.862674426549,-5.71200869269749,4.72845535368826,0.983553339922868
0.937,680.297227296824,1707.71625884224,49.9945863666752,49.9945641703201,1293.8305513627,502.226103904401,326.210483205682,326.5484097607,-269.469018257385,-24.0954119556218,293.564430329449,-6.09969939346391,3.3028679885354,2.7968314063095
0.938,680.616539443679,1707.39682545774,49.9945838256699,49.9945651871082,1293.88613758826,502.171113979088,326.210466529814,326.548415259692,-200.016780662785,-123.011085113759,323.027865936185,-5.89156769352587,1.55443363680371,4.33713405875024
0.939,680.481054518383,1707.54511004331,49.9945849038247,49.9945647151037,1294.45811855036,501.614970333847,326.210294935525,326.548470874057,-110.932517010434,-209.796864131735,320.729381342607,-5.10673911007803,-0.347392146342762,5.454131259214
0.94,680.393832941037,1707.63068191654,49.9945855979119,49.9945644427199,1294.90946279345,501.156919173037,326.210159532252,326.548516679173,-10.881619972241,-276.703200209421,287.584820415787,-3.82214421421074,-2.2140776831626,6.0362219009683
0.941,680.346800893569,1707.67062801764,49.9945859721811,49.9945643155676,1294.73822127688,501.313471049628,326.210210904707,326.548501023985,90.1461308970976,-315.892795284704,225.746664645291,-2.16412923818665,-3.86327970107098,6.02740894360807
0.942,680.379137217737,1707.65232660957,49.9945857148568,49.9945643738228,1294.60573156147,501.463726160612,326.210250651622,326.548485998474,182.8139047765,-324.898511448704,142.084606941083,-0.292751848640813,-5.13719317781228,5.42994503143743
0.943,680.401581496313,1707.61027746061,49.9945855362509,49.9945645076694,1294.80178081183,501.264759950715,326.210191836847,326.548505895095,257.161386816125,-301.429484782508,44.2680982331265,1.60619095766461,-5.90471521223194,4.29852426000101
0.944,679.559270548982,1708.45990650204,49.9945922391484,49.9945618032161,1294.03632880155,502.013820420289,326.21042147245,326.548430989048,306.485904275935,-249.156042472372,-57.329861552448,3.34743445035696,-6.09656883946786,2.74913439476454
0.945,679.199911287102,1708.81779626987,49.9945950988386,49.9945606640176,1292.86990606515,503.189850260487,326.210771399271,326.548313386064,326.148191203492,-172.658970280855,-153.489220698879,4.76298214866856,-5.69249958398745,0.929517440940829
0.946,679.706540865722,1708.30857143711,49.9945910672085,49.9945622849306,1292.48679561727,503.583257531959,326.210886332405,326.548274045337,312.73266055214,-77.8811673722855,-234.851492992545,5.71061767672999,-4.72928383746619,-0.981333833923618
0.947,680.813636359152,1707.19080162405,49.9945822572225,49.9945658429024,1292.37201932277,503.689855612707,326.210920765294,326.548263385529,269.734468592802,23.0652065319242,-292.799674979629,6.09979537682989,-3.3042369268917,-2.79555844510279
0.948,681.355936873493,1706.6533015901,49.9945779417321,49.9945675538182,1292.59758511803,503.450607285482,326.210853095555,326.548287310362,200.043986359308,122.392797961145,-322.436784219183,5.8925832516101,-1.55648344411148,-4.33609980334363
0.949,681.858008124758,1706.15765308848,49.994573946376,49.9945691315163,1293.39985973352,502.676943060566,326.21061241317,326.548364676784,110.440238963674,209.956854573244,-320.397093476828,5.10722857713802,0.346282104122871,-5.45351067789653
0.95,681.954462126964,1706.06446402206,49.9945731788195,49.9945694281463,1294.18934319245,501.867833596991,326.210375568133,326.548445587731,10.5218471314875,276.885988475995,-287.407835581552,3.82384139389803,2.21200317139436,-6.03584456275083
0.951,681.436258186494,1706.58807841552,49.9945773025554,49.99456776143,1294.7287939108,501.324633464206,326.210213732917,326.548499907744,-90.4994239964357,316.333653130467,-225.834229132011,2.1661359556633,3.86185415746501,-6.02799011135939
0.952,680.674711158079,1707.36198416399,49.9945833627541,49.9945652980115,1294.92111266232,501.143890436144,326.210156037292,326.548517982047,-182.867881848503,325.278816237442,-142.410934398251,0.294947049505267,5.13564179430989,-5.43058884269322
0.953,680.262035303976,1707.75786162175,49.9945866467242,49.9945640378944,1294.8090943112,501.253982404315,326.210189642797,326.54850697285,-256.649869638949,301.824489242038,-45.1746196099745,-1.60360503117396,5.90426274300246,-4.30065771116402
0.954,680.024183168142,1707.9868297234,49.9945885394913,49.9945633090663,1294.64237984229,501.409792321203,326.210239657138,326.548491391858,-306.222593853161,249.499627089657,56.7229667722083,-3.34552294368749,6.09721621184246,-2.75169326771424
0.955,680.226308315494,1707.79673074828,49.9945869310305,49.9945639141701,1294.53730122672,501.520408887718,326.210271180722,326.548480330202,-325.617911690983,172.326944692476,153.290967034408,-4.76128065733404,5.69324508561665,-0.93196442781195
0.956,680.34039898569,1707.68173901037,49.9945860231258,49.9945642802002,1294.60366606985,501.469943545927,326.210251271269,326.548485376736,-312.344435612874,77.8600466257808,234.484389059384,-5.70974354783825,4.73045760164771,0.979285946941167
0.957,680.104653487929,1707.90773720244,49.9945878991289,49.9945635608256,1294.05644703341,502.003301876507,326.21041543698,326.548432040903,-269.494371466,-23.6329364181794,293.12730799832,-6.09953972372975,3.30591907767125,2.79362064731036
0.958,679.964363823541,1708.04510729513,49.9945890155186,49.994563123563,1293.31695012393,502.739536326193,326.210637286053,326.548358417458,-200.195840392536,-122.725079147481,322.920919697804,-5.89269773240748,1.55761937257559,4.33507836175919
0.959,680.255753055049,1707.76851052385,49.9945866967167,49.9945640039979,1292.57534134958,503.496248025307,326.210859768686,326.548282746288,-111.297623742433,-209.720914171928,321.018538113083,-5.10930164138622,-0.343760692630245,5.45306233672906
0.96,681.203898996839,1706.80483464696,49.9945791516111,49.9945670714735,1292.60760839263,503.451549587448,326.210850088573,326.548287216132,-11.2487925272097,-276.085760965893,287.334553726035,-3.82525402796813,-2.20949615901909,6.03475019051783
0.961,681.290543544437,1706.71967088942,49.9945784621157,49.9945673425581,1293.06238366195,502.988456624531,326.210713655992,326.548333525428,90.2418068944524,-316.006520748739,225.764714111318,-2.16798947918908,-3.86024692624711,6.02823640973771
0.962,681.751235143639,1706.28428802473,49.9945747960484,49.9945687284248,1293.22663126978,502.833483250901,326.210664381709,326.548349022765,182.609151780442,-324.863068096845,142.253916584559,-0.297243135918588,-5.13552990291942,5.43277304378621
0.963,682.346183182445,1705.66457785751,49.9945700616023,49.9945707010235,1293.7770298649,502.2918733711,326.210499262131,326.548403183753,256.838574360384,-301.476910049388,44.6383359525049,1.602299080391,-5.90410311150889,4.30180403651178
0.964,682.20096362737,1705.8105507818,49.9945712172228,49.9945702363773,1294.45258683686,501.601973007157,326.210296595039,326.54847217379,306.770517488693,-249.601367221444,-57.1691500220003,3.34407981067688,-6.09687473554545,2.75279493045843
0.965,681.867098949688,1706.16741106583,49.9945738740335,49.9945691004557,1294.90389845135,501.154789938878,326.210161201555,326.548516892097,326.18636329085,-172.693593784296,-153.492769291196,4.76055776930519,-5.69449541899911,0.933937655213954
0.966,680.85710559795,1707.18397560371,49.9945819113052,49.9945658646303,1295.11886427112,500.957470615778,326.210096711809,326.548536624029,312.978534587682,-78.3841260094965,-234.594408401781,5.70952977127235,-4.7320902883041,-0.977439477774903
0.967,679.548352629569,1708.47306464341,49.9945923260305,49.9945617613325,1294.48861187867,501.573881406121,326.210285787527,326.54847498295,269.829310345626,23.2109683239386,-293.040278537179,6.09885699335986,-3.30770963887585,-2.7911473498416
0.968,679.543800459344,1708.46483966204,49.9945923622555,49.9945617875134,1293.11054245928,502.937456760524,326.210699208353,326.548338625414,200.263006988482,122.24658541932,-322.509592320574,5.89316472466295,-1.56023955719817,-4.33292516354553
0.969,680.695362827232,1707.3168605774,49.9945831984133,49.9945654416443,1291.7720517578,504.304998853444,326.211100755563,326.548201871205,110.733159274921,209.733114929203,-320.466274158459,5.1097025805696,0.342375470258406,-5.45207804773459
0.97,682.282198585273,1705.73460295623,49.9945705707756,49.9945704781267,1291.82498647486,504.233472847455,326.211084875148,326.548209023806,10.9872281998842,276.528419665473,-287.515647853439,3.82739090156558,2.20806173264419,-6.03545263196148
0.971,682.873672602553,1705.14603015568,49.9945658639749,49.9945723516121,1292.77842548738,503.271709972,326.210798843444,326.548305200093,-90.3459368156259,316.406214001676,-226.060277197113,2.1701506093052,3.85876762702057,-6.02891823485974
0.972,683.555862945192,1704.4864548737,49.9945604352766,49.9945744511055,1293.96513263494,502.104677473008,326.2104428313,326.548421903343,-182.481172509053,325.215182857335,-142.73401036921,0.298906756923038,5.13436709467608,-5.43327385077573
0.973,682.992556042975,1705.03594437745,49.9945649179305,49.9945727020261,1295.06593213722,501.005214982775,326.210112591449,326.548531849592,-256.76223075858,302.040786621741,-45.2785558807708,-1.60047694016679,5.90343203619258,-4.30295509564797
0.974,682.534228905507,1705.48942772587,49.994568565182,49.9945712585437,1295.26769943045,500.786543737694,326.210052061261,326.548553716717,-305.747976640419,249.578435403274,56.1695412359899,-3.34252485841652,6.09732515518606,-2.75480029660039
0.975,682.106745775794,1705.94028698705,49.9945719669847,49.9945698234141,1295.7038849198,500.35482405649,326.209921205614,326.548596888685,-325.597168262438,172.489495049471,153.10767323991,-4.75892970901547,5.69559387836736,-0.936664169134895
0.976,681.513316796405,1706.52482294902,49.9945766893425,49.9945679627784,1295.70684745354,500.370159164553,326.209920316854,326.548595355174,-312.439760720352,78.2343496880403,234.205411096652,-5.70834970296994,4.73307207188137,0.975277631604384
0.977,680.981949699182,1707.04933951617,49.9945809178275,49.9945662931903,1295.24614112551,500.821567806984,326.210058528753,326.54855021431,-269.633278223948,-23.2869919140066,292.920270245228,-6.09903891000031,3.30929904712482,2.78973986391486
0.978,680.274018825392,1707.75075862553,49.9945865513624,49.9945640605039,1294.24516665141,501.810193578826,326.210358821095,326.548451351733,-200.345810345075,-122.607303610301,322.953114107045,-5.89362700495253,1.56255293343505,4.33107407325444
0.979,680.320211071087,1707.70881117783,49.9945861837761,49.9945641940268,1293.37408068675,502.69839033392,326.210620146884,326.548362532057,-111.547467377637,-209.509483417652,321.056950988066,-5.11120244240008,-0.339340635966028,5.45054308090793
0.98,680.926856372035,1707.08412954295,49.9945813562462,49.9945661824502,1292.45561292026,503.602411387636,326.210895687214,326.548272129952,-11.5875271545861,-276.389073394154,287.976600774735,-3.82788040981798,-2.20604600954612,6.03392642273316
0.981,682.413786427158,1705.5886478481,49.9945695236328,49.9945709427163,1292.00128785151,504.047354455742,326.211031984735,326.548227635645,89.9316399439466,-315.787601978704,225.855962282899,-2.17147507937206,-3.85705540089331,6.02853048439873
0.982,683.71174436336,1704.31633050332,49.9945591948117,49.9945749926282,1292.18745005793,503.871896488919,326.210976136073,326.548245181441,182.299471044229,-324.866552001539,142.567081214593,-0.300968664664756,-5.13310081744105,5.43406948686497
0.983,684.06336527581,1703.95930524113,49.9945563967014,49.9945761290749,1293.73788195298,502.329939900471,326.210511006504,326.5483993771,256.821874723664,-301.634529763077,44.8126552918674,1.59859047578939,-5.9036533160049,4.30506284539883
0.984,684.128631574939,1703.90039813199,49.9945558773287,49.994576316582,1295.43793503007,500.625345557812,326.210000990581,326.548569836535,306.464869863742,-249.636126162415,-56.8287434668938,3.3414359835387,-6.09802235662186,2.75658637844857
0.985,683.205605754539,1704.83105915278,49.9945632225348,49.994573354196,1296.7448332142,499.31318696928,326.209608921126,326.548701052393,326.106647279956,-173.006012705774,-153.100634368221,4.75692950071332,-5.69514464774172,0.938215152320797
0.986,681.602196773308,1706.44667709708,49.9945759820581,49.9945682115244,1296.89143492461,499.171565885739,326.209564940613,326.548715214502,312.938667428014,-78.7310233445025,-234.207643913811,5.7078456747273,-4.73524747778869,-0.972598191958351
0.987,679.777841975989,1708.26130293664,49.9945904998123,49.9945624353909,1296.18184449446,499.87438872623,326.209777817742,326.548644932218,270.213732943252,22.5563938152763,-292.770126629267,6.09914468668599,-3.31188068280915,-2.78726399941355
0.988,678.922229260388,1709.09989938223,49.9945973085619,49.9945597660555,1294.39358943077,501.662358087045,326.210314294261,326.548466135282,200.418845831025,122.193694872413,-322.612540615003,5.89394364847376,-1.56424269468935,-4.32970094998963
0.989,679.034211213357,1708.99464892856,49.9945964174379,49.9945601010781,1292.641727933,503.429622795452,326.21083985271,326.548289408811,110.870280841079,209.580253608773,-320.450534398166,5.11223958413891,0.337605858826409,-5.44984543992344
0.99,680.362479731508,1707.64937110952,49.9945858474128,49.9945643832304,1290.99363149514,505.069676694803,326.211334281642,326.548125403421,11.1667749314012,276.75415221966,-287.920927128517,3.82990134190813,2.20483290124335,-6.03473424086915
0.991,682.468956203317,1705.53590644122,49.9945690846057,49.9945711105974,1290.69824384937,505.348092554345,326.211422897936,326.548097561835,-90.1214425040618,316.282781162451,-226.161338653987,2.17369919850244,3.85518058902268,-6.02887978593
0.992,684.187671118206,1703.83214754041,49.994555407507,49.9945765338304,1291.48376000028,504.579054260506,326.21118724309,326.548174465664,-182.600829668002,325.375765765498,-142.774936098798,0.30252891699132,5.13175106430283,-5.4342799802434
0.993,685.178695619626,1702.82846123181,49.9945475211845,49.9945797286632,1292.77403915324,503.281424113823,326.210800159344,326.548304228679,-256.613155803225,302.212221283479,-45.5990654747526,-1.59670517413423,5.90266997977123,-4.30596480493579
0.994,684.822222898435,1703.20537815033,49.9945503579043,49.9945785288993,1294.24534953652,501.790827574998,326.210358766229,326.548453288333,-305.685449797311,249.626653088384,56.058796733099,-3.33850901035951,6.09789835135559,-2.75938934041785
0.995,683.600599966936,1704.44115695596,49.9945600792707,49.9945745952932,1295.13409907162,500.918015764376,326.210092141369,326.548540569514,-325.568603483652,172.786465672812,152.782137863448,-4.75658095555642,5.69637765917121,-0.939796702923143
0.996,682.50141562537,1705.53788706917,49.9945688263018,49.9945711042929,1295.44172809835,500.627949116851,326.209999852661,326.548569576179,-312.545670141371,78.0859994683367,234.459670761364,-5.70707491654572,4.73577693983036,0.971297977744498
0.997,681.917054318481,1706.11320780034,49.9945734765013,49.9945692729901,1294.80152422622,501.242306533835,326.210191913823,326.548508140437,-270.096655740099,-22.9654970736497,293.062152942034,-6.09926187958109,3.3138914721583,2.78537040898093
0.998,681.560533508092,1706.46627094405,49.9945763136038,49.9945681491552,1293.98442678768,502.057907116867,326.210437043054,326.548426580379,-200.62045012194,-122.33889501011,322.959345300082,-5.89471409877352,1.56681056415428,4.32790353684767
0.999,681.522801675951,1706.51809695742,49.9945766138642,49.9945679841879,1293.79924867378,502.270780475256,326.210492596488,326.548405293043,-111.464938430386,-209.552314453156,321.017253087276,-5.11381018294067,-0.335134578546928,5.44894476446077
1,681.788530486989,1706.23361400404,49.9945744992615,49.9945688897252,1293.27282863004,502.789984257909,326.210650522501,326.548353372665,-11.6116439792215,-276.196253906593,287.807898116888,-3.83123963648825,-2.20230161826872,6.03354125847235
1.001,684.233956701967,1706.59952826491,49.994555039178,49.994567724984,1293.22295023945,503.099772982992,326.210665486019,326.548322393792,89.6428922652134,-315.857947034398,226.215055011954,-2.06173811472582,-4.65265718493494,6.71439530466153
1.002,689.723530823397,1708.0097435458,49.9945113545351,49.9945632361293,1294.26465487321,503.58760984733,326.210352974628,326.548273610106,181.842947577577,-324.702975208936,142.860027867433,0.144307537141899,-6.5190983434972,6.37479081221945
1.003,696.904357113502,1709.94304110001,49.9944542113352,49.9945570822521,1296.43876172561,504.511635646982,326.209700742573,326.548181207526,256.398063320451,-301.574955748037,45.1768926420619,2.48500771916186,-7.65616226386685,5.17115455097732
1.004,704.406669891549,1712.57735015463,49.994394509827,49.9945486969859,1300.37756815197,505.108735274114,326.208519100645,326.548121497563,306.12809405806,-250.023791686556,-56.1043021903787,4.68338548489916,-7.98932900398199,3.30594352532104
1.005,712.41335512635,1715.01128158181,49.9943307946504,49.9945409495416,1305.16308233458,505.990144582275,326.20708344639,326.548033356632,325.944965028972,-173.162441260348,-152.782523628623,6.49257759550727,-7.50453728817992,1.01195969848225
1.006,720.181001264709,1717.53449051005,49.9942689816864,49.9945329179181,1310.82865462685,506.72897722332,326.205383774702,326.547959473368,313.001902255596,-79.0953034621452,-233.906598698423,7.70628385509353,-6.25716533510473,-1.44911851492673
1.007,727.212733865351,1720.52241750552,49.9942130249363,49.9945234070511,1316.95008959295,507.412208866128,326.203547344212,326.547891150204,269.815716544722,22.3445829765139,-292.160299470512,8.19629857546753,-4.384002564686,-3.81229600669259
1.008,733.433954731977,1723.97646991635,49.9941635180337,49.9945124124608,1323.17276335458,508.194884853295,326.201680542084,326.547812882605,200.8040187601,121.56370852505,-322.367727273756,7.90285355522569,-2.07076769708486,-5.83208585514114
1.009,738.963013254096,1727.82858040145,49.9941195191839,49.9945001508123,1328.3134669668,510.160651109885,326.200138331,326.547616305979,111.157221531753,208.817590108116,-319.974811659251,6.84697023628655,0.455830123203169,-7.30280035758078
1.01,744.361903832408,1731.52277178943,49.9940765561778,49.9944883918359,1332.47820824798,513.002443836234,326.198888908616,326.547332126707,11.4218460559873,276.290253424074,-287.712099518729,5.13112157233312,2.93762600190526,-8.06874757331269
1.011,750.162099084602,1734.60618251796,49.9940303996905,49.9944785770347,1336.23054053989,516.170254492939,326.197763208928,326.547015345641,-89.7027424601153,315.935706510003,-226.232964094646,2.91981319265043,5.13442556502795,-8.05423875753057
1.012,757.065519777209,1736.45031563677,49.9939754640141,49.9944727069767,1339.90067040061,519.354448355206,326.19666216997,326.546696926255,-181.88673238635,324.922862357546,-143.036130008502,0.423668520615094,6.8362462999037,-7.25991482087116
1.013,764.75752733436,1737.30952599035,49.9939142529629,49.9944699720252,1344.74140445448,521.255795160445,326.195209949754,326.546506791574,-256.219423888109,302.022161322554,-45.8027374522049,-2.11156465621081,7.86532044718717,-5.75375579150772
1.014,771.777257672063,1738.76205019148,49.9938583917238,49.994465348497,1349.83200941047,522.767720109067,326.193682768267,326.54635559908,-305.478637147422,249.821075629593,55.6575615296752,-4.43655002970325,8.12773722321895,-3.69118719389588
1.015,778.356010127717,1740.54656413131,49.9938060396751,49.9944596682127,1356.12940050894,522.987652947838,326.191793550938,326.546333605796,-325.239527582218,172.926118846343,152.313408784593,-6.32767228939424,7.59575343073995,-1.2680811412641
1.016,783.886394326647,1743.24553915628,49.993762030276,49.9944510771084,1362.11707034713,523.454112437165,326.189997249986,326.546286959847,-312.286219570648,78.501992419114,233.784227240777,-7.59823126710154,6.31707954313909,1.28115172476723
1.017,789.016427595846,1746.25491783797,49.9937212067684,49.9944414979586,1367.18318779099,524.702643471467,326.188477414753,326.546162106743,-269.742787483474,-22.8982137734702,292.641001386843,-8.12500340805723,4.42420038786819,3.70080302190801
1.018,793.213637811,1750.09036952616,49.9936878064307,49.9944292893367,1371.76100821427,526.360252808908,326.187104068626,326.545996345809,-200.872490010424,-121.847440276577,322.719930453526,-7.85666711048905,2.09870949564317,5.75795761758127
1.019,797.95726970843,1753.30696464718,49.9936500578075,49.9944190505964,1375.91528906061,528.412795713977,326.185857784372,326.545791091519,-111.371748419271,-209.434889376445,320.80663799109,-6.81850277906452,-0.435996127449551,7.25449891026875
1.02,803.023576977544,1756.05370938541,49.9936097414152,49.9944103074363,1379.1125837069,531.282639112904,326.184898595978,326.545504107179,-12.1620810299441,-275.626430628903,287.788511872079,-5.1133727692382,-2.92280986469224,8.03618263860321
1.021,808.550644952237,1758.28239191479,49.9935657584058,49.9944032133195,1382.39179620519,534.021803036137,326.183914832229,326.545230190787,89.0069022505645,-315.601990992817,226.595088960653,-2.90866472253791,-5.12672618276568,8.03539091069939
1.022,814.732128797286,1759.76778432806,49.9935165677203,49.9943984851686,1385.98991786072,536.380339682584,326.182835395732,326.544994337122,181.896881027815,-324.477223537572,142.580342720212,-0.417553774799377,-6.82956472257964,7.24711850323015
1.023,820.793742517751,1761.25300440522,49.993468330931,49.9943937575663,1390.46809614926,537.762185415249,326.181491942246,326.544856152549,255.89895062459,-301.40336296701,45.5044125328958,2.11208911443397,-7.86054072075234,5.74845161231361
1.024,826.290782038693,1763.19725223381,49.9934245868804,49.9943875688332,1394.79105262032,539.24029444038,326.180195055304,326.544708341646,305.855460691119,-249.75014700899,-56.1053135218999,4.4376543966066,-8.12407533524935,3.68642094445851
1.025,832.362348805155,1764.51475683746,49.9933762708872,49.9943833750858,1399.10531668683,540.652635999638,326.178900776084,326.54456710749,325.889997392576,-173.25630911446,-152.633688155624,6.3289353815278,-7.59441242900635,1.26547705280641
1.026,837.986313920647,1766.15886002375,49.9933315167948,49.9943781417428,1404.36963166343,541.064401937014,326.177321481591,326.544525930897,312.97007920071,-79.0378939681569,-233.932185151025,7.59876934811854,-6.31748206803999,-1.28128727549745
1.027,843.041392114006,1768.31985116786,49.9932912897607,49.9943712630944,1410.02109208957,540.964997160565,326.175626043464,326.544535871374,270.425310057496,21.7117027210264,-292.137012737618,8.12724523116181,-4.42760536191945,-3.69963986559183
1.028,846.919467651039,1771.53051147144,49.9932604290161,49.9943610432452,1415.08595475076,541.401887863464,326.174106584665,326.544492182304,200.905558126827,121.176612283712,-322.082170405408,7.85795528232394,-2.10160814100917,-5.75634713868643
1.029,850.174470376694,1775.32167979829,49.9932345265275,49.9943489755816,1419.43921521532,542.530125299783,326.172800606526,326.54437935856,111.490326271048,208.649710930297,-320.140037223487,6.8217588665957,0.432152051747888,-7.25391091672702
1.03,853.125977445536,1779.26007220427,49.9932110391805,49.9943364392893,1422.61491628891,544.702399923754,326.171847896204,326.544162131098,11.7025463689549,276.033848394795,-287.736394800376,5.11677530884873,2.91922536967663,-8.03600067779164
1.031,856.42251688533,1782.78638729223,49.9931848061531,49.9943252146797,1425.1021195971,547.523255494085,326.171101735211,326.543880045541,-89.5342992499979,315.763063765542,-226.22876455345,2.91229803712132,5.1227488599073,-8.03504689695592
1.032,861.326722441523,1784.64602646312,49.9931457797253,49.9943192952644,1426.84148098846,551.039898221615,326.170579926794,326.543528381268,-181.911809723076,325.184392733082,-143.272583036585,0.421096568935991,6.82794810830404,-7.24904467754413
1.033,867.22247744603,1785.37989068697,49.9930988627977,49.994316959302,1429.54130204245,553.520531939544,326.169769980478,326.543280317896,-255.944276071409,302.215238587344,-46.2709625196307,-2.10990394924402,7.85938445095024,-5.74948050206986
1.034,873.120278358079,1786.06147209623,49.9930519295893,49.994314789761,1432.88292208889,555.27630750628,326.168767494464,326.54310474034,-305.375104893636,249.96258139234,55.4125235296017,-4.43465973941038,8.1254762756021,-3.69081653629552
1.035,879.395831303826,1786.29609033677,49.9930019903257,49.9943140429479,1437.38814419722,555.830232453321,326.167415927831,326.543049347845,-325.255167205773,173.053760470501,152.201406801823,-6.32663745043557,7.59550814523212,-1.26887069434791
1.036,884.255124150085,1787.86579523402,49.9929633213019,49.9943090464221,1443.03600725632,555.184317629281,326.165721568914,326.543113939327,-312.492994749073,78.9349388229354,233.558056033536,-7.59800831780757,6.3206963504869,1.27731196855934
1.037,887.147862539004,1791.31665595364,49.9929403016212,49.9942980619912,1448.67499413768,554.44729063827,326.164029872849,326.543187642027,-269.891881337537,-22.7969153211187,292.688796805745,-8.12537453102294,4.42889633702237,3.69647819619274
1.038,889.092168655656,1795.62097518796,49.9929248293247,49.9942843609176,1452.91796348578,555.054623437061,326.162756982045,326.543126908747,-201.137753031297,-121.554301160056,322.692054372983,-7.85808917457813,2.10390093873465,5.75418823906052
1.039,891.145937205353,1799.76610745148,49.9929084859539,49.9942711665518,1455.48481541953,557.304895249285,326.161986926465,326.542901881565,-111.98663461532,-208.881515834476,320.868150656928,-6.8230206152228,-0.428611728359427,7.25163234779539
1.04,893.905540524355,1803.07673481131,49.9928865257284,49.9942606284976,1457.43036023019,560.072093390683,326.161403263021,326.542625161751,-12.3333772828928,-275.484049052641,287.817426556137,-5.11970175375695,-2.91531341131995,8.03501517015086
1.041,897.098414678989,1805.90411877027,49.9928611176432,49.994251628655,1458.87009679658,563.303599585065,326.160971342051,326.542302011132,88.6032775100614,-315.184159259187,226.580881970245,-2.91584531473851,-5.12002125111694,8.03586657156606
1.042,901.956068873282,1807.0032040204,49.9928224616594,49.9942481301579,1460.22928735315,566.596319952347,326.160563584884,326.541972739095,181.352801665884,-324.4849944926,143.132193035006,-0.424270886463048,-6.82583799918521,7.25010889170666
1.043,908.185838767735,1806.61031448936,49.9927728867257,49.9942493807642,1462.37375758876,569.024624052181,326.159920243814,326.541729908685,256.086353049985,-301.723404996388,45.6370521299514,2.10780785037401,-7.85840012011333,5.75059227581841
1.044,914.530776476649,1806.08415215648,49.9927223953157,49.9942510555909,1465.85731968928,570.025543665354,326.158875175184,326.541629816724,305.635996605465,-249.851128869597,-55.7848675858911,4.43159726890901,-8.12560596799447,3.69400870486095
1.045,919.838435764842,1806.52845829924,49.9926801583051,49.9942496413205,1471.10261637525,569.232892494516,326.157301586178,326.541709081841,325.777006466435,-173.376291138527,-152.400715217187,6.32373843398789,-7.59689029364518,1.27315186483844
1.046,923.472577161956,1808.55486087708,49.9926512387268,49.9942431910808,1476.93532001896,567.823373114739,326.155551775085,326.541850033779,312.950218912382,-79.5496720574901,-233.400546784703,7.59597956115599,-6.32221740554787,-1.27376215125035
1.047,925.042266542606,1812.59203945733,49.9926387475355,49.9942303403422,1482.53335059039,566.547995670391,326.153872365913,326.541977571523,270.493605735742,21.6308993586509,-292.124505062063,8.12551029591091,-4.43227402550244,-3.69323626701256
1.048,925.914723623339,1817.22843412563,49.9926318047427,49.9942155822396,1486.16309749584,567.188358488668,326.152783441842,326.541913535242,200.852720551884,121.19255995964,-322.045280511158,7.85887760602311,-2.10743407449274,-5.75144352914031
1.049,927.071911669555,1821.54803998996,49.9926225961328,49.9942018325071,1488.39415862093,569.216875448504,326.152114123504,326.541710683546,111.870868007501,208.227393180674,-320.098261211901,6.82516774610037,0.42503571097862,-7.25020345564548
1.05,928.846348621238,1825.11246160039,49.9926084756122,49.9941904866008,1489.37067703398,572.410284588253,326.15182116798,326.541391342632,12.2082194801073,275.668138199294,-287.876357718847,5.12144999903746,2.9134520582976,-8.03490205674804
1.051,931.934338055576,1827.3297353493,49.9925839021731,49.9941834287992,1490.06194654686,575.836144664438,326.151613787126,326.541048756624,-89.3180730522458,315.818201710081,-226.50012869981,2.91810719834142,5.11816208894018,-8.03626928734339
1.052,936.333173432475,1828.18205804415,49.9925488973534,49.9941807157718,1491.53650854023,578.461994162723,326.151171418528,326.540786171674,-181.535963644183,325.176594079036,-143.640630466184,0.427377689185943,6.8236443134035,-7.25102200302977
1.053,941.299150371252,1828.37134878915,49.9925093793645,49.9941801132407,1494.32668499308,579.679620004371,326.150334365592,326.54066440909,-255.795119960077,302.092470127555,-46.2973501753392,-2.10230745024764,7.85722294711647,-5.7549154973687
1.054,945.195875771461,1829.5891341308,49.992478370209,49.9941762369095,1497.69484593201,580.28323849344,326.149323917311,326.540604047241,-305.259795588551,250.035314937985,55.224480676031,-4.42804759364108,8.12433977657636,-3.69629218316381
1.055,949.065711560013,1830.79587046762,49.9924475750343,49.9941723957485,1501.59777464446,580.309642554858,326.148153038697,326.540601406835,-325.117444381872,173.10918714476,152.008257302336,-6.32191056075977,7.59822477765881,-1.2763142165507
1.056,952.362930170809,1832.48959146504,49.9924213366023,49.9941670044671,1505.70217045409,580.11485121593,326.146921719954,326.540620885969,-312.866049532514,79.3219836826713,233.544065958231,-7.59536857248663,6.32435436439809,1.27101420926434
1.057,954.456948041843,1835.32333516724,49.9924046729375,49.9941579843807,1509.8902195508,579.730311748813,326.145665305225,326.540659339916,-269.998209569145,-22.1903380113974,292.188547730529,-8.12488655336219,4.43464838012785,3.69023817541074
1.058,956.047601639065,1838.59869448877,49.9923920149184,49.9941475585882,1513.26788863851,580.116486466395,326.144652004499,326.540620722444,-201.263244990555,-121.431073666236,322.694318842659,-7.86003097839849,2.11085774212252,5.74917323952533
1.059,956.902239728332,1842.56085161512,49.9923852139246,49.9941349466504,1515.70453096054,581.434007201864,326.143921011802,326.54048897037,-112.382143375308,-208.554988354442,320.937131942868,-6.8265355842528,-0.421274741504427,7.24781033004932
1.06,958.284608623971,1845.89540463997,49.9923742133824,49.9941243324384,1517.5518273697,583.262046249634,326.143366822879,326.540306166465,-12.8362099712186,-275.372336710314,288.20854691023,-5.1238503298952,-2.91017509079885,8.03402542589873
1.061,960.375965828516,1848.47669261653,49.9923575708906,49.9941161159436,1518.62472256791,585.82267205314,326.14304495432,326.540050103885,88.7467534090607,-315.366366271228,226.619613092818,-2.92135177949319,-5.11466251755313,8.03601430294044
1.062,963.494623826271,1849.99999188055,49.9923327533988,49.9941112671314,1520.0566239351,588.006002033945,326.14261538391,326.539831770887,181.208449631442,-324.669233946407,143.460784533546,-0.430792780997036,-6.82207864235472,7.2528714296403
1.063,966.769283690128,1851.26572058781,49.9923066944836,49.9941072381918,1521.91593383359,589.692517838671,326.14205759094,326.539663119307,255.751261949932,-301.774856449806,46.0235946934579,2.10015179189972,-7.8564335662219,5.75628178066308
1.064,969.934970991695,1852.62360615021,49.9922815027444,49.9941029159079,1523.98130524961,591.125105253498,326.141437979516,326.539519860565,305.348214298838,-249.836116285979,-55.5120978542711,4.42582792621354,-8.12589136493412,3.70006344476831
1.065,973.157609631049,1853.86571461185,49.992255857801,49.9940989621538,1527.34600910563,591.218459025465,326.140428568359,326.539510525188,325.875581405391,-173.97945860508,-151.896122682906,6.31864081537747,-7.59949187825889,1.28085106832208
1.066,975.378326793372,1856.05394468261,49.9922381858953,49.9940919968012,1530.81339415214,591.190628824586,326.139388352845,326.539513308208,313.2283056176,-79.7480393981848,-233.48026614524,7.59366573561313,-6.32777673417977,-1.26588899684835
1.067,977.169208013457,1858.59732690448,49.9922239345154,49.9940839009641,1533.97041010015,591.397632568591,326.13844124806,326.539492607834,270.388435682379,21.5513444184307,-291.939780067246,8.12413655276599,-4.43819286828769,-3.68594368090581
1.068,978.479126160776,1861.5650021392,49.992213510518,49.9940744545605,1536.77434628783,591.922418901229,326.137600067204,326.5394401292,201.210633651722,120.796977183256,-322.007610835875,7.86025042478272,-2.11419765402174,-5.74605276825681
1.069,979.502785396609,1864.80559301012,49.9922053644966,49.9940641394393,1539.22574664294,592.788592546682,326.136864647098,326.539353511836,111.750080042156,208.506270534899,-320.256350602994,6.82848490342635,0.418050353929695,-7.24653525587187
1.07,981.160769485094,1867.28733382067,49.9921921706784,49.994056239813,1540.71010050735,594.544956621588,326.136419340938,326.539177875428,12.3170969721935,275.548104059226,-287.865201070408,5.12577880946842,2.90737116680707,-8.03314997566355
1.071,983.222281588098,1869.3689109792,49.9921757656864,49.9940496139471,1542.44713341152,595.99651056849,326.135898231067,326.539032720034,-88.859979833659,315.687826683061,-226.827846887804,2.92580607730524,5.11178495258845,-8.03759102991783
1.072,985.050724109412,1871.62585906157,49.9921612154031,49.9940424298582,1544.31974183688,597.323791275018,326.135336448539,326.538899991963,-181.505951786839,325.314182711696,-143.808230949065,0.43480591022099,6.81890549577134,-7.2537114063501
1.073,987.115279422658,1873.57529999764,49.9921447861939,49.994036224595,1546.77400026498,597.9950614532,326.134600171011,326.538832864945,-255.388896721164,301.974182152436,-46.5852854297501,-2.09546240169496,7.85522085247798,-5.75975845114183
1.074,988.654849680821,1876.00481887835,49.9921325346831,49.9940284911962,1549.15304027459,598.696109183227,326.133886459008,326.538762760172,-304.988112722621,250.334924456995,54.6531883018673,-4.42190100810257,8.12484353991308,-3.70294253184046
1.075,990.113351122871,1878.47628291251,49.9921209282974,49.9940206242819,1551.24421010438,599.665997346659,326.133259108059,326.538665771356,-325.432937056002,173.742586687623,151.690350444948,-6.31646646779,7.59960276690517,-1.28313629852026
1.076,991.839355584733,1880.65174682077,49.9921071931903,49.9940136995652,1553.51932086636,600.423106821398,326.13257657483,326.538590060408,-312.788051633426,79.5498505894759,233.238201163186,-7.59246478885675,6.33034601662691,1.26211877368494
1.077,992.808130922179,1883.49396634343,49.9920994839211,49.9940046524995,1555.52640401898,601.384538869018,326.131974449885,326.538493917203,-270.373947929565,-21.9728541898596,292.346802278989,-8.12363705564177,4.44021742610362,3.68341963200619
1.078,994.162543914582,1885.92017767496,49.992088705845,49.9939969296289,1556.94437095096,602.892271743583,326.131549059805,326.538343143916,-201.597575700406,-120.938499859328,322.536075753931,-7.86223823371641,2.1183431669193,5.74389507033228
1.079,996.130093186688,1887.70089442352,49.9920730485853,49.9939912614315,1558.62718358723,604.14998124568,326.131044216014,326.538217372966,-112.080549027268,-208.67260887469,320.753158121992,-6.82973924575132,-0.41498385412157,7.24472310443528
1.08,998.335938507594,1889.14676153886,49.992055495026,49.9939866590935,1560.14442657828,605.475743034094,326.130589043117,326.538084796787,-13.1168680232885,-275.084886396992,288.20175465398,-5.1291228189743,-2.90320190822059,8.03232473264177
1.081,1000.54024031916,1890.58831143819,49.9920379537495,49.9939820704977,1562.63239293885,605.815937863198,326.129842653209,326.538050777304,88.2712160994481,-315.203131328302,226.931915463161,-2.92794151666728,-5.10930244346287,8.03724396623116
1.082,1002.3123343671,1892.44503179332,49.9920238518732,49.9939761603732,1565.80594200929,605.453581301078,326.128890588488,326.53808701296,181.106408397349,-324.845791760178,143.739383584461,-0.438697257304948,-6.81758566196773,7.25628292573363
1.083,1003.42878849892,1894.86120341112,49.9920149674135,49.9939684694601,1568.79829627561,605.222293019764,326.127992882208,326.538110141788,255.643377273442,-301.925391976364,46.2820149005166,2.09188132748402,-7.85377869333829,5.76189737234842
1.084,1003.51129512037,1898.29516790518,49.9920143108466,49.9939575388116,1571.33134956559,605.412858005141,326.127232966221,326.53809108529,305.564151981497,-250.177372382275,-55.3867794350681,4.41870425980419,-8.12493365972931,3.70622940612618
1.085,1003.61101888799,1901.66365699521,49.9920135172701,49.9939468165778,1572.92038327088,606.521903729943,326.126756256109,326.537980180717,325.812180658801,-174.125442406468,-151.686738127858,6.31389985289248,-7.60094331869509,1.28704347141405
1.086,1003.9666435714,1904.72660538692,49.9920106872988,49.9939370669103,1574.75214656626,607.369412085193,326.126206727121,326.537895429882,313.180757490465,-80.2843262059578,-232.896431201853,7.59057677334536,-6.33165479359726,-1.25892197496643
1.087,1004.80311857292,1907.26824550619,49.9920040308423,49.9939289766185,1576.0381567498,608.694313992011,326.125820924065,326.537762939691,270.538927522902,21.3156897431476,-291.854617222643,8.12393252025668,-4.44449792506815,-3.6794345913876
1.088,1006.1129046887,1909.27216972001,49.9919936078955,49.9939225979296,1577.06629617194,610.257613104598,326.125512482239,326.53760660978,201.378313906864,120.517554499525,-321.895868396366,7.86210800022344,-2.12124411787186,-5.74086387958589
1.089,1007.55747944864,1911.13840633052,49.9919821123348,49.993916657514,1579.11958670703,610.794535521058,326.124896495078,326.537552917538,112.131467854324,208.039176917518,-320.170644785508,6.83176001992845,0.410857072353439,-7.24261709050318
1.09,1008.53784478325,1913.38400676138,49.9919743108354,49.9939095095458,1581.15046164565,611.265953830794,326.124287232597,326.537505775707,12.474984588683,275.328800293581,-287.803784907796,5.13247349468975,2.89890919420225,-8.0313826879498
1.091,1008.75451357529,1916.37988126128,49.9919725866399,49.9938999733811,1583.03631827564,611.875460632712,326.123721475608,326.537444825027,-88.2128800042844,315.533057621992,-227.320177642103,2.93148818282851,5.10630178442717,-8.03778996691561
1.092,1009.59809203748,1918.73165992734,49.9919658736558,49.9938924874371,1584.61404723132,612.785856274913,326.123248156921,326.537353785463,-181.169391633079,324.997671231984,-143.828279609312,0.442372451729352,6.81525533541027,-7.25762778710934
1.093,1010.69145692644,1920.75020470535,49.9919571729345,49.9938860622095,1586.12285871728,613.717182573581,326.122795513475,326.537260652833,-255.439051801359,302.446942845546,-47.0078910299059,-2.08942036491702,7.85391639483043,-5.7644960298744
1.094,1011.79267751411,1922.73049964383,49.9919484096995,49.993879758735,1587.89776681632,614.330718732486,326.122263041045,326.537199299217,-304.974941696891,250.553188320342,54.4217534237064,-4.41548852618191,8.12464742998064,-3.70915890344027
1.095,1012.56641033602,1925.01739619632,49.9919422525293,49.9938724793172,1589.36873231494,615.233916231659,326.121821751396,326.537108979467,-325.151173203669,173.847164195967,151.304009092891,-6.3111237872222,7.60216952090625,-1.29104573273029
1.096,1013.29163858903,1927.31575051076,49.9919364813463,49.9938651634282,1591.47363272624,615.490512347362,326.121190281273,326.537083319856,-312.845268974472,79.8521239129612,232.993145187171,-7.58872585644454,6.33429811623789,1.25442774197706
1.097,1013.18877461402,1930.38446156009,49.9919372999118,49.9938553954175,1593.2569396719,616.013920067064,326.120655289189,326.537030979084,-270.664990250815,-21.5820456911319,292.24703610628,-8.12251800904844,4.44658522632273,3.6759327854601
1.098,1012.86015187242,1933.63527648067,49.9919399150084,49.9938450477522,1594.43263015257,617.119032422107,326.120302582045,326.536920467848,-201.819576055531,-120.779604322392,322.599180575022,-7.86268427115866,2.12484416834779,5.73784010656333
1.099,1013.74895047322,1935.67563702199,49.9919328421739,49.9938385530829,1595.8504286911,617.993473881118,326.119877242483,326.536833023702,-112.702729327986,-208.177847383543,320.880576931808,-6.8337441837362,-0.407504289778999,7.24124847823492
1.1,1014.573456986,1937.69729080348,49.9919262809595,49.9938321179591,1596.93432336037,619.11186576783,326.119552074082,326.536721184514,-13.214264318232,-275.254135267056,288.468399817023,-5.13582263953526,-2.89584348485376,8.03166612992843
1.101,1015.59100885692,1939.51893935955,49.991918183539,49.9938263194716,1598.06860311868,620.182155879491,326.119211790155,326.536614155502,87.9689440109685,-314.988027909376,227.019084128917,-2.93562240375976,-5.1032602462998,8.03888265618854
1.102,1016.86448852978,1941.05720633662,49.9919080495098,49.9938214230157,1599.54798562689,620.90473577825,326.118767975402,326.536541897513,180.924850358991,-324.778096581517,143.853246438864,-0.44596086994968,-6.81324736057806,7.25920823695759
1.103,1018.10970205967,1942.57088073948,49.9918981404154,49.9938166048405,1602.31615765365,620.292613941903,326.117937523794,326.536603109696,255.452924039975,-302.129314355026,46.6763905054908,2.08534216807676,-7.85329907595797,5.76795691428706
1.104,1018.62372107989,1944.76512718824,49.991894049982,49.9938096203371,1605.22419706708,619.491337932333,326.11706511197,326.536683237297,305.418933957613,-250.419934537625,-54.9989992637227,4.41156579838594,-8.1246382066251,3.71307241430263
1.105,1018.20770346092,1947.90117837004,49.991897360545,49.9937996379762,1607.83465606943,618.973742135531,326.11628197427,326.536734996877,325.616416127089,-174.146793207632,-151.46962280392,6.30851269305655,-7.60375440345763,1.29524171583548
1.106,1016.89006340474,1951.87602295473,49.9919078459914,49.9937869856529,1609.63733064874,619.260941659607,326.115741171896,326.536706276924,313.352041330829,-80.4812779520026,-232.870763305825,7.58718778653234,-6.33628947187691,-1.25089831008612
1.107,1015.32519763293,1956.05748194049,49.9919202987976,49.9937736756556,1610.83934736983,620.084195642881,326.115380566879,326.536623951526,270.908437252406,20.7916325433468,-291.700069762901,8.12220430292062,-4.45064509698482,-3.6715592023807
1.108,1014.12242318404,1959.83931518397,49.9919298701725,49.9937616377064,1610.7042125717,622.234166233987,326.115421107319,326.536408954467,201.713199895295,120.13911534219,-321.852315238086,7.86383325077707,-2.12854757690241,-5.7352856713807
1.109,1014.60434824358,1961.92486710883,49.9919260351347,49.9937549991885,1610.34813999012,624.621266692812,326.115527929093,326.536170244421,112.745243667196,207.738972258229,-320.48421595074,6.83613365079904,0.403760683447118,-7.23989433275785
1.11,1016.28956717773,1962.74055633505,49.9919126245886,49.9937524027691,1610.82846718124,626.093551729567,326.115383830936,326.536023015917,12.8799572064852,275.219040151054,-288.098997396449,5.13783207027118,2.89291323251828,-8.03074530216768
1.111,1018.09089518875,1963.43113960533,49.9918982900757,49.9937502045742,1612.21410381727,626.629281098803,326.114968139945,326.535969442981,-88.0248795624908,315.518596897954,-227.493717374124,2.93929279565717,5.09972420442886,-8.03901700010163
1.112,1019.69201198478,1964.32554983554,49.9918855487931,49.993747357578,1614.86788825496,625.930721356099,326.114172004614,326.536039298955,-180.686439992208,325.318091954406,-144.631651989819,0.449652832932858,6.81130479097253,-7.260957624268
1.113,1020.01012649287,1966.4451742368,49.9918830173182,49.993740610604,1618.08375928104,624.607503173563,326.113207243306,326.536171620773,-255.111855911856,302.483500500437,-47.3716445962832,-2.08137689144399,7.85151404575835,-5.77013715474472
1.114,1018.70105678629,1970.16022759897,49.991893434564,49.9937287852219,1620.69711465817,623.84791609809,326.112423236693,326.536247579481,-304.696037967879,250.4649048461,54.2311331438674,-4.40801291195535,8.12495005075455,-3.71693713900428
1.115,1016.93896306322,1974.30195875464,49.9919074568603,49.9937156016822,1622.73524886654,623.672548374956,326.11181179643,326.536265116253,-325.338573646048,174.104655575148,151.233918129768,-6.30622655389405,7.60470789136026,-1.29848133716202
1.116,1015.41411958564,1978.16947869102,49.9919195911791,49.9937032909839,1623.43003097279,624.818067077948,326.111603361799,326.536150564383,-312.929412693963,80.1505479447178,232.77886484797,-7.5857477734539,6.33839753944843,1.24735023505852
1.117,1014.58878740745,1981.30042065027,49.9919261589639,49.9936933248861,1623.85198268066,626.184867059017,326.111476776286,326.536013884384,-270.747407913866,-21.285506430257,292.032914481889,-8.12291208667181,4.4537918232908,3.66912026535125
1.118,1014.33231923643,1983.83161949756,49.9919281998728,49.9936852678299,1624.002899067,627.804265128034,326.11143150137,326.535851944578,-201.979076414031,-120.4902130091,322.469289595258,-7.8652107677544,2.13324665136939,5.73196411935022
1.119,1014.52520023477,1985.90402831316,49.9919266649746,49.9936786711478,1624.56131440704,629.048924509372,326.111263976768,326.535727478639,-112.714130852969,-208.390036670392,321.104167721712,-6.83735474921402,-0.399967354314715,7.237322107474
1.12,1015.25793003807,1987.3826654247,49.9919208340961,49.9936739644997,1625.15633086423,630.166014275345,326.111085471831,326.535615769663,-13.6313044286663,-274.543104780541,288.174409422028,-5.14111251197661,-2.8889795790287,8.03009209580959
1.121,1015.82257502256,1988.99556064257,49.991916340794,49.9936688304947,1626.34223272823,630.672569812563,326.110729701272,326.535565114109,87.7644653248021,-315.192412291643,227.427947181086,-2.94306580092116,-5.09567036746902,8.03873617384132
1.122,1016.88323356075,1990.1461953036,49.9919079003416,49.9936651679108,1627.58668234158,631.155047734293,326.110356366388,326.535516866317,180.489885322465,-324.550470691211,144.060585571195,-0.453504558950529,-6.80940717761566,7.26291174238498
1.123,1017.76104412751,1991.40069144423,49.991900914947,49.9936611747256,1630.18179509807,630.234149904869,326.109577832561,326.5356089561,255.141727094564,-302.420612329834,47.278885411489,2.07758894141774,-7.85063187027905,5.7730429347117
1.124,1017.96728670056,1993.32867344652,49.9918992737208,49.9936550377683,1633.44597213831,628.614677287896,326.108598579449,326.535770903362,304.957787220929,-250.694629816273,-54.2631572641723,4.40526767775556,-8.12567637965501,3.72040870743327
1.125,1016.21118468469,1997.18953216707,49.9919132483366,49.9936427482733,1636.57104815222,627.129580004356,326.107661056645,326.53591941309,325.961294275757,-174.438029036863,-151.523265140353,6.30319828293246,-7.60524069243011,1.30204241440315
1.126,1014.06941446386,2001.39628409828,49.9919302920025,49.993629357766,1638.16957460658,627.167376140158,326.107181498708,326.535915633476,313.491826989971,-80.601848077457,-232.889978858412,7.58454269754014,-6.33995521554897,-1.24458747796362
1.127,1011.8461920854,2005.66321895938,49.991947983844,49.9936157756905,1638.57561482488,628.308111145727,326.107059686643,326.535801559976,270.894856561622,20.8857245691578,-291.780581119281,8.1221484014724,-4.45779048905143,-3.66435790943788
1.128,1010.39359847764,2009.11487083678,49.9919595432167,49.9936047887413,1637.98573842401,630.465845135894,326.107236649563,326.535585786577,202.014206990045,119.733325171603,-321.747532186515,7.8661725189475,-2.13690729041742,-5.72926522665566
1.129,1009.79167647019,2011.709924339,49.9919643331598,49.9935965284295,1637.14275886118,632.894323998744,326.107489543432,326.535342938691,112.960995361383,207.344449242202,-320.305444655906,6.84012830673475,0.394930057192394,-7.23505836312058
1.13,1010.38561641829,2013.04677648646,49.9919596067359,49.9935922730969,1637.0457552407,634.525005827121,326.107518644518,326.535179870508,13.2780340413177,275.185792796927,-288.463826905872,5.14322967264471,2.88638317593235,-8.02961284869943
1.131,1011.64768844988,2013.71762966675,49.9919495634858,49.9935901377049,1637.72222044752,635.337756178259,326.107315704956,326.535098595473,-87.7924985433196,315.415223178369,-227.622724704202,2.94592639151615,5.09361887578827,-8.03954526812393
1.132,1012.75761774649,2014.55230498424,49.9919407309491,49.9935874808509,1639.33378682974,635.240133037425,326.106832235041,326.535108357787,-180.444285576107,325.297916685672,-144.853631166622,0.457852242550633,6.80659916538292,-7.26445140915092
1.133,1013.38513087004,2015.79156114277,49.9919357373583,49.993583536176,1641.80329872323,634.247528904793,326.106091381473,326.5352076182,-254.862293734568,302.725788882143,-47.8634951849965,-2.07374028761317,7.84849659554059,-5.77475630922797
1.134,1012.72708887244,2018.34264039928,49.9919409738902,49.9935754158385,1644.68009581014,632.81597812514,326.105228342347,326.535350773278,-304.938366873433,250.842367394144,54.0959994719108,-4.40229469967294,8.12591573925963,-3.72362104067352
1.135,1011.10194792901,2021.82998747367,49.9919539063509,49.9935643152681,1647.17306143137,631.767167492812,326.104480452661,326.535455654341,-325.360857934242,174.495139818456,150.865718146805,-6.30082367621072,7.60760818151146,-1.30678450587562
1.136,1008.94319469634,2025.81533506431,49.9919710851633,49.9935516295127,1648.87639302889,631.510809031576,326.103969453182,326.535481290187,-313.07246838438,80.424320464956,232.648147993348,-7.58314882929845,6.34295860156717,1.2401902279322
1.137,1006.7092814141,2029.83683743647,49.9919888620803,49.993538828673,1649.38644661676,632.383744515555,326.103816437105,326.535393996639,-270.858994970407,-20.9486125521812,291.807607639612,-8.12174284893523,4.45998312264337,3.66175972746621
1.138,1004.66033678103,2033.65814996564,49.9920051670636,49.9935266650575,1648.93595644799,634.222751455769,326.103951584156,326.535210095945,-202.284816077855,-120.062332639576,322.347148872894,-7.86710975656651,2.13949262455716,5.72761713426054
1.139,1004.40342560647,2035.66530462095,49.9920072114978,49.9935202760858,1647.90189759972,636.646693552405,326.10426180181,326.534967701735,-113.301352516607,-207.546355070089,320.847707771628,-6.84167242725811,-0.391655203189884,7.23332763376856
1.14,1004.90586629099,2036.88626128894,49.9920032132019,49.99351638966,1647.84672595227,638.036356568401,326.104278353305,326.534828735434,-14.149690411989,-274.566784169666,288.716474784044,-5.14818987870958,-2.88092561481139,8.02911549779276
1.141,1005.34383707737,2038.1584498405,49.9919997279411,49.9935123401581,1649.08316366802,638.14748819721,326.10390742199,326.534817622271,87.2951476507298,-314.765309174215,227.470161729338,-2.94931477867248,-5.09109943165565,8.04041421533216
1.142,1005.87244398765,2039.33065543055,49.991995521421,49.9935086089118,1650.68036205176,637.88165060316,326.103428262475,326.53484420603,180.105767078613,-324.683514633909,144.577747749758,-0.461941132852269,-6.80379689700393,7.26573803529483
1.143,1005.75544650235,2041.10595098988,49.9919964524574,49.9935029579705,1653.21316366601,636.641589711666,326.102668421991,326.534968212119,255.160700232869,-302.492424668539,47.331724603215,2.06940793980872,-7.84733460041007,5.77792666611166
1.144,1004.53438483813,2043.96784222972,49.9920061693574,49.9934938482878,1654.9382058398,636.196490975941,326.102150909338,326.535012721993,305.043962405417,-250.7301632408,-54.3137990349384,4.39854408405165,-8.12441291028445,3.72586883143544
1.145,1003.39029279452,2046.76231320895,49.9920152737526,49.9934849532104,1656.66786308207,635.736869673504,326.101632012166,326.535058684123,325.711609513804,-174.876492960136,-150.835116468904,6.29844981213302,-7.60905429011904,1.31060448253655
1.146,1001.4012729885,2050.36337095558,49.9920311018693,49.9934734906876,1658.564470979,635.115470417171,326.101063029797,326.535120824049,313.418563944981,-81.0649524765857,-232.353611430951,7.58115934005453,-6.34586834491124,-1.23529099151871
1.147,999.655296169163,2053.68320349459,49.9920449959113,49.9934629233324,1659.4463243465,635.46765239422,326.100798473786,326.535085605851,271.073051790799,20.4303263213101,-291.50337812019,8.12148197544288,-4.46277225162352,-3.65870972130295
1.148,998.009773269349,2056.90115918161,49.9920580905665,49.9934526802613,1659.80747653943,636.318346354603,326.100690128129,326.535000536455,202.081692947637,119.642288396855,-321.723981391854,7.86833042064793,-2.14452182748139,-5.72380859183307
1.149,996.659953375745,2059.81147827548,49.9920688320919,49.9934434164279,1659.9694290763,637.387790685555,326.100641542367,326.534893592022,113.337896132867,207.181445215797,-320.519341424408,6.8447091471977,0.386767875921449,-7.23147702292505
1.15,995.827582220671,2062.12440537489,49.9920754558911,49.9934360541523,1659.42879296164,639.116689023707,326.100803733202,326.534720702188,13.6581747825202,274.655506421675,-288.313681295107,5.149223389886,2.87745993179765,-8.02668332246646
1.151,995.678530782425,2063.78359417147,49.9920766420048,49.9934307727903,1659.77480713129,639.930732603687,326.100699928951,326.53463929783,-87.8979529972594,315.414724449064,-227.516771543466,2.95362242122064,5.08697056679721,-8.04059298952245
1.152,995.892771294705,2065.08892866513,49.992074937133,49.9934266177816,1660.42344022844,640.481063626085,326.100505339022,326.534584264728,-180.496972258435,325.329820725043,-144.832848544485,0.465359645840855,6.80259611338567,-7.2679557611305
1.153,995.806386949461,2066.62975553508,49.9920756245577,49.9934217131773,1662.34594921786,639.717920682668,326.099928586325,326.534660579022,-254.961996668171,302.779861338866,-47.8178647223716,-2.06692844365775,7.84700233586833,-5.78007389415658
1.154,994.769748699616,2069.11413169662,49.9920838738628,49.9934138051624,1664.13209313452,639.052108553258,326.09939274315,326.534727160235,-304.994241693614,251.151698474143,53.8425432041463,-4.39649519801811,8.12549768757315,-3.72900249118676
1.155,993.429231256973,2071.90901228446,49.9920945413617,49.9934049087812,1665.88238195358,638.422339472444,326.098867656504,326.534790137143,-325.254995945793,174.59613883569,150.658857137806,-6.29670070627977,7.61046906034951,-1.31376835506296
1.156,991.814114445283,2074.94777505799,49.9921073940529,49.9933952360988,1667.21117472931,638.222322385294,326.098469018672,326.534810138852,-312.839566065395,80.4466447099413,232.392921428856,-7.58026501473748,6.3479967454505,1.23226826919382
1.157,990.562634061978,2077.5790507124,49.9921173530173,49.9933868604883,1667.82530111373,638.677835564102,326.098284780756,326.534764587534,-270.985135700428,-20.6022648839027,291.587400701696,-8.12081937629624,4.46629904860806,3.65452032866963
1.158,989.30504111904,2080.21613040842,49.992127360624,49.9933784664029,1668.00355783619,639.572437778921,326.09823130374,326.534675127312,-202.315494972616,-120.113828080254,322.429323208265,-7.86885300577893,2.14748463989943,5.72136836800732
1.159,988.779060228553,2082.13058767962,49.9921315462469,49.9933723724962,1668.37817322078,640.3021673982,326.098118919124,326.534602154351,-113.538044866333,-207.545391137371,321.083436187216,-6.84661401490612,-0.383885254317116,7.23049927245816
1.16,987.893391237541,2084.33785388984,49.9921385941768,49.9933653465496,1669.32998953596,640.390003179481,326.09783337423,326.534593370772,-14.1829605645491,-274.669773736009,288.852734499687,-5.1529869268215,-2.87447792437249,8.02746485538824
1.161,987.022177342141,2086.53627710554,49.9921455270767,49.9933583487512,1670.14412027061,640.6035644921,326.097589135009,326.534572014641,86.9287031908592,-314.826061351863,227.897358361651,-2.95663727804057,-5.08483741886213,8.04147470181449
1.162,986.397461968821,2088.49646972642,49.9921504984037,49.9933521092643,1670.50935673217,641.274729889152,326.097479564071,326.534504898101,179.934874234521,-324.781784224705,144.846910178028,-0.469864041512235,-6.79969068219861,7.26955472902834
1.163,985.792689415855,2090.37508712424,49.9921553110308,49.9933461294394,1671.33961206373,641.464769726428,326.097230487471,326.534485894118,254.525066349041,-302.273613613489,47.7485474285126,2.06193859127892,-7.84517855364456,5.78323996774708
1.164,985.057305507902,2092.39469863165,49.99216116303,49.9933397008163,1672.46530997876,641.330360002273,326.096892778097,326.53449933509,304.968960047998,-250.96545649185,-54.0035034255388,4.39206187203162,-8.12596817726427,3.73390631034588
1.165,983.595282957848,2095.13898129103,49.9921727974358,49.9933309654933,1673.80585918762,640.984966033638,326.096490613334,326.534533874487,325.44060315443,-174.971251580208,-150.469351484409,6.29357677652039,-7.61129175694751,1.31771498496109
1.166,981.797876784093,2098.18509732264,49.9921871007396,49.9933212694048,1674.62302402785,641.172791318257,326.096245463882,326.534515091959,313.738075268412,-81.3311558526942,-232.406919371388,7.57861264918756,-6.35027049397074,-1.2283421515311
1.167,980.248912231104,2100.96332444891,49.9921994270079,49.9933124260332,1675.38288457063,641.346357776994,326.096017505719,326.534497735313,271.146334497851,20.1615495892064,-291.307884087775,8.12111786166141,-4.47065546451279,-3.65046239450848
1.168,978.737885996006,2103.67983522846,49.9922114513726,49.9933037791108,1675.82658366311,641.86619103497,326.095884395991,326.534445751987,202.518964866838,119.232319155047,-321.75128406267,7.86955343897898,-2.15093086667786,-5.71862257080553
1.169,977.541966342,2106.09139332304,49.9922209681988,49.993296102883,1676.11068282675,642.552389377379,326.095799166242,326.534377132153,113.317051598777,207.415309948748,-320.732361620675,6.84763108634447,0.380328747056534,-7.22795983304324
1.17,976.97985174055,2107.8029838217,49.9922254413647,49.9932906547212,1676.06328233323,643.502486559019,326.09581338639,326.534282122434,13.9957444648103,274.468050696025,-288.463795255427,5.15553476214986,2.87024024460807,-8.02577500743744
1.171,976.70941209815,2109.25111076718,49.992227593455,49.99328604519,1676.34459241233,644.141701305487,326.095728993367,326.53421820096,-87.2488715480361,315.298496481942,-228.049625035277,2.95953125581786,5.08233870726442,-8.04186996459177
1.172,976.347257723835,2110.80203494141,49.9922304753879,49.993281108445,1677.89246853472,643.514176693181,326.09526463053,326.534280953421,-179.776552205451,325.18515680695,-145.408604694385,0.473572020764997,6.79807286811046,-7.27164489091718
1.173,975.431422213884,2112.86103249599,49.9922377633754,49.9932745544522,1680.02840100013,642.26772687213,326.09462385079,326.534405598403,-254.395817364525,302.90713980463,-48.5113225103461,-2.05780424874398,7.84510426206245,-5.78730001553726
1.174,973.169088571428,2116.25627464849,49.9922557664545,49.9932637470608,1681.49356887054,641.684616337636,326.094184300429,326.534463909457,-304.299413733855,250.864598271247,53.4348154267634,-4.38828811692745,8.12575229075279,-3.73746417584886
1.175,971.253238365553,2119.29255304115,49.992271012306,49.9932540822865,1681.72571657361,642.327382614377,326.094114656118,326.534399632829,-325.147696265338,174.870370927889,150.277325344567,-6.29132925734734,7.61324206372018,-1.32191280784773
1.176,970.059956398653,2121.57562001938,49.9922805081422,49.9932468150586,1681.93997139881,643.000367342068,326.094050379671,326.534332334356,-312.867620353221,80.8987979876062,231.968822419886,-7.5766001022515,6.35255081691364,1.22404928470984
1.177,969.454452067875,2123.24062686463,49.9922853265926,49.9932415151772,1681.62004181525,644.144175779788,326.094146358546,326.534217953512,-271.268406176066,-20.0134996915102,291.281905968873,-8.12000993935644,4.47229826712602,3.64771167266795
1.178,969.114330451928,2124.6521338308,49.9922880331944,49.993237022211,1681.57983978078,645.024036775633,326.094158419156,326.534129967413,-202.823625348856,-119.522057408225,322.345682900057,-7.8704614232059,2.15436790068738,5.7160935241336
1.179,968.695930127335,2126.14825352691,49.9922913627184,49.9932322599141,1682.43848139021,645.026247090554,326.093900826673,326.534129746381,-114.008461306999,-207.269991750031,321.278453231448,-6.84978195355866,-0.376880946084539,7.22666290242223
1.18,968.1403734486,2127.73179157269,49.9922957836979,49.993227219356,1683.61523050397,644.647234453162,326.093547801939,326.534167647645,-14.4535237006147,-274.179256358025,288.632780251684,-5.1586743014324,-2.86665752012736,8.02533182536956
1.181,966.438228093448,2130.49919702114,49.9923093289403,49.9932184104308,1685.61122091664,643.454870916574,326.092949004815,326.534286883999,86.5758511948968,-314.648274917606,228.07242391985,-2.96531200502447,-5.07865609535106,8.04396810498117
1.182,964.610371757584,2133.35950664165,49.9923238745589,49.9932093057825,1687.11418849012,642.787501075348,326.092498114543,326.534353620983,179.659829237809,-324.604869033403,144.945039981942,-0.476696364721488,-6.79536912640109,7.27206549620964
1.183,962.481841158015,2136.48938055449,49.9923408128672,49.9931993430844,1688.11278871737,642.580727362267,326.092198534475,326.534374298354,254.550889406025,-302.523723535458,47.9728342920706,2.05527137856037,-7.84366689734949,5.78839552400292
1.184,960.05896080533,2139.89430715913,49.9923600935364,49.9931885048664,1688.25670352245,643.206634907342,326.092155360034,326.5343117076,305.075539407071,-251.386114678112,-53.6894246011043,4.38551571961296,-8.12491946000357,3.73940374536862
1.185,958.775888579628,2142.14136559885,49.9923703039008,49.9931813522573,1687.70317322059,644.527539374616,326.092321419124,326.534179617153,325.597303345192,-175.144013044719,-150.453290215476,6.28794387947414,-7.61234478151907,1.32440090644778
1.186,958.225550610729,2143.68234900878,49.9923746833512,49.9931764471547,1687.11418102923,645.897029906717,326.092498116782,326.5340426681,313.704458702892,-81.3477321666616,-232.356726500085,7.57634982491229,-6.35540767301131,-1.22094214837277
1.187,957.92191069952,2144.9237388954,49.9923770996408,49.993172495688,1687.16774046322,646.579504254488,326.092482048951,326.533974420665,271.518573133804,19.7163736634353,-291.234946810205,8.12000661577675,-4.47520262844669,-3.6448039849043
1.188,957.882199871708,2145.92302501774,49.9923774156495,49.9931693148615,1687.72601016869,646.752591948936,326.09231456804,326.533957111896,202.77602998538,118.972469549385,-321.748499592326,7.87273369439599,-2.15918732740074,-5.71354636579681
1.189,957.88707706191,2146.86516809951,49.9923773768381,49.9931663159269,1689.07396523766,646.173409482119,326.091910181519,326.534015030142,113.643809184201,206.961066772648,-320.604876049413,6.85208539013242,0.372301120806006,-7.22438651097422
1.19,957.025743681988,2148.63419232532,49.9923842311114,49.9931606849479,1690.61997602938,645.32342149979,326.091446378282,326.53410002894,14.1238063390937,274.520636859548,-288.644443313318,5.16210636813876,2.86253241004938,-8.02463877933672
1.191,955.426753722323,2151.16405367613,49.9923969554691,49.9931526321491,1691.8611734015,644.789258267334,326.09107401907,326.534153445264,-86.9550728709782,315.137652841606,-228.182580093076,2.96888564960659,5.07483691459501,-8.04372256623831
1.192,953.933010275234,2153.56672358688,49.9924088423018,49.9931449842133,1692.86995564699,644.510372388898,326.090771384396,326.534181333852,-179.946467217339,325.203131701493,-145.25666459909,0.481532273798776,6.79269121554514,-7.27422349196129
1.193,952.505863171508,2155.86148795278,49.9924201991776,49.9931376797514,1694.00689396089,644.069605819329,326.090430302902,326.534225410508,-254.302211162843,302.703151159308,-48.4009400891817,-2.05037609099104,7.84138933135557,-5.7910132431985
1.194,950.315118814905,2158.94040539878,49.9924376325673,49.9931278792528,1694.83033238734,643.949949140281,326.090183271374,326.534237376176,-304.284227973327,251.194222094625,53.0900058204091,-4.38366656992611,8.12623992139718,-3.7425733541386
1.195,948.179706340818,2161.94172955714,49.9924546256398,49.9931183257413,1695.22191612895,644.224490860451,326.090065796252,326.534209922004,-325.116649590913,175.133127950783,149.983521625438,-6.28598362512541,7.61503617935463,-1.32905255636335
1.196,946.973139538315,2164.00610461121,49.9924642271934,49.9931117546314,1694.35158574418,645.789044389314,326.090326895367,326.534053466651,-313.251570106913,81.3282028338587,231.92336730646,-7.57457230660781,6.35683775944657,1.21773454587359
1.197,946.203504916058,2165.58605496676,49.9924703517511,49.9931067254932,1693.66711090295,647.103987040165,326.09053223782,326.533921972386,-271.864589386142,-19.7762798246353,291.64086929282,-8.11914828116006,4.47918934284465,3.63995893810544
1.198,946.327203574637,2166.30565865809,49.9924693673884,49.9931044349235,1693.75311255663,647.68136098439,326.090506437323,326.533864234992,-202.731371481347,-119.385211320528,322.116582928148,-7.87253016747399,2.16198183791376,5.71054833055776
1.199,946.231373484389,2167.23792396912,49.9924701299801,49.9931014674309,1694.49804688095,647.611295987165,326.090282957026,326.533871241492,-114.299587122343,-207.003722256083,321.30330953914,-6.85381675276888,-0.369096560055884,7.22291331503462
1.2,946.032633948946,2168.24069034397,49.992471711499,49.9930982755264,1695.81166790398,646.914965868921,326.089888870719,326.533940874504,-14.7066583279606,-274.08791680622,288.794575317036,-5.16498154288938,-2.85966420641115,8.02464575260828
1.201,944.808207587865,2170.28349244207,49.9924814551744,49.9930917730853,1697.53802139918,645.813151757416,326.089370964671,326.534051055915,86.4857060862638,-314.798844383594,228.313138487996,-2.97133151691317,-5.07280767060031,8.04413919169984
1.202,942.650700744209,2173.26642686624,49.9924986240684,49.9930822781102,1698.71026368579,645.27271515542,326.089019291985,326.534105099575,179.27948623841,-324.884505372183,145.605019317446,-0.485766706123191,-6.79131521069634,7.27708192158143
1.203,940.785301479282,2175.88492643711,49.9925134684441,49.9930739431672,1699.54230053576,645.072456212987,326.08876968093,326.534125125469,254.303622878538,-302.562711117749,48.2590884057944,2.04782952735252,-7.84136353562163,5.79353401327602
1.204,939.188165751564,2178.24506126862,49.9925261780464,49.9930664306247,1699.34094671121,645.860246987955,326.088830087077,326.534046346392,304.905954513858,-251.438348406011,-53.4676059703524,4.37913864669,-8.12618911419992,3.7470504724269
1.205,938.069071144953,2180.14659238304,49.9925350835183,49.9930603778632,1699.4843768723,646.326061405444,326.088787058029,326.53399976495,325.689219106567,-175.495434299529,-150.193784708447,6.28413598163804,-7.61709931556604,1.33296333841666
1.206,936.827288198753,2182.13585171492,49.992544965313,49.993054045854,1699.81223135844,646.620100145527,326.088688701683,326.533970361076,313.470488585315,-81.7047165972904,-231.765771934486,7.57271900860716,-6.35951634440782,-1.21320266044629
1.207,935.661234501685,2184.0457421457,49.9925542444735,49.993047966484,1699.90618830647,647.092537404655,326.088660514598,326.53392311735,271.479909159618,19.4288319977363,-290.908741150681,8.12022444304499,-4.48169779949524,-3.6385266407754
1.208,934.553993302492,2185.89281916756,49.992563055619,49.9930420870552,1699.69163193745,647.87462308837,326.088724881509,326.533844908782,202.781329961725,118.599891229445,-321.381221228584,7.87427587802972,-2.16630972826789,-5.70796614811965
1.209,933.950724949676,2187.22628087043,49.992567856276,49.9930378425148,1700.26000879589,647.91125033239,326.088554368452,326.533841246057,114.12751019898,206.722016922195,-320.849527196212,6.85654118279436,0.364675097169411,-7.22121627950279
1.21,933.390876157253,2188.48962732682,49.9925723114111,49.9930338211581,1701.34582932945,647.378522618439,326.088228622292,326.533894518829,14.2902267981261,274.103968268415,-288.394195168745,5.16694364076146,2.85638117110658,-8.02332481253034
1.211,931.937802492604,2190.6488049551,49.992583874604,49.9930269482823,1701.68037228837,647.574980856909,326.088128259404,326.533874873005,-86.7706947168568,315.265536405777,-228.494841804181,2.97477882219377,5.06928940226129,-8.04406822606778
1.212,930.69016163976,2192.61272960646,49.9925938030144,49.9930206969159,1702.50477190935,647.324100092704,326.087880939518,326.533899961081,-179.385632958115,325.240410045556,-145.854777200462,0.488978138449904,6.78873962252799,-7.27771776326888
1.213,929.250556181803,2194.73337586549,49.9926052590306,49.9930139466893,1703.44219620912,646.942327715284,326.087599712228,326.533938138319,-254.287887333569,302.977533313886,-48.6896460760745,-2.04442657992185,7.84030280956178,-5.79587623226632
1.214,928.016184430533,2196.64924753001,49.9926150818489,49.9930078482803,1703.3955698132,647.505008009179,326.087613700146,326.533881870289,-304.324136256475,251.415587190523,52.9085490006512,-4.37622816030612,8.12662992849212,-3.75040177077116
1.215,926.893499628651,2198.46126598732,49.9926240158907,49.9930020804464,1703.71657660045,647.71763541536,326.08751739811,326.533860607549,-325.067885231284,175.428686585293,149.639198621207,-6.28178224674674,7.61889487017833,-1.33711262560351
1.216,926.280627008528,2199.73290676087,49.9926288929761,49.9929980326881,1704.11105452398,647.877126067889,326.087399054733,326.533844658484,-313.010677572283,81.5589742003993,231.451703393972,-7.57158136705687,6.36214830381657,1.20943306181352
1.217,925.385619429794,2201.27432270738,49.9926360152201,49.9929931262088,1704.38472818478,648.091329432619,326.087316952635,326.533823238147,-271.763427801379,-19.5513440970311,291.314771969145,-8.11929912616038,4.48508632846831,3.63421279727023
1.218,924.426079571631,2202.87012220938,49.9926436509957,49.9929880466212,1704.24244105379,648.736430138308,326.087359638774,326.533758728077,-203.252779288087,-118.878661777187,322.131441181293,-7.87383251033048,2.16922770677361,5.7046048043003
1.219,924.326873470716,2203.62443296361,49.9926444404527,49.9929856455755,1704.78242020599,648.732928956408,326.087197645029,326.533759078195,-114.42043914492,-206.869708536293,321.290147833321,-6.85800962181729,-0.361083707915091,7.21909333167627
1.22,924.246720957923,2204.32595264861,49.9926450782862,49.992983412569,1705.92917676467,648.066690841968,326.086853618061,326.533825702006,-15.1484888664013,-274.037077940287,289.185566983692,-5.17036562305478,-2.8529770149604,8.02334264107295
1.221,923.173862073408,2206.03988627537,49.9926536158259,49.9929779569488,1707.51647557396,646.954922080104,326.086377428418,326.533936878882,86.2837512576087,-314.661961822224,228.37821075258,-2.97865994584959,-5.06588232830301,8.04454227813135
1.222,920.784169147192,2209.07358496967,49.992672632398,49.992968300386,1708.55950726559,646.421097005173,326.086064518911,326.53399026139,179.256376597783,-324.859983887582,145.603607473643,-0.492679891284386,-6.786553652707,7.27923354860891
1.223,918.434581489201,2211.99544020202,49.9926913298225,49.9929589998319,1708.84250578299,646.619255368796,326.085979619355,326.533970445554,254.212519045685,-302.93298870136,48.7204698203191,2.04003095350995,-7.83837974783037,5.79834879922536
1.224,915.998489055357,2215.02856065781,49.9927107156301,49.9929493451096,1708.22325063047,647.686017035143,326.086165395901,326.533863769387,304.705363794589,-251.584979204009,-53.1203844576549,4.37233653041645,-8.1254916550611,3.75315512945948
1.225,914.697874594544,2216.92517191534,49.9927210655911,49.9929433080085,1706.50177264153,649.887604945213,326.086681839298,326.533643610596,325.690427138745,-175.784093693015,-149.906333353971,6.28001782256654,-7.61940684925188,1.33938903104484
1.226,915.30365733327,2216.88681950278,49.9927162449253,49.992943430088,1705.52033838242,651.348517873722,326.086976269576,326.533497519303,313.673017257971,-81.9402517127665,-231.73276550094,7.5699813124374,-6.36351221070236,-1.20646909815529
1.227,916.163823693162,2216.59632370314,49.9927093999389,49.9929443547649,1705.40140395361,651.911590808676,326.087011949904,326.53344121201,271.726218849109,19.0446764239534,-290.770895277926,8.11896610570976,-4.48714106913487,-3.63182503402845
1.228,916.796699407873,2216.5455225348,49.992704363674,49.99294451647,1707.07891441574,650.669891093776,326.086508696766,326.533565381981,203.347967467347,118.605409378115,-321.953376896099,7.8758455656235,-2.17305845343768,-5.70278711082894
1.229,916.636027804439,2217.30933358101,49.9927056422579,49.9929420851839,1709.55276015592,648.681940910001,326.085766543044,326.533764176999,113.947090126181,206.660751612826,-320.607841827814,6.86049664683481,0.357938100169263,-7.21843474687893
1.23,915.075292298627,2219.43751147329,49.9927180621965,49.9929353109833,1711.64370304683,647.011808848894,326.085139260176,326.533931190206,15.0386242753675,274.04686491736,-289.085489307151,5.17381090892762,2.85055741896253,-8.02436832891219
1.231,912.688060959537,2222.37625429111,49.9927370591799,49.9929259566744,1712.80203437525,646.267484892438,326.084791760778,326.534005622601,-86.304214541041,314.894655171301,-228.590440755899,2.98236856145924,5.06314555379591,-8.04551411722479
1.232,909.967128400638,2225.66276183527,49.9927587116732,49.992915495396,1712.98466097431,646.521963155234,326.084736972798,326.533980174775,-179.206518218463,325.274623476164,-146.068105378934,0.497062621035162,6.78459847641013,-7.28166110006973
1.233,907.803758632268,2228.32605014184,49.9927759272228,49.992907017886,1712.19173752601,647.752371470622,326.084974849833,326.533857133943,-253.688882891905,302.901174110276,-49.2122913196583,-2.0365975505212,7.8374608342617,-5.80086328665935
1.234,906.249085480499,2230.39650777715,49.9927882989187,49.9929004274146,1710.78065635676,649.564424187951,326.085398174183,326.533675928672,-304.110438017279,251.665894543583,52.4445434053918,-4.3698759430608,8.12648474658079,-3.75660880634269
1.235,905.872294567318,2231.28566330746,49.9927912973255,49.9928975971447,1709.19998320252,651.557701828403,326.08587237613,326.533476600908,-325.153910031487,175.766436266205,149.387473739795,-6.27645960945856,7.61981014147345,-1.34335053436222
1.236,906.896472786225,2230.78436960997,49.9927831471742,49.9928991928121,1708.56693640501,652.616730388075,326.086062290169,326.533370698052,-313.166912630374,81.8069479400968,231.359964713348,-7.56920151913853,6.36698255555137,1.20221896204707
1.237,907.926756609249,2230.25659655068,49.992774948436,49.9929008727659,1709.45625863681,652.117903313852,326.085795493499,326.533420580759,-271.803614106163,-19.3984316256981,291.202045804692,-8.11972867884907,4.491333588324,3.62839509004567
1.238,908.054270943578,2230.64786183685,49.9927739337092,49.9928996273298,1711.32055735446,650.640649429562,326.085236203884,326.533568306147,-203.346531533252,-118.729305401046,322.07583705263,-7.87663568618372,2.17656787906899,5.70006780784536
1.239,907.052741268373,2232.1755796613,49.9927819036291,49.992894764453,1713.34321496915,649.033587171216,326.0846294066,326.533729012373,-114.511377570227,-206.817002845167,321.32838057014,-6.86240107540652,-0.353276957490278,7.21567803486001
1.24,905.465995241881,2234.22494507853,49.9927945305528,49.9928882411202,1714.39137131225,648.33803224048,326.084314959697,326.533798567866,-15.5388693678785,-273.507698343026,289.046567889233,-5.17648212006124,-2.84446327855808,8.02094540170983
1.241,903.250084017918,2236.92676801391,49.992812164214,49.9928796409507,1714.94148150345,648.17281128434,326.084149926639,326.533815089962,85.8569233638339,-314.459881534577,228.602958358226,-2.98460007619749,-5.06050011792434,8.04510019812487
1.242,901.603378036094,2239.07589509005,49.9928252682839,49.9928728000668,1715.15905237586,648.366847835529,326.084084655378,326.533795686307,179.013930210596,-324.596478160386,145.582548130771,-0.499080803741912,-6.78335794060315,7.28243874895813
1.243,900.054118445967,2241.06910614121,49.9928375969,49.9928664554789,1714.63136561343,649.254406186868,326.084242961406,326.533706930472,253.928869754606,-302.969410284916,49.0405406893003,2.0333560530463,-7.8371194072377,5.80376335904446
1.244,899.125778752038,2242.45136885677,49.9928449843925,49.9928620556001,1714.19200516939,650.049793568042,326.08437476954,326.533627391734,304.874069083119,-251.827514155195,-53.0465548029221,4.36645513203084,-8.12594171837113,3.75948659104439
1.245,898.778606628682,2243.29017107213,49.9928477471005,49.9928593856097,1713.69320569306,650.923021628799,326.084524409382,326.533540068927,325.634020853561,-175.961449149117,-149.672571622997,6.27556715560424,-7.62288935180971,1.34732220039074
1.246,898.962626889322,2243.55280486697,49.9928462827138,49.9928585496204,1713.87398360454,651.114304158775,326.084470176009,326.533520940675,313.830865537787,-82.3789176067861,-231.451947898478,7.56752825396098,-6.3691328945789,-1.19839535603618
1.247,899.173306601701,2243.76940825586,49.9928446061779,49.9928578601504,1714.09147439922,651.223617287933,326.084404928771,326.533510009362,271.961320299782,18.6059069630755,-290.567227280577,8.11775381924145,-4.49457185208131,-3.62318196490121
1.248,898.625851191103,2244.75547966212,49.9928489626896,49.9928547213876,1714.95418178874,650.715105313263,326.084146116554,326.533560860559,203.378359414133,118.439169674975,-321.817529153029,7.8759990323477,-2.17908327705242,-5.69691575426917
1.249,897.964216676549,2245.90562729891,49.9928542278098,49.9928510603539,1715.81508710139,650.228764277842,326.08388784496,326.533609494663,114.466528335139,206.256824752181,-320.723353187228,6.86470346684283,0.350530418857456,-7.21523388592804
1.25,896.723531764207,2247.5480790846,49.9928641008666,49.9928458322675,1716.37486028261,649.996745723761,326.083719913006,326.533632696518,14.8246369744051,274.280751252318,-289.105388349284,5.17799191112656,2.84286244639935,-8.0208543588855
1.251,895.536416194178,2249.16578097284,49.9928735476322,49.9928406829625,1716.57896779163,650.108918689923,326.083658680753,326.533621479221,-86.3027406706875,315.235021233563,-228.932280694306,2.98861090716676,5.05771760574199,-8.04632851517672
1.252,894.361837211863,2250.78906296511,49.9928828946348,49.9928355158954,1716.6003188023,650.446940754846,326.08365227545,326.533587677015,-178.646692740199,325.148055406422,-146.501362791906,0.50329015795417,6.78113358404704,-7.28442374487846
1.253,893.315738345707,2252.2369658955,49.992891219225,49.9928309070773,1716.80388447273,650.578485117631,326.083591205749,326.533574522579,-253.735843731596,303.140012143038,-49.4041685174692,-2.02966993563967,7.83652375954982,-5.80685382704611
1.254,892.737101063307,2253.22591426312,49.9928958238742,49.9928277591569,1717.15819934724,650.533692900044,326.083484911286,326.5335790018,-304.196585886453,252.050346259659,52.1462395527482,-4.36346110722066,8.12750988964147,-3.7640487854438
1.255,892.75988522032,2253.60479090877,49.9928956425637,49.992826553155,1717.4075207153,650.612551556448,326.083410114876,326.533571115935,-324.996671148403,175.802307273136,149.194363842646,-6.2715003532761,7.62231682119194,-1.35081647046482
1.256,892.068730042535,2254.71250581517,49.9929011426018,49.992823027189,1718.02661653279,650.33071865579,326.083224386131,326.533599299225,-313.339548241421,82.3135020287382,231.026046227276,-7.56633563687537,6.37105389597617,1.19528173914264
1.257,891.189904653011,2255.98885186386,49.992908136072,49.9928189644533,1718.5250964063,650.129762742284,326.083074842169,326.533619394816,-272.009313382779,-19.0101827025914,291.01949614862,-8.11911765320001,4.49745505625137,3.62166259623051
1.258,889.986425650513,2257.57772699616,49.9929177130537,49.9928139069067,1718.5968602295,650.352104317722,326.083053313022,326.533597160659,-203.519550123907,-118.563649825097,322.083200057611,-7.87817407523194,2.1840962949851,5.69407778071626
1.259,888.835222477985,2259.13418178563,49.9929268740374,49.9928089525572,1718.89616924462,650.393417409569,326.082963520317,326.533593029349,-114.658412647505,-206.568553622957,321.226966415439,-6.86600600188494,-0.346263316459355,7.21226932003224
1.26,887.907281742172,2260.40832315108,49.9929342583552,49.9928048968393,1718.6619701739,650.905199596161,326.083033780038,326.533541851131,-15.5411671963801,-274.043736055889,289.584903422716,-5.18175066428634,-2.83858395782491,8.02033462492941
1.261,887.558610821222,2261.13979268623,49.9929370329902,49.9928025684994,1718.05077792424,651.801922203956,326.083217137713,326.53345217887,85.6773347877829,-314.696260869599,229.018926264237,-2.99172542238482,-5.05536994358348,8.04709536972535
1.262,887.626092019058,2261.45710600957,49.9929364959919,49.9928015584598,1717.91776601273,652.253541529692,326.083257041287,326.533407016937,178.607876619914,-324.746215869557,146.138339429577,-0.506363254771712,-6.77899139012303,7.28535464931488
1.263,887.827170679877,2261.59775699262,49.9929348958588,49.9928011107538,1718.15397666201,652.312186209285,326.083186178092,326.533401152469,254.077666547428,-303.032760157485,48.9550937727332,2.02740704228093,-7.83556563709663,5.80815859956019
1.264,888.062445491853,2261.74042783022,49.9929330236013,49.9928006566184,1718.96162059783,651.765952741184,326.082943884911,326.533455775816,304.443818792993,-251.746932375526,-52.6968862848054,4.36065081477238,-8.12762545521489,3.76697464514084
1.265,887.398621437756,2262.78120654348,49.9929383061453,49.9927973437169,1720.33512697027,650.68289579234,326.082531832999,326.533564081511,325.741054405242,-176.398740714678,-149.342313597924,6.26985781731073,-7.62457832459162,1.35472051156815
1.266,886.165463568305,2264.37024949569,49.9929481193038,49.9927922856361,1721.05584274299,650.259246825637,326.082315618268,326.533606446408,313.944723127787,-82.5079528442254,-231.436770236849,7.56407480366629,-6.37306683883495,-1.19100796127931
1.267,884.679636461594,2266.19471242499,49.9929599431402,49.9927864781902,1720.9729968888,650.600279355422,326.082340472024,326.533572343155,272.21883945121,18.3703216311641,-290.589161083391,8.11817040938603,-4.50025782766541,-3.61791257915617
1.268,883.425795527639,2267.79558021415,49.9929699208893,49.9927813824697,1720.89085263126,650.935599695527,326.082365115301,326.533538811121,203.314455761062,118.040480751834,-321.35493655837,7.8790334830048,-2.18777950469253,-5.69125397689226
1.269,882.173640938165,2269.39340539573,49.992979885219,49.9927762964342,1720.29382145014,651.848025908299,326.082544224655,326.5334475685,114.831471951137,206.150156631793,-320.98162866604,6.8672337984975,0.343112740914976,-7.210346539185
1.27,881.615093279854,2270.26237841253,49.99298433,49.9927735304072,1719.98617347105,652.403027174466,326.082636519049,326.533392068373,15.3434159711048,274.104683948164,-289.448100027239,5.18415729988612,2.83585551898266,-8.02001281975606
1.271,881.953465619397,2270.26545578867,49.9929816373185,49.9927735206116,1719.93502192375,652.713132678692,326.082651864513,326.533361057823,-85.9762042225809,314.709425149763,-228.733221046582,2.99428356463099,5.05295264013122,-8.04723620657296
1.272,881.658535449543,2270.91085492809,49.9929839842982,49.9927714662423,1720.01219485663,652.899583632209,326.082628712633,326.533342412727,-178.839886726006,325.384302695898,-146.544416087962,0.51054051307309,6.77648254643248,-7.28702306196981
1.273,881.272790940762,2271.609748345,49.9929870539555,49.9927692415955,1720.35294924227,652.807721813231,326.082526486318,326.533351598909,-253.766863762212,303.408956256557,-49.6420925987208,-2.02211923571043,7.83502954406056,-5.81291031116528
1.274,881.094501880866,2272.0948406964,49.9929884727347,49.9927676974986,1720.96996741425,652.450382355633,326.082341380866,326.533387332855,-304.005704272952,251.905268117677,52.1004360774363,-4.35766176439701,8.12662370475877,-3.76896194318769
1.275,880.968875895607,2272.55217193535,49.9929894724346,49.992766241768,1721.39059491314,652.279476311415,326.082215192616,326.533404423459,-325.205685297741,176.061319062922,149.144366194097,-6.26779491823007,7.62558748572817,-1.35779256998512
1.276,880.273217663248,2273.57851106549,49.9929950083069,49.9927629748291,1722.25525852161,651.675895056979,326.081955793534,326.533464781585,-313.37849584612,82.3585002927594,231.019995556735,-7.56360036967944,6.37658006132716,1.18702030652711
1.277,879.150966201282,2274.99384459042,49.9930039389003,49.9927584696826,1723.50133969357,650.659573898014,326.081581969182,326.533566413701,-271.936110363682,-18.9454624074422,290.881572821112,-8.1180529155755,4.50337893864625,3.61467397602877
1.278,877.348532232516,2277.10748727099,49.993018282214,49.992751741749,1723.43758668636,650.950724742876,326.081601095084,326.533537298616,-203.790741268719,-118.195495094633,321.986236458011,-7.8793430198015,2.19045529981337,5.68888772018581
1.279,875.950218613242,2278.81077525406,49.9930294096403,49.9927463200149,1722.48589593687,652.171965342449,326.081886602309,326.533415174556,-115.637975442833,-205.798327766433,321.436303341758,-6.86920972827099,-0.339812692343773,7.20902242197543
1.28,875.429715149306,2279.59768583371,49.9930335516752,49.9927438152008,1721.32624739461,653.529269427507,326.082234496872,326.533279444148,-16.0618088323936,-273.70000429505,289.7618132886,-5.18739152508392,-2.83153915974359,8.01893068730957
1.281,875.469394266097,2279.84294079078,49.9930332359189,49.99274303453,1719.91848734335,655.162635011597,326.082656824887,326.533116107589,85.1240842020772,-314.201235855247,229.077151829884,-2.99798411958484,-5.0493443973157,8.04732852035396
1.282,876.899762335164,2278.71782797519,49.9930218534114,49.9927466158753,1719.75981890753,655.58542518045,326.082704425418,326.533073828572,178.806742963973,-324.799148474209,145.992405688249,-0.513341618778987,-6.77549372553316,7.28883534848853
1.283,878.291074681192,2277.60058721425,49.9930107816996,49.9927501721631,1721.0652724014,654.500665456387,326.08231278937,326.533182304545,253.54636649712,-303.073267957135,49.5269016268699,2.01992038906858,-7.83399749287963,5.81407710840696
1.284,878.659446674032,2277.51566394464,49.9930078502884,49.9927504424823,1722.74958449262,653.010597150902,326.081807495743,326.533331311375,304.382342312542,-252.092773088087,-52.2895690820909,4.35423500134146,-8.12705581585533,3.77282081918882
1.285,877.948305185922,2278.52265612493,49.9930135093725,49.9927472371266,1724.22386526465,651.77139558604,326.081365211511,326.533455231532,325.673954965097,-176.3292373932,-149.344717465175,6.26527439706501,-7.6258468711311,1.36057247846545
1.286,876.052785730408,2280.72570122407,49.9930285934371,49.9927402246163,1725.52169485589,650.694969435663,326.080975862634,326.533562874147,313.880942324497,-82.944206136965,-230.936736123452,7.56208277967928,-6.37903485010018,-1.18304792578464
1.287,873.159972349422,2283.87496237774,49.9930516137145,49.9927302002067,1725.60815871999,650.797492798401,326.080949923474,326.533552621811,272.160528464766,18.3615308734561,-290.522059319839,8.11753245559001,-4.50665185830271,-3.61088059436576
1.288,871.302915470091,2285.97475572253,49.9930663917036,49.9927235163569,1723.76355314504,652.848646270862,326.081503305147,326.533347506463,203.819568620741,117.625742822986,-321.445311469639,7.87962182434633,-2.19362345105533,-5.68599837142657
1.289,871.003454623618,2286.53855958588,49.9930687747373,49.9927217217134,1721.41112481718,655.433668762422,326.082209033645,326.533089004214,115.142508973418,205.718802358858,-320.861311396507,6.8714835998309,0.336030194380067,-7.20751379348401
1.29,872.353075913655,2285.42846441156,49.9930580347923,49.9927252552561,1720.38415732699,656.651585305668,326.082517123892,326.53296721256,15.8156832297573,273.728767689397,-289.544451012468,5.19061920298203,2.82881066461403,-8.01942986797672
1.291,874.359885189991,2283.68177732504,49.9930420651115,49.9927308151338,1720.65005653302,656.580139633,326.08243735413,326.532974357127,-85.9706841454337,315.003293788475,-229.032609752436,3.0018364747223,5.04654949457591,-8.04838597064517
1.292,875.28514981021,2283.04064485939,49.9930347020896,49.9927328559218,1722.04997816927,655.409696439829,326.08201737764,326.533091401446,-178.56908083832,325.407466992595,-146.83838626544,0.516839563538746,6.77339312851106,-7.29023269412329
1.293,875.109763773956,2283.46257383064,49.9930360977674,49.9927315128802,1724.17843682972,653.471646438694,326.081378840041,326.533285206447,-253.420462203937,303.397369183152,-49.9769070783694,-2.0154774958046,7.83236132492667,-5.81688383161266
1.294,873.675974470785,2285.14741967065,49.9930475075001,49.9927261498493,1725.80247562503,652.031333138939,326.080891628403,326.533429237776,-304.035715412521,252.263106606245,51.7726087320332,-4.35138208938933,8.12718907414443,-3.77580698731725
1.295,871.850877117331,2287.23721353822,49.9930620311634,49.9927194978288,1726.12981276103,651.888589160144,326.080793427262,326.533443512174,-324.829849241289,176.295563506922,148.534285695648,-6.26272696669382,7.62794644916427,-1.36521948475037
1.296,870.216542075003,2289.11375891957,49.9930750367884,49.9927135245994,1725.46121709174,652.772049527023,326.080994005963,326.533355166138,-313.345141128491,82.6126119762095,230.732529156596,-7.5606657975787,6.38057657441037,1.18008922149999
1.297,869.422413988151,2290.1309313354,49.9930813562589,49.992710286839,1724.36140887307,654.041295013828,326.081323948428,326.533228241589,-272.122222530396,-18.5541889843092,290.676411565075,-8.11789654738378,4.50948051835877,3.60841602824043
1.298,869.575243276081,2290.20528924954,49.9930801400821,49.9927100501504,1723.45294231643,655.137912308563,326.081596488395,326.53311857986,-203.849448412509,-118.125844046037,321.975292553472,-7.88174882463073,2.19705282360769,5.68469600130696
1.299,870.040820795442,2289.98143802984,49.9930764351339,49.992710762691,1722.96938021984,655.832696845584,326.081741557024,326.533049101406,-115.504152801448,-205.86201527933,321.366168214156,-6.87308837805014,-0.33271563875424,7.2058040182347
1.3,870.987119205798,2289.23940083099,49.9930689047305,49.9927131246687,1723.01500093063,655.954720471272,326.081727870811,326.533036899043,-16.2987040392637,-273.492790548073,289.791494749156,-5.19222650159242,-2.82639578169105,8.01862228582301
1.301,872.034743368391,2288.43325529668,49.9930605680022,49.9927156907097,1723.56111287717,655.568442127468,326.081564037227,326.533075526878,84.9443948189223,-314.431898187464,229.487503545929,-3.00507120967189,-5.04421755591648,8.04928876908821
1.302,872.124267152341,2288.58733289007,49.9930598555946,49.9927152002655,1724.61138554763,654.710555502065,326.081248955426,326.53316131554,178.222126134166,-324.791056679529,146.568930723785,-0.521175964934451,-6.7702245090614,7.29140047821243
1.303,871.849444685997,2289.06965255273,49.9930620425623,49.9927136649943,1725.3093625263,654.190584010043,326.081039562332,326.533213312689,253.178288693422,-303.203625891586,50.0253373602832,2.01290048267381,-7.8319387773648,5.81903829928794
1.304,870.7613363303,2290.40164182437,49.9930707014535,49.9927094251408,1726.58871909189,653.058975902506,326.080655755363,326.5333264735,304.218746390478,-252.098212395596,-52.1205338622447,4.34769813593242,-8.1281373250655,3.78043919372691
1.305,868.61954034524,2292.75478594313,49.9930877453244,49.9927019348504,1727.04484038988,652.784443424525,326.080518918973,326.533353926748,325.638834140933,-176.635953604895,-149.002880442678,6.25994232334323,-7.62856779498838,1.36862547586127
1.306,867.217937309763,2294.3706559645,49.993098898927,49.9926967913764,1726.23604855384,653.776341257049,326.080761556524,326.533254736965,313.905466210332,-83.0504512515526,-230.855014908828,7.5595178165198,-6.38201349017673,-1.17750432282229
1.307,866.906792272219,2294.87565028398,49.9931013749405,49.9926951839295,1724.12909973674,656.024231266844,326.081393641169,326.533029947964,272.463629876954,17.8941910476347,-290.357820919023,8.11792164979792,-4.51237694536792,-3.60554470183883
1.308,867.560109565826,2294.42479575603,49.9930961760067,49.9926966190441,1722.67281234909,657.64707434274,326.081830527386,326.532867663656,204.252295050864,117.120465349965,-321.372760436307,7.88278050993649,-2.20052919912588,-5.68225130928916
1.309,868.928480450112,2293.28310855767,49.9930852868572,49.9927002531473,1722.60769308656,657.899056443132,326.081850063164,326.532842465446,115.240741919182,205.760882365224,-321.001624353664,6.8763928447559,0.327783568639099,-7.2041764129767
1.31,870.046146512467,2292.34912141117,49.9930763927532,49.9927032261207,1723.766844518,656.880770797572,326.081502317735,326.532944294011,15.7400634419305,273.86145520307,-289.601518737791,5.19619713899202,2.82091410004638,-8.01711123965061
1.311,870.011228087163,2292.58415273891,49.9930766706252,49.9927024779928,1725.36421410347,655.434251728732,326.081023106859,326.533088945918,-85.3326819044687,314.826041211688,-229.493359410496,3.00844062124549,5.04063968812349,-8.04908031083672
1.312,869.465880013521,2293.3546066789,49.9930810103673,49.9927000255617,1726.50057317037,654.483043454094,326.080682199139,326.533184066745,-178.334057036566,325.511823631033,-147.177766694382,0.523634682626529,6.76922854609225,-7.29286323078157
1.313,868.732279254544,2294.2656555175,49.9930868481767,49.9926971256032,1727.05433432765,654.063016134277,326.080516070792,326.533226069477,-253.022875992191,303.410905866859,-50.3880299579943,-2.00833421063717,7.8296458004082,-5.82131159211203
1.314,867.559701177462,2295.63599618897,49.9930961792565,49.9926927636733,1726.82440190369,654.438819065626,326.080585050519,326.533188489184,-303.991315771408,252.594930443963,51.3963852722134,-4.34632001651902,8.1277672656696,-3.78144725142886
1.315,866.497660215557,2296.89409518241,49.99310463071,49.9926887590199,1725.94642835053,655.460378413493,326.080848442585,326.533086333249,-324.829130571887,176.610563008019,148.218567545592,-6.25786987444679,7.63033359203814,-1.37246371947278
1.316,866.429069026431,2297.13711730303,49.9931051765413,49.9926879854564,1725.14698752898,656.430382801022,326.081088274832,326.53298933281,-313.56594607048,83.2371975075358,230.32874858684,-7.55765048642611,6.38429002784741,1.17336045738621
1.317,867.134080162505,2296.61239433645,49.9930995662409,49.9926896557015,1724.72158690607,656.978745558291,326.081215895019,326.532934496535,-272.513933542023,-18.1512601703517,290.665193780202,-8.11783806450897,4.51556457537336,3.60227348886112
1.318,867.88771280622,2296.04946347608,49.9930935690229,49.9926914475661,1724.04301490419,657.787385730259,326.081419466619,326.532853632517,-204.411828176521,-117.591674287038,322.003502572174,-7.88411137636382,2.20531687485903,5.67879450228973
1.319,868.665134289124,2295.46226720241,49.9930873824993,49.9926933166699,1724.67702429083,657.340703013468,326.081229263803,326.532898300789,-116.021354561581,-205.521627889529,321.542982593201,-6.87737025118143,-0.324509265797233,7.20187951885694
1.32,868.917658074649,2295.3663540865,49.9930853729789,49.9926936219708,1725.49144097356,656.647546307291,326.080984938798,326.53296761646,-16.6561457566017,-273.476881208017,290.133027129875,-5.19761224747507,-2.81912063335964,8.01673288373383
1.321,868.935749224428,2295.53717450267,49.9930852290141,49.9926930782325,1726.05335095202,656.198272817745,326.080816365805,326.533012543809,84.5777423489347,-314.222599950179,229.644857776821,-3.01245645973348,-5.03738782031874,8.0498442837982
1.322,868.369803524867,2296.30922483875,49.9930897326669,49.99269062072,1726.80009711131,655.617408737688,326.080592341957,326.533070630217,177.790598714617,-324.750088714203,146.959490171597,-0.52904861288751,-6.76675683977086,7.29580545699255
1.323,867.551881038548,2297.27728941567,49.9930962414872,49.9926875392747,1727.59859368649,654.95884553523,326.080352792984,326.533136486537,253.294024988943,-303.588497885051,50.2944730506312,2.00513682234154,-7.82934842080288,5.82421160306226
1.324,866.319989443883,2298.69671329476,49.993106044569,49.9926830211082,1727.91046092174,654.76644178674,326.080259232814,326.533155726912,304.176272612274,-252.389162471468,-51.7871100155835,4.34192634705485,-8.12818638641461,3.78626004387902
1.325,865.215135639757,2299.95353414108,49.9931148367163,49.9926790205232,1727.08267262095,655.734923267857,326.080507569304,326.533058878764,325.497808476205,-176.827452833682,-148.670355555414,6.25575323772619,-7.63063757240624,1.37488433877872
1.326,864.926168421469,2300.4052652747,49.9931171362443,49.9926775826183,1725.52100769799,657.435681708165,326.080976068781,326.53288880292,314.277491151408,-83.5565908756829,-230.720900232008,7.55635607125494,-6.38647629850355,-1.16987976937054
1.327,865.602067556942,2299.86596276609,49.9931117576099,49.9926792992715,1724.42899217796,658.638964601716,326.081303673437,326.53276847463,272.701972529728,17.3893126009938,-290.091285131496,8.11588187219175,-4.51784748996228,-3.59803437979466
1.328,866.93739719287,2298.69800240533,49.9931011313943,49.9926830170048,1723.94716135865,659.232692666583,326.081448222683,326.532709101824,204.349328064175,117.212896477454,-321.562224583541,7.88492508668003,-2.2083729509486,-5.67655213437842
1.329,867.931667983748,2297.88498004926,49.9930932192387,49.9926856049354,1724.99275260266,658.341528271961,326.08113454531,326.532798218263,115.557092328013,205.640998441576,-321.198090845451,6.87980883110336,0.32091102487195,-7.20071985573528
1.33,868.225637904222,2297.74045226615,49.9930908799004,49.9926860649816,1726.13982668184,657.320351512977,326.080790423086,326.532900335939,15.8460434262413,273.40319161683,-289.249235142258,5.20020789458884,2.81655628551142,-8.01676418089762
1.331,867.816001849532,2298.32341686117,49.9930941396806,49.9926842093477,1727.2065514939,656.346217005022,326.080470405642,326.53299774939,-85.2295835199042,314.884880772747,-229.655297362172,3.01578153992962,5.03546491943546,-8.05124646101941
1.332,866.703153431625,2299.6047323244,49.9931029954469,49.9926801307939,1727.32845293905,656.362831756597,326.080433835209,326.532996087915,-178.064551712563,325.514821612059,-147.450270005151,0.531770485448544,6.76505697932202,-7.29682746701837
1.333,866.54191822784,2299.88640188321,49.9931042785159,49.9926792342118,1726.83625654772,656.970861127088,326.080581494126,326.532935284978,-252.929638242263,303.462152304947,-50.5325141509194,-2.00146403527207,7.82802897715611,-5.82656494440212
1.334,866.672497154926,2299.8955937824,49.9931032394018,49.9926792049531,1726.22424133619,657.693837509431,326.08076509869,326.532862987339,-303.544511492205,252.642953583021,50.9015578501201,-4.33987218383178,8.12777718437153,-3.78790500297993
1.335,867.470207314842,2299.25659282472,49.993096891426,49.9926812389563,1725.72753404149,658.305567041164,326.080914110878,326.532801814386,-325.036415650169,176.85165341781,148.184762211474,-6.25368528446103,7.63293118110032,-1.37924589866093
1.336,867.905405991809,2298.98154706093,49.993093428225,49.9926821144542,1726.52465675767,657.650712131467,326.080674974063,326.532867299877,-313.638035329374,83.012637880161,230.625397471964,-7.55567875066098,6.38875500085216,1.16692374850599
1.337,868.033012817372,2298.99287700906,49.9930924127622,49.9926820783898,1727.13039243825,657.130125660019,326.080493253359,326.532919358524,-272.514975167279,-17.9587166775752,290.473691911979,-8.11733952328934,4.52188569214294,3.59545383079064
1.338,867.442787242584,2299.7183252496,49.993097109628,49.9926797692164,1727.43125956385,656.936175825094,326.080402993221,326.532938753508,-204.314940330392,-117.361860349391,321.676800788112,-7.8843220096175,2.21079486610597,5.67352714423811
1.339,866.995090689898,2300.32953705257,49.993100672284,49.9926778236688,1727.03180649199,657.462064370199,326.080522829143,326.532886164653,-116.36408649684,-205.270165753299,321.63425239224,-6.88167460928771,-0.317388428892677,7.19906304002049
1.34,866.596981840519,2300.86106290601,49.9931038403336,49.9926761317694,1727.11664235704,657.478950596377,326.080497378383,326.532884476031,-17.0270132645307,-272.956491998814,289.983505427107,-5.2045047176806,-2.81200898844481,8.01651370899036
1.341,865.843018189534,2301.7488285494,49.9931098401857,49.9926733059236,1727.15441472441,657.544771061902,326.080486046673,326.532877893984,84.5344628018224,-314.147239611486,229.612776981827,-3.01856322764723,-5.03217215003807,8.05073538138108
1.342,865.652805650907,2302.07956819517,49.993111353849,49.9926722531466,1726.43348090699,658.380503992322,326.080702326818,326.532794320691,177.94297126579,-325.027664301555,147.084693202269,-0.535474631831264,-6.76263000560934,7.29810464169051
1.343,866.540665877595,2301.30957632854,49.9931042884818,49.9926747041069,1725.06415051941,659.860071423972,326.081113125935,326.532646363948,253.170041569578,-303.57635109372,50.4063096724215,1.998834538335,-7.82842936019281,5.82959482633683
1.344,867.908213919661,2300.07445788641,49.9930934058802,49.992678635611,1725.06840848318,659.937109510682,326.081111848545,326.532638660139,303.990486233119,-252.741568893204,-51.248917221267,4.33588774316605,-8.12890733141445,3.79301959261736
1.345,868.72905566727,2299.39358014824,49.9930868738292,49.9926808029121,1725.39801304038,659.72068888362,326.081012967178,326.532660302202,325.608469951512,-177.362063946382,-148.246405925366,6.25173222592414,-7.63417266077308,1.38244043877287
1.346,869.53947236138,2298.7068094358,49.993080424738,49.9926829889712,1725.89974498576,659.345936626093,326.080862447595,326.532697777428,314.214737185791,-83.7045653628449,-230.510171787353,7.55343020910798,-6.39016405255703,-1.16326615336946
1.347,869.890720551032,2298.48873695224,49.9930776295937,49.9926836831175,1726.52890516665,658.781826350162,326.08067369954,326.532754188455,272.655729307055,17.1260410546551,-289.781770371212,8.11695597591756,-4.52464864027538,-3.59230733343054
1.348,869.66386386007,2298.83712526567,49.9930794348619,49.992682574163,1727.32513772903,658.082956537021,326.080434829772,326.532824075437,204.309762261626,116.956906340157,-321.266668652927,7.88547960888494,-2.21449171010349,-5.67098789767332
1.349,869.194416247433,2299.4529925351,49.9930831706073,49.9926806137966,1727.83785749905,657.687731334165,326.080281013841,326.532863597957,115.46330052619,205.434270531301,-320.897571142152,6.88334038574296,0.314036434907086,-7.19737682067046
1.35,868.838010206752,2299.90074695156,49.9930860067965,49.99267918855,1727.77491996824,657.831319958734,326.0802998951,326.532849239095,16.494905988022,273.272233566037,-289.767139661179,5.20614094590535,2.80876017262267,-8.01490111958735
1.351,868.740462556149,2300.12285176304,49.993086783056,49.9926784815685,1727.97744802752,657.710523743526,326.080239136682,326.532861318716,-84.8306030925348,314.679100496244,-229.84849751963,3.02206684675138,5.02944813443269,-8.05151498308896
1.352,868.285010229538,2300.72796203519,49.9930904074305,49.9926765554426,1727.86954107438,657.927502627923,326.080271508768,326.532839620828,-177.887990285202,325.420719333216,-147.532729158661,0.538862770511165,6.76114316384827,-7.3000059368347
1.353,867.93290976183,2301.17422949652,49.993093209357,49.9926751349292,1727.19669144237,658.691516088299,326.080473363658,326.532763219482,-252.886154753364,303.827407978778,-50.941253316953,-1.99489705510176,7.82676372468072,-5.83186667229195
1.354,868.063749851366,2301.1674650681,49.9930921681646,49.992675156461,1726.73025170538,659.241974271928,326.080613295579,326.532708173663,-303.582048761769,252.73620865989,50.8458400409643,-4.33309805059252,8.12867608767585,-3.79557803967892
1.355,868.288535945158,2301.05274831417,49.9930903793737,49.9926755216158,1726.43173948809,659.627532722363,326.080702849244,326.532669617818,-324.875689158178,176.989695318024,147.885993818929,-6.2479481117309,7.63518553151987,-1.38723742192391
1.356,868.721161375504,2300.72780413946,49.9930869366499,49.9926765559452,1725.88191269957,660.290707833002,326.080867797281,326.532603300307,-313.852634428625,83.4312206188154,230.421413833338,-7.55227534374085,6.39276069134167,1.15951465102496
1.357,869.701311642489,2299.85294290689,49.9930791368619,49.992679340715,1725.83540134362,660.41263560258,326.080881750687,326.53259110753,-272.617337228878,-17.6531846937244,290.270521991704,-8.11662747041488,4.52647771556285,3.59014975446567
1.358,869.949087727621,2299.72119003962,49.9930771651225,49.9926797600974,1725.7649899053,660.548305694819,326.080902874119,326.532577540521,-204.687879790928,-117.115307301572,321.803187203523,-7.88636773512914,2.21793164051346,5.66843609534911
1.359,870.307947164348,2299.483224723,49.9930743094098,49.9926805175646,1725.56748735792,660.85173650103,326.080962124883,326.53254719744,-116.520303603605,-205.129540114981,321.649843863333,-6.88524902962548,-0.310285237028258,7.19553426852765
1.36,871.276222641413,2298.60159338579,49.9930666041184,49.9926833238843,1725.91751390434,660.574819011263,326.080857116919,326.532574889189,-17.4528563432816,-272.565020765862,290.01787727648,-5.20952281210536,-2.8048398100373,8.01436262506563
1.361,871.458911946198,2298.53581264327,49.9930651503231,49.9926835332709,1727.13336655883,659.43633883202,326.080492361123,326.532688737207,84.3499124159689,-314.09691837183,229.747006132293,-3.02485299285564,-5.02651835860282,8.05137135523665
1.362,870.874096417533,2299.24853070571,49.9930698041372,49.9926812646188,1727.18489654231,659.477165564779,326.080476902128,326.532684654534,177.496046623887,-324.99909977742,147.50305332451,-0.542384610839607,-6.75886291657933,7.30124753177391
1.363,870.617661512595,2299.58462941202,49.9930718447814,49.9926801947834,1726.92319937309,659.814656200138,326.080555411278,326.53265090547,252.722164170582,-303.19690948955,50.4747454697086,1.99081341695287,-7.82514726337263,5.83433385100775
1.364,870.630222160148,2299.67038450796,49.9930717448269,49.9926799218165,1726.52743750633,660.280318086387,326.080674139838,326.532604339282,303.894759500073,-252.656956304794,-51.237803076534,4.33063366997268,-8.12837370003514,3.79774003451688
1.365,870.875645488481,2299.53026390839,49.9930697918101,49.9926803678342,1725.94246073147,660.9455692909,326.080849632871,326.532537814161,325.514945597803,-177.487264209684,-148.027681310077,6.24662309916519,-7.63607022262937,1.38944712743455
1.366,871.112438899866,2299.39092494171,49.993067907468,49.9926808113639,1726.02532469364,660.951289485596,326.080824773682,326.532537242142,314.160139952818,-83.9343015639962,-230.225838355863,7.5504149889022,-6.3953205801389,-1.15509440557566
1.367,871.018598733041,2299.58225578408,49.9930686542243,49.9926802023389,1725.75175494084,661.285895563549,326.080906844608,326.532503781534,272.891755146386,16.9597170831401,-289.851472241654,8.11594531570031,-4.5301540772439,-3.58579123626852
1.368,871.546684976074,2299.14655411526,49.9930644518475,49.9926815892204,1725.20242957996,661.904648909619,326.081071642216,326.532441906199,204.887683831064,116.577976714947,-321.465660599015,7.88840297041362,-2.22141230896015,-5.66699066038475
1.369,872.792563167174,2298.017396609,49.9930545374639,49.9926851834404,1725.51961840186,661.692534978336,326.08097648557,326.532463117593,116.322991992001,204.758141102918,-321.081133181452,6.8875962220831,0.306737098082941,-7.19433332022819
1.37,873.423239774336,2297.47917566004,49.9930495186989,49.9926868966509,1726.69244696507,660.579856394315,326.080624637001,326.532574385451,16.756802248922,273.194308112415,-289.951110470846,5.21231407399718,2.80192440716547,-8.0142384822713
1.371,873.203879435186,2297.79783589702,49.9930512643131,49.9926858823238,1727.62728364137,659.710822282022,326.080344185998,326.532661288862,-84.3977602271578,314.394002509546,-229.996242400143,3.02868997603248,5.02390702799604,-8.05259700599016
1.372,872.765058585356,2298.34676236993,49.9930547563384,49.9926841350366,1728.13465114006,659.296172293898,326.080191975748,326.532702753861,-177.377963760378,325.338499541704,-147.960535891509,0.546169936463673,6.75648628981901,-7.30265622880055
1.373,872.004372267003,2299.18168738277,49.9930608096878,49.9926814773877,1728.20641353201,659.290369411195,326.080170447031,326.532703334149,-252.675608790245,303.574164898512,-50.898556201537,-1.98719376994303,7.82373071838088,-5.83653695118954
1.374,871.31421783828,2299.95814063907,49.9930663017622,49.9926790058603,1727.12362066345,660.428392484014,326.080495284891,326.532589531842,-303.373174477255,252.982258404798,50.3909160084012,-4.32784095686879,8.12854391159862,-3.8007029573821
1.375,871.78305680994,2299.56839597826,49.9930625708602,49.992680246456,1725.94969756827,661.666252212024,326.08084746182,326.532465745869,-324.861530862876,177.099529295956,147.762001541875,-6.24372817705979,7.63703113536563,-1.39330296051934
1.376,872.864134131783,2298.58364278643,49.9930539679203,49.9926833810228,1724.61703084352,663.083473017825,326.081247261837,326.532324023789,-313.778475973521,83.8130558467558,229.965420147175,-7.55039419319001,6.398206777516,1.15218741420735
1.377,874.278567258231,2297.24943838276,49.9930427122191,49.9926876279273,1724.59882613207,663.147499584115,326.081252723251,326.532317621132,-272.715768847756,-17.5270608941298,290.242829809158,-8.11586156279451,4.53420717536183,3.58165438695752
1.378,875.195688935579,2296.41484451658,49.9930354139967,49.9926902845221,1725.09262004124,662.719456468561,326.081104585078,326.532360425444,-204.946543899442,-116.916826093012,321.863370102979,-7.88838842620781,2.22462603830597,5.66376238856276
1.379,875.8680214948,2295.84674207774,49.9930300637442,49.9926920928483,1725.58727732987,662.317051952439,326.080956187891,326.532400665895,-116.402201602242,-205.178176513271,321.580378261535,-6.88838634905127,-0.303920419328739,7.19230677021216
1.38,876.182324359061,2295.60205191286,49.9930275626014,49.9926928717213,1726.20909855237,661.749360926192,326.080769641525,326.532457434998,-17.6079706597517,-272.694948889973,290.302919718066,-5.21494789346016,-2.79895204455103,8.0138999409191
1.381,876.390842227586,2295.48462876793,49.993025903269,49.9926932454908,1727.34096480671,660.657864602329,326.080430081648,326.53256658463,84.050685914943,-314.199988774375,230.149303035954,-3.03236590022095,-5.02084436228242,8.05321026627823
1.382,875.972940288502,2296.0024192579,49.9930292288269,49.9926915973125,1727.89135521666,660.19251654137,326.080264964525,326.532613119436,176.968691126676,-324.738604451093,147.769913493672,-0.549928922886896,-6.75420303286745,7.30413196010009
1.383,874.881105868274,2297.16283008034,49.9930379173692,49.9926879036101,1728.0767828593,660.076140519644,326.080209336233,326.532624757038,252.503922162935,-303.469414806447,50.9654927894685,1.98481585531612,-7.82359456377195,5.83877871300437
1.384,873.800586921753,2298.32400205001,49.9930465158657,49.9926842074849,1727.27956140568,660.920844435776,326.080448502669,326.532540286647,303.920509281164,-252.865983864957,-51.0545253057265,4.32522945121573,-8.12906798026035,3.80383853340469
1.385,873.595379632005,2298.59109231348,49.9930481488535,49.9926833573102,1726.2206032457,662.039414805087,326.080766190117,326.53242842961,325.518734001912,-177.700628400668,-147.818105535031,6.24138059165012,-7.63830154912497,1.39692096127744
1.386,874.052892001882,2298.20816381859,49.9930445080857,49.9926845762095,1725.09317320111,663.240916062555,326.08110441913,326.532308279484,314.457565614671,-84.5043011860679,-229.953264409932,7.54845335871815,-6.39934250237308,-1.14911085340607
1.387,875.376855522225,2296.94655189046,49.9930339723188,49.992688592045,1723.64625170952,664.717223178513,326.081538495578,326.532160648773,273.135741460702,16.6029145860677,-289.738656075044,8.11492357042117,-4.53623292872947,-3.57869063982914
1.388,876.685756337673,2295.72626393097,49.993023556417,49.9926924763422,1723.49830913086,664.926131304381,326.081582878351,326.53213975796,204.933915519903,116.470043535733,-321.403959125598,7.89022721914943,-2.22854444788394,-5.66168277058814
1.389,878.049562860607,2294.4636979383,49.9930127035896,49.9926964952146,1724.02977239611,664.484712317214,326.081423439372,326.532183899859,116.401454459881,204.847885963215,-321.24934052578,6.89170939926446,0.299635652302428,-7.19134505206637
1.39,878.960021489611,2293.60786214418,49.99300545839,49.9926992194245,1725.13081294188,663.423488127913,326.081093127208,326.532290022278,17.1712442486341,272.748345081388,-289.919589453333,5.21729851998173,2.79544840861291,-8.01274693015202
1.391,878.670715679721,2293.98922268369,49.9930077606125,49.9926980055162,1725.98245584785,662.617612355421,326.080837634336,326.532370609855,-84.3395056301207,314.449100279778,-230.109594779136,3.03523672853167,5.01881976912128,-8.05405650004671
1.392,878.485164292909,2294.27078098732,49.9930092371835,49.9926971092883,1726.74486717068,661.926029683387,326.080608910939,326.532439768122,-177.325009029376,325.42737370182,-148.102364793128,0.553954483093779,6.75325831881274,-7.30721280483034
1.393,877.97737638209,2294.81317346262,49.9930132780313,49.9926953827994,1726.60901655538,662.106946810735,326.080649666124,326.532421676409,-252.777215144022,304.098034635155,-51.3208195892521,-1.9798945377249,7.82156804572905,-5.84167351110256
1.394,877.996295179747,2294.86286493655,49.9930131274803,49.9926952246265,1726.54256635937,662.223540045695,326.080669601183,326.532410017086,-303.240094592348,253.03383720292,50.2062573254467,-4.32025885211271,8.12825963478448,-3.80800078557578
1.395,877.861639506761,2295.08450133403,49.9930141990361,49.992694519136,1725.97566768132,662.841915897782,326.080839670786,326.532348179501,-325.085028698583,177.737491555989,147.34753712101,-6.24004885441264,7.64059618561285,-1.40054733356034
1.396,878.390760874904,2294.61283339725,49.993009988422,49.9926960205017,1725.5073059922,663.391003815054,326.080980179293,326.532293270709,-313.940564696987,83.9275122405891,230.013052483676,-7.54709395639722,6.40179728188455,1.14529667300052
1.397,879.214210217229,2293.85204217002,49.9930034356204,49.9926984421754,1725.40273821895,663.522495981675,326.081011549625,326.532280121492,-273.285143548941,-16.9211685971879,290.206312222906,-8.11548390466725,4.53943605084895,3.5760478533976
1.398,879.664586037676,2293.4710985299,49.9929998516435,49.9926996547566,1725.48411135559,663.48887705965,326.080987137684,326.532283483384,-205.417277999804,-116.510794321741,321.928072442756,-7.89053203597407,2.23182745710678,5.65870457966947
1.399,880.241569766225,2292.9741192718,49.9929952601528,49.9927012366907,1725.56468319007,663.485635211215,326.080962966133,326.532283807569,-116.776250231136,-204.891407420698,321.667657807528,-6.8925212211123,-0.296415858432802,7.1889370815751
1.4,880.864643438159,2292.39082342511,49.9929903018901,49.9927030933791,1725.52916667671,663.559254615843,326.080973621087,326.532276445629,-17.6842494203907,-272.894326733099,290.578576329865,-5.21961654196751,-2.79237743776244,8.01199398286078
1.401,881.456017082926,2291.86976945472,49.9929855958882,49.9927047519454,1725.87294707464,663.24435500177,326.080870486968,326.53230793559,83.790942366896,-314.031220054467,230.240277869413,-3.03800195694305,-5.01571918419043,8.05372114512311
1.402,881.885182233911,2291.53539500166,49.9929821807004,49.9927058162923,1726.46429647419,662.72853819304,326.080693082148,326.532359517271,176.847519153269,-324.948370882356,148.100851900928,-0.556925646934776,-6.75125101181325,7.30817666327271
1.403,881.427463147314,2292.0443049732,49.9929858231132,49.9927041963816,1727.05444664815,662.170682985906,326.080516037096,326.532415302792,252.505194947397,-303.658014247781,51.1528194483074,1.97685359135615,-7.82169172855122,5.84483814188388
1.404,880.716501521298,2292.80065279626,49.992991480766,49.9927017888517,1726.41114857335,662.840497871977,326.080709026518,326.532348321303,303.740522132212,-253.401173235723,-50.3393487849846,4.31704772466574,-8.1285855972336,3.81153787703647
1.405,881.020813984436,2292.57403676589,49.9929890591244,49.9927025101929,1725.79649044999,663.52148662807,326.080893423955,326.532280222428,325.382787013482,-177.818683741136,-147.564103206097,6.23807981380254,-7.64196103437713,1.4038812244553
1.406,881.46561457549,2292.19190675845,49.9929855195137,49.9927037265505,1725.45025303663,663.938012198719,326.080997295179,326.532238569871,314.470214214974,-84.5194183768216,-229.950795821131,7.54645763197568,-6.404377841095,-1.14207978789668
1.407,882.210171951765,2291.48458364432,49.9929795945144,49.9927059780299,1725.02556800254,664.373840028071,326.08112470069,326.532194987088,273.204665929482,16.5493927495603,-289.754058710622,8.11464396786313,-4.54245412320787,-3.57218984278774
1.408,883.17608051793,2290.58111883619,49.9929719080583,49.9927088538477,1724.62082409643,664.824333598265,326.081246123861,326.532149937731,205.200691771316,115.849568019259,-321.050259864948,7.89158127381026,-2.23525512081798,-5.65632615234895
1.409,883.868398232691,2289.96311860698,49.9929663987689,49.9927108210035,1724.9679110418,664.550819725205,326.081141997778,326.532177289118,116.520700057584,204.582644530731,-321.103344696286,6.8946612324347,0.292785647131265,-7.18744688013581
1.41,884.508366279517,2289.3582643313,49.992961306065,49.9927127463145,1725.64286167982,663.885524056725,326.080939512586,326.532243818685,17.4088465953847,272.39500736338,-289.80385408766,5.22378511992256,2.78705936052233,-8.01084448210361
1.411,884.207742744182,2289.73456540201,49.9929636983511,49.992711548511,1726.93841385365,662.639471753713,326.080550846934,326.532368423915,-83.965773797953,314.453164792472,-230.487391128991,3.04159074443063,5.01276096707268,-8.05435171401625
1.412,882.897617430879,2291.12208964771,49.9929741239971,49.9927071318841,1726.85610030175,662.769767743875,326.080575541,326.532355394316,-177.226749681323,325.707015218247,-148.480265661276,0.5605796959369,6.7489738414574,-7.30955354044033
1.413,882.620142068322,2291.4365113096,49.9929763320759,49.9927061310489,1725.67827590258,663.984507164756,326.08092888832,326.532233920374,-252.26891965998,304.043624945197,-51.7747053840632,-1.97355996113692,7.8209492299748,-5.84738927203583
1.414,883.212730001255,2290.86692433859,49.9929716164109,49.9927079441005,1724.62914213732,665.080092544601,326.081243628449,326.532124361836,-303.156058775774,253.092001571782,50.0640571431168,-4.31507484794582,8.12797263219673,-3.81289778720289
1.415,884.256772405727,2289.88334272231,49.9929633081855,49.992711074938,1723.60059267155,666.148691630588,326.081552193289,326.532017501927,-325.034518701978,177.817537520897,147.216981166966,-6.23544480885866,7.64194826138858,-1.40650345486071
1.416,885.28456554407,2288.92903830852,49.9929551292675,49.9927141125833,1723.5240574808,666.273735733504,326.081575153846,326.532004997517,-313.988978132729,84.2818474176314,229.707130752721,-7.54499838621847,6.40721320024808,1.13778518457862
1.417,885.987210163507,2288.26813809653,49.9929495377993,49.992716216294,1723.79242583662,666.029045223824,326.081494643339,326.532029466568,-273.266508693224,-16.6688791182379,289.935387900176,-8.11461403819268,4.54544812714056,3.56916591083222
1.418,886.449902210036,2287.86166026204,49.992945855813,49.9927175101532,1724.17990633696,665.676838591901,326.081378399189,326.532064687231,-205.397139979238,-116.249678852282,321.646818965602,-7.89228883301438,2.23898916307638,5.65329967100521
1.419,887.143205509048,2287.24510635709,49.9929403386806,49.9927194727052,1724.68850454578,665.227913340462,326.081225819727,326.532109579756,-117.373431666425,-204.460785919076,321.83421775516,-6.89726449976898,-0.288386105061797,7.18565060717447
1.42,887.697879623791,2286.69717534844,49.9929359247243,49.9927212168238,1724.69006412201,665.246397656,326.081225351854,326.532107731325,-17.9018625406638,-272.779810721614,290.681673454759,-5.22501347008757,-2.78484203875371,8.00985551233643
1.421,888.12369315554,2286.34806390645,49.9929325362079,49.99272232808,1724.76322808118,665.207327979548,326.081203402666,326.532111638292,83.2655119919468,-313.743344243328,230.477832451251,-3.04503807468282,-5.01003998637184,8.05507806546387
1.422,887.927351705038,2286.62526222113,49.9929340986435,49.9927214457304,1725.43504891237,664.595120101568,326.081001856417,326.53217285908,176.825444035639,-324.908634424607,148.083190580114,-0.564656585628883,-6.74746191096013,7.31211850158643
1.423,887.591602748582,2286.97684803309,49.9929367704488,49.992720326598,1725.70636716954,664.359652839466,326.08092046094,326.532196405806,252.477522965344,-303.857425651447,51.3799028544629,1.96999808679375,-7.81927994428442,5.84928186270131
1.424,886.955471466873,2287.65831408151,49.9929418326207,49.9927181574242,1725.54954303306,664.539003191306,326.08096750818,326.532178470771,303.705292238596,-253.380410217803,-50.3248818879332,4.31118525601766,-8.12853655342745,3.81735130244156
1.425,886.755813864703,2287.9114558578,49.9929434214454,49.9927173516489,1725.15511474297,664.972186734752,326.081085836668,326.532135152417,325.580059362048,-178.358885864469,-147.221173409542,6.23284568527023,-7.64366508744081,1.41081940664958
1.426,886.854217718181,2287.85399480443,49.9929426383724,49.9927175345531,1724.23168792825,665.948511695298,326.081362864712,326.532037519921,314.727172130826,-85.004034008543,-229.723138084046,7.54298733280395,-6.40831315660952,-1.13467417259043
1.427,887.637759517294,2287.10403240831,49.9929364031449,49.9927199217575,1723.29615214109,666.894434375731,326.081643525448,326.531942927653,273.411077230279,16.0972479568808,-289.508325198994,8.1144370971619,-4.54849516372086,-3.56594193094978
1.428,888.800121834368,2285.98997920969,49.9929271533595,49.992723467899,1723.0481375057,667.171400893631,326.081717929839,326.531915231001,205.419378299676,115.636902788291,-321.056281144946,7.89333452458233,-2.24214584349569,-5.65118867983724
1.429,889.97796100334,2284.88642415445,49.9929177804132,49.9927269806238,1723.28808630698,666.998991600576,326.081645945198,326.53193247193,116.714818747952,204.381207507471,-321.096026348434,6.89903014507522,0.285196773049927,-7.18422691812676
1.43,890.703146507702,2284.18224393529,49.9929120095703,49.9927292220991,1723.34817086384,666.94148230497,326.081627919831,326.53193822286,17.6071911330076,272.528273010254,-290.135464259506,5.22919155323743,2.78089063478654,-8.01008218916234
1.431,890.843516080053,2284.08113966499,49.9929108925447,49.992729543924,1723.86854930842,666.453117337135,326.081471806298,326.531987059357,-83.5749445218205,314.325468762135,-230.750524364727,3.04825322900528,5.0065924483618,-8.05484567941606
1.432,891.399250818181,2283.5981035906,49.9929064701482,49.9927310814756,1724.54020793876,665.830291555054,326.081270308709,326.532049341935,-177.000045196054,325.632101148569,-148.632056069665,0.568106942362053,6.74538241407814,-7.31348935908658
1.433,892.210391296477,2282.81571943949,49.9929000152974,49.9927335718817,1725.12587937312,665.273634510694,326.081094607278,326.532105007639,-251.969052383373,303.903012986904,-51.9339606984876,-1.96642087202741,7.81891477961008,-5.85249391045739
1.434,892.044264185375,2283.02199458194,49.9929013372949,49.9927329152875,1725.58091430945,664.831615400617,326.080958096798,326.53214920955,-303.029925322565,253.263240943548,49.7666843182791,-4.30786729988066,8.12878550279218,-3.82091820562893
1.435,891.046357466714,2284.06020552109,49.9929092783843,49.9927296105594,1725.35837865664,665.086866885343,326.081024857493,326.532123684402,-324.935126818314,178.028075318817,146.907051482016,-6.22971115068429,7.64427889637597,-1.41456774788476
1.436,890.482898784461,2284.66489303153,49.992913762246,49.9927276857793,1724.76229959823,665.740973297153,326.081203681211,326.532058273761,-314.118467400892,84.7103109414435,229.408156488742,-7.54160609525704,6.41095324715022,1.13065284674632
1.437,890.825528447375,2284.35181714753,49.9929110356858,49.9927286823308,1724.1910966486,666.319344383758,326.081375042096,326.532000436652,-273.380206833553,-16.4901942173503,289.870401126564,-8.11456694965904,4.55148485047083,3.56308209887446
1.438,891.662660227978,2283.56440769068,49.9929043740027,49.9927311887329,1724.29410608541,666.244140415629,326.081344139265,326.532007957049,-205.859287104051,-115.955278484421,321.814565705692,-7.89466524004306,2.24656431017721,5.64810093071273
1.439,892.107716753213,2283.16956545044,49.9929008323554,49.9927324455548,1724.19167281309,666.405137336443,326.081374869246,326.531991857357,-117.285274626448,-204.619558212399,321.904832988471,-6.89997370494831,-0.282136629629852,7.18211033658217
1.44,892.810844704993,2282.49424444646,49.992895237041,49.9927345951684,1723.5030656243,667.106994637631,326.081581451403,326.531921671627,-18.0880979962257,-272.729855183009,290.817953350093,-5.23188510142945,-2.77859544925463,8.01048055373322
1.441,893.648717538051,2281.70538995689,49.9928885694608,49.9927371061702,1723.85588140706,666.773097402473,326.081475606668,326.53195506135,83.2796022401952,-313.977576043858,230.697973981863,-3.05288737058786,-5.00369564360913,8.05658301808206
1.442,893.631213333549,2281.77211539667,49.9928887087548,49.9927368937765,1724.60963695049,666.064848876621,326.081249480005,326.532025886203,176.847980946916,-324.971606301937,148.123625525618,-0.571569554705879,-6.74235639061593,7.31392594974924
1.443,893.861998394293,2281.54809084161,49.9928868722257,49.9927376068688,1724.35416367195,666.34612306851,326.081326121989,326.531997758784,252.120921166403,-303.479681558979,51.3587605388406,1.9633304355849,-7.81683127552322,5.85350084454522
1.444,894.027538643972,2281.42274707763,49.9928855548982,49.9927380058504,1724.6200575125,666.093991511808,326.081246353837,326.532022971939,303.657432390851,-253.509552932291,-50.1478793494096,4.30531062624681,-8.12881537287891,3.82350475101962
1.445,894.180759461517,2281.31865954187,49.9928843356057,49.9927383371713,1724.17232746911,666.567105556911,326.08138067285,326.531975660535,325.568964534044,-178.792424867439,-146.776539602719,6.22850776056297,-7.6469082662432,1.41840050947817
1.446,894.78369398829,2280.75630059739,49.9928795376052,49.9927401272154,1724.01268299715,666.776066991317,326.081428566191,326.531954764391,314.853854013009,-85.3097763797096,-229.544077618884,7.54085266736392,-6.41386538874626,-1.12698727571787
1.447,895.38547508174,2280.19643776442,49.9928747487834,49.9927419093142,1724.21893018362,666.584201000945,326.081366692035,326.53197395099,273.460426197987,15.7808711383322,-289.241297370809,8.11486814108827,-4.55480488013969,-3.56006325916844
1.448,895.220180944822,2280.39081026532,49.9928760641524,49.9927412906073,1724.22608520421,666.586660881222,326.081364545529,326.531973705002,205.504880338124,115.621905792745,-321.126786208826,7.89472021631325,-2.24995067004291,-5.64476954572107
1.449,895.27528707405,2280.38079947514,49.9928756256317,49.9927413224726,1723.89161118602,666.982181602653,326.081464887735,326.53193415293,116.87101118896,204.409268416886,-321.280279717445,6.90209730035393,0.278104875228341,-7.18020217625516
1.45,895.386983409309,2280.27804397058,49.9928747367805,49.9927416495536,1723.41922519436,667.469726185313,326.081606603532,326.531885398472,17.955602720078,272.637047827599,-290.592650679738,5.23332763002824,2.77551453295361,-8.00884216474323
1.451,895.653236779391,2280.06630523667,49.9928726180035,49.9927423235389,1723.49449559405,667.396185397381,326.081584022412,326.531892752551,-83.6017982615629,314.318198645257,-230.716400521134,3.05638745035698,5.00109426630534,-8.05748171927281
1.452,896.391351492539,2279.38283782079,49.9928667442733,49.9927444990832,1723.23526108975,667.704682009586,326.081661792763,326.531861902889,-176.375257757086,325.384156517061,-149.008898887624,0.575705165333875,6.74085326413537,-7.31655843260973
1.453,896.87509288085,2278.8982616205,49.9928628947816,49.9927460415372,1723.43327361808,667.53629353992,326.081602389005,326.531878741736,-251.804005613872,304.199824916093,-52.3958194052226,-1.95964291686201,7.81593546969306,-5.85629255612797
1.454,897.699465740916,2278.10573730442,49.9928563346308,49.9927485642204,1723.53549628728,667.447926268373,326.081571722204,326.531887578464,-303.184526191733,253.797435684693,49.3870904402206,-4.30298581847931,8.12951714621378,-3.82653133080217
1.455,898.059656320366,2277.796698275,49.9928534683253,49.9927495479222,1723.93619339668,667.066349557492,326.081451513071,326.531925736135,-324.857142544523,178.3604216182,146.496720903947,-6.22623665628706,7.64839295388017,-1.42215630007235
1.456,897.821856771461,2278.07353254326,49.9928553606739,49.9927486667314,1724.50538863888,666.545078201088,326.081280754499,326.53197786327,-313.975012072742,84.8135328754265,229.161479223724,-7.53921137185306,6.41572208670929,1.12348928355648
1.457,897.089752732717,2278.82563969699,49.9928611865728,49.9927462727,1724.3030876205,666.736834470841,326.081341444804,326.531958687643,-273.487116102845,-16.3558494693449,289.842965646866,-8.11369780923728,4.55804028272221,3.55565752603694
1.458,896.845198107082,2279.09705181929,49.9928631326767,49.9927454087683,1723.89081561175,667.177222280267,326.081465126407,326.531914648862,-205.816657630841,-115.781943011683,321.59860076041,-7.89552896713944,2.25275596173421,5.64277300614579
1.459,897.290715386264,2278.69388963773,49.9928595873628,49.9927466920734,1722.98801531218,668.127921239595,326.081735966497,326.531819578966,-117.503635480497,-204.346281826297,321.849917458756,-6.90461138102718,-0.273853661860114,7.17846504484097
1.46,897.910986780424,2278.08376384896,49.9928546513999,49.9927486341641,1722.57952901757,668.541507072926,326.081858512385,326.531778220383,-18.7889800664901,-272.146526871998,290.935507111643,-5.23717477796586,-2.77132922410773,8.00850400511606
1.461,898.871592485743,2277.15443994226,49.9928470071426,49.992751592294,1722.1984178752,668.947118494701,326.081972845728,326.531737659241,82.8970962232372,-313.902555162702,231.005459119097,-3.05772438934706,-4.99922219307303,8.05694658632019
1.462,899.77026596297,2276.30639436321,49.9928398557262,49.9927542917069,1722.36599580756,668.812202023271,326.081922572348,326.531751150888,176.291979964886,-325.047883022346,148.755903227918,-0.578279318879956,-6.73934658262641,7.31762590595021
1.463,900.681322825413,2275.42068165624,49.9928326057661,49.992757111018,1722.75796182495,668.444371978789,326.081804982543,326.531787933893,252.020994869975,-303.661743181445,51.6407484565885,1.95635261137115,-7.8160437160624,5.85969110929764
1.464,901.054938513718,2275.08185136754,49.9928296326269,49.9927581895483,1723.52800294887,667.680510752607,326.081573970206,326.531864320015,303.477974772406,-253.505899596293,-49.9720750681622,4.29950698562683,-8.13034064913077,3.8308336678757
1.465,901.304975222669,2274.86455823866,49.992827642898,49.9927588812138,1724.12579569418,667.107494000124,326.081394632382,326.53192162169,325.6167357633,-178.752831654513,-146.863904046643,6.22313936833159,-7.64935214580297,1.42621278123973
1.466,901.151628439026,2275.05551143713,49.9928288631929,49.9927582733909,1725.08414778824,666.197490695504,326.081107126754,326.532012622021,314.80265121944,-85.5188130005282,-229.283838206981,7.53777017726826,-6.41782097592011,-1.11994919849764
1.467,900.150864279171,2276.07156018465,49.9928368270211,49.9927550392073,1725.2871336233,665.993696026012,326.081046231003,326.532033001488,273.723257247605,15.2722288606747,-288.995486146173,8.11295037854679,-4.55991145941039,-3.55303891742761
1.468,899.148916994598,2277.08691469624,49.9928448002642,49.9927518072335,1724.70856909677,666.571002082238,326.081219800361,326.531975270882,205.821155113935,115.307562409486,-321.128717605921,7.89558301940311,-2.25631859036409,-5.63926442858654
1.469,899.184590959399,2277.08795359426,49.9928445163798,49.9927518039266,1723.44157001275,667.885928721965,326.081599900087,326.531843778218,117.485759723095,203.866688716087,-321.352448555835,6.9060751725182,0.270691255218914,-7.17676642853292
1.47,900.171815020934,2276.10778900727,49.9928366603004,49.9927549238874,1722.81356190821,668.523370887158,326.081788302518,326.531780034002,18.2433465624465,272.541028833799,-290.784375534032,5.23999119521726,2.76827211037933,-8.00826330750252
1.471,901.268033420201,2275.04886087956,49.9928279368715,49.9927582945603,1722.16034360685,669.185585221096,326.081984268008,326.531713812568,-83.006531295047,314.102899160493,-231.096368009614,3.06185152231553,4.99621586137077,-8.05806738646541
1.472,902.187341393083,2274.17012796046,49.9928206212511,49.9927610916541,1722.29703185117,669.079723291616,326.081943261535,326.531724398761,-176.431011502764,325.658365368684,-149.227354000318,0.583174050368781,6.73648155284279,-7.31965560654028
1.473,903.094127968227,2273.27810826143,49.9928134052728,49.992763931041,1722.51297526173,668.879735470196,326.081878478512,326.531744397543,-251.539699434455,304.274863043831,-52.7351637203752,-1.95204487829507,7.81449730787917,-5.86245243308722
1.474,903.70863430476,2272.70183246541,49.9928085151868,49.9927657653838,1723.30693720635,668.111667260867,326.081640289928,326.531821204364,-303.157217786422,254.112219630453,49.044998079569,-4.29758339132078,8.13084234972976,-3.83325896171087
1.475,904.0549690629,2272.38470731956,49.9928057591423,49.9927667748245,1724.05679065267,667.376544347727,326.081415333895,326.531894716656,-324.93544418375,178.584082894047,146.351361256257,-6.22079730556603,7.65056096081641,-1.429763657997
1.476,903.850367105214,2272.62019842496,49.992807387313,49.992766025233,1724.87803444278,666.596707920614,326.081168960758,326.531972700298,-314.317677199323,85.0602031039077,229.257474111144,-7.53629069514503,6.41990051821312,1.11639017504599
1.477,902.884727906304,2273.59851078198,49.9928150716256,49.9927629111681,1724.71154407364,666.746723416287,326.081218907868,326.531957698749,-274.011796951295,-15.7240114803461,289.735808499152,-8.11276024391815,4.56364974516845,3.54911049797864
1.478,901.864400038969,2274.63629999489,49.9928231911368,49.9927596077824,1724.14487888935,667.327751089682,326.081388907424,326.531899595981,-206.085433013266,-115.508823357117,321.594256484291,-7.8967552621946,2.25984667424651,5.63690858843765
1.479,901.797289336986,2274.73866131708,49.9928237251868,49.9927592819562,1722.98807351573,668.527145951148,326.081735949036,326.531779656495,-117.965360359171,-203.863152848066,321.828513357651,-6.90820212852688,-0.266805227101332,7.17500735738994
1.48,902.168888504149,2274.35304437078,49.9928207680945,49.9927605094131,1721.82403302836,669.688283388315,326.082085161182,326.531663542752,-18.9509405052014,-271.820947050116,290.771887728551,-5.24221439654184,-2.76379072856008,8.00600512801478
1.481,903.093287701393,2273.45791790008,49.9928134119595,49.9927633586891,1720.7811402314,670.744007910511,326.082398029021,326.531557970299,82.6501806738933,-313.897503528594,231.247323035131,-3.06488480840273,-4.9934114796422,8.05829629187066
1.482,904.161480951323,2272.42847817054,49.9928049115477,49.9927666354975,1720.60489562889,670.939478707648,326.082450902402,326.53153842322,175.835284065447,-324.945940884747,149.110656990519,-0.586813794641341,-6.73407274851286,7.32088654756285
1.483,905.440657573125,2271.14715653546,49.9927947321835,49.992770714071,1721.12324179902,670.459459922934,326.082295398551,326.531586425098,251.941291863187,-303.924668862956,51.9833771469101,1.94988571484105,-7.81364062800366,5.86375491776841
1.484,906.817736476885,2269.80684190141,49.9927837737378,49.992774980425,1722.30289137683,669.270292654215,326.081941503677,326.531705341825,303.419373184276,-253.958449282622,-49.4609237913607,4.29337331455968,-8.13022972710702,3.83685641694943
1.485,906.891747850882,2269.76925182412,49.992783184774,49.9927751000779,1723.58198267843,668.010744562645,326.081557776287,326.531831296634,325.410075150644,-179.005236272605,-146.404838813414,6.21857980840285,-7.65147131818435,1.4328915135996
1.486,906.60372140364,2270.08593594083,49.9927854768157,49.992774092041,1724.1285244112,667.504424979739,326.081393813767,326.531881928592,314.671185922041,-85.6726841154656,-228.998501790688,7.53512031382233,-6.42230056462668,-1.11281974627296
1.487,905.74322414096,2270.97258980826,49.9927923244353,49.9927712697341,1724.18580660475,667.426271499304,326.081376629109,326.53188974394,274.008011310337,14.9551690604415,-288.963180401033,8.11272578170849,-4.56709475505179,-3.54563102483494
1.488,904.75677643982,2271.97077667348,49.9928001743367,49.9927680924066,1723.35811800458,668.274784492089,326.081624935689,326.531804892641,205.864431665642,115.115038689726,-320.979470423064,7.89809682649665,-2.26356934166447,-5.63452748417641
1.489,904.851796678259,2271.900285386,49.9927994181897,49.9927683167874,1722.19586300821,669.485365007892,326.081973612188,326.53168383459,117.519768769023,203.821816058938,-321.341584923796,6.90926564435066,0.264033719117603,-7.17329936392952
1.49,905.762788685522,2270.98414490882,49.9927921687456,49.9927712329531,1721.04381766678,670.622853913356,326.08231922579,326.531570085699,18.596605767944,272.392532560904,-290.989138441297,5.24563813595585,2.76121324565128,-8.00685138304089
1.491,907.519910142828,2269.24786303089,49.9927781860173,49.99277675971,1720.94436938786,670.729882741798,326.082349060274,326.531559382816,-82.7699348522593,314.218001499383,-231.448066761764,3.06908967383305,4.9893673111596,-8.05845698716199
1.492,908.391932295868,2268.42585919175,49.9927712466855,49.9927793762294,1721.96663415306,669.738856768471,326.082042380844,326.531658485414,-175.849707969245,325.563114711791,-149.713406845214,0.590191620709931,6.73249710853712,-7.32268873184188
1.493,908.360499312046,2268.4772343356,49.9927714968213,49.9927792126973,1723.46843206571,668.257983903447,326.081591841471,326.5318065727,-251.59332295517,304.225867870593,-52.6325449929442,-1.94508707402858,7.81252003183508,-5.86743296047967
1.494,907.568991003796,2269.30196367637,49.9927777954442,49.9927765875023,1724.37250008181,667.358516224188,326.081320621066,326.531896519468,-302.783523802006,253.967314671849,48.8162090885773,-4.2899977036974,8.13071556483253,-3.8407178635281
1.495,906.495882195239,2270.37487994293,49.9927863349728,49.9927731723037,1724.56140777886,667.181746440714,326.081263948757,326.531914196446,-324.850016155539,178.679914626781,146.170101530126,-6.21547573096123,7.65171219217575,-1.43623646299478
1.496,906.075035440241,2270.81847607969,49.9927896839649,49.9927717602934,1723.50600589244,668.272398779388,326.081580569323,326.531805131212,-314.124577708831,85.2529813777682,228.871596378115,-7.53355251135338,6.42420325993579,1.10934925051984
1.497,906.190438455718,2270.7140366426,49.9927887656169,49.9927720927344,1722.33439933204,669.426712822937,326.081932051291,326.531689699808,-273.779744246242,-15.5692986027908,289.349042940357,-8.11310452491777,4.5701507912345,3.54295373384972
1.498,906.191567497502,2270.72522993588,49.9927887566322,49.992772057105,1721.67736211158,670.101240754387,326.082129162457,326.531622247015,-206.114437338937,-115.34372887904,321.458166348191,-7.89876581706109,2.2673227988991,5.63144301947353
1.499,906.866861355497,2270.08762737875,49.9927833828145,49.992774086657,1721.05950158197,670.76744995909,326.082314520616,326.531555626094,-118.040650719257,-203.922075029758,321.962725909486,-6.91236367435401,-0.260093384601865,7.17245706139102
1.5,908.265451631008,2268.68408779671,49.9927722531867,49.9927785542623,1720.62873293367,671.18970745286,326.08244375121,326.531513400345,-19.0224295694033,-271.764195676803,290.786625424303,-5.24850520826284,-2.7575772708074,8.00608248249801
1.501,909.564098794475,2267.40660268371,49.9927619188809,49.9927826206237,1721.17097821834,670.654142903366,326.082281077625,326.5315669568,82.3358973371385,-313.507503056205,231.171605901005,-3.0721830259306,-4.98660855065764,8.05879158077957
1.502,910.065784957554,2266.9477801701,49.9927579265893,49.9927840811011,1721.87471557529,669.972706507728,326.082069956418,326.53163510044,175.740328726674,-325.005701304339,149.26537274919,-0.594076825716934,-6.7302445820188,7.32432141238889
1.503,910.217328996051,2266.80840666772,49.9927567206401,49.9927845247407,1723.39108533147,668.479380846146,326.081615045491,326.531784433006,251.739765640485,-304.120856435489,52.3810909416949,1.94146885400318,-7.81155984639533,5.87009099715404
1.504,909.758350559029,2267.2976641222,49.9927603730745,49.9927829673859,1724.38792280756,667.471463409221,326.081315994248,326.531885224749,303.269777632291,-254.241946966741,-49.027830554609,4.28633752660447,-8.13091875721151,3.84458123511163
1.505,908.917936887566,2268.13963250477,49.992767060874,49.9927802873173,1724.32120511998,667.565018061613,326.081336009554,326.531875869284,325.388991370018,-179.138141697217,-146.25084960532,6.21370486640209,-7.65289061786468,1.43918575536897
1.506,908.436217776204,2268.6529177983,49.9927708942729,49.9927786534795,1723.95677489031,667.956195096384,326.081445338623,326.531836751581,314.825059607426,-86.0979421325584,-228.72711745517,7.53230238288991,-6.42679753030337,-1.10550484956674
1.507,907.649839188286,2269.45119224152,49.9927771520748,49.992776112493,1723.22726718691,668.672703763634,326.081664190934,326.531765100714,274.028857333559,14.8841620896618,-288.913019451152,8.11250596552854,-4.57348425688211,-3.53902170672512
1.508,907.472118336694,2269.61991414561,49.9927785663324,49.9927755754345,1721.75517975351,670.15250151587,326.082105817164,326.531617120939,206.159622194166,114.848521017672,-321.008143280958,7.89936886079766,-2.26991067223603,-5.62945818783843
1.509,908.619986707296,2268.50732863503,49.9927694318862,49.9927791169042,1720.76160015516,671.186116068894,326.082403891044,326.531513759484,118.071852861867,203.428975948171,-321.500828910127,6.91462638012029,0.255692404061928,-7.17031878463224
1.51,910.136933886684,2266.98424724827,49.9927573604041,49.9927839650228,1720.58663443323,671.360363220356,326.08245638076,326.531496334768,18.8930047198458,271.589539190971,-290.482544031062,5.25070377139749,2.7542505847612,-8.00495435765022
1.511,910.986095021585,2266.15005097255,49.9927506029945,49.992786620352,1720.35686695154,671.574785919934,326.082525311005,326.531474892498,-82.3751800310333,313.975718980302,-231.600539074444,3.07630271542824,4.98322758920803,-8.05953030694246
1.512,911.83389503603,2265.34189759963,49.9927438564163,49.9927891927841,1721.14120025536,670.829617325665,326.082290011014,326.531549409358,-175.948759096941,325.512741028734,-149.563982045885,0.597037569046632,6.72842037041926,-7.32545794226823
1.513,912.576151041159,2264.61009950291,49.9927379497307,49.9927915221698,1721.97208759431,670.012507885554,326.082040744812,326.531631120302,-251.359756649733,304.586237184231,-53.2264806225416,-1.93885702462203,7.81110391300991,-5.87224689131199
1.514,912.593560148545,2264.59565471747,49.9927378111934,49.992791568149,1722.87767251237,669.102692887198,326.081769069337,326.531722101802,-302.66920979306,254.308121514318,48.3610882287046,-4.28382973139194,8.13015742444314,-3.84632769570574
1.515,912.177301790509,2265.05685131718,49.9927411236722,49.9927901001146,1723.69525683037,668.302314914965,326.081523794041,326.531802139599,-324.820100909227,179.004926751351,145.815174153879,-6.2122748686068,7.65575801791702,-1.4434831513308
1.516,911.902981904469,2265.34604444784,49.9927433066405,49.9927891795843,1724.01303160952,668.021881149523,326.081428461608,326.531830182975,-314.387233194279,85.6239352651758,228.763297973226,-7.53126147186186,6.42902060947841,1.10224086128961
1.517,911.42834196885,2265.82034746703,49.9927470837051,49.9927876698309,1724.29184953242,667.721865322422,326.081344816231,326.531860184558,-274.008676479165,-15.189981126209,289.198657695621,-8.11182760643488,4.57586624530201,3.53596136115404
1.518,911.235116770047,2266.02642125917,49.9927486213424,49.9927870138776,1724.05660350932,667.960963508883,326.081415390038,326.531836274739,-206.646961221434,-114.892698603122,321.539659954896,-7.90078982722437,2.27409720564536,5.62669262279572
1.519,910.735248131424,2266.55867823469,49.9927525991706,49.992785319651,1723.05879708161,668.997588702863,326.081714731966,326.53173261222,-118.353535538074,-203.615980434546,321.969516132778,-6.91601085840743,-0.252355484993823,7.16836634577622
1.52,910.698034634086,2266.61429753013,49.9927528953062,49.9927851426093,1722.58749815223,669.475232106474,326.081856121645,326.53168484788,-19.4413409721643,-272.066740626064,291.508081775484,-5.25492049644214,-2.75121868359706,8.00613918342479
1.521,910.904399978607,2266.41278502395,49.992751253103,49.9927857840435,1722.50483940611,669.552045559787,326.081880919269,326.531677166534,82.0386523298171,-313.505960735577,231.467308585172,-3.08053493367264,-4.9798009230594,8.06033586088033
1.522,911.555868032733,2265.78610355603,49.9927460688849,49.9927877788326,1721.84614040365,670.237282110011,326.082078528969,326.531608642879,175.717572098172,-325.117612124623,149.400040193438,-0.601197068264144,-6.72598201831637,7.32717909116781
1.523,912.34344676203,2264.97891993985,49.9927398015325,49.9927903481779,1721.48553674956,670.623548161831,326.082186710066,326.531570016274,251.245388163164,-304.011341685323,52.7659536623622,1.93531818331193,-7.80876268345499,5.87344450480399
1.524,912.951972317448,2264.39327618888,49.99273495904,49.9927922123398,1721.3158330634,670.774286935308,326.082237621171,326.531554942397,302.919041385711,-254.253899349099,-48.6651419354824,4.28041685041606,-8.1305007570487,3.85008391097992
1.525,913.759218616555,2263.60710552565,49.9927285351781,49.9927947147988,1721.73198674758,670.367509652475,326.082112775066,326.531595620125,325.460096377464,-179.415478129482,-146.044618193538,6.20863244311173,-7.65685330364582,1.44822086420991
1.526,913.98781730907,2263.41053372113,49.9927267160475,49.9927953405062,1722.85515654221,669.284918627887,326.081775824128,326.531703879228,314.814173220173,-86.1588393767394,-228.655333838464,7.52947050787834,-6.4319536126258,-1.09751689253723
1.527,913.304520674176,2264.08597164962,49.9927321535493,49.9927931905205,1723.70662935188,668.409152970745,326.081520382285,326.531791455793,274.648640558882,14.3328080634123,-288.981448664921,8.1113407093566,-4.57918645734611,-3.53215425044873
1.528,912.38116957226,2265.04356760648,49.9927395013439,49.9927901423979,1723.98423080203,668.158633737828,326.08143710185,326.531816507717,206.340672251663,114.349419876654,-320.690092211882,7.90218948459993,-2.27735158432982,-5.62483789994167
1.529,911.583978924603,2265.8641647415,49.9927458451855,49.9927875303561,1723.73076456569,668.438128743288,326.081513141721,326.531788558216,118.024501573419,203.422249025862,-321.446750713998,6.91849156073588,0.248007973520508,-7.16649953512123
1.53,911.433818993717,2265.99064698932,49.9927470401203,49.9927871277506,1722.69868674133,669.454394493704,326.081822765068,326.531686931641,19.3778392663412,271.862831631679,-291.240671031108,5.25715016337442,2.74701476440256,-8.00416492969077
1.531,911.957675933084,2265.48482608616,49.9927428713992,49.9927887378286,1721.64503228742,670.506829522772,326.082138861404,326.531581688138,-82.2269088432006,313.733577059793,-231.506668352477,3.08290615936075,4.97751733823231,-8.06042350030485
1.532,912.745077502189,2264.7214742088,49.9927366054566,49.9927911676531,1721.0158246714,671.164662247981,326.082327623689,326.531515904866,-175.748179061237,325.481098735874,-149.732919797263,0.604909778986093,6.72429421661386,-7.32920399877384
1.533,913.732046423827,2263.73245693406,49.9927287514075,49.9927943157928,1721.40647962212,670.799109721791,326.082210427204,326.531552460118,-251.02501710045,304.429787788221,-53.4047707823143,-1.93159023551928,7.80871768702903,-5.87712745475841
1.534,913.892064518929,2263.58363285094,49.992727478024,49.9927947895146,1721.93178857904,670.255569558411,326.082052834517,326.531606814135,-302.928712612277,254.54454641469,48.3841661418603,-4.2777642503759,8.13094974431269,-3.85318549687041
1.535,914.131594632894,2263.36382941175,49.9927255719039,49.9927954891707,1722.45036541094,669.753363291655,326.081897261467,326.531657034761,-324.916118522041,179.339509687489,145.57660882532,-6.20702658289292,7.65790795726736,-1.45088137663709
1.536,914.021018161234,2263.4924895263,49.9927264518435,49.9927950796328,1722.88542111097,669.345708531389,326.081766744757,326.531697800237,-314.378026667237,85.9496634729531,228.428363233541,-7.52799118740695,6.43329084269547,1.09470034340547
1.537,913.725892255801,2263.79439438188,49.9927288003808,49.9927941186398,1722.94520949335,669.272494792419,326.081748808242,326.531705121611,-274.250959444901,-14.888022357472,289.1389818878,-8.11191675054344,4.58186668674732,3.53005006362706
1.538,913.432154124828,2264.09823391479,49.9927311378746,49.9927931514885,1722.69845863671,669.516919710668,326.081822833499,326.531680679119,-206.772035219907,-114.591493630217,321.363528975328,-7.90274633553902,2.28163761024058,5.62110872633799
1.539,913.63180024887,2263.92257422949,49.9927295491412,49.9927937106307,1722.24074717239,670.00832276725,326.081960146939,326.531631538814,-118.914982273002,-203.16738192179,322.082364349424,-6.92050406063882,-0.244414092318668,7.16491815516161
1.54,914.011807707452,2263.52890736315,49.992726525138,49.9927949637112,1721.95704067459,670.282027421383,326.082045258888,326.531604168348,-19.7040302084955,-271.7669567988,291.470987177849,-5.2595798516339,-2.74330319048106,8.00288304532435
1.541,914.559255092205,2262.98089563614,49.9927221686901,49.9927967080867,1721.43861467688,670.805146816662,326.082200786687,326.531551856409,81.6596813454868,-313.528377544066,231.868696369949,-3.08525659137673,-4.97510108171457,8.06035767704561
1.542,914.993083789463,2262.59364347084,49.992718716391,49.9927979407487,1721.75758046943,670.49518229085,326.08210509695,326.531582852861,175.209643567016,-325.031777699181,149.822134289553,-0.609667545809213,-6.72169653504927,7.33136408522476
1.543,915.075074875233,2262.51536476323,49.9927180639267,49.9927981899175,1722.43584382513,669.840407901157,326.081901617943,326.5316483303,251.084289594048,-304.492447169945,53.4081577063131,1.9278568613986,-7.80844567277514,5.88058881578749
1.544,914.731689780418,2262.85853687155,49.9927207964984,49.9927970975668,1722.78311613255,669.49152113421,326.081797436251,326.531683218977,303.201757493413,-254.370022194027,-48.8317352070079,4.27432144974057,-8.13036361017515,3.85604216451925
1.545,914.70733795443,2262.89165291746,49.9927209902841,49.9927969921551,1722.71795280998,669.567752089803,326.081816985247,326.531675595881,325.53388510091,-179.853490450101,-145.680394604506,6.20444321757515,-7.65849174619648,1.45404853203576
1.546,914.550889484983,2263.07336428274,49.9927222352615,49.9927964137499,1722.46172209775,669.852266039837,326.081893854461,326.531647144486,315.187682844992,-86.6230577852321,-228.564625065131,7.52736993515052,-6.43571632024415,-1.09165361246196
1.547,914.029901964419,2263.57605448589,49.9927263811484,49.9927948136373,1721.66978253225,670.609580224798,326.082131436331,326.531571413068,274.48925061281,14.1185223237421,-288.607772992732,8.11016830784938,-4.58460699157532,-3.52556131501993
1.548,914.21341985954,2263.40809256925,49.9927249207594,49.9927953482767,1720.80749533587,671.470301107001,326.08239012249,326.53148534098,206.775728397331,114.102012531142,-320.877741029856,7.9042415428673,-2.28551963335676,-5.6187219095549
1.549,915.078084046325,2262.58206441769,49.9927180399804,49.9927979776059,1720.92742287789,671.410421961523,326.082354144227,326.531491328894,118.502245326332,203.109592781554,-321.611838244269,6.9226772404976,0.241315112246927,-7.16399235407141
1.55,915.652556976304,2262.00214132283,49.9927134684701,49.9927998235585,1721.47820510244,670.835563393016,326.08218890956,326.531548814751,19.3647529544202,271.522091543199,-290.886844655508,5.26348471279866,2.73931869789359,-8.00280341316201
1.551,915.783328791362,2261.87748624266,49.9927124278211,49.9928002203479,1722.24310434169,670.080241823381,326.081959439788,326.531624346908,-81.7242243171607,313.568213669724,-231.843989515789,3.08939326993655,4.97227406804246,-8.06166734133952
1.552,916.054380432337,2261.64436791887,49.9927102708607,49.9928009623866,1722.37211863791,669.964160772706,326.081920735499,326.531635955013,-175.401815270487,325.479163967304,-150.077348849133,0.612551047120721,6.72016792838005,-7.33271897941068
1.553,916.270180274621,2261.41530407829,49.9927085535801,49.9928016915194,1722.80345736293,669.54607016925,326.081791333881,326.531677764073,-251.079985168168,304.717732942878,-53.6377479013017,-1.92360421481358,7.80608667937156,-5.88248246862538
1.554,915.352943162453,2262.35974791959,49.9927158527211,49.9927986852613,1723.14368504382,669.209760110456,326.081689265577,326.531711395079,-302.899835009605,254.701213234653,48.1986216862534,-4.27176437173726,8.13114268703545,-3.85937831912219
1.555,914.281253205757,2263.43264519299,49.9927243809588,49.9927952701232,1722.79795571546,669.551273212477,326.081792984376,326.531677243769,-324.789495850328,179.570231110175,145.219264698259,-6.20089570966817,7.65997105941317,-1.45907535294851
1.556,913.922466477001,2263.7996603025,49.9927272360929,49.9927941018779,1722.3319297619,670.059089130816,326.081932792162,326.531626462177,-314.535002892059,86.4400439539363,228.094958947932,-7.52555106923573,6.43790872331893,1.08764234365518
1.557,914.66011829461,2263.05046354551,49.9927213660462,49.9927964866452,1721.88981667728,670.48559090498,326.082065426087,326.531583812,-274.129562275346,-14.7538335746451,288.883395910379,-8.11089187562347,4.58745458447909,3.52343729005247
1.558,915.27385748322,2262.46093999789,49.9927164820649,49.9927983631569,1721.83216329493,670.538866617006,326.082082722102,326.531578484429,-206.928640393737,-114.315988667454,321.244629166234,-7.90484904976703,2.28858447696702,5.61626457299026
1.559,915.148335963974,2262.607506834,49.9927174809335,49.9927978966202,1721.54766129418,670.852243240839,326.082168072702,326.531547146766,-118.988156587711,-203.044356934579,322.032513661399,-6.92434483447072,-0.236912273544695,7.16125710947081
1.56,915.830596329007,2261.90213371734,49.992712051678,49.9928001418926,1721.75526539405,670.633073544761,326.082105791472,326.531569063736,-20.1222693453397,-271.393715349799,291.515984853867,-5.26555004145595,-2.73587730548961,8.00142734951754
1.561,916.26440020854,2261.48364422966,49.9927085995764,49.992801473986,1722.18455554568,670.209914834719,326.081977004427,326.531611379607,81.2116763955811,-313.160219589057,231.94854335569,-3.09220517301738,-4.96956443237193,8.0617696088145
1.562,915.873167751235,2261.91569654239,49.9927117129054,49.9928000987208,1722.82987326773,669.580310898561,326.08178340911,326.531674340001,174.696155930002,-324.893926873237,150.197771092576,-0.615487988310715,-6.71838722992331,7.33387522216371
1.563,915.707930601958,2262.06790578285,49.9927130278208,49.9927996142237,1722.802667111,669.605428446358,326.081791570957,326.531671828246,251.133255038476,-304.584782687582,53.4515277715641,1.91971422645427,-7.80539744398138,5.88568322156775
1.564,915.686772082869,2262.09972168193,49.992713196195,49.9927995129506,1722.72851657979,669.693775451569,326.081813816116,326.531662993545,303.116343963434,-254.601676336486,-48.5146675431951,4.26859506132816,-8.13123496808558,3.86263991051649
1.565,915.725064657949,2262.07447447262,49.9927128914723,49.9927995933149,1722.85532539727,669.569973549243,326.081775773471,326.531675373735,325.512181038991,-179.881530012623,-145.630650990321,6.19951556199452,-7.66109722465979,1.46158166576958
1.566,915.695349646396,2262.12093329019,49.9927131279369,49.9927994454319,1722.68331306549,669.757679992102,326.081827377171,326.531656603091,314.971040638436,-86.8594749346843,-228.111565720208,7.52411553678093,-6.44180374248629,-1.08231179216055
1.567,915.629884044339,2262.16815262128,49.9927136488956,49.9927992951281,1723.00479466559,669.426151213572,326.081730932691,326.531689755969,274.681308305108,13.8310814563158,-288.512389831465,8.10974616198687,-4.5907499994467,-3.51899616161964
1.568,915.265589050137,2262.55915717125,49.992716547863,49.992798050522,1722.93378099189,669.488457800132,326.081752236793,326.53168352531,206.988943762444,113.809099481696,-320.798043361941,7.90637242336179,-2.29351556104543,-5.6128568627384
1.569,915.370931348857,2262.46610184479,49.9927157095757,49.9927983467263,1722.75730229979,669.721975089703,326.0818051804,326.531660173581,118.887386552345,202.598873580914,-321.486260288989,6.92544936461258,0.234551500813987,-7.16000086719165
1.57,915.448232363486,2262.36591060703,49.9927150944337,49.9927986656449,1722.35052640329,670.103383412845,326.081927213169,326.531622032749,19.7428473242361,271.516706269084,-291.259553771139,5.26751485023777,2.73287941548173,-8.00039426868412
1.571,915.583286622864,2262.25152148761,49.9927140197061,49.9927990297568,1721.69526832451,670.749112373866,326.082123790593,326.531557459853,-81.4546089286129,313.678760842292,-232.22415209694,3.09642501332119,4.96655086743743,-8.06297588465549
1.572,915.924669307236,2261.92459661767,49.992711303069,49.9928000703909,1721.33738343754,671.134929259941,326.082231156059,326.531518878164,-175.237995488526,325.649509374028,-150.411514057217,0.619511007370777,6.71519591192634,-7.33470692376832
1.573,916.656070875049,2261.18271762501,49.9927054827603,49.9928024318651,1721.46493302905,671.01934117007,326.082192891182,326.531530436973,-251.058700083979,304.89914400247,-53.8404440620003,-1.91733858963109,7.80458355158019,-5.88724496658017
1.574,917.118873926595,2260.72132456653,49.9927017998906,49.9928039005248,1721.91169019594,670.558731899876,326.082058864032,326.5315764979,-302.632488268377,254.854689483368,47.7777986818626,-4.26520732542757,8.1308350622677,-3.86562774120343
1.575,916.934956353719,2260.93659313207,49.9927032634601,49.9928032153037,1722.54517053263,669.927447382487,326.081868819931,326.531639626352,-324.912949332798,179.897771662541,145.015177615793,-6.19755975894338,7.66323033720231,-1.46567058196565
1.576,916.490166189102,2261.3987564372,49.9927068029878,49.9928017441922,1722.58085519591,669.919271072813,326.081858114532,326.531640443983,-314.463040268341,86.7339365829295,227.72910368272,-7.52290127921195,6.44285559415721,1.08004568232351
1.577,916.053474702574,2261.8406999725,49.9927102780682,49.9928003374423,1722.29986004324,670.198458507548,326.081942413077,326.53161252524,-274.399334163192,-14.3242990555259,288.723633266266,-8.11156493179855,4.59416932769675,3.517395602561
1.578,915.431306060393,2262.46904699313,49.992715229129,49.9927983373516,1722.52135467379,669.979450732854,326.081875964688,326.531634426017,-207.390672017339,-113.856133479378,321.246805588119,-7.90617912684292,2.29554886795568,5.61063025863494
1.579,915.317431515771,2262.60629825256,49.9927161353138,49.9927979004672,1722.24371226291,670.282999033006,326.081959257412,326.531604071187,-119.233107007274,-202.944404547078,322.177511678799,-6.92777553500381,-0.229511181453291,7.15728671746247
1.58,915.274485544972,2262.61967163333,49.992716477067,49.9927978578985,1721.74901467338,670.766116064182,326.082107666688,326.531555759484,-20.7245460165615,-270.886564690869,291.611110852357,-5.2708131964886,-2.72893875878856,7.99975195739577
1.581,915.190763925435,2262.7172447073,49.9927171433025,49.9927975473137,1721.57716864073,670.942141003606,326.082159220498,326.53153815699,81.0854987808471,-313.343768555696,232.258269924885,-3.09909270288659,-4.96349047523017,8.06258318110039
1.582,915.891998499262,2262.03861041078,49.992711563055,49.9927997074738,1721.2361911752,671.294220203707,326.082261513738,326.53150294907,174.469381490952,-324.935529029866,150.466147678432,-0.62310800887016,-6.71389585884835,7.33700387123642
1.583,916.620785098963,2261.29910606069,49.9927057635555,49.9928020613892,1721.36052127165,671.181032426011,326.082224214709,326.531514267848,250.626010176355,-304.329938770105,53.7039287084723,1.91307451962402,-7.80312234145499,5.89004782550494
1.584,916.682602705552,2261.24891940671,49.9927052716267,49.9928022211383,1722.14462033498,670.397205200757,326.08198898499,326.53159265057,303.029879766121,-254.835419744072,-48.1944599444161,4.26273751221345,-8.13145983135399,3.86872232257927
1.585,916.343564592205,2261.59891922473,49.9927079696062,49.9928011070543,1722.53145252907,670.005875686442,326.081872935332,326.531631783522,325.347285821849,-179.970980545741,-145.376305244572,6.19448600097214,-7.66373207344673,1.46924607530685
1.586,916.433059856695,2261.52491919931,49.9927072574256,49.9928013426037,1722.54977239378,670.005120355688,326.081867439372,326.531631859055,314.900819215158,-87.1035631996866,-227.797256033901,7.52113352764445,-6.44578935586294,-1.07534416986676
1.587,916.41015998469,2261.54519149508,49.9927074396569,49.992801278075,1722.92018849396,669.622213343717,326.081756314542,326.531670149756,274.68780280303,13.6856242616261,-288.373427132373,8.11033130476522,-4.59780999791367,-3.51252130607458
1.588,916.252030561903,2261.68752979332,49.9927086980109,49.9928008249981,1722.84257691129,669.701287226161,326.081779598017,326.531662242368,207.221370196445,113.662888800823,-320.884259108639,7.9058720220868,-2.29862540544819,-5.60724661710822
1.589,915.923766978204,2262.05267241595,49.9927113102495,49.992799662713,1723.03571369113,669.545480219801,326.081721656983,326.531677823068,119.093088530597,202.768887735682,-321.861976411757,6.92947838029554,0.226609437365238,-7.15608781936455
1.59,915.55423367299,2262.41401980607,49.9927142509021,49.9927985125086,1722.64751580001,669.915615963739,326.08183811635,326.531640809494,20.1725159380238,271.490156621929,-291.662672726225,5.27350161023611,2.72695635628521,-8.00045796932853
1.591,915.535695336102,2262.44812170442,49.9927143984255,49.9927984039588,1722.34819123034,670.215520077442,326.081927913721,326.531610819083,-81.1070462356686,313.542687749232,-232.435641685389,3.10370836657142,4.96061786855953,-8.06432623880055
1.592,915.636288287258,2262.37544383086,49.9927135979322,49.9927986352997,1722.48194056597,670.100902884482,326.081887788921,326.531622280802,-175.006497092646,325.578148795058,-150.571651863927,0.627585926491197,6.71135196798588,-7.33893789868257
1.593,915.825472982885,2262.16093524362,49.9927120924483,49.9927993181017,1722.17580583043,670.419415990665,326.081979629341,326.531590429491,-251.13855464751,305.149465745924,-54.0109112367888,-1.90997712254097,7.80206406735782,-5.8920869491901
1.594,915.753540881403,2262.24557659468,49.9927126648657,49.9927990486799,1722.04891650288,670.520227764155,326.08201769614,326.531580348314,-302.140177970807,254.98213789951,47.1580399675838,-4.25764484411492,8.13167644122034,-3.87403160127433
1.595,915.561031169749,2262.4389413264,49.9927141968094,49.9927984331809,1721.82048038369,670.766805541048,326.082086226975,326.531555690536,-324.693372120685,179.877965027339,144.815407032446,-6.19236236934869,7.66511862587525,-1.47275626014021
1.596,915.966552693254,2262.03565149199,49.9927109697716,49.9927997168923,1722.03570003726,670.575240971105,326.082021661079,326.531574846993,-314.659350907345,86.7192124161108,227.940138477487,-7.51917986949829,6.447269296549,1.07191057018816
1.597,916.185444555583,2261.81095232805,49.9927092278855,49.992800432132,1722.53129462391,670.064037226052,326.081872982703,326.531625967368,-274.613758398047,-14.0482469928809,288.662005423706,-8.10971808147093,4.59940869033315,3.51030938944198
1.598,916.144943689733,2261.8634404431,49.9927095501812,49.9928002650571,1722.3907104077,670.18764152774,326.081915157968,326.531613606938,-207.577065897316,-113.601815703732,321.178881674865,-7.90798599738009,2.30269707913356,5.60528891772276
1.599,916.197938977401,2261.83231865114,49.9927091284581,49.9928003641208,1722.44914235622,670.169714229312,326.081897628384,326.531615399667,-119.712707475448,-202.424004850857,322.136712431283,-6.93183146225054,-0.222778985719592,7.15461044860303
1.6,916.214836070801,2261.80751729583,49.9927089939953,49.992800443066,1722.74111479709,669.874500060556,326.081810036651,326.531644921084,-20.4341579031248,-271.02644024428,291.460598270102,-5.27613765954598,-2.723150467439,7.99928812863641
1.601,915.757689317753,2262.27390656001,49.9927126318535,49.9927989585029,1723.04237499443,669.559677636467,326.081719658592,326.531676403327,80.8576498869265,-313.388959152333,232.531309391122,-3.10714279350226,-4.95734534579048,8.0644881417216
1.602,915.658886418342,2262.39948926786,49.992713418102,49.9927985587607,1723.19682374196,669.41780778288,326.081673323968,326.531690590312,174.58802573351,-325.12960051905,150.541574899221,-0.631345538298542,-6.70932479974449,7.3406703409304
1.603,915.351891907963,2262.67667869053,49.9927158610867,49.9927976764394,1722.92708746584,669.703584207632,326.081754244851,326.53166201267,250.637962729304,-304.549244466173,53.9112818205488,1.90587435234047,-7.8002666746593,5.89439232527442
1.604,914.973454680686,2263.06376052808,49.9927188725945,49.9927964443196,1722.45210025627,670.167994610833,326.081896741014,326.531615571629,302.835550519341,-255.02097091427,-47.8145795634412,4.25554425094551,-8.13115687285622,3.87561262451455
1.605,914.704475197571,2263.3398474766,49.9927210130652,49.9927955655075,1721.99237867202,670.635502525707,326.082034657489,326.531568820838,325.359286071818,-180.500335891655,-144.858950187533,6.18993039037057,-7.66607518489252,1.47614479640148
1.606,914.963016849292,2263.09891867985,49.9927189556561,49.9927963324077,1721.81888024124,670.830314299229,326.082086707018,326.53154933966,315.307280071142,-87.3315709903801,-227.975709138806,7.51860160802887,-6.45038255573693,-1.06821905142772
1.607,915.951574677315,2262.1025746334,49.9927110889629,49.9927995038693,1721.28686687397,671.347304578925,326.082246311028,326.531497640632,274.790292037408,13.4921849563068,-288.282477099652,8.11043640445598,-4.60313712348045,-3.50729928130963
1.608,916.933873156313,2261.11920980767,49.9927032720799,49.9928026340168,1721.0736881569,671.54883863224,326.082310264643,326.531477487227,207.566804631277,113.276122414133,-320.842927192088,7.90855925434151,-2.306520578222,-5.60203867771567
1.609,917.385099360286,2260.70321445777,49.9926996813359,49.9928039581711,1721.98410897371,670.674369518748,326.082037138398,326.531564934138,119.524169853728,202.279446580283,-321.803616611487,6.93441130146498,0.218500738652037,-7.15291204292016
1.61,917.022426984925,2261.06201666502,49.992702567391,49.9928028160682,1723.25830541307,669.399251393042,326.081654879466,326.531692445951,20.3656161048925,271.122532397635,-291.488148697411,5.27959778017424,2.7191835519976,-7.99878133602579
1.611,916.284549399803,2261.80179344968,49.9927084392342,49.9928004612856,1723.96591136689,668.669630544589,326.08144259768,326.531765408036,-81.0227894297846,313.562506088147,-232.539716854715,3.11036323017267,4.9536350385613,-8.06399827337438
1.612,915.162932279457,2262.9492568342,49.9927173647797,49.9927968087962,1723.78812656183,668.868806756641,326.081495933122,326.531745490415,-174.717025128675,325.769648400373,-151.052623452879,0.634570629203825,6.7073946938093,-7.34196532809199
1.613,914.601842801353,2263.48446051492,49.9927218297879,49.99279510519,1723.22102312578,669.445164095656,326.081666064153,326.531687854681,-250.54208782775,305.109479929836,-54.5673922541168,-1.90177612642943,7.79941622625888,-5.89764010495441
1.614,914.542792434822,2263.53541540172,49.9927222996957,49.9927949429955,1722.62923942541,670.03424451064,326.081843599263,326.531628946639,-302.130219794329,255.234822799732,46.8953968827839,-4.25235680571683,8.13071601885884,-3.87835921791864
1.615,914.992648636404,2263.09742390391,49.9927187198538,49.9927963371657,1721.75160155899,670.906130335375,326.082106890623,326.531541758057,-324.872521432469,180.376973439668,144.495547928205,-6.18739472688885,7.66759408167634,-1.4801993588605
1.616,915.812159286336,2262.29704997837,49.9927121983953,49.9927988848351,1721.57084551511,671.127300731578,326.082161117436,326.531519641017,-314.716987658154,87.2241380720172,227.49284956919,-7.51756476524393,6.45196530032773,1.0655994618219
1.617,916.160320725461,2261.94025235473,49.9927094278146,49.9928000205572,1722.16336588396,670.495740763636,326.081983361325,326.531582797014,-274.915814845784,-13.7743374203778,288.690152292279,-8.10963054980096,4.60684072042064,3.50278982741386
1.618,916.558124416347,2261.54912003679,49.9927062621934,49.99280126557,1722.86320206557,669.812627953692,326.081773410471,326.531651108295,-207.588906535741,-113.601840935739,321.190747533607,-7.90973019025308,2.30952760544782,5.6002025840047
1.619,916.284670024661,2261.85625842802,49.9927084382743,49.9928002879182,1723.58850169311,669.110404748708,326.081555820582,326.531721330616,-119.779872722955,-202.507265453052,322.287138262733,-6.93568470037498,-0.215192308337765,7.15087700899993
1.62,915.618420797117,2262.50378127641,49.9927137401172,49.9927982267889,1723.96227469276,668.724173604913,326.081443688683,326.53175995373,-20.9657102342261,-270.861491375312,291.827201707253,-5.28260576864845,-2.71498777253646,7.9975935423746
1.621,915.030007129246,2263.11005543065,49.9927184225644,49.9927962969584,1723.88652934075,668.797622489482,326.081466412288,326.531752608841,80.6438823441846,-313.088706718641,232.444824469151,-3.11331234852301,-4.9517044914489,8.06501684179346
1.622,914.287135616972,2263.85978614674,49.9927243341481,49.9927939104914,1723.16295909622,669.530332527097,326.081683483362,326.531679337838,174.205419752608,-325.125330024223,150.91991034948,-0.638402593227312,-6.7046024294131,7.34300502476546
1.623,914.210250102539,2263.91902534616,49.9927249459835,49.9927937219271,1722.12653506397,670.569308744075,326.081994410571,326.531575440216,250.484783944467,-304.793667130295,54.3088832343979,1.89866581584352,-7.79906067317291,5.90039485940026
1.624,915.123438091659,2262.99973246973,49.9927176790644,49.9927966481272,1721.35124566009,671.333027794705,326.082226997392,326.531499068311,302.334624429216,-255.067368831899,-47.267255587807,4.24825389790996,-8.1312169483721,3.88296305212488
1.625,916.067494789731,2262.07198792781,49.9927101664999,49.9927996012298,1721.65472745742,671.043885112397,326.082135952853,326.531527982579,325.211737885222,-180.306391800041,-144.905346120068,6.18521056466246,-7.66896778209689,1.48375721837685
1.626,916.698624410868,2261.46182247899,49.99270514413,49.9928015434468,1722.42092606009,670.294497448085,326.081906093272,326.531602921346,315.279372718037,-87.9370595969595,-227.342313201704,7.51580210865757,-6.45532179813452,-1.06048031054031
1.627,916.7382905246,2261.40936288527,49.9927048284771,49.9928017104309,1723.86471180479,668.842626489367,326.081472957549,326.531748108441,274.961591081615,13.0991517732016,-288.06074297817,8.10874725249058,-4.60918343890522,-3.49956381471006
1.628,915.838327193929,2262.32613336694,49.9927119901577,49.9927987922598,1724.80836749583,667.896943489453,326.081189860842,326.531842676741,207.755611494893,112.683617316934,-320.439228970646,7.91030772077365,-2.31321248105312,-5.59709524199201
1.629,914.015798793107,2264.17458221348,49.9927264933779,49.9927929084644,1725.01889150007,667.712854146837,326.08112670364,326.531861085676,119.93033025746,201.982991814142,-321.913322255486,6.93809843121463,0.210780268994984,-7.1488787035564
1.63,913.121489850052,2265.03652446488,49.9927336100623,49.992790164817,1724.35883840606,668.352854297461,326.081324719569,326.531797085661,20.5174863820397,271.176732644472,-291.694219222679,5.28491525691982,2.71155997400754,-7.99647523517842
1.631,912.741093431355,2265.42254091364,49.9927366371609,49.9927889360884,1723.05414978851,669.661207570972,326.081716126154,326.531666250333,-80.7126813706942,313.506248526234,-232.793567349664,3.11631775513644,4.94899009488291,-8.06530785491456
1.632,912.80542614194,2265.374042969,49.9927361252174,49.9927890904622,1721.96782549842,670.76283623437,326.082042023441,326.531556087467,-174.498020506215,325.588879793525,-151.090859464919,0.641667877927217,6.70305680017866,-7.34472468332026
1.633,913.427557679904,2264.7182153762,49.9927311744519,49.9927911780263,1720.87212530126,671.864212598599,326.0823707335,326.531445949831,-250.31628392955,305.319263823601,-55.0029800419622,-1.89614536029312,7.79798686988013,-5.90184151475675
1.634,915.494590213877,2262.65276763586,49.9927147255297,49.9927977525506,1720.12188029944,672.589086306984,326.082595807001,326.53137346246,-301.952583007433,255.187159072475,46.7654238263085,-4.24569316829119,8.13163604436956,-3.88594288084357
1.635,916.583676752004,2261.57560997344,49.9927060588544,49.9928011812499,1721.02849164138,671.699729961916,326.082323823598,326.531462398094,-324.878200325189,180.26620501044,144.611995250959,-6.18265380764327,7.66958877012584,-1.48693496652599
1.636,917.021367146907,2261.16795077245,49.9927025758249,49.9928024788695,1722.7037586611,670.042764011363,326.081821243492,326.531628094689,-314.857800850816,87.4106729121023,227.447127922717,-7.51445790714293,6.45719282919629,1.05726507487806
1.637,916.712638079855,2261.47596025252,49.9927050326127,49.9928014984448,1724.50078949511,668.223672297948,326.081282134242,326.531810003861,-274.926821851912,-13.4371380053812,288.363959886049,-8.10874937774178,4.61302300706824,3.49572636874495
1.638,915.215060836362,2262.99558578212,49.9927169499538,49.9927966613266,1725.46176692521,667.251295650667,326.080993841013,326.531907241525,-207.974719116005,-113.049329962088,321.024049143678,-7.91245551274753,2.31793582532639,5.59451968667972
1.639,913.60917380869,2264.60769350424,49.9927297291967,49.9927915298283,1725.12711760126,667.634832712742,326.08109423581,326.531868887819,-119.932494249406,-202.124409413685,322.056903754935,-6.93867800954292,-0.20801996040945,7.14669797032811
1.64,912.469781518135,2265.72668969722,49.9927387961925,49.9927879679528,1724.11958874053,668.62025950314,326.081396494468,326.53177034514,-21.2249599490646,-271.001530798661,292.226490852108,-5.28790236669088,-2.7086132481914,7.99651561619674
1.641,912.043261399037,2266.15552060603,49.9927421903317,49.9927866029416,1723.06899618733,669.658348966323,326.081711672234,326.531666536194,80.1169171941929,-313.012439352047,232.89552226032,-3.12111455200025,-4.94508517945108,8.0661997334352
1.642,912.170426471157,2266.03067774967,49.9927411783842,49.9927870003288,1722.01174743025,670.745608806202,326.082028846861,326.53155781021,174.064915777794,-325.161953789542,151.097038097838,-0.644892989363477,-6.70045000801294,7.34534299969459
1.643,912.87724544203,2265.31066422424,49.9927355536976,49.992789292203,1720.97421990385,671.779033682103,326.082340105119,326.531454467722,250.238445448564,-304.609474120852,54.3710287287501,1.89094004420245,-7.79650682052886,5.90556677861157
1.644,913.872220043152,2264.32040463457,49.9927276359413,49.9927924442972,1721.12879202369,671.618852131984,326.082293733483,326.531470485877,302.453483441904,-255.343342971199,-47.110140453868,4.24307159122164,-8.13186864716247,3.88879705782653
1.645,914.727443283117,2263.47704988388,49.992720830291,49.9927951287787,1721.80392611047,670.956106652138,326.082091193257,326.531536760425,325.260944470882,-180.969352402084,-144.291592097556,6.18071910006988,-7.67175982240051,1.49104072349122
1.646,914.959895705671,2263.26643569894,49.9927189804934,49.9927957991845,1723.09938934754,669.677951446309,326.081702554286,326.531664575946,315.277419653007,-88.2001304518514,-227.077289276998,7.51270354045682,-6.45884491660307,-1.05385862366926
1.647,914.337025753039,2263.89212059175,49.992723937135,49.9927938075676,1724.0292977004,668.718499483622,326.08142358178,326.531760521142,275.192306598147,12.6894215938173,-287.881728311789,8.1093029292048,-4.61699900090163,-3.49230392925123
1.648,913.488668892011,2264.73408361069,49.9927306881444,49.9927911275161,1724.57427755279,668.187874392695,326.081260087825,326.531813583651,207.794535964302,112.796214895531,-320.590751016226,7.91140634659244,-2.32015166477158,-5.59125468394482
1.649,912.525637615666,2265.7144457578,49.9927383517038,49.9927880069265,1723.98727625353,668.793678048178,326.081436188214,326.531753003286,120.299245447585,201.723406430972,-322.022652061041,6.94121961906208,0.2040597439188,-7.14527936620947
1.65,912.02871673801,2266.19346440155,49.9927423060745,49.9927864821628,1723.11523348509,669.649565575351,326.081697801045,326.531667414533,20.9860627040871,271.099953712879,-292.086016613193,5.29070151074501,2.70510649118872,-7.99580800610071
1.651,912.20897423665,2266.00974153262,49.9927408716309,49.9927870669708,1721.71504087525,671.036884034036,326.082117858828,326.531528682687,-80.4716199397168,313.377160828067,-232.905541083465,3.12383279235409,4.94253542709454,-8.06636822429537
1.652,913.382869235418,2264.85826584548,49.9927315300713,49.9927907322318,1721.07730535064,671.697633089545,326.082309179485,326.531462607781,-174.035875907924,325.621155545955,-151.585279817823,0.649563445687505,6.69927252555698,-7.34883597644435
1.653,914.186279192306,2264.03880656281,49.992725136738,49.9927933406517,1721.58686682078,671.190435302367,326.082156311044,326.53151332756,-250.271424601405,305.134664237285,-54.8632397886384,-1.88724798840934,7.79555714837845,-5.90830916516964
1.654,914.721994898148,2263.49271327983,49.9927208736479,49.9927950789206,1722.41503697625,670.341856514272,326.081907859998,326.531598185439,-302.145962223466,255.581009990615,46.5649521167232,-4.23837410360978,8.13108815286552,-3.89271405411035
1.655,914.452880493987,2263.77715139893,49.9927230151922,49.9927941735259,1723.12433595198,669.64899907685,326.081695070305,326.531667471183,-324.543816052553,180.541290396884,144.002525582196,-6.17780325916443,7.67189033983233,-1.49408708486429
1.656,914.105659782723,2264.15004143616,49.9927257782869,49.9927929865801,1723.31389502818,669.482377204469,326.081638202582,326.53168413337,-314.823174766299,87.6549397608826,227.168234975148,-7.51191903497273,6.46137582104584,1.05054321062915
1.657,913.497450842687,2264.74420925599,49.9927306182598,49.9927910952852,1723.26390185355,669.503339725474,326.081653200534,326.531682037118,-275.092190637059,-13.2038497506406,288.296040396928,-8.10793154833502,4.61869040133436,3.48924114473517
1.658,912.757357924988,2265.4845551457,49.9927365077321,49.992788738691,1722.79791621759,669.974457282325,326.081792996225,326.531634925362,-208.333790528027,-112.810959392917,321.144749963039,-7.91309771632743,2.32431557986989,5.58878213525904
1.659,912.556124549799,2265.71546838995,49.9927381090965,49.9927880036713,1723.00842945233,669.79505075772,326.081729842255,326.531652866015,-120.268352122343,-202.09000493841,322.358357126005,-6.94436301737577,-0.199815087209038,7.14417810438817
1.66,912.770479836708,2265.46728602559,49.9927364033113,49.9927887936603,1722.60850880444,670.174857869714,326.081849818449,326.531614885303,-21.5865196844568,-270.480814435348,292.067334195963,-5.29358938054534,-2.70096819173543,7.99455757292268
1.661,913.158928206301,2265.08248921166,49.9927333121374,49.9927900185066,1722.12166466017,670.662184546594,326.081995871692,326.531566152636,79.8960683942132,-313.006132440712,233.110064120397,-3.12655535018316,-4.93991880544686,8.06647415686667
1.662,913.72783749772,2264.54080173758,49.9927287849011,49.9927917427514,1722.37678959114,670.424386120095,326.081919334213,326.531589932478,173.532018985747,-325.152779695164,151.620760768308,-0.652984791658433,-6.69704915979082,7.35003395297771
1.663,913.932531086472,2264.33085239701,49.9927271560013,49.9927924110409,1723.72125390643,669.092592168662,326.081515994918,326.531723111874,250.122941107783,-305.006593878305,54.8836528037623,1.88444810013029,-7.79515244971587,5.9107043510839
1.664,913.54152056397,2264.72853793875,49.9927302675641,49.9927911451685,1724.39449647697,668.402408728782,326.081314022147,326.531792130218,302.25771922892,-255.398903594004,-46.8588156372037,4.23675689356693,-8.13246649968906,3.89570960726755
1.665,912.532866144568,2265.74601305623,49.992738294181,49.9927879064446,1724.64441165828,668.150286625076,326.081239047593,326.531817342428,325.495289682113,-181.240611958165,-144.254677768395,6.17459940006889,-7.67367673850049,1.4990773389252
1.666,911.366438834446,2266.92653261203,49.9927475763146,49.9927841487342,1724.79010231771,668.032477888465,326.081195340395,326.531829123302,315.321357948291,-88.5986690541172,-226.72268898409,7.50956619185773,-6.46384706811846,-1.04571912414983
1.667,910.635053614221,2267.64646579234,49.9927533964932,49.9927818571157,1724.13392307155,668.686663482941,326.081392194169,326.531763704742,275.276703574725,12.5587393324544,-287.835443040004,8.10827195030952,-4.620795252983,-3.48747669880541
1.668,910.835361575864,2267.43932340075,49.9927518024931,49.9927825164704,1722.93577446915,669.864230850976,326.08175163875,326.531645948005,208.07059232133,112.343480509445,-320.41407300039,7.91413728321859,-2.32790664215841,-5.58623064366994
1.669,910.937997396783,2267.33414073659,49.9927509857432,49.9927828512772,1722.02781195379,670.810278405141,326.082024027504,326.53155134325,120.208651299789,201.566798524437,-321.775450022349,6.94405224105581,0.197079985140611,-7.14113222989387
1.67,911.886739631098,2266.34983466791,49.9927434358924,49.9927859844207,1721.50379313788,671.307547714097,326.082181233149,326.531501616319,21.3424289947409,270.630652306075,-291.973081517718,5.29550338511501,2.69787882662883,-7.99338221641285
1.671,912.65846471817,2265.60475638637,49.9927372946993,49.9927883560786,1721.79006861026,671.008879101194,326.082095350507,326.53153148318,-80.3660272659037,313.480710182913,-233.114683137984,3.13037643301863,4.93736638632904,-8.06774282477458
1.672,912.936354512884,2265.34907965614,49.9927350833226,49.9927891699229,1722.27810099593,670.539876246357,326.081948940792,326.531578383466,-173.974634225584,325.78894282989,-151.814308813238,0.65663743449349,6.69467254915008,-7.35130998952097
1.673,913.10452504585,2265.16618727792,49.992733745064,49.9927897520874,1722.87791899773,669.932356321064,326.081768995391,326.531639135458,-249.964581253819,305.483653861264,-55.5190727895998,-1.87992211187544,7.79366283392324,-5.91374072800807
1.674,912.871186903809,2265.40920734336,49.9927356019099,49.9927889785305,1723.26346020087,669.562243883554,326.08165333303,326.531676146702,-301.937627956775,255.479637621646,46.4579901922354,-4.23426037797482,8.13259168520941,-3.89833131288838
1.675,912.865323277138,2265.42582187823,49.9927356485712,49.9927889256448,1723.53702454495,669.274141618903,326.081571263727,326.531704956928,-324.581294390055,180.913284303768,143.668009990439,-6.17270106332545,7.67521926255309,-1.50251820421192
1.676,912.496819380617,2265.80547069323,49.992738581032,49.9927877171851,1723.64228599522,669.191063722629,326.081539685292,326.531713264718,-314.943400174273,88.2305108172511,226.7128893121,-7.50829504661267,6.46596453024448,1.04233051235257
1.677,912.186447152009,2266.10309380303,49.9927410508957,49.9927867698213,1723.9474786468,668.880447611028,326.081448127496,326.531744326329,-275.425440132267,-12.6997601073426,288.125200243909,-8.10754988146321,4.62476782722946,3.48278205139538
1.678,911.761814790723,2266.5315993781,49.9927444300127,49.9927854058457,1723.765424584,669.045952144374,326.081502743715,326.531727775876,-208.548458899155,-112.616189432878,321.164648378326,-7.91518297983043,2.33175638452282,5.58342659373282
1.679,911.404040661855,2266.90896423923,49.9927472770887,49.992784204656,1723.69784782688,669.158210806858,326.081523016742,326.53171655001,-120.71646566081,-201.631253868942,322.347719606672,-6.947224837575,-0.193431451942189,7.14065628916247
1.68,911.726894668131,2266.55870308413,49.9927447078982,49.9927853195719,1723.53171938399,669.304620587062,326.081572855275,326.531701909032,-22.0039119853015,-270.388324801869,292.392236880025,-5.29931774502605,-2.69451406101811,7.99383180673735
1.681,912.177080209284,2266.1296237934,49.9927411254355,49.9927866853737,1723.28695615383,669.539872866869,326.081646284244,326.531678383804,79.5414251225796,-312.67049746306,233.129072433219,-3.13422855769719,-4.93446254649106,8.06869110565058
1.682,912.141203296545,2266.17296254611,49.9927414109349,49.9927865474222,1723.10419101091,669.738893831763,326.081701113787,326.531658481707,173.434110535852,-325.066051515347,151.631941056211,-0.6601128175332,-6.69219143521562,7.35230425462414
1.683,911.965001195095,2266.32569480205,49.9927428131067,49.9927860612603,1723.31991581045,669.523976073271,326.081636396347,326.531679973483,249.870093064252,-304.989160656518,55.1190676377797,1.87603575946723,-7.79151240158661,5.9154766440059
1.684,911.469476024149,2266.81746381824,49.9927467563707,49.9927844959109,1723.64351068577,669.202439496607,326.081539317885,326.531712127141,302.14742137844,-255.441721655693,-46.7056997202733,4.23090242123258,-8.13162384148856,3.90072142174346
1.685,911.179538260269,2267.13147155337,49.9927490636221,49.9927834963933,1723.79669634209,669.040278408567,326.081493362188,326.53172834325,325.30401061835,-181.454409737478,-143.84960092809,6.17080886846384,-7.67693703810921,1.50612817036749
1.686,911.031725142433,2267.29105178322,49.9927502398815,49.9927829884336,1723.86705924938,668.993347042311,326.081472253316,326.531733036386,315.488131774055,-88.813352508927,-226.674779363468,7.50703092007837,-6.46844334810057,-1.03858757230265
1.687,910.935438484945,2267.36726182773,49.9927510061064,49.9927827458495,1723.99855199421,668.857071645444,326.081432805492,326.531746663926,275.478017470598,12.2312295154116,-287.70924713226,8.10715118818996,-4.62690488505405,-3.48024630468298
1.688,910.871929703135,2267.42244040077,49.9927515114932,49.9927825702107,1723.42790993459,669.409894972481,326.08160399811,326.531691381593,208.443414298299,112.165340422656,-320.608754907216,7.91469998214129,-2.33391211740096,-5.58078786756159
1.689,910.973424899769,2267.35276743169,49.9927507038201,49.9927827919866,1722.69577772019,670.165123466489,326.081823637774,326.531615858744,120.591190153092,201.157970276329,-321.749160644145,6.94979902646535,0.18923435591552,-7.13903338640333
1.69,911.356670702795,2266.9371005358,49.9927476540469,49.9927841150954,1722.55468412946,670.30338369629,326.081865965852,326.531602032721,21.5517492149374,270.329902488562,-291.881651933306,5.30138799320842,2.69139076505188,-7.99277876330214
1.691,911.824681841993,2266.47841933672,49.9927439297326,49.992785575123,1723.24501629571,669.600459429642,326.081658866202,326.531672325147,-79.8836252262598,313.118465545051,-233.234840547491,3.13721036953593,4.93077793251668,-8.06798830783575
1.692,911.576023422911,2266.75330173032,49.9927459084934,49.9927847001452,1723.92747041573,668.928118540307,326.081454129966,326.531739559236,-173.577552435221,325.667202472891,-152.089650249543,0.664119258007694,6.69040260730196,-7.35452187147857
1.693,911.218213934372,2267.0931810315,49.9927487558508,49.9927836182758,1723.68839644404,669.179251021644,326.081525852157,326.531714445988,-249.575385375055,305.370300186693,-55.7949149909409,-1.87424971388166,7.79200264623391,-5.91775293850487
1.694,910.897866218044,2267.43743816785,49.992751305097,49.9927825224713,1723.87732065471,668.982935014242,326.081469174894,326.531734077589,-301.853580888757,255.874700263155,45.9788804916306,-4.2276424805437,8.13348690778321,-3.90584443295574
1.695,910.976055013502,2267.36094017271,49.9927506828903,49.992782765972,1723.92832632612,668.931025024291,326.081453873193,326.531739268588,-324.730350196185,181.276341995108,143.454008119527,-6.16811216596885,7.67837696544701,-1.51026480437682
1.696,910.508929134369,2267.83188374273,49.9927544001599,49.992781266912,1724.14379495891,668.737655091499,326.081389232603,326.531758605581,-314.894438988917,88.3070184870215,226.587420476017,-7.50476540516807,6.47003507608765,1.03473032530241
1.697,910.262074543997,2268.06701721178,49.9927563645664,49.9927805184589,1724.04550567379,668.822281832116,326.081418719388,326.531750142907,-275.193413014544,-12.6806353703726,287.874048411417,-8.10691681006344,4.63068918295225,3.47622762465266
1.698,910.012028466302,2268.30961933638,49.9927583543698,49.9927797462324,1724.07445704818,668.783147418569,326.081410033976,326.531754056349,-208.710214436954,-112.232400189648,320.94261469662,-7.91624625474744,2.33849589392374,5.57775035974733
1.699,909.835953964676,2268.51361375013,49.9927597555262,49.992779096898,1723.66220105701,669.218967304356,326.081533710773,326.53171047436,-120.948072142396,-201.428620959446,322.376693202037,-6.95172572055787,-0.184946686788271,7.13667240757111
1.7,909.962142826556,2268.36950739463,49.9927587513471,49.9927795556028,1722.98820760316,669.8743960476,326.081735908809,326.531644931486,-22.0794168238311,-270.162127283137,292.241544220942,-5.30539088359756,-2.68693959571553,7.99233048062519
1.701,910.07620566381,2268.24077623593,49.9927578436639,49.9927799653668,1722.7955883903,670.073468192821,326.081793694573,326.531625024271,79.0424433550701,-312.701316473219,233.658873228344,-3.14035987740674,-4.92802002647051,8.06837990595231
1.702,910.553906203829,2267.79570387608,49.9927540422438,49.9927813820761,1722.96533114015,669.91853880462,326.081742771748,326.53164051721,173.204577876383,-325.253467762215,152.048889974955,-0.66762355267528,-6.68852420402831,7.35614775914067
1.703,910.460518575263,2267.8732959849,49.9927547853989,49.9927811350928,1723.47368468406,669.409267200418,326.081590265685,326.53169144437,249.731898632321,-305.083135073452,55.3512364921224,1.86919701992224,-7.79017930640242,5.92098228883001
1.704,910.001916254547,2268.33240271771,49.9927584348403,49.9927796737106,1723.63065404792,669.244357568222,326.081543174876,326.531707935334,302.130003717279,-255.906269092673,-46.2237346234985,4.22413608999211,-8.13240983709975,3.90827374891958
1.705,910.175418267462,2268.16311007174,49.9927570541551,49.9927802125859,1723.87833547936,668.999870786746,326.081468870447,326.531732384012,325.463251712975,-181.635025325724,-143.828226442683,6.16603112262451,-7.67884399400846,1.51281287226515
1.706,909.99734136762,2268.36153211985,49.992758471246,49.9927795809889,1723.87423852532,669.019873579798,326.081470099533,326.531730383732,315.561142055857,-88.9146188799225,-226.646523288636,7.50439624540089,-6.47276626313644,-1.0316299826086
1.707,909.862669421336,2268.49090457911,49.9927595429313,49.9927791691835,1723.58412819683,669.310165750632,326.081557132631,326.531701354515,275.627230085674,11.796534427733,-287.423764678818,8.10760734402579,-4.63339060034499,-3.47421674542124
1.708,909.777561561529,2268.56152013235,49.9927602201982,49.9927789444073,1723.9980238787,668.886705003437,326.081432963927,326.53174370059,208.546984889345,111.934318002106,-320.4813030998,7.91693615218246,-2.34182133311692,-5.5751148222357
1.709,909.751173010745,2268.61953382139,49.9927604301916,49.9927787597439,1724.046641006,668.853310015558,326.081418378789,326.531747040089,120.943798044676,200.912980402343,-321.856778684238,6.95364764451547,0.181230063345984,-7.13487771235332
1.71,909.459265016086,2268.86370503977,49.9927627531216,49.9927779825228,1723.63432470716,669.260494718022,326.081542073678,326.531706321619,21.5799822132382,270.585327210461,-292.165309673078,5.3062040299788,2.68430635472735,-7.9905103902802
1.711,909.6056907599,2268.73414865083,49.9927615879026,49.9927783949136,1723.23803513475,669.642991624841,326.08166096055,326.531668071928,-79.4794344780783,312.989203338263,-233.509769104034,3.14420776114429,4.92516839878251,-8.06937616624071
1.712,909.922412969124,2268.44278983016,49.9927590675073,49.9927793223376,1723.34044384905,669.55310815278,326.081630237936,326.531677060275,-173.596047713287,325.805968417336,-152.209920925324,0.671550095447565,6.68639879150615,-7.35794889359721
1.713,910.050786503969,2268.28806196124,49.9927580459432,49.9927798148517,1723.67107243825,669.231198109389,326.081531049359,326.531709251279,-249.200354215847,305.374939101042,-56.1745850695352,-1.86618605485516,7.78902704787786,-5.92284099955773
1.714,909.753344638855,2268.60455017934,49.9927604129103,49.9927788074384,1724.37422359271,668.522309813814,326.081320104013,326.531780140109,-301.604354912898,255.965307768729,45.6390470079525,-4.22121707171513,8.1332015652323,-3.91198449951897
1.715,909.171327501056,2269.19025631627,49.9927650444555,49.9927769430778,1725.09174893412,667.795796110973,326.08110484641,326.531852791479,-324.67103965218,181.268397618437,143.402641951968,-6.1626550054711,7.67997774561402,-1.51732274523842
1.716,908.461503402362,2269.90175264096,49.9927706930562,49.9927746783147,1724.58469011071,668.324392415895,326.081256964057,326.531799931849,-315.195019200534,88.5814047726215,226.61361440209,-7.50234781626034,6.47426505820704,1.02808275414905
1.717,908.083226122532,2270.26565428318,49.9927737032912,49.9927735199798,1723.66016365901,669.2293016862,326.081534321993,326.531709440922,-275.664879105984,-12.0864597357211,287.75133886729,-8.10641929372857,4.63708311184952,3.46933617933582
1.718,908.115651196164,2270.23874917056,49.9927734452607,49.9927736056214,1723.50500205372,669.385473912301,326.081580870474,326.531693823699,-208.988504568002,-111.960444167499,320.948948803322,-7.91898200370342,2.3455256508036,5.57345635175213
1.719,908.217738135473,2270.15107403831,49.9927726328786,49.9927738847,1722.82947221107,670.085907133135,326.081783529427,326.531623780377,-121.19181908044,-201.282946588064,322.474765766725,-6.95525035353423,-0.177833284377415,7.13308363806451
1.72,908.962496475348,2269.37832178151,49.99276670628,49.9927763444469,1722.09049955802,670.7979490937,326.082005221223,326.531552576181,-22.4297229138293,-270.323469496655,292.753192527308,-5.31068791361674,-2.68001419916014,7.9907021140474
1.721,909.555958419276,2268.78750810787,49.9927619836599,49.9927782250652,1722.19201335119,670.6992700096,326.081974767085,326.531562444089,79.1222569247819,-312.861340057533,233.739083250722,-3.14759578774049,-4.92188446618003,8.06948025602668
1.722,909.949949473365,2268.42188359853,49.9927588483788,49.9927793888842,1722.62451854635,670.276453210302,326.081845015526,326.531604725769,172.972813784015,-325.024719058589,152.051905376682,-0.675635998505074,-6.68432962875141,7.35996562982504
1.723,910.584571425109,2267.77395859441,49.9927537982177,49.9927814512935,1722.97446421803,669.952170192817,326.081740031825,326.531637154071,249.441846958324,-305.197826870938,55.7559799837329,1.86380731453935,-7.78919152790918,5.92538421598471
1.724,910.985972511478,2267.39587271071,49.9927506039694,49.9927826547782,1724.24985217134,668.654996104499,326.081357415439,326.53176687148,301.866540457551,-256.089006620875,-45.7775338092198,4.21757500527113,-8.1339463534024,3.91637135036956
1.725,910.32436697242,2268.07171370787,49.992755868859,49.9927805035095,1725.26775570287,667.63030630449,326.08105204438,326.53186934046,324.989559082443,-181.801873836717,-143.187685270345,6.16016762361876,-7.68170888341706,1.52154126127058
1.726,908.885281011053,2269.50292659049,49.9927673207412,49.9927759478174,1725.54246919127,667.386210139007,326.080969630333,326.531893750077,315.657917294597,-88.9203027595995,-226.737614614373,7.50032786983096,-6.47629232868605,-1.02403554075542
1.727,907.871636473163,2270.5133580558,49.9927753870681,49.9927727315142,1725.07883925127,667.841979131357,326.081108719315,326.531848173177,275.795053186424,11.5942616114816,-287.389314928586,8.10648139965383,-4.6394391716413,-3.46704222890379
1.728,907.089643109427,2271.28178889632,49.9927816099736,49.9927702855229,1724.33193072289,668.568770745281,326.081332791874,326.531775494016,208.717122221416,111.664396821984,-320.381519217179,7.91877219447107,-2.34911718443759,-5.56965501227206
1.729,907.043907873594,2271.33596620647,49.992781973923,49.9927701130711,1723.30316218259,669.636554791998,326.081641422436,326.531668715611,120.912843047614,200.976664057645,-321.889507308819,6.95623438498807,0.174942682023913,-7.13117707052595
1.73,907.567812415579,2270.78060742852,49.9927778048231,49.992771880833,1722.72334276785,670.191062815195,326.08181536826,326.531613264809,22.2009138092928,270.182826565175,-292.383740591726,5.31296183982777,2.67651039479108,-7.98947223919811
1.731,908.232362100752,2270.11547705083,49.9927725165048,49.9927739980088,1722.42533440848,670.472758531994,326.081904770768,326.531585095237,-79.4315707968924,312.990296653392,-233.55872607026,3.15078705890038,4.91894628756536,-8.06973335179485
1.732,909.106600200268,2269.25913112698,49.992765559539,49.9927767238425,1722.32170061165,670.587118430347,326.081935860907,326.531573659247,-173.251048383052,325.889026219634,-152.63797802997,0.678539223167115,6.68186247174332,-7.36040170059956
1.733,909.701488021191,2268.6583773312,49.9927608255722,49.9927786361012,1722.742935444,670.170576782208,326.081809490457,326.531615313412,-249.132927383206,305.546481420266,-56.4135541947571,-1.8586101659646,7.78739673760541,-5.92878657726019
1.734,910.173330283565,2268.18625771317,49.9927570707708,49.9927801389046,1723.59577885466,669.315589630587,326.081553637434,326.531700812127,-301.638616259658,256.326575998636,45.3120401509084,-4.21472380438233,8.1323935644863,-3.91766976522497
1.735,909.744835647119,2268.63853549167,49.9927604806227,49.9927786992598,1724.17082680516,668.73269698865,326.081381123049,326.531759101392,-324.611442140281,181.757609788112,142.85383229651,-6.15881796799923,7.68344622693395,-1.52462826317526
1.736,909.449036494959,2268.94919007551,49.9927628345176,49.9927777104155,1725.05637407659,667.884296452135,326.081115458867,326.531843941445,-315.017874950606,88.7625026728459,226.255372278779,-7.5000026786584,6.47925519112336,1.02074748447368
1.737,908.562918519233,2269.83538805657,49.9927698860204,49.9927748895597,1725.43066708927,667.492937671366,326.081003170964,326.531883077323,-275.857229870131,-11.8830688765001,287.740298802612,-8.10651253058918,4.64334449943227,3.4631680294714
1.738,907.379505041613,2270.99915203242,49.9927793033256,49.9927711851839,1725.56930768626,667.34438133498,326.080961578785,326.531897932957,-209.118610113274,-111.823737926309,320.942348141956,-7.91878712004434,2.3522844720602,5.56650264774782
1.739,906.623449437134,2271.77417659209,49.992785319825,49.9927687182041,1724.83976880321,668.103762141998,326.081180440449,326.531821994876,-121.569016667013,-201.011438816106,322.580455618635,-6.95904498085666,-0.17088787325025,7.12993285524716
1.74,906.392535836565,2271.99157032651,49.992787157377,49.9927680262184,1724.37772743278,668.549847808478,326.081319052861,326.53177738631,-22.6524935588553,-270.134625200645,292.787118912145,-5.31593922055107,-2.67395884014,7.98989806300232
1.741,906.495775413243,2271.88145577352,49.9927863358226,49.9927683767239,1723.21998831241,669.69691590712,326.081666374597,326.5316626795,78.5534008202197,-312.384754151316,233.831353482786,-3.15450745218731,-4.91597449864497,8.07048195399373
1.742,907.480392173841,2270.90899805869,49.9927785004913,49.9927714721529,1722.7464541826,670.187794609691,326.081808434836,326.531613591629,172.439466635267,-324.987597117764,152.548130615673,-0.682271461005118,-6.67991195067878,7.36218341529253
1.743,908.607697477864,2269.7638274556,49.9927695296808,49.9927751173442,1722.77897251857,670.158987879417,326.081798679335,326.531616472302,249.320292792299,-305.320645844412,56.0003531525227,1.85587469075767,-7.78644215894851,5.93056747181024
1.744,909.463153092615,2268.92366713691,49.9927627221813,49.9927777916575,1723.15691304346,669.768565050364,326.081685297177,326.531655514585,301.807201383573,-256.269256272455,-45.5379450551742,4.21156641288638,-8.13344096105068,3.92187455137308
1.745,909.328529312366,2269.04799921394,49.9927637934833,49.9927773958962,1724.09117637852,668.825085808565,326.081405018177,326.53174986251,325.312122485556,-182.318960056398,-142.9931624258,6.15532149519647,-7.68292658184704,1.527605089063
1.746,909.051345756362,2269.33603310393,49.9927659992399,49.9927764790559,1724.47868628421,668.465328715316,326.081288765205,326.531785838219,315.750253193886,-89.3797295892497,-226.370523657042,7.49847761800828,-6.4807685859437,-1.01770903075954
1.747,908.622210779951,2269.76675448266,49.9927694141876,49.9927751080272,1724.57599532555,668.332390714602,326.081259572493,326.531799132019,276.129073093255,11.212947055677,-287.342020254526,8.10561173020227,-4.64687068186337,-3.45874104834864
1.748,908.164144157581,2270.21866069415,49.9927730593659,49.992773669565,1724.39151346982,668.528576449846,326.081314917049,326.531779513445,209.102767145873,111.217224435972,-320.319991732961,7.92067705612726,-2.35560923248866,-5.5650678250423
1.749,907.968868598973,2270.4406924591,49.9927746133194,49.992772962816,1724.42344542869,668.511716543213,326.081305337462,326.531781199436,121.326896307997,200.511507311216,-321.838403803103,6.96167086122496,0.165763581175983,-7.12743444513923
1.75,907.619273489486,2270.76638173457,49.9927773953089,49.9927719261148,1724.34209530786,668.592820628442,326.081329742498,326.531773089028,22.3652496609353,270.004004129389,-292.369253992746,5.31849440844752,2.67055997018075,-7.98905438251452
1.751,907.100755941153,2271.29216993507,49.9927815215405,49.992770252479,1723.79141852016,669.122795139574,326.081494945534,326.531720091576,-79.043969520516,312.704425883857,-233.660456567335,3.15810581772338,4.91308999208201,-8.07119581454906
1.752,906.674106603632,2271.7163601661,49.992784916708,49.9927689022395,1723.18446060632,669.753205092818,326.081677032908,326.531657050581,-172.609478174669,325.745924967232,-153.13644697999,0.685650220563837,6.67723950334954,-7.36288972913568
1.753,907.085663207404,2271.28169167902,49.9927816416446,49.9927702858323,1722.67689199632,670.255965553576,326.081829303491,326.531606774535,-248.770776572033,305.768895467708,-56.9981190503172,-1.85160914297432,7.78483854450841,-5.93322940680025
1.754,907.338477062896,2271.04073269725,49.9927796298159,49.9927710528286,1722.59057958123,670.332946110354,326.081855197216,326.531599076479,-301.938736732815,256.891974509938,45.0467621156718,-4.20881068416312,8.13382951552861,-3.92501883622471
1.755,908.25103576376,2270.11574470338,49.9927723679045,49.9927739971568,1722.5178882252,670.413145397498,326.081877004623,326.531591056551,-324.626395798123,181.872947943883,142.753447804045,-6.15373388502809,7.68389349009007,-1.53015960908433
1.756,908.742783315727,2269.64679839067,49.9927684547018,49.9927754898593,1722.70991955899,670.231771999177,326.081819395223,326.53160919389,-315.285615378519,89.0735504546388,226.212064933467,-7.49716671642851,6.48390133756407,1.0132653760255
1.757,908.773583954789,2269.61716818713,49.9927682095981,49.9927755841751,1723.33922512955,669.588794883585,326.081630603552,326.531673491602,-275.912269755783,-11.5442556152618,287.456525433817,-8.10583549541663,4.64924753457843,3.45658795938347
1.758,908.315598913012,2270.08095162873,49.9927718541273,49.9927741079066,1724.02630353879,668.885298393412,326.081424480029,326.531743841251,-209.286192943258,-111.425589312034,320.711782362987,-7.92228651349244,2.36098641648978,5.56130009698317
1.759,908.15977960737,2270.25170527502,49.9927730940979,49.9927735643809,1724.61754073534,668.334494768109,326.08124710887,326.531798921614,-121.918798371834,-200.577934806919,322.496733318848,-6.96327121246316,-0.162648590499374,7.12591980429876
1.76,907.858068691497,2270.54542196431,49.9927754950371,49.9927726294516,1725.17758555031,667.767595434714,326.081079095425,326.531855611547,-23.14001896039,-269.604057815973,292.744076933023,-5.32154827619066,-2.66739776213038,7.98894604080768
1.761,906.7410243244,2271.66852178396,49.9927843841937,49.9927690545138,1724.94822940827,667.976228440495,326.081147902268,326.531834748246,78.3929540206313,-312.215001341801,233.822047477154,-3.16209776203075,-4.90962899357186,8.07172675892546
1.762,905.75806768649,2272.64703262579,49.9927922063141,49.9927659398171,1724.41749696768,668.534332753856,326.081307122,326.531778937815,172.453012599402,-325.201246606542,152.748234145462,-0.689199647475184,-6.67528193968554,7.36448159092634
1.763,905.880687418836,2272.50778592214,49.9927912305373,49.9927663830531,1723.69976473106,669.256354022621,326.081522441671,326.531706735688,249.212652972129,-305.393824751212,56.1811718864496,1.84898452860295,-7.78413014430651,5.93514561949361
1.764,906.203705742818,2272.17041738463,49.9927886600391,49.9927674569305,1723.18379072873,669.757918091965,326.081677233872,326.531656579281,301.744939120506,-256.088629469391,-45.656309587679,4.20484863720627,-8.13174588635586,3.92689725254819
1.765,907.205420282394,2271.17238137702,49.9927806886481,49.9927706337778,1722.51133447704,670.42239729174,326.081878970747,326.531590131361,324.994173635442,-182.347862705424,-142.646310919458,6.15082157274526,-7.68558681488226,1.53476524475267
1.766,907.731769306736,2270.66324914706,49.9927765000957,49.992772254396,1722.43132835641,670.521119924795,326.081902972583,326.531580259098,315.912646394894,-89.8450436468724,-226.067602793854,7.49570670239396,-6.48586551573068,-1.0098411851526
1.767,909.03968245369,2269.34192130862,49.9927660920535,49.9927764603132,1722.9956583307,669.938863759545,326.081733673591,326.531638484714,276.161533208594,10.785413033874,-286.946946342903,8.10514383508342,-4.65208892223735,-3.45305491266006
1.768,909.227532207665,2269.15502888648,49.9927645971927,49.9927770552102,1724.28201778582,668.648537346135,326.081347765755,326.531767517356,209.264007575082,111.062320758849,-320.326328481675,7.9216904026629,-2.36280187249091,-5.55888853140371
1.769,908.319416999298,2270.10610691784,49.9927718237439,49.9927740278348,1725.46580311069,667.48887897337,326.080992630157,326.531883483193,121.344838625313,200.652980539986,-321.997819348087,6.96493549316016,0.159818274571616,-7.12475377033644
1.77,907.25885809984,2271.14297663186,49.9927802634035,49.992770727376,1725.66875612706,667.275765450137,326.080931744252,326.531904794545,22.8282821338312,269.461095391939,-292.289377726189,5.32382219681492,2.66339636329416,-7.98721856389336
1.771,905.768710393303,2272.64366028607,49.9927921216222,49.9927659505516,1725.185005426,667.741834185778,326.081076869463,326.531858187672,-78.8613939212546,312.932138354732,-234.070744634871,3.16506654470029,4.90729970455469,-8.07236625390935
1.772,905.567640681128,2272.84966076747,49.9927937216841,49.9927652948317,1723.94973382306,668.989881727992,326.081447450943,326.531733382918,-172.549701334412,325.684639627462,-153.134938478547,0.693729098829148,6.67337551797487,-7.36710462194457
1.773,905.956530652076,2272.44961111123,49.992790626996,49.9927665682293,1722.51961811655,670.428263274817,326.081876485655,326.531589544763,-248.911025003159,306.109283998451,-57.1982591499128,-1.84451667825572,7.78355154987998,-5.93903487682711
1.774,906.921851092276,2271.46210022413,49.99278294522,49.9927697115741,1722.0972243529,670.8431723787,326.082003203784,326.531548053853,-301.040585549975,256.547953656444,44.4926317823776,-4.20115410221993,8.13224810337758,-3.93109400599661
1.775,908.044290207019,2270.35168242796,49.9927740131334,49.9927732461437,1722.32415932267,670.614553121027,326.081935123294,326.531570915778,-324.564551684545,182.052870550104,142.511681075396,-6.14842726819364,7.68722894597192,-1.53880168185958
1.776,908.947290083994,2269.46370013766,49.9927668272887,49.9927760726791,1723.44155222691,669.529719038026,326.081599905422,326.531679399187,-315.337154359131,89.3701748698446,225.966979486386,-7.49429986511438,6.48818920576581,1.00611065635159
1.777,909.500381097849,2268.89937036937,49.9927624259302,49.9927778689966,1724.89354932482,668.045802998424,326.081164306293,326.531827790791,-275.899827046973,-11.351849836364,287.251676934745,-8.10423089791196,4.65479622324254,3.44943467298039
1.778,908.466668639125,2269.94272889092,49.9927706519526,49.9927745478832,1725.86881941013,667.063321284679,326.080871725267,326.531926038962,-209.426545170693,-111.324242325677,320.750787595689,-7.92286714960443,2.36669777347286,5.55616937585156
1.779,907.344088453143,2271.08952463812,49.9927795851619,49.992770897519,1726.13227941964,666.828518259146,326.080792687264,326.531949519264,-121.864767797943,-200.589415102544,322.454183035628,-6.96659069723494,-0.155344718874022,7.12193541720188
1.78,906.03569566124,2272.3888559633,49.9927899970209,49.9927667616189,1725.71295789121,667.228555022742,326.080918483723,326.531909515588,-23.6226540027213,-269.225738062748,292.848392221449,-5.32750121884359,-2.65976242438943,7.98726364553
1.781,904.600203742196,2273.80250239558,49.9928014203026,49.9927622618426,1724.56369491332,668.372031944504,326.081263262616,326.531795167896,78.1592745486641,-312.74368141946,234.584407030481,-3.16800874433612,-4.9042459067989,8.0722546543513
1.782,904.953150525339,2273.47014203846,49.9927986116414,49.9927633197785,1723.02203915538,669.923458877356,326.081725759344,326.531640025203,172.404662994325,-325.480760545554,153.076097697294,-0.697526317349349,-6.6719582189528,7.36948454006125
1.783,906.286108829807,2272.10900444989,49.9927880042962,49.992767652414,1721.5993242981,671.355637517101,326.082152573801,326.531496807339,249.222235848864,-305.642255058915,56.4200193298832,1.84146794746774,-7.78230450555125,5.94083656197916
1.784,907.540765718964,2270.8563249167,49.9927780200539,49.9927716398168,1721.06774680543,671.882427168688,326.082312047049,326.531444128373,301.856993676479,-256.731666006691,-45.1253275883835,4.19943888163785,-8.13336519420986,3.93392631620635
1.785,908.696623741781,2269.69874474862,49.992768822028,49.9927753245089,1721.84738390515,671.102055565604,326.082078155919,326.531522165534,325.347942970494,-182.798462742197,-142.549480194321,6.14639774205624,-7.68832077014313,1.54192303108279
1.786,909.715250444823,2268.69713790875,49.9927607160543,49.9927785127225,1723.22483649173,669.741730167682,326.081664920143,326.531658198074,315.805268512458,-90.2034997294844,-225.601768800827,7.4929111628704,-6.4901522860111,-1.00275887481732
1.787,909.703641860806,2268.71113556797,49.9927608084325,49.9927784681665,1725.04116497245,667.896473280057,326.081120021599,326.531842723762,276.339689214341,10.7986001648715,-287.138289449154,8.10438059272345,-4.65895995028004,-3.44542064158961
1.788,908.560916927292,2269.87347287976,49.9927699019485,49.992774768332,1726.58585352852,666.358176399468,326.080656615032,326.53199655345,209.403846309408,110.720529284519,-320.12437571104,7.92461359346726,-2.37069912977747,-5.55391446414922
1.789,906.944374147256,2271.49714450767,49.9927827659873,49.9927696000247,1727.11573387883,665.851619365361,326.080497650927,326.532047209154,121.815452326183,200.398277032416,-322.213729513494,6.96792266954649,0.151709303259285,-7.119631974582
1.79,905.230651877738,2273.19562176869,49.9927964033558,49.9927641936036,1726.35986877099,666.579956098736,326.080724410459,326.531974375481,23.0603076940518,269.682174520197,-292.742482395696,5.33037018247505,2.65524961302676,-7.98561979848836
1.791,904.149592894225,2274.26502494628,49.9928050061498,49.9927607895876,1724.90332226453,668.037498376177,326.081161374411,326.531828621253,-78.354259102649,312.833092327144,-234.478833415516,3.17193604607699,4.90081582035279,-8.07275187040324
1.792,904.269547645599,2274.1488638375,49.9928040515802,49.9927611593399,1723.28540870122,669.673510359674,326.08164674848,326.531665020054,-172.303373659601,325.729640822728,-153.42626734505,0.70032242715916,6.66950234680788,-7.36982477858807
1.793,905.227811683837,2273.17013597172,49.9927964259573,49.9927642747274,1721.90837480731,671.057318326987,326.082059858648,326.531526639258,-248.617196237755,305.72422132165,-57.107025237179,-1.83832785359148,7.78118211459861,-5.94285426584504
1.794,906.505048207411,2271.89030908247,49.992786262032,49.9927683485429,1721.47252456072,671.473614821614,326.082190613722,326.531485009608,-301.457936227992,256.910173717176,44.5477624013006,-4.1953628196357,8.13310805643127,-3.93774524138149
1.795,907.961234097621,2270.44007197511,49.9927746740729,49.992772964791,1721.7983655894,671.139906145906,326.082092861414,326.531518380476,-324.718426435311,182.660380101483,142.05804627877,-6.14380255795842,7.69014791554493,-1.54634536147315
1.796,908.890851913382,2269.52355169454,49.9927672764094,49.9927758821657,1723.16122021303,669.809952059021,326.081684005026,326.531651375885,-315.319810795737,89.9114129434042,225.408397856407,-7.49131418385979,6.49221428354921,0.999099897499636
1.797,909.023016124219,2269.41160057,49.99276622468,49.9927762385172,1724.48422280813,668.466923647872,326.081287104248,326.531785678726,-276.069146266298,-11.0608358789068,287.129982207074,-8.10545422861181,4.66189964868786,3.44355457844871
1.798,908.122734178957,2270.30930253511,49.9927733888961,49.9927733810431,1725.60725988193,667.337144018467,326.080950193126,326.531898656689,-209.721833905605,-111.148173309801,320.87000732853,-7.92517034260583,2.37410090805351,5.55106943454123
1.799,906.736325248541,2271.713521931,49.9927844215878,49.9927689112739,1726.5144745964,666.458182419487,326.080678028711,326.531986552848,-122.298666812999,-200.199158242698,322.497825205368,-6.97024197788992,-0.147967300199623,7.11820927951099
1.8,905.45459715549,2272.97414843963,49.9927946212559,49.9927648985751,1726.08290974426,666.869640926366,326.080807498167,326.531945406998,-24.0192649452432,-269.122176930354,293.141442044838,-5.33301857062113,-2.65235888448062,7.98537745776006
1.801,904.881321726163,2273.54579604949,49.9927991832368,49.9927630789643,1724.94697125774,667.996589815812,326.081148279713,326.531832712109,77.5297780552296,-311.928565938983,234.398788055238,-3.17540125608949,-4.89795269255193,8.07335395222548
1.802,904.467882488185,2273.96194642451,49.9928024732817,49.9927617543165,1723.59355751853,669.368384126832,326.081554303835,326.531695532678,171.977487152777,-325.204568266953,153.22708127013,-0.704144564825949,-6.66691075966725,7.3710553286093
1.803,905.404385995048,2272.99190680116,49.9927950208236,49.9927648420485,1722.12782139849,670.835035942223,326.081994024671,326.531548867496,248.617412283016,-305.601253654997,56.9838414966329,1.8344265135137,-7.77950547482429,5.94507896551795
1.804,907.38014630336,2271.02223734622,49.9927792982226,49.9927711117011,1721.72158620124,671.225816285349,326.08211589523,326.531509789462,301.205331585239,-256.505484659827,-44.6998468449503,4.19220477321441,-8.13341925275465,3.9412144833974
1.805,908.7416188933,2269.66419005907,49.992768463968,49.9927754344999,1722.58137727668,670.366504751985,326.081857957907,326.531595720615,324.996537400841,-182.609098138833,-142.387439235193,6.14115063898572,-7.69023215077602,1.54908151488771
1.806,908.994975867137,2269.43314547651,49.9927664478173,49.9927761699376,1723.81965295026,669.147903135334,326.081486475205,326.531717580777,315.727252067183,-90.1834673799599,-225.543784718436,7.48961031437186,-6.49481910766793,-0.994791204707497
1.807,908.684773294883,2269.74713840334,49.9927689163309,49.9927751704671,1725.37495620914,667.579108623303,326.081019884228,326.531874460228,276.634761636928,10.2168615746117,-286.851623299336,8.10444203917034,-4.66416910938125,-3.4402729291327
1.808,907.342640567744,2271.08940769182,49.9927795966838,49.9927708978912,1726.34208522592,666.600694169201,326.080729745523,326.531972301673,209.95555401268,110.222708066946,-320.178262217052,7.92630596530201,-2.37706881601977,-5.54923715007632
1.809,905.894431014263,2272.5623853394,49.9927911211692,49.9927662092578,1726.6042794821,666.363624723093,326.080651087246,326.531996008618,122.057959961414,200.178459605956,-322.236419742503,6.97283092653468,0.144028185276713,-7.11685911402583
1.81,904.59957487992,2273.82611174762,49.992801425307,49.9927621866917,1726.01350248885,666.938349558777,326.080828320344,326.531938536135,23.4803097051333,269.281701387427,-292.762011287717,5.33529139465431,2.64865022077158,-7.98394161888021
1.811,903.635190871281,2274.80317534041,49.9928090996311,49.9927590766017,1724.62597862388,668.321405399882,326.081244577503,326.53180023055,-78.0356641466027,312.65307095239,-234.617407003602,3.17832830335371,4.89584339262403,-8.07417170036403
1.812,903.743442383557,2274.68170116929,49.9928082381929,49.992759463266,1722.88143431526,670.07315977748,326.081767940796,326.531625055113,-172.098681146736,325.816250064072,-153.717569099994,0.708506163385241,6.66460766605763,-7.3731138343702
1.813,905.131426509514,2273.2712245304,49.9927971929662,49.9927639529526,1721.54157262925,671.426927902066,326.082169899302,326.5314896783,-248.423950013959,305.937637514038,-57.5136876525142,-1.83093584464135,7.77832823031774,-5.94739239071116
1.814,906.622971786886,2271.7731798389,49.992785323626,49.9927687213769,1720.83356805049,672.107827017789,326.082382300675,326.531421588389,-301.123713417735,256.95155522539,44.172158083311,-4.18926227537199,8.13310050381616,-3.94383823314938
1.815,908.494563696497,2269.903316458,49.9927704299708,49.9927746733369,1720.84228483144,672.104073075665,326.082379685641,326.531421963783,-324.658845745347,182.768879378675,141.889966309937,-6.13928505875906,7.6914939223202,-1.55220886753079
1.816,909.812069738608,2268.61693880623,49.9927599455908,49.9927787680041,1722.86771516726,670.11531667478,326.08177205654,326.531620839423,-315.416915602408,90.0805281253085,225.336387475728,-7.4892282101908,6.49705464534389,0.992173561944047
1.817,909.634788713377,2268.80865639268,49.9927613563484,49.9927781577481,1725.62033577195,667.323998503267,326.080946270359,326.53189997124,-276.397266654201,-10.8262402908184,287.223506996844,-8.10412119549414,4.66853793252043,3.43558326135484
1.818,908.321437081993,2270.11977048446,49.9927718076686,49.9927739843423,1727.18076505483,665.761263990923,326.080478141574,326.532056244691,-210.038190307149,-110.808696887465,320.846887293154,-7.92612130476651,2.38058927801282,5.5455320265135
1.819,905.858651613299,2272.5976079878,49.9927914058927,49.9927660971406,1727.62788244071,665.341007800829,326.080344006358,326.53209827031,-122.617053173235,-200.087056965961,322.704110273756,-6.97349575563592,-0.141050317066502,7.11454607380889
1.82,904.325823987523,2274.09910144476,49.9928036037473,49.9927613177385,1726.49999663795,666.446451467394,326.080682372099,326.531987725944,-23.9755311283564,-269.502386499311,293.477917784051,-5.33829006269097,-2.64535637011322,7.98364643510296
1.821,903.4291770697,2274.99388259483,49.9928107390368,49.9927584695616,1724.79620828022,668.137425043809,326.081193508606,326.531818628586,77.5437718798934,-312.405449054914,234.861677337196,-3.18162355633207,-4.8922444941469,8.07386805370574
1.822,903.555379845191,2274.87871505636,49.992809734747,49.9927588361513,1723.18212243075,669.775807357246,326.081677734361,326.531654790355,172.001689850888,-325.283558743916,153.28186904408,-0.711934990032909,-6.66316325208595,7.37509824592048
1.823,904.701431278654,2273.7187675758,49.9928006147595,49.9927625283788,1722.13881322604,670.8218869945,326.081990727123,326.531550182391,248.351577020959,-305.507413144715,57.1558362469554,1.82651370021505,-7.77791427358596,5.95140057733463
1.824,905.818774136329,2272.57522907795,49.9927917232275,49.9927661683749,1721.73757651904,671.222268537706,326.082111098135,326.531510144237,301.580089152163,-257.041125562319,-44.5389635075911,4.18626980603921,-8.13220532248705,3.94593552014169
1.825,907.084393852605,2271.32175589718,49.9927816517458,49.9927701583039,1721.74350899193,671.194626449461,326.082109318393,326.531512908445,325.134476237124,-183.158487141712,-141.975989063522,6.13657191215828,-7.69332992069176,1.55675801155522
1.826,908.212468503798,2270.21777162422,49.992772674813,49.992773672395,1722.62255448288,670.349138579593,326.081845604746,326.531597457232,315.873371407502,-90.7203862064121,-225.152985224838,7.48783670047111,-6.49949083094681,-0.988345867516127
1.827,908.625972158129,2269.80826618808,49.9927693842555,49.9927749758913,1724.42452815346,668.520662646305,326.081305012644,326.531780304826,276.69551461275,10.1671159913768,-286.862630682609,8.10370953550542,-4.67128024723543,-3.43242928752282
1.828,907.880408315477,2270.53870696077,49.992775317264,49.9927726508261,1725.83984891295,667.102717865573,326.080880416417,326.531922099304,209.993798870021,110.233547715994,-320.227346712879,7.9263120258973,-2.38386039972913,-5.54245162680162
1.829,906.854169450979,2271.60323801976,49.9927834838134,49.9927692623185,1726.40521304252,666.555164796219,326.080710807178,326.531976854611,122.729844049377,199.451013322339,-322.180857534798,6.9765512764294,0.137046051833967,-7.11359733025825
1.83,904.896794913562,2273.55134756823,49.9927990601051,49.9927630612932,1726.21300598511,666.739998531094,326.080768469295,326.531958371237,23.3972546425912,269.12455112468,-292.521805949813,5.34143506224365,2.64195561531809,-7.98339068074365
1.831,903.77234347504,2274.6617641069,49.9928080082053,49.9927595267276,1724.67722217537,668.270208458096,326.081229204438,326.531805350245,-78.0018031743518,312.729777877483,-234.727974888904,3.18494233863434,4.88998374519733,-8.0749260879076
1.832,904.147119749456,2274.28401250097,49.9928050258305,49.9927607291483,1723.14378965781,669.821596235701,326.081689234193,326.531650211467,-171.807218955197,325.743052004199,-153.935833222106,0.714860200074475,6.66065950368461,-7.37551970836588
1.833,904.907992921718,2273.50024020405,49.9927989709942,49.992763223973,1722.13690054541,670.831381685749,326.081991300927,326.531549232922,-248.169559960096,305.892296367319,-57.722736551642,-1.82371624420662,7.77628670862098,-5.95257046913933
1.834,906.261829485911,2272.13812792447,49.9927881975051,49.9927675597111,1721.4423935082,671.511164376848,326.082199653038,326.531481254653,-300.796143426957,256.965291656685,43.8308516670264,-4.18317638141042,8.13285642144085,-3.94968004445253
1.835,908.17224964107,2270.25290200783,49.9927729948645,49.9927735605715,1721.90194359065,671.050954492426,326.082061788013,326.531527275641,-324.672484456453,183.218440235761,141.454044167348,-6.13548057020659,7.69541761123295,-1.55993704475467
1.836,909.296163344343,2269.1498610337,49.9927640510435,49.99277707166,1723.58796733456,669.38953224164,326.08155598089,326.531693417866,-315.503064749288,90.2155186993122,225.287546051928,-7.4854135757379,6.50161303764176,0.983800535390289
1.837,908.962005732272,2269.4796962928,49.9927667101853,49.9927760217618,1725.63347801565,667.308601209192,326.080942327686,326.531901510969,-276.439054649205,-10.4032777033429,286.842332410048,-8.10267113291563,4.67371830541212,3.42895282607073
1.838,907.796607401242,2270.64229320315,49.9927759841305,49.9927723211009,1726.51369530334,666.433012676558,326.080678262499,326.531989069823,-210.310198214988,-110.421569954708,320.731768276954,-7.92769801424354,2.38758223575135,5.54011577846194
1.839,905.786527794319,2272.69151908196,49.9927919798358,49.9927657982123,1726.95225161391,666.019791251943,326.080546695606,326.532030391965,-122.908342347362,-199.860499816846,322.76884231104,-6.97854168534223,-0.133417336257993,7.11195902297061
1.84,904.477754014105,2273.95821814393,49.9928023947266,49.992761766184,1726.21492411188,666.729830365477,326.080767893857,326.531959388054,-24.1185046031739,-268.912026289528,293.030531063695,-5.34406766785326,-2.6377861340802,7.98185380456145
1.841,903.616499021104,2274.81121045098,49.9928092483761,49.9927590510251,1724.21167580968,668.729902914904,326.081368868348,326.531759380799,77.083550982174,-312.210648229565,235.127097425401,-3.18779982214415,-4.88643178232189,8.07423160808111
1.842,903.788964586462,2274.6538120772,49.9928078759387,49.9927595520397,1722.3290271549,670.624149366304,326.081933662944,326.531569956154,171.681301299803,-325.3919873823,153.710686249544,-0.71902217336655,-6.65923123782899,7.37825341543137
1.843,905.608547472677,2272.79517416316,49.9927933961582,49.9927654682679,1720.68512024982,672.274573808476,326.082426835015,326.53140491371,248.365017370459,-305.685194881848,57.320177650523,1.82026184099708,-7.77534320597108,5.95508136939887
1.844,908.020966330564,2270.38284650701,49.9927741987389,49.9927731469454,1720.39540312411,672.547663959479,326.082513750153,326.531377604694,301.116020924963,-256.888472582929,-44.2275482444783,4.18007469360732,-8.13359736095489,3.95352267151584
1.845,910.019431102983,2268.40776056879,49.9927582954615,49.9927794338392,1721.81363226875,671.129228644156,326.08208828141,326.531519448226,325.03175798242,-182.936271252064,-142.095486684387,6.13213132036411,-7.69602364434576,1.56389232747364
1.846,910.559202548553,2267.88453623482,49.9927540000968,49.9927810993139,1723.84063852836,669.125134515563,326.081480179532,326.531719857639,316.076065300108,-90.8230143881755,-225.253050922363,7.48417069054499,-6.50369419090042,-0.980476497180901
1.847,909.73647414366,2268.71627915653,49.9927605471615,49.992778451794,1726.02423947466,666.91509154096,326.080825099248,326.531940861936,276.864994676989,9.59402479356918,-286.459019536199,8.10282790026248,-4.67678630831592,-3.42604159076228
1.848,908.078968096999,2270.36855492278,49.9927737371755,49.9927731924369,1726.92399331546,666.00691001376,326.080555173096,326.532031680089,210.289818327477,109.671096745611,-319.960915187723,7.92885902978805,-2.39181475394628,-5.53704427605803
1.849,906.173847950987,2272.29077407197,49.9927888976399,49.9927670738233,1727.25599567657,665.706708186705,326.080455572387,326.532061700272,122.453477418608,199.556842817997,-322.010320389243,6.97936367019259,0.129792118667427,-7.10915579046306
1.85,904.725839909484,2273.70183932227,49.9928004205218,49.9927625822631,1725.77154294138,667.164306773442,326.080900908208,326.531915940413,23.7443592343934,269.212703112276,-292.95706252214,5.3463105304344,2.63457369625223,-7.98088422952418
1.851,903.940520831552,2274.49302593378,49.9928066698924,49.9927600638379,1723.79317192088,669.142102455567,326.081494419514,326.531718160845,-77.6334500871992,312.498020969332,-234.864571063152,3.19157674551628,4.88405639026081,-8.07563313957358
1.852,904.439706075314,2273.9937968292,49.9928026975025,49.9927616529335,1721.95581291499,670.98490733734,326.082045627216,326.531533880357,-171.616761131855,325.94248313036,-154.325722167239,0.723455616334697,6.65630214467852,-7.37975776539696
1.853,906.18158429941,2272.2424330287,49.992788836076,49.9927672276976,1721.38554506489,671.566251296788,326.082216707571,326.531475745961,-248.301759321962,306.51334645058,-58.2115872655867,-1.81564941251382,7.77515419522453,-5.95950478723578
1.854,907.914912274169,2270.50528315442,49.9927750426902,49.9927727572174,1721.69575800463,671.23960066323,326.082123643689,326.531508411024,-301.000887721342,257.172959626863,43.8279280023108,-4.17566416237881,8.13345334690387,-3.95778918872459
1.855,908.976606331304,2269.45662121432,49.9927665939974,49.992776095212,1722.69945966767,670.247212901353,326.08182253319,326.5316076498,-324.284797071817,183.069986740055,141.214810293496,-6.12911031104531,7.69695857477606,-1.56784826717944
1.856,909.423504236844,2269.02118132269,49.9927630376968,49.9927774812602,1724.42766662706,668.537206785802,326.081304071102,326.531778650412,-315.766364838799,90.7475218621537,225.018842996699,-7.4823337241904,6.50584751439281,0.976486207449945
1.857,908.611893038002,2269.82501645973,49.9927694962935,49.9927749225735,1725.77690339144,667.153891224484,326.080899300073,326.531916981968,-276.834296430087,-10.0729081161883,286.907204622863,-8.10137743589871,4.67953385223372,3.42184358266196
1.858,907.062626049009,2271.38463005303,49.9927818249685,49.9927699581693,1726.75061337854,666.19502546809,326.080607187077,326.532012868544,-210.3587543069,-110.213223506012,320.57197793888,-7.92942216029163,2.39416812950915,5.53525403123307
1.859,905.123436924193,2273.34376283524,49.9927972565453,49.992763722056,1727.14883187914,665.815691140002,326.080487721527,326.532050801976,-123.186006695885,-199.689889527985,322.875896386763,-6.98171653033269,-0.12598418053842,7.10770071273842
1.86,903.633076043411,2274.81070712178,49.9928091164603,49.9927590526273,1726.08431908976,666.876240178193,326.080807075363,326.531944747073,-24.56050955062,-268.75055935784,293.311069092333,-5.34853470300166,-2.63287162742775,7.98140633353564
1.861,903.196942096639,2275.23694678238,49.992812587104,49.9927576958643,1724.18785837611,668.743680911103,326.081376013578,326.531758002999,76.8844928239055,-312.238961834765,235.354469198121,-3.19575503435606,-4.88025237090475,8.07600740930812
1.862,903.726043806739,2274.70919631332,49.9928083766464,49.9927593757462,1722.53763787946,670.420091124344,326.081871079727,326.531590361978,171.227156028378,-325.224587022046,153.997431166297,-0.726131305205315,-6.65402766438692,7.38015897419267
1.863,904.95157159281,2273.47780289674,49.9927986242061,49.9927632953932,1721.82059239202,671.140692022321,326.082086193373,326.531518301888,247.996823151076,-305.873342457628,57.8765194462251,1.81231752874869,-7.77384212592682,5.96152460187539
1.864,906.008559888033,2272.42707337372,49.9927902129605,49.9927666399691,1721.87831403856,671.077386424753,326.082068876879,326.531524632448,301.50690352721,-257.338326059623,-44.1685773734332,4.17376516881931,-8.13408018533879,3.96031502085427
1.865,907.18630547935,2271.24029099985,49.9927808407589,49.9927704176148,1722.16757129324,670.788269619296,326.081982099702,326.531553544128,325.230143133664,-183.461580327443,-141.768562766435,6.1271818887223,-7.6976224453306,1.57044056016382
1.866,908.149768053805,2270.28761839292,49.9927731737673,49.9927734500659,1722.84566256687,670.116330356803,326.08177867232,326.531620738055,316.152710568842,-91.1065746366779,-225.046135951049,7.48060447429013,-6.50773731301088,-0.972867158844717
1.867,908.602888856103,2269.81243914948,49.9927695679465,49.9927749626084,1723.68605432563,669.251046776635,326.081526554793,326.531707266413,277.161687537563,9.34833682214843,-286.5100244368,8.10072407276469,-4.68202277592498,-3.41870129577619
1.868,908.43383995194,2269.99331130233,49.992770913195,49.9927743868744,1725.01940657311,667.915595169923,326.081126549118,326.531840811573,210.785318303094,109.385083793604,-320.170402225274,7.9305129980454,-2.39849435420553,-5.53201864426793
1.869,907.521616740998,2270.94084924403,49.9927781724367,49.9927713707675,1725.75347687076,667.204333707581,326.080906328029,326.53191193772,122.907810560996,199.267924996261,-322.175735725695,6.98407180027696,0.122139571253282,-7.1062113734259
1.87,906.539444014987,2271.90279099192,49.9927859883189,49.9927683088118,1726.1718277109,666.785134018804,326.080780822777,326.531953857689,24.0655579784918,269.152800498862,-293.21835867045,5.35191441339795,2.62867507305632,-7.98058948965891
1.871,905.587453963618,2272.87243924206,49.992793564015,49.9927652223256,1725.48509875042,667.45043803957,326.080986841465,326.531887327286,-77.1929284289499,312.450632301591,-235.2577040722,3.1992709492149,4.87809238933832,-8.07736334278053
1.872,904.877687788138,2273.59121635816,49.9927992121548,49.9927629343869,1724.67553962004,668.280734358987,326.081229709204,326.531804297655,-171.38313807416,325.887329102446,-154.504191215292,0.731117306124861,6.65186195330852,-7.38297926429438
1.873,904.724075555038,2273.72159942516,49.9928004345621,49.9927625193647,1724.16832503906,668.800521511056,326.081381873579,326.531752318939,-247.771240039407,306.043682894269,-58.2724430116439,-1.80821550561451,7.77200568527908,-5.96379018470616
1.874,904.225535710503,2274.20594546317,49.9928044018161,49.9927609776434,1723.48280127044,669.482433943561,326.081587530709,326.531684127696,-301.034065905773,257.81184927481,43.2222165182641,-4.17048663890815,8.13287168111562,-3.96238504696407
1.875,904.934675140192,2273.49354061525,49.9927987586638,49.9927632452985,1722.3715213755,670.575034700828,326.081920914678,326.53157486762,-324.649661421596,183.463602770273,141.186058592706,-6.12433740561868,7.69928125743535,-1.57494385585284
1.876,906.445150459105,2271.99368690018,49.9927867386831,49.9927680194811,1722.07192131448,670.908624030267,326.082010794696,326.531541508687,-315.863206829471,91.0561167301829,224.807090099567,-7.48027237769041,6.5101114185298,0.970160956210129
1.877,907.396095754515,2271.03259691777,49.9927791713009,49.9927710787256,1722.52031713796,670.430117819497,326.081876275949,326.531589359308,-277.251545849629,-9.5489051698799,286.800451077206,-8.10115144258829,4.68501096181809,3.41614047915931
1.878,907.352376768902,2271.07670254923,49.9927795192056,49.992770938333,1723.02838256425,669.915043903392,326.081723856321,326.5316408667,-210.534436963877,-109.986972281795,320.521409353794,-7.93124153587389,2.40117367073619,5.53006786498718
1.879,907.549773828076,2270.90648125186,49.9927779483697,49.9927714801642,1723.74084742074,669.225658648355,326.081510116864,326.531709805226,-123.348234754867,-199.480900516741,322.829135417986,-6.9860714749006,-0.118554419942699,7.10462589612697
1.88,907.27163360895,2271.15746105655,49.9927801617392,49.9927706812707,1724.36885569224,668.58034090173,326.081321714383,326.531774337,-24.6629578613576,-268.554897442133,293.217855472349,-5.35509243782615,-2.6239410704241,7.97903351079994
1.881,906.615788958436,2271.81171177204,49.9927853807851,49.9927685987259,1724.77027604246,668.16038726853,326.081201288278,326.531816332364,76.6964972565606,-312.410785351978,235.714288268464,-3.20244536471335,-4.87455620983614,8.07700157806972
1.882,906.382586714937,2272.07065072143,49.9927872365496,49.9927677744977,1724.54664701131,668.408500526209,326.081268376987,326.531791521038,170.999110032947,-325.219022559234,154.219912685463,-0.733440074210132,-6.65053862459456,7.38397870290397
1.883,906.180390847941,2272.25924675739,49.9927888455732,49.9927671741778,1724.02808054951,668.930785020159,326.081423946926,326.531739292588,248.136133317997,-306.18376317253,58.0476299820634,1.80499392077738,-7.77154650530904,5.96655258875996
1.884,906.622832753906,2271.81179587795,49.9927853247324,49.9927685984582,1723.95638870934,669.001388885355,326.081445454478,326.531732232202,301.152756143006,-257.493419330492,-43.6593367307407,4.16772098275299,-8.13432375418387,3.96660277532358
1.885,907.522491643835,2270.91221533179,49.9927781654744,49.992771461912,1723.77383346838,669.182207215741,326.08150022105,326.531714150369,325.068806270584,-183.692631845291,-141.376174399498,6.12221336079599,-7.70001228442191,1.57779892674636
1.886,907.672252384785,2270.77572346811,49.9927769737163,49.9927718963791,1724.31705120153,668.652951562403,326.08133725573,326.531767075934,316.309037905541,-91.6021411885154,-224.706896751535,7.47761269474312,-6.51255016276875,-0.965062529991103
1.887,907.32665638627,2271.10965203396,49.9927797238819,49.9927708334515,1724.98136352038,667.968513435694,326.081137962034,326.531835519747,277.193019553865,9.31969109767542,-286.512710744329,8.1008963714703,-4.68854766964134,-3.41234870122979
1.888,906.742203859246,2271.70013504738,49.9927843748073,49.9927689538857,1725.34871867371,667.595185346652,326.081027755488,326.531872852556,210.492927444893,109.384274428515,-319.877202016966,7.93204442006336,-2.40541313823329,-5.52663128272514
1.889,906.230097817861,2272.22686509819,49.9927884500177,49.9927672772519,1724.72317490743,668.247518173421,326.081215418618,326.531807619273,122.859328150353,199.314789709563,-322.174118041643,6.98732449939726,0.11508387027469,-7.10240837202399
1.89,906.119558061488,2272.30216743868,49.9927893296651,49.9927670375571,1723.99853911598,668.952017809392,326.081432809356,326.531737169309,24.5992377988853,268.669464112294,-293.268702114786,5.35745322704881,2.6207267859683,-7.97818001664369
1.891,905.625413640037,2272.83371068006,49.9927932619415,49.9927653456024,1724.04061752503,668.914761272333,326.081420185833,326.531740894963,-76.8517407650103,312.230061161769,-235.378320603529,3.20588800485705,4.87325337282439,-8.07914138227518
1.892,905.735643560334,2272.72623933265,49.9927923847596,49.9927656876943,1723.90481204812,669.060868635581,326.081460927476,326.531726284227,-171.015426858509,325.773213803566,-154.757787134288,0.737917824012704,6.6479825654033,-7.38590039456653
1.893,906.109607193863,2272.32428730208,49.9927894088516,49.9927669671474,1723.61018594121,669.367312500226,326.081549315308,326.53169563984,-247.876168359738,306.574852235147,-58.6986840282975,-1.80171886143926,7.77026111974557,-5.96854226352166
1.894,907.254734529203,2271.17247084797,49.9927802962178,49.992770633493,1723.6844136088,669.27628702965,326.081527047008,326.531704742387,-300.522655704028,257.591606357985,42.9310492432106,-4.16378424675957,8.13344727231545,-3.96966303034302
1.895,907.475801783614,2270.965675046,49.9927785370205,49.9927712917445,1724.20978915357,668.747949229889,326.081369434344,326.531757576167,-324.631362142827,183.583525145228,141.047836953628,-6.11926317514268,7.70134733681591,-1.58208416558771
1.896,907.027290614564,2271.43044690568,49.992782106159,49.9927698123297,1724.57554073759,668.399456004831,326.081259708869,326.53179242549,-315.792971712692,91.2317138680886,224.56125786317,-7.4771265446014,6.5149492402992,0.962177301617459
1.897,906.309393735461,2272.14492333453,49.9927878190008,49.9927675380806,1724.55469127066,668.395912587106,326.081265963709,326.531792779832,-276.944610867287,-9.68075909702793,286.625370042789,-8.10086066721259,4.69200699973474,3.40885366626046
1.898,905.787303454893,2272.64803648424,49.9927919736633,49.9927659366217,1723.59553435877,669.352939341432,326.081553710783,326.531697077156,-211.045868896063,-109.383306076797,320.42917510276,-7.93268852312046,2.40859066896071,5.52409785450233
1.899,906.02141711038,2272.42936491082,49.992790110646,49.992766632675,1722.69537877122,670.282015492475,326.081823757459,326.531604169541,-123.590474726212,-199.298422460636,322.888897354484,-6.98930879289993,-0.111658494982882,7.10096728972697
1.9,907.018455419008,2271.3986612701,49.9927821764672,49.9927699135065,1722.34900104839,670.607768800933,326.081927670776,326.53157159421,-24.8982871938215,-268.560892528957,293.459179911208,-5.36016422608868,-2.61757574461567,7.97773997384457
1.901,907.398088170136,2271.02909183111,49.9927791554458,49.9927710898826,1722.69860581922,670.240152384913,326.081822789345,326.531608355852,76.638696375244,-312.087159897676,235.448463712737,-3.20934837116658,-4.86855885712243,8.07790723239613
1.902,908.12017132992,2270.32676229057,49.9927734092906,49.992773325467,1723.26396657867,669.70532189725,326.081653181117,326.531661838901,170.958915550586,-325.235477226688,154.276561849068,-0.740877364415291,-6.64619015401938,7.38706752308678
1.903,907.995243369883,2270.44217695075,49.9927744034357,49.9927729580907,1724.08893393578,668.88265304282,326.08140569091,326.531744105786,247.755486266022,-306.255093865224,58.4996077375609,1.79823062749235,-7.76899723131242,5.9707666085425
1.904,907.872944568699,2270.56387431421,49.9927753766586,49.9927725707159,1724.63179848886,668.335289740205,326.081242831544,326.531798842116,300.910072963151,-257.418747704789,-43.4913251686142,4.16152762673829,-8.13365071777998,3.97212309535295
1.905,907.37227320461,2271.08435620368,49.9927793608747,49.9927709139706,1724.62402796226,668.325573121577,326.081245162702,326.531799813778,325.029350281986,-183.878556829712,-141.150793420396,6.11719185135594,-7.70338082634515,1.58618897845293
1.906,907.0264720569,2271.4285005367,49.9927821126728,49.9927698185252,1724.62335077861,668.358601092263,326.081245365857,326.531796510981,316.265919939942,-91.6707684966335,-224.595151472038,7.47496695758495,-6.51662294271949,-0.958344012599732
1.907,906.559573910497,2271.87942205702,49.9927858281302,49.9927683831974,1724.24936597687,668.708446711724,326.081357561297,326.531761526419,277.32260244971,8.89013644085254,-286.212738974965,8.09996151854731,-4.69406928230549,-3.40589223538713
1.908,906.340597272306,2272.092796067,49.992787570691,49.9927677040069,1723.60082187299,669.33670039033,326.081552124529,326.531698701051,211.004503708146,109.067513660908,-320.072017500738,7.93376432300294,-2.4127609806145,-5.52100334301278
1.909,907.094506059422,2271.35797941303,49.9927815712755,49.9927700430009,1722.85544882055,670.121153157873,326.081775736444,326.531620255775,123.641384503102,198.892416370959,-322.533801039564,6.99160012404331,0.10764423149842,-7.09924435757012
1.91,907.571484784781,2270.84945102512,49.9927777755994,49.992771661697,1723.42267448969,669.54349115197,326.081605568743,326.531678021975,24.8844010136099,268.44171544375,-293.326116640575,5.3627409877308,2.61426859085501,-7.97700958180943
1.911,907.591468013626,2270.8358973899,49.9927776165779,49.9927717048396,1723.77990883553,669.170430579073,326.08149839844,326.531715328032,-76.7037382183349,312.393958528497,-235.690220492938,3.21135014415809,4.86628493167948,-8.07763507993351
1.912,907.54576517483,2270.90931554663,49.9927779802695,49.9927714711423,1724.01219991031,668.95778576352,326.081428711117,326.531736592514,-170.846383053484,325.757499714915,-154.911116825603,0.744196117425238,6.64441475658807,-7.3886108785731
1.913,907.378788807283,2271.06689968841,49.9927793090252,49.9927709695364,1723.81376870512,669.152774272502,326.081488240479,326.531717093663,-247.650469916385,306.460665650729,-58.8101958645664,-1.79451541228605,7.76837623804994,-5.97386083033785
1.914,907.017692327168,2271.42537769801,49.9927821825397,49.9927698284655,1723.54005619094,669.422178844465,326.081570354233,326.531690153206,-300.794915396621,257.733764920268,43.0611503925307,-4.15778219119932,8.13364445887944,-3.97586227182542
1.915,907.036290567692,2271.4030753376,49.9927820345396,49.9927698994561,1723.20664878105,669.745270095134,326.081670376456,326.531657844081,-324.571755085814,183.917944136924,140.653810919419,-6.11430766545429,7.70388798725168,-1.58958032511371
1.916,907.119548310485,2271.33514330453,49.9927813719956,49.9927701156905,1723.10584945453,669.867001443476,326.081700616254,326.531645670946,-315.761166589868,91.5296895683606,224.231477049519,-7.47400674735875,6.51973660215574,0.954270143035585
1.917,907.442866808354,2271.002169736,49.9927787991087,49.9927711755783,1722.60108728711,670.364113352848,326.081852044904,326.531595959755,-277.225416379633,-9.29850606424243,286.523922526535,-8.10075184851295,4.69707358486748,3.4036782628377
1.918,908.251494649198,2270.17907277511,49.9927723642528,49.9927737955773,1722.60853057876,670.336328652259,326.081849811917,326.531598738225,-211.407858537126,-109.106098879522,320.513957546055,-7.9344562334596,2.41668800093391,5.51776823315514
1.919,908.675179888252,2269.76952248253,49.9927689926728,49.9927750992164,1723.42155701536,669.564592950128,326.081605903986,326.531675911795,-123.86558489903,-198.991789198927,322.857374261732,-6.99212654248055,-0.104796172296675,7.09692271678498
1.92,908.773189687127,2269.66155375668,49.9927682127356,49.9927754428915,1724.15192847968,668.812501736434,326.081386792546,326.531751120917,-25.6637825368154,-267.988491456358,293.652274175594,-5.36589781846868,-2.61077901618898,7.97667683785219
1.921,908.187193999534,2270.24937901451,49.9927728759411,49.9927735717856,1724.88018597359,668.05682522941,326.081168315298,326.531826688567,76.179323512577,-312.036562009037,235.857238679876,-3.2165306257715,-4.86185953450412,8.07839016435016
1.922,907.176766804064,2271.28738074958,49.9927809166653,49.9927702677234,1725.3016799905,667.663668797226,326.081041867093,326.531866004211,170.7451654287,-325.398018653605,154.652853391936,-0.748797107005736,-6.64173893432041,7.39053604588941
1.923,906.25736026587,2272.20506061632,49.99278823307,49.9927673466577,1725.33568695766,667.641560856203,326.081031665003,326.531868215005,247.294685041883,-306.095311485783,58.8006265763547,1.79088759255362,-7.76736507932298,5.97647749137202
1.924,905.539223311254,2272.91795218613,49.9927939478223,49.9927650774533,1724.58181376975,668.384827691683,326.081257826959,326.531793888321,300.969308753747,-257.900655726666,-43.0686529417745,4.15438049566225,-8.13414073286357,3.9797602413836
1.925,905.138645379728,2273.3002616476,49.9927971355202,49.9927638605245,1723.9365517476,669.036280368169,326.081451405566,326.531728743054,325.08743187629,-184.225562617873,-140.861869228256,6.11201192715577,-7.70410862640832,1.59209670260379
1.926,905.442201176678,2272.99488004538,49.9927947198999,49.9927648325844,1722.55648486577,670.419753421399,326.081865425631,326.531590395748,316.35833992936,-91.9422158547752,-224.416124101118,7.47180458859827,-6.52058588174111,-0.951218704656973
1.927,906.514261898484,2271.90492279594,49.9927861887118,49.9927683020261,1721.75059417781,671.2043538412,326.082107192837,326.531511935706,277.489628006321,8.49723224309982,-285.986860329128,8.09938614050913,-4.69998122705009,-3.39940491260652
1.928,907.925834476094,2270.49741159534,49.9927749557741,49.9927727822733,1721.71387835127,671.24411767598,326.082118207585,326.531507959323,211.117498299216,108.772352281021,-319.889850704475,7.93595029289174,-2.41863124560384,-5.51731904784532
1.929,909.049342800977,2269.40375755256,49.9927660151789,49.9927762634823,1722.40102498498,670.574953156633,326.081912063595,326.531574875775,124.015390677128,198.398908160764,-322.414298994339,6.99566296139501,0.100315573869991,-7.09597853715688
1.93,909.131469386304,2269.30752728825,49.9927653616363,49.9927765697927,1723.82476657153,669.125930965996,326.081484941119,326.531719777994,25.0651221447256,268.385970656954,-293.451092974871,5.36966609123466,2.60630236746313,-7.97596846172624
1.931,908.375413203991,2270.05907739789,49.9927713781403,49.9927741775344,1724.78428264207,668.159222608295,326.081197086298,326.53181644883,-76.3807244897668,312.144058259222,-235.763333941326,3.21902623393898,4.85935902156134,-8.07838525935199
1.932,907.579442311904,2270.87244550853,49.9927777122754,49.9927715885033,1724.8459936806,668.11661152993,326.081178572986,326.531820709937,-170.724099385716,326.053636152101,-155.329536919291,0.751814589835887,6.63981147038266,-7.39162606449676
1.933,907.533522791122,2270.92103680524,49.9927780776913,49.9927714338324,1724.8838692077,668.089025836658,326.081167210328,326.531823468507,-247.335537383392,306.720445635136,-59.3849083698637,-1.78749238418395,7.76706599657104,-5.97957361664973
1.934,907.648191943293,2270.79454989194,49.9927771651832,49.9927718364528,1724.96724982768,668.002641964805,326.081142196142,326.531832106894,-300.633470349525,258.159356614672,42.4741136635347,-4.15183221534878,8.1336166458747,-3.9817844343341
1.935,907.371698678467,2271.08940232269,49.9927793654467,49.9927708979083,1724.66265332376,668.289127718777,326.081233575093,326.531803458319,-324.488802617267,184.114513539495,140.374289060879,-6.10955034952995,7.70701830526443,-1.59746795869465
1.936,907.335059258501,2271.12530258988,49.9927796570139,49.9927707836342,1724.53489877049,668.448001491027,326.081271901459,326.531787570941,-316.044062890847,91.9084899666187,224.135572963865,-7.47076769768,6.52358645323712,0.947181242639484
1.937,907.131125582873,2271.31395754764,49.9927812798665,49.9927701831269,1724.31130355781,668.651927026169,326.081338980023,326.531767178388,-277.354195475026,-8.85675872001583,286.210954287749,-8.09917208462667,4.70359848906209,3.39557359511145
1.938,906.748906186039,2271.70544867675,49.9927843214719,49.9927689369719,1724.15998242475,668.802055249126,326.081384376363,326.531752165565,-211.441469107671,-108.753798526606,320.195267771345,-7.93672776198123,2.42291779164764,5.51380997129059
1.939,906.302517038626,2272.1592772563,49.9927878737238,49.9927674923907,1723.78464183283,669.195805334592,326.081496978541,326.531712790557,-124.428317830657,-198.538153896411,322.9664718956,-6.99693597688209,-0.0964861134667551,7.09342209263821
1.94,906.716857822541,2271.71918613181,49.9927845765046,49.9927688932442,1723.3853917977,669.573129704747,326.081616753551,326.53167505812,-25.6144949987555,-268.144174705255,293.758669886669,-5.37173887822315,-2.60311415645883,7.97485303808596
1.941,906.819108030141,2271.61362264414,49.9927837628233,49.9927692292632,1722.82914829926,670.120307875509,326.081783626601,326.531620340303,76.0132737206733,-312.048444178505,236.035170636559,-3.22254269967867,-4.85694554267629,8.07948824654054
1.942,907.863079501252,2270.58216281514,49.9927754551623,49.9927725125018,1722.47568919071,670.501018554192,326.081889664333,326.531582269235,169.95564702387,-325.285188699508,155.329541832784,-0.755489145636886,-6.63768568818174,7.39317483837372
1.943,908.469396456609,2269.96106276497,49.9927706302453,49.9927744895247,1722.96876019082,670.009928034638,326.081741743033,326.531631378287,247.753382306444,-306.478971680943,58.7255894941845,1.78417259822092,-7.7645530379553,5.98038044420694
1.944,908.546987551507,2269.89567353947,49.992770012795,49.9927746976651,1723.52259072518,669.434662387764,326.081575593873,326.531688904852,300.663673247484,-257.814204132784,-42.849469044085,4.14766189926644,-8.13410076576658,3.98643887044736
1.945,908.258002904194,2270.18559045629,49.9927723124618,49.9927737748309,1724.15513284883,668.8085392353,326.081385831236,326.531751517167,325.135950253064,-184.779792797578,-140.356157441058,6.10771354417632,-7.70726811296747,1.5995545718225
1.946,908.069230201105,2270.3955529285,49.9927738146672,49.9927731064995,1724.56792150612,668.415812775979,326.081261994639,326.531790789813,316.462455305073,-92.4211267620706,-224.041328586341,7.46982933252906,-6.52589000631021,-0.943939324404207
1.947,907.33825385454,2271.10482646413,49.9927796315921,49.9927708488118,1724.51337865678,668.441739456889,326.081278357493,326.531788197145,277.870293659985,8.00126590417135,-285.871559660499,8.09831359863031,-4.70633874434329,-3.39197485386791
1.948,907.349838871059,2271.08960781383,49.9927795394015,49.9927708972542,1724.38331227247,668.577860942757,326.081317377409,326.531774584996,211.210139199057,108.237519503144,-319.447658842051,7.93712886187728,-2.4265543121351,-5.51057455075652
1.949,907.501773362658,2270.97032387696,49.9927783303452,49.9927712769468,1724.68880104129,668.295053116595,326.081225730778,326.531802865779,123.959172896477,198.408448860812,-322.367621927119,6.99916040146285,0.0925406197099775,-7.09170102351739
1.95,907.118887391389,2271.32729277113,49.992781377255,49.9927701406795,1724.40632297835,668.567577719512,326.081310474197,326.531775613318,25.2394975712029,268.437812820228,-293.677310579016,5.37406516158518,2.60051829598341,-7.97458346104668
1.951,907.137696596181,2271.31596623745,49.9927812275761,49.992770176733,1724.14557856115,668.816161181481,326.081388697522,326.531750754972,-76.3988378403722,311.955370277928,-235.55653262447,3.2262544079405,4.85396359533009,-8.08021800757884
1.952,907.169988871048,2271.29396062675,49.9927809706023,49.992770246779,1723.81024498434,669.16582217896,326.081489297595,326.531715788872,-170.332560730951,325.956549284009,-155.623988720837,0.759437760368937,6.63563447864833,-7.39507224375771
1.953,907.688341431817,2270.74040255057,49.9927768456837,49.9927720088091,1723.56539594808,669.409188838626,326.081562752306,326.531691452207,-247.007991103233,306.523045538945,-59.5150545675446,-1.77959168753203,7.76265116168419,-5.98305947887413
1.954,907.894792328637,2270.55274387704,49.9927752027997,49.9927726061452,1723.75615533271,669.213784826006,326.081505524491,326.531710992608,-300.70056470847,258.520723199891,42.17984142543,-4.14517974874894,8.13460908485746,-3.98942934035714
1.955,907.598033916933,2270.85497423146,49.9927775643281,49.9927716441161,1724.2550528189,668.708686525076,326.081355855245,326.531761502438,-324.568309629453,184.433246620811,140.135062982139,-6.10478581553259,7.70847082790248,-1.60368501573554
1.956,907.424335756058,2271.0278977046,49.9927789465741,49.9927710936836,1723.7557646715,669.228015457032,326.081505641689,326.531709569545,-316.271328855866,92.2557741685332,224.015554719323,-7.46771633671164,6.52748263268728,0.940233701861938
1.957,907.693421150536,2270.74047040544,49.9927768052606,49.9927720085931,1723.59662214935,669.366400207667,326.081553384446,326.53169573107,-277.503683750218,-8.65534801232418,286.159031849116,-8.09789584752295,4.70887872374155,3.38901712301963
1.958,908.023075081073,2270.42687046334,49.992774181958,49.9927730068127,1723.67428059091,669.28439718057,326.081530086913,326.531703931372,-211.585981243976,-108.779264553599,320.365245929581,-7.93887949671112,2.43048103665496,5.50839846075128
1.959,908.1373246791,2270.3302543725,49.9927732727886,49.9927733143513,1724.50254759526,668.494422638622,326.081281606812,326.531782928827,-124.621144177707,-198.215002453634,322.836146794811,-7.00051491518075,-0.0896191037421856,7.09013402098596
1.96,907.951463580784,2270.48262067499,49.9927747518242,49.9927728293543,1724.70893354792,668.265449983658,326.081219691026,326.531805826092,-25.8998894936815,-267.82723167825,293.727121349345,-5.3762307950409,-2.59657633421477,7.97280713245672
1.961,907.627693608631,2270.81685407682,49.9927773283038,49.9927717654564,1724.70907738179,668.245440363335,326.081219647876,326.531807827054,75.5467793412922,-311.766253319883,236.219474151442,-3.22941277433167,-4.8510240142457,8.08043679257122
1.962,907.204315678512,2271.26564909174,49.9927806974383,49.9927703368975,1724.88149101583,668.100727601728,326.081167923786,326.53182229833,169.957005943704,-325.30207075836,155.345064965118,-0.76309390378513,-6.63346994731922,7.39656385546745
1.963,906.548160292632,2271.89554688233,49.9927859189569,49.9927683318705,1724.33523359695,668.639304598374,326.081331801011,326.531768440631,247.093521616251,-306.503981420867,59.4104599143857,1.77646730103656,-7.76227760999056,5.98581031321276
1.964,906.264623405283,2272.1611942656,49.9927881752718,49.9927674862886,1723.2020018071,669.767549299172,326.081671770548,326.53165561616,300.749069857488,-258.057795800124,-42.6912740011082,4.14152702906328,-8.13275095754242,3.99122393215373
1.965,906.525638134616,2271.90430789111,49.9927860981826,49.9927683039833,1722.68782960597,670.274033934444,326.081826022209,326.531604967697,324.995301871738,-184.674775879029,-140.320525997573,6.10200077787168,-7.70951736237965,1.6075165871776
1.966,907.394236546462,2271.03679648873,49.992779186096,49.9927710653579,1721.99953964803,670.976732394266,326.082032509196,326.531534697851,316.586716501521,-92.7406658272383,-223.846050740541,7.4661856877519,-6.52984556971967,-0.936340116682516
1.967,908.446404295048,2269.98389425845,49.9927708132111,49.9927744168498,1721.89529953507,671.063003260601,326.08206378123,326.531526070764,277.912966235472,7.95781377356705,-285.870780131797,8.09883865113951,-4.71241756772291,-3.38642108357
1.968,909.693809095146,2268.73055496768,49.9927608866791,49.9927784063527,1721.94844712657,670.997721168729,326.082047836952,326.531532598974,211.732743442226,108.109616607294,-319.842360217949,7.93891891422669,-2.43378689211805,-5.50513202379874
1.969,909.984778398313,2268.47116232351,49.992758571219,49.9927792320251,1723.37402497869,669.612044982344,326.081620163597,326.531671166592,124.219556349334,198.137341348388,-322.356897896963,7.00246279754729,0.0855006616046096,-7.08796346225836
1.97,909.641622534394,2268.80230586592,49.9927613019666,49.9927781779625,1724.85143649479,668.119622911217,326.081176940142,326.531820408799,25.6686333806873,267.912354417139,-293.580988009331,5.37967514693174,2.59368236348497,-7.97335751467936
1.971,908.284887332871,2270.16850354727,49.9927720985223,49.9927738292202,1725.40470434039,667.548554620067,326.081010959788,326.531877515628,-75.9337951063907,312.281434163967,-236.347639262048,3.23258835815033,4.84845306951672,-8.08104143271177
1.972,907.467159312552,2271.0080206615,49.9927786057951,49.9927711569542,1725.27123707423,667.695347803179,326.081050999968,326.53186283631,-170.218580493136,325.887595371396,-155.669015056796,0.767319816288116,6.63115572093613,-7.39847554260054
1.973,907.135180748056,2271.3043494323,49.9927812475966,49.9927702137104,1724.09769713397,668.874622858051,326.08140306195,326.531744908805,-246.838610140186,306.692455692979,-59.8538456880105,-1.77324622186126,7.76116007835587,-5.98791386170896
1.974,907.34830646188,2271.0976187361,49.992779551596,49.9927708717547,1722.89389064321,670.077587523481,326.081764203897,326.531624612338,-300.339640956256,258.665525539846,41.674115336695,-4.13918752144825,8.13431403915119,-3.9951265222733
1.975,907.463980170501,2270.98362380025,49.9927786310939,49.9927712346118,1722.78277432015,670.185024015111,326.081797538794,326.531613868689,-324.431006889493,184.661889124427,139.76911774741,-6.09973899964289,7.71063658387007,-1.61089758773674
1.976,907.976956894532,2270.47176773022,49.9927745489548,49.9927728639003,1722.51685461764,670.469079643948,326.081877314705,326.531585463126,-316.013772147499,92.4977027428572,223.51606944944,-7.46508300451078,6.53225678038463,0.932826221987149
1.977,908.733682575506,2269.72270658837,49.9927685271232,49.992775248236,1723.22824506851,669.731243392949,326.08166389757,326.531659246751,-277.745492191156,-8.24832846007412,285.993820752983,-8.09804018813331,4.71661404510458,3.38142614243369
1.978,907.748095080596,2270.69347192311,49.9927763701793,49.9927721581939,1723.95488847804,668.997299430003,326.081445904547,326.531732641147,-211.820774751334,-108.546590241614,320.367365140691,-7.93869567689002,2.43712453178111,5.50157114607983
1.979,907.217653439351,2271.23768119067,49.9927805912997,49.992770425922,1723.39010552764,669.587154315231,326.081615339432,326.531673655659,-124.853274427792,-198.226364732451,323.079639338707,-7.00451061071042,-0.0817421000583283,7.08625271317794
1.98,907.90442746831,2270.52205555064,49.9927751261257,49.9927727038292,1722.88098227315,670.083288556426,326.081768076408,326.531624042235,-26.2551559362027,-267.600580887121,293.855737014643,-5.38245384692795,-2.58995873777216,7.97241258828402
1.981,908.102291214791,2270.31706616078,49.992773551576,49.9927733563307,1722.91834676993,670.032587027524,326.081756867059,326.531629112388,75.2176338849232,-311.559184020346,236.341550320229,-3.23506078565472,-4.8454368153497,8.08049760538869
1.982,908.82760373691,2269.6150773176,49.9927677797223,49.9927755908306,1722.67654336449,670.278431282305,326.081829408081,326.531604527962,169.437223358671,-325.217724788261,155.780501589075,-0.771015231775705,-6.62883330748741,7.3998485439955
1.983,909.433851406401,2268.99997012675,49.9927629553567,49.9927775487776,1723.34214236254,669.63316000065,326.081629728382,326.53166905509,246.802618257753,-306.262546640369,59.4599285026557,1.76969767129266,-7.76081778873467,5.99112012204723
1.984,909.805825427576,2268.62622794492,49.9927599952815,49.9927787384359,1723.85942206925,669.104166487009,326.08147454447,326.531721954442,300.571616326817,-258.384015774262,-42.187600483251,4.13605340277851,-8.13412583154422,3.99807243279926
1.985,909.722213635408,2268.72623586397,49.992760660643,49.9927784201008,1724.4566218927,668.493849792947,326.081295384523,326.531782986111,324.908148611172,-185.430863200256,-139.477285398802,6.09718349400451,-7.71217814703347,1.61499465610282
1.986,908.691139701131,2269.77435092646,49.9927688656686,49.9927750838469,1725.47128403632,667.511575167534,326.08099098588,326.531881213574,316.63149619914,-92.9196403966228,-223.711855848321,7.46363303703981,-6.53470581783599,-0.928927217382512
1.987,907.65159911901,2270.79733349787,49.9927771380697,49.9927718275923,1725.65488015769,667.298385067362,326.080935907043,326.531902532584,277.941177928731,7.73314073751851,-285.674318764704,8.09681776411848,-4.71866836234914,-3.37814940136604
1.988,906.473534611652,2271.97866936387,49.9927865128092,49.9927680672834,1725.13385207294,667.819957400869,326.081092215469,326.53185037535,211.671584633243,108.014026356088,-319.685611130905,7.94068352929696,-2.44063463539131,-5.50004889494829
1.989,906.097112704274,2272.37128670536,49.9927895082796,49.9927668175436,1724.03163730813,668.948334509876,326.081422879898,326.531737537639,124.54142703804,197.921827051075,-322.463254259269,7.00662992343323,0.0778780448689668,-7.08450797068046
1.99,906.666610352268,2271.76648107837,49.9927849763613,49.9927687426997,1723.2702602162,669.697755183166,326.081651293026,326.531662595572,25.7992292832628,267.640898688097,-293.440128151945,5.38521857041305,2.58603292424818,-7.97125149812023
1.991,907.023002250545,2271.40995035852,49.9927821402847,49.9927698775723,1722.4238543169,670.538920033421,326.081905214795,326.531578479087,-75.6523719825267,311.879089118431,-236.226717309207,3.23836908249328,4.84268374072552,-8.08105282740046
1.992,907.195668170331,2271.25161590736,49.992780766253,49.9927703815665,1721.76749007252,671.197827181892,326.082102124069,326.531512588372,-169.829677057544,325.962428997193,-156.132752087783,0.774615126104664,6.62683327790257,-7.40144840848587
1.993,908.502739397453,2269.92124246872,49.9927703649106,49.9927746162766,1721.65565014758,671.31960612404,326.082135676046,326.531500410478,-246.73251813213,306.869091840536,-60.1365738156885,-1.76623494543324,7.75952328060458,-5.9932883394843
1.994,909.856959020731,2268.57092474536,49.9927595883733,49.9927789144715,1722.27623742348,670.683378251591,326.081949499863,326.531564033265,-300.49015256562,258.950221625927,41.5399308847791,-4.13255599149137,8.13474665689522,-4.00219066910128
1.995,910.351794010445,2268.09896169935,49.9927556506015,49.9927804167765,1723.87399179566,669.092780515971,326.081470173552,326.531723093039,-324.101357574141,184.82388003173,139.277477546416,-6.09581279184278,7.71363839767213,-1.61782560851941
1.996,909.836949325221,2268.63027375091,49.9927597476054,49.9927787255577,1725.2218615356,667.764665906584,326.08106581263,326.5318559045,-316.028540080716,92.4392391694026,223.589300974362,-7.46214059330887,6.53670462306829,0.925435968851271
1.997,908.743543476841,2269.70911598615,49.9927684486526,49.9927752914962,1725.6171885478,667.34150623668,326.080947214526,326.531898220467,-277.758760769882,-8.10905712650712,285.867818013514,-8.09719168603832,4.7216606789168,3.37553100719465
1.998,907.221889948796,2271.22541787968,49.9927805575867,49.9927704649574,1725.62295752372,667.325418218176,326.080945483833,326.531899829269,-211.956548723184,-108.091208992943,320.047757877386,-7.94048139913026,2.44392666332748,5.49655473736325
1.999,906.294887854192,2272.17659373189,49.992787934435,49.9927674372706,1724.51465881944,668.457615582533,326.081277973445,326.531786609532,-125.34031137938,-197.803164486108,323.143476056285,-7.00894283676061,-0.0744338886550579,7.08337672834723
2,906.376306907797,2272.05088565931,49.9927872865227,49.9927678374118,1723.72127930503,669.248452948454,326.081515987299,326.531707525796,-26.4344459132466,-267.716629211343,294.151075325982,-5.38752328725876,-2.58271386509757,7.97023715639993
