0,0,0,50,50,0,0,326.59863237109,326.59863237109,0,0,0,0,0,0
0.001,3.91626822697075,2.21945310479084,49.9999688353277,49.9999929352613,-0.165257508967419,0.338751303218041,326.598681948343,326.59859849596,148.019025251672,-502.693411627166,354.674386375097,0.551221143661784,-2.25931015041202,1.70808900674968
0.002,18.5477363861382,10.1291892029345,49.9998524018036,49.9999677577894,1.53363400509661,3.06722558885413,326.598172280889,326.598325648531,191.296082751439,-288.36780466099,97.0717219086115,1.6792194124924,-4.23418811515369,2.55496870265433
0.003,42.2034310480128,17.9743761495104,49.9996641557667,49.9999427857837,5.54487356537951,7.40893686232997,326.596968909021,326.597891477404,269.672733528662,-310.11872561805,40.4459920877138,3.06037289577559,-5.55122321908374,2.49085032329186
0.004,68.0748203010895,24.4006334913816,49.9994582777924,49.9999223303713,15.4466803327789,11.5850113960363,326.593998366991,326.597473869951,310.331673767707,-242.983654288921,-67.3480194812913,4.35392586032515,-5.84053734548648,1.48661148513362
0.005,94.714631123857,29.9989001764363,49.9992462849137,49.999904510535,29.7548168246006,14.8734972384319,326.589705926043,326.597145021367,326.512397910274,-163.726869367317,-162.785528546337,5.441211049107,-5.46325742979895,0.0220463806496557
0.006,119.536824550952,36.5831731337279,49.9990487561746,49.9998835521432,48.221270066242,16.1746152394132,326.584165990071,326.597014909566,310.537163580295,-68.719849247759,-241.817314336876,6.14658626921915,-4.50387520993745,-1.64271105934062
0.007,140.224230391612,46.1698447343689,49.9988841310296,49.9998530368198,68.1835279303769,17.1321301705923,326.578177312711,326.596919158073,263.848209036633,33.4512592394585,-297.29946828166,6.35168416935541,-3.07613386992291,-3.27555029951134
0.008,157.680454296029,57.832374846251,49.9987452188135,49.9998159138335,86.5287430161746,20.2131358431788,326.572673748186,326.596611057506,192.127064191372,131.943454844531,-324.07051904293,6.00044908118571,-1.32534629887072,-4.67510278241778
0.009,174.24333067448,69.4532541090615,49.9986134156311,49.9997789234259,102.051545102395,26.1592702863518,326.56801690756,326.596016444062,100.88532677509,217.766993134902,-318.652319918402,5.10831300939091,0.566709511062546,-5.67502252058352
0.01,192.076992264822,78.9599893957962,49.9984714998613,49.9997486625476,115.923189397531,33.5355363149062,326.563855414271,326.595278817459,0.647402477981139,282.026472684309,-282.673875172018,3.74332611110881,2.41025390790493,-6.15358001917211
0.011,210.622305532775,87.1221121779368,49.9983239209475,49.9997226817039,129.009836868219,41.382192469367,326.55992942003,326.594494151843,-100.449823530077,318.96091528376,-218.511091764882,2.03155425457228,4.02336103624978,-6.05491529101024
0.012,230.774771797948,93.1957425407323,49.9981635527164,49.999703348738,142.838034026943,48.1555120038944,326.555780960882,326.59381681989,-191.566443150056,324.672469652166,-133.106026514757,0.132543202392159,5.24852459757312,-5.38106780018486
0.013,250.738234454409,98.9987814868916,49.9980046885282,49.9996848770913,157.106516295038,54.1159842625125,326.551500416202,326.593220772664,-263.133604153853,297.811567606348,-34.6779634651528,-1.76940022073394,5.95856814764389,-4.18916792715575
0.014,270.442870504517,104.738717320684,49.9978478840168,49.9996666063081,172.051121237141,59.0785452846172,326.547017034719,326.592724516562,-309.337727466916,242.691876205354,66.6458512496223,-3.49452485688448,6.09060728613588,-2.59608242951136
0.015,289.367278743643,110.915083576323,49.997697288361,49.9996469463237,187.571436501906,63.1597631908288,326.54236094014,326.592316394771,-326.109523129008,163.570419281829,162.539103836583,-4.87317422856087,5.62576331161149,-0.752589083311503
0.016,307.035084339588,118.045233481104,49.9975566924312,49.9996242503517,203.824260790136,66.2480181177251,326.537485092853,326.592007569279,-309.706915220624,67.9127057360304,241.794209474761,-5.77277219475288,4.61002858350465,1.16274361099703
0.017,322.767693125676,126.811417033573,49.9974314963084,49.9995963467228,219.374438514971,69.7346900600709,326.532820039536,326.591658902084,-264.410001110751,-33.700655537369,298.110656639101,-6.10572299928825,3.1459481365754,2.9597748624717
0.018,337.803468697113,135.978252822676,49.9973118454082,49.9995671677782,233.887249354139,74.0286093401516,326.528466196284,326.591229510156,-192.22923267198,-132.36548826363,324.594720928215,-5.83993417222759,1.37319817192972,4.46673600007334
0.019,352.733928965071,144.95392314885,49.9971930325804,49.9995385973322,246.44948627301,80.0629140955564,326.524697525208,326.590626079681,-101.299135765046,-217.696755913336,318.995891673203,-5.00061743664174,-0.535929954533466,5.53654739097721
0.02,368.149138581309,153.154950017134,49.99707036224,49.9995124926529,258.231831646562,86.6012078967814,326.521162821596,326.589972250301,-1.04715259693696,-281.84570612308,282.892858717215,-3.67354733738267,-2.38981814014786,6.06336547736828
0.021,384.961746833174,159.662378129387,49.9969365717545,49.9994917788659,269.272215431394,93.6620292508222,326.517850706461,326.589266168165,99.7239345017236,-318.477597366871,218.753662864548,-1.98593372017796,-4.01005666850048,5.99599038855785
0.022,402.939495482877,164.737177791226,49.9967935093764,49.9994756252769,281.195083573899,99.6385343912366,326.514273846018,326.588668517651,191.319830126507,-324.008603542572,132.688773417021,-0.10249553968163,-5.23951356261656,5.34200910222023
0.023,421.235936864287,169.170844576739,49.996647910922,49.9994615124772,294.226638963164,104.259340119129,326.510364379401,326.588206437078,263.127967281615,-297.68261269983,34.5546454198243,1.78913659887395,-5.95272762336575,4.16359102445033
0.024,437.978762860123,174.907066276974,49.9965146757461,49.9994432535164,309.153315856844,106.766165835706,326.505886376333,326.587955754507,309.991222216948,-242.889096571423,-67.1021256440584,3.50667244680968,-6.08626550532087,2.57959305849569
0.025,452.541841827202,182.546243689249,49.9963987864459,49.9994189372595,323.472004107249,109.67860367638,326.501590769858,326.587664510723,326.57437369533,-163.818941349273,-162.755432345809,4.88200769866438,-5.62391917529191,0.741911476624013
0.026,466.658359895817,190.335102185991,49.9962864507644,49.9993941445529,336.899940059028,113.274941712849,326.497562389073,326.587304876919,309.932443472704,-68.4057777922998,-241.526665682691,5.77780762767824,-4.60879974869031,-1.16900787899887
0.027,480.043272354125,198.582966909648,49.9961799370153,49.9993678907841,349.283880334597,117.673041102779,326.49384720699,326.58686506698,264.036448204982,33.2121490501062,-297.248597260976,6.10866288908541,-3.14500558636337,-2.96365730276302
0.028,493.555083672454,206.436727748573,49.9960724134373,49.9993428914869,360.990564183017,122.552874722746,326.490335201835,326.586377083618,191.987963320983,132.058601845792,-324.046565177103,5.84220400476297,-1.37269075262294,-4.46951325223321
0.029,507.276889740326,213.819855345,49.9959632187741,49.9993193902618,372.276711537159,127.665614862009,326.486949357629,326.585865809604,101.076840803394,217.606558769228,-318.683399588069,5.0032704243041,0.535358197023427,-5.53862862149335
0.03,520.906716423598,221.007361826812,49.9958547560596,49.9992965117181,383.187209066563,132.907717463368,326.48367620837,326.585341599344,0.726147842788874,281.82947484558,-282.555622709132,3.67558121728933,2.38782029762634,-6.06340151517161
0.031,534.868773135711,227.627211580391,49.9957436495425,49.9992754400819,393.544035288179,138.527214619289,326.480569160504,326.584779649628,-100.376056977585,318.989251921286,-218.613194965287,1.98789811528266,4.00937456073024,-5.99727267635575
0.032,549.624319839347,233.198892401058,49.9956262286327,49.999257704871,403.878309741966,143.986978220489,326.477468878168,326.584233673268,-191.330686362449,324.304009973472,-132.973323631945,0.104102034316538,5.238778138842,-5.34288017355666
0.033,564.550361598142,238.316650357571,49.9955074509664,49.9992414145415,415.570689811368,147.860163623,326.473961164147,326.583846354728,-263.076899606137,298.00214991511,-34.9252503269208,-1.787622587635,5.95263778836918,-4.1650152011558
0.034,578.507812168673,244.183387285006,49.9953963811038,49.9992227401379,427.84665314383,150.961671653631,326.470278375147,326.583536203925,-309.425489012705,242.664447951135,66.7610410496746,-3.50562641576997,6.08668337572264,-2.58105696035117
0.035,591.167996399648,251.090751282065,49.9952956345588,49.9992007533154,440.160469139285,153.842621823593,326.466584230349,326.583248108908,-325.986043205814,163.497919018347,162.488124182656,-4.88063035758188,5.62381376647464,-0.743183409221801
0.036,603.051424211986,258.523443285267,49.9952010692449,49.9991770943219,451.71567640731,157.290562103407,326.463117668168,326.58290331488,-309.406997382564,68.1317244001549,241.275272980878,-5.77674197147885,4.60989148475326,1.16685048648781
0.037,613.905741921628,266.74273171676,49.995114693329,49.9991509315143,462.406932223548,161.399732799324,326.459910291423,326.58249239781,-263.81623231226,-33.6698435803185,297.486075890941,-6.10812562211179,3.14617559968274,2.96195002225898
0.038,624.820563693356,274.667711738586,49.9950278359371,49.9991257055194,471.846786749134,166.588553383279,326.457078335066,326.581973515752,-192.229421457277,-132.194206760732,324.42362821549,-5.84224894655229,1.37373485673492,4.46851408969063
0.039,637.051733853559,281.042499481614,49.9949305033776,49.9991054139398,480.428163861934,172.472258467042,326.454503921932,326.581385145244,-101.55705147651,-217.288594868471,318.845646338089,-5.00330610315786,-0.534431215023618,5.53773731806188
0.04,649.955374225379,286.502647639554,49.9948278194701,49.9990880337484,490.018951908071,177.119395247555,326.451626685518,326.580920431566,-1.24154296558899,-281.656035327181,282.89757828131,-3.67662167280317,-2.38695947251398,6.06358114516471
0.041,662.089001934689,292.506947192857,49.9947312631288,49.9990689214693,500.612755014659,180.61617409189,326.448448544586,326.580570753681,99.8805880619226,-318.354383758749,218.473795681774,-1.98855224511896,-4.0080611525166,5.99661339742927
0.042,674.554251755652,297.974342922857,49.9946320678225,49.9990515182082,510.755324159412,184.399924521189,326.445405773843,326.580192378638,191.096739326678,-323.93796691897,132.841227574659,-0.10521338464666,-5.23819007944763,5.3434034638286
0.043,686.215951645869,303.989239378568,49.9945392669634,49.9990323721981,520.689601704468,188.188809577114,326.442425490579,326.579813490133,263.24011061364,-297.762638488732,34.5225278556461,1.7862333216505,-5.95234806577705,4.16611474380447
0.044,697.047871999394,310.627230489244,49.99445306928,49.9990112428162,531.100733283572,191.328158676279,326.439302151105,326.579499555223,309.717509166347,-242.819646343623,-66.8978628428902,3.50316281593859,-6.08579266311291,2.58262984680515
0.045,707.277228767706,317.661212738988,49.9943716666453,49.9989888529553,541.093098538638,194.747881642663,326.436304441529,326.579157582926,326.360639475522,-163.797465477388,-162.563174017636,4.87967921872677,-5.62408326226414,0.744404043137061
0.046,717.520078215514,324.455612062197,49.9942901566392,49.9989672257105,551.158681732993,197.914443369493,326.43328476657,326.578840926753,310.22975332364,-68.6325672089655,-241.597186134427,5.7765154893502,-4.61079907863689,-1.16571641113049
0.047,727.459663445599,331.328677817581,49.9942110599331,49.9989453480628,560.932234106988,201.19002490354,326.430352700858,326.5785133686,263.884496122962,32.9533288270898,-296.837824971219,6.10773941442732,-3.14710599801973,-2.9606334168449
0.048,736.265888060053,339.131668860894,49.9941409822243,49.9989205103708,570.044597856916,204.969428001552,326.427618991733,326.57813542829,191.942199549778,131.99365341139,-323.935852984454,5.84222882998894,-1.37552487680174,-4.46670395365276
0.049,745.651202297848,346.157978400573,49.9940662962666,49.9988981449329,578.097938198737,209.670524441173,326.425202989631,326.577665318646,101.259790705314,217.400496381099,-318.660287113153,5.00454922634076,0.532291301552572,-5.53684052840067
0.05,756.249056145075,351.75052215048,49.9939819612253,49.9988803433133,586.321478693651,214.020142841556,326.422735927482,326.577230356806,0.837808247133274,281.757039536319,-282.59484781374,3.67681907836491,2.38639408279229,-6.06321316171931
0.051,766.251288672392,357.742877997004,49.9939023659879,49.9988612690522,594.757995265777,217.995966289888,326.420204972511,326.576832774461,-100.104700425196,318.729798541735,-218.625098150805,1.99003997305805,4.00671339499432,-5.99675336868112
0.052,776.120952769208,363.695581031391,49.9938238256965,49.99884232101,603.851840359577,221.176688353321,326.417476818982,326.576514702255,-191.093607097785,324.559068217829,-133.465461158731,0.107724609184264,5.23711846993139,-5.3448430798224
0.053,785.547417894492,369.847393136168,49.9937488122704,49.9988227391839,612.978695668641,224.152973174805,326.41473876239,326.576217073773,-263.089432236703,298.3138920884,-35.2244598942888,-1.7837945083698,5.95124709035578,-4.16745258277788
0.054,794.189142923419,376.605657284577,49.9936800436077,49.9988012269609,621.864132113633,227.226431097175,326.412073131456,326.575909727981,-309.079826512036,242.932698595592,66.1471278708107,-3.50155241359592,6.08514380604589,-2.58359139332599
0.055,802.724610927056,383.293134056925,49.9936121205115,49.9987799400612,630.692319171742,230.219522379296,326.409424675339,326.575610418852,-325.74860149332,163.65867803506,162.089923410794,-4.87815935113437,5.6242502716714,-0.746090921487938
0.056,810.78302278415,390.261682331333,49.9935479937074,49.9987577584832,639.639080534804,232.94614462851,326.40674064693,326.575337756628,-309.805972087908,68.1355828562578,241.670389183021,-5.77583198171771,4.61139111941509,1.16444086129038
0.057,818.404417805682,397.459987439269,49.9934873445729,49.9987348455664,647.622871327698,236.457956382467,326.404345509692,326.574986575452,-264.009357956127,-33.662936476279,297.672294384232,-6.10708908983509,3.14870595212063,2.95838313665867
0.058,826.107368080498,404.404995508263,49.9934260464423,49.9987127389191,655.574854053684,239.880976588743,326.401959914874,326.574644273431,-192.313898416753,-132.085428816866,324.399327187633,-5.84233774829372,1.37708210607383,4.4652556411464
0.059,833.541011567953,411.453737538641,49.993366891387,49.9986903020763,663.129223603147,243.580725235577,326.399693604009,326.574274298567,-101.695642330483,-217.415206081524,319.110848369693,-5.00551421394911,-0.530833951180932,5.53634816406859
0.06,841.58444133793,417.676340197496,49.9933028838066,49.9986704949169,670.103842471507,247.669167663718,326.397601218349,326.573865454324,-1.44182750296206,-281.519870786546,282.961698252066,-3.67928739283423,-2.38279984193304,6.06208723374854
0.061,849.36878399111,423.985502636766,49.993240937976,49.9986504122291,677.503775206824,251.234801849272,326.395381238528,326.573508890905,99.4892728864469,-318.273925401107,218.78465248281,-1.99101625489208,-4.00522516114307,5.99624141508724
0.062,857.496763194341,429.799214283664,49.9931762575726,49.9986319066102,684.829631789986,254.731240977742,326.393183481553,326.573159246993,191.040778260356,-323.967368160165,132.926589873948,-0.108886750532794,-5.23521497226876,5.34410172194659
0.063,865.465305045831,435.58558953037,49.9931128459314,49.9986134880057,692.859358449489,257.37840010716,326.390774563556,326.57289453108,262.973680266657,-297.923540114247,34.9498598279068,1.7831447100024,-5.95155499571888,4.16841028497388
0.064,872.986502603636,441.647907524281,49.9930529941429,49.9985941910482,701.640941274831,259.136720550459,326.388140088708,326.572718699035,309.835763444918,-243.075950472615,-66.7598129869356,3.50048912308763,-6.08554986968941,2.5850607459783
0.065,879.456709743106,448.609708510382,49.9930015058705,49.9985720309474,709.911563468028,261.270633824858,326.38565890205,326.572505307708,326.440083916773,-164.272944806067,-162.167139121667,4.87661051087674,-5.62610481880264,0.749494307415396
0.066,885.476536257908,455.817449278513,49.9929536016131,49.998549087996,717.651878153505,263.834626925207,326.383336807644,326.572248908398,309.9046428525,-68.7793985265775,-241.125244334825,5.77364223440993,-4.61207283703779,-1.16156939778532
0.067,890.453414215596,463.926706110989,49.9929139968767,49.9985232754298,724.644603867642,266.98649493122,326.38123898993,326.571933721597,264.463149574246,32.9491547838755,-297.412304367184,6.10772523245494,-3.15026708694597,-2.9574581458512
0.068,895.761402897962,471.530934480284,49.9928717572449,49.9984990704191,730.885199086265,270.768331187527,326.379366811364,326.571555537972,192.605205944259,131.194243095471,-323.799449051167,5.84313270154885,-1.37941672927606,-4.46371597257933
0.069,902.197345177536,477.860624208646,49.9928205416435,49.998478922391,736.566380847451,275.008309530186,326.377662456836,326.571131540137,101.35944266702,217.069653973673,-318.429096656753,5.00688451908333,0.527852805575141,-5.53473732496979
0.07,909.529288391777,483.102578426389,49.9927621958933,49.9984622367325,742.645870101491,278.701144078029,326.37583861006,326.570762256683,0.977286184873783,281.724455317553,-282.701741524975,3.67990296058858,2.38168220252836,-6.06158516347719
0.071,916.372332959946,488.694751090895,49.9927077406748,49.998444436294,750.081245848165,280.922519297162,326.373607997336,326.570540119161,-99.9555721130965,318.72760807397,-218.772035990934,1.99359761748812,4.00310746244367,-5.99670508038079
0.072,922.859811301422,494.51685246439,49.9926561149625,49.9984259039698,757.932463709249,282.620275023846,326.371252631978,326.570370343588,-191.019743876916,324.401812926032,-133.382069086805,0.111457013110862,5.23452613031656,-5.34598314399623
0.073,928.261319175572,501.218999018358,49.9926131311286,49.9984045703747,765.233704267349,284.727522011113,326.36906225981,326.570159618889,-262.433587268806,298.019092692029,-35.5855054675739,-1.7799394387464,5.94951354258146,-4.16957410453962
0.074,932.754511717245,508.72252197878,49.9925773754385,49.9983806859193,773.417437964626,285.837392141752,326.366607139701,326.570048631876,-309.161736869883,242.757422267986,66.4043145523538,-3.49822358262779,6.08614514065396,-2.5879215588674
0.075,935.749371675332,517.559966990646,49.9925535431001,49.9983525554581,780.723525105481,287.716170203345,326.364415313559,326.56986075407,-325.869434443012,164.136803903846,161.732630486442,-4.874801967315,5.62607879873986,-0.751276832389326
0.076,939.517781518651,525.460476460365,49.9925235550474,49.9983274073554,786.219556286942,291.305090407571,326.362766504204,326.56950186205,-309.473327131985,68.3668525164328,241.106474562554,-5.77313655115172,4.61364321840782,1.15949333168522
0.077,943.967302439528,532.52542809372,49.992488146885,49.9983049189159,791.070319022974,295.400221244395,326.361311275384,326.569092348966,-263.820723839909,-33.4332772609696,297.254001050038,-6.10619161847861,3.15095810242507,2.95523351494144
0.078,948.893804024987,538.987671124791,49.992448943031,49.9982843489575,795.253795197111,300.051845387854,326.360056232531,326.568627186552,-192.702409913772,-131.667145762716,324.369555629819,-5.84314012313128,1.38068224297985,4.46245787903022
0.079,955.377490777222,543.760342517839,49.9923973474912,49.9982691570726,800.3107297954,303.75700301892,326.358539152152,326.568256670789,-101.818254521162,-217.265063949864,319.083318430035,-5.00682817105085,-0.527423711585607,5.53425188154922
0.08,962.18163260354,548.064171840678,49.992343201851,49.9982554575584,806.732087933203,305.932772126611,326.35661274471,326.568039093878,-1.53997513367067,-281.42605140902,282.966026508567,-3.68241874652979,-2.3796646822641,6.06208342777934
0.081,967.290965674394,553.920676692048,49.9923025430702,49.9982368157245,814.608239253752,306.571647360976,326.354249899314,326.567975206354,99.3380808903397,-318.11204408826,218.773963171099,-1.99634068946532,-4.0010926415272,5.99743333008313
0.082,971.75264926648,560.308233339352,49.9922670381203,49.9982164835002,822.58685508449,307.022619930738,326.351856314565,326.567930109097,190.673004410299,-323.852651381714,133.179646951716,-0.11384316417216,-5.2328295650267,5.3466727284165
0.083,974.944169714891,567.797694577087,49.9922416408076,49.9981926438046,830.248828297211,307.652242665245,326.349557722601,326.567867146824,262.819964096977,-297.71530789785,34.8953437880885,1.77744501267429,-5.94885077137645,4.17140575806105
0.084,976.790356216146,576.520899670901,49.9922269493222,49.9981648769804,836.848478330674,309.251600096431,326.347577827591,326.567707211081,309.639304417233,-243.207278020353,-66.4320264042326,3.49643429094174,-6.08607905637828,2.58964476493759
0.085,978.643776715859,585.099546381403,49.9922122002705,49.9981375702999,842.42439608822,311.784864919497,326.345905052264,326.567453884598,326.31975849285,-164.284067403795,-162.035691092906,4.87335708548348,-5.62594806337459,0.752590977521102
0.086,980.714577615641,593.324059372581,49.9921957213605,49.9981113908619,846.523033600253,315.690901105848,326.34467546101,326.56706328098,310.037579674789,-69.2511171558817,-240.786462521692,5.77253380134304,-4.61515541917208,-1.15737838243854
0.087,984.260246402967,599.942371366832,49.9921675058248,49.9980903241205,850.280509206956,319.825290210736,326.343548218328,326.566649842069,264.406024763669,32.455748551082,-296.861773318894,6.10710289083489,-3.15349582507238,-2.95360706596512
0.088,988.941001440973,605.299525207245,49.9921302575597,49.9980732717702,854.654607910369,323.239357451405,326.342235988717,326.566308435345,192.469588820654,131.401914624362,-323.871503452699,5.8440864517565,-1.38388065785423,-4.46020579408288
0.089,993.865294714392,610.293439707195,49.9920910712789,49.9980573756467,859.950643325463,325.676669892224,326.340647178093,326.566064704101,101.582208138306,217.009894820372,-318.592102970067,5.00787569894669,0.52442956247034,-5.53230526161579
0.09,998.263017437407,615.681768925866,49.9920560753135,49.9980402240621,866.538857167894,326.67284435538,326.33867071394,326.565965086655,1.2760317768116,281.503244226199,-282.779276017454,3.68334643024486,2.37738435864645,-6.06073078912701
0.091,1001.14993262771,622.471827425498,49.9920331019723,49.9980186106346,873.725617110219,326.9819172144,326.336514685957,326.565934179369,-99.5141238899414,318.838989549894,-219.324865678072,1.99902147577406,3.99883976520748,-5.99786124126935
0.092,1002.73921426641,630.456279172897,49.9920204548709,49.9979931953353,880.591731195319,327.55734123209,326.334454851732,326.565876636967,-190.541866735564,324.300927750016,-133.759061036303,0.116165074706887,5.23163149321231,-5.34779656827209
0.093,1004.06618003656,638.544965022894,49.9920098952128,49.9979674482486,886.278877357786,329.182756839653,326.332748707883,326.565714095406,-262.534032410133,298.249369710748,-35.7153373252205,-1.77485675172459,5.94846202148818,-4.17360527018628
0.094,1005.00893006214,646.915539714974,49.9920023930465,49.9979408038818,891.209876218712,331.487730847191,326.331269408225,326.565483598006,-309.068165249887,243.023229394706,66.0449358296629,-3.49397379454109,6.08528375460379,-2.5913099605459
0.095,1005.85164021746,655.268039107033,49.9919956869721,49.9979142170505,895.193587173927,334.644129653569,326.330074294938,326.565167958125,-325.945338814641,164.260179710388,161.685159079287,-4.87155956786173,5.62714258314718,-0.755583015808875
0.096,1008.55070923517,661.637586375403,49.9919742084633,49.9978939421519,898.301327607307,338.608636034476,326.329141972808,326.564771507487,-309.690294761252,68.7697698955919,240.920524844123,-5.77140690932824,4.61603908768335,1.15536782110985
0.097,1011.84845940826,667.297563979818,49.9919479658013,49.9978759258836,902.394513865042,341.468147970459,326.327914016931,326.564485556293,-263.784838001599,-33.0432829444564,296.828120933505,-6.10603907852914,3.15519495138114,2.95084412665742
0.098,1015.65440054903,672.337888096038,49.991917679084,49.9978598820336,907.159681900339,343.575287616495,326.32648446652,326.564274842329,-192.87145406,-131.578970894133,324.450424954107,-5.84392077740635,1.3850674740954,4.45885330293958
0.099,1019.20424816853,677.561309151876,49.9918894302942,49.997843255368,913.078037235079,344.470352890529,326.32470895992,326.564185335801,-101.85363970649,-217.17893866883,319.032578388729,-5.01025892966486,-0.521693603307973,5.53195253278762
0.1,1021.39937809142,683.99846126503,49.9918719620053,49.9978227652765,919.991526201513,344.251578037099,326.32263491323,326.564207213287,-1.71488265223633,-281.364423539606,283.079306217035,-3.68555467321108,-2.37501639501804,6.06057106826765
0.101,1021.61269096419,692.311327911485,49.9918702645154,49.9977963046001,926.275897479979,344.578961489005,326.320749601846,326.564174474941,98.9985233262842,-318.011424885709,219.012901594472,-2.00109844888222,-3.99666605687326,5.99776450602794
0.102,1021.49186386171,700.866766108734,49.9918712260269,49.9977690717945,931.713047048481,345.704903485121,326.319118456976,326.564061880742,190.457731310192,-323.903393982202,133.445662714654,-0.118675205050532,-5.22961815952067,5.3482933650667
0.103,1021.27776858589,709.375124687112,49.991872929743,49.997741988848,935.877559226559,347.986040474835,326.317869103322,326.563833767043,262.566842544727,-297.801928350247,35.235085853295,1.772603402478,-5.94695386622235,4.17435046443749
0.104,1021.35813111141,717.502564989278,49.9918722902383,49.997716118402,938.625960410619,351.612155737448,326.317044582967,326.563471155517,309.262593055357,-243.023714347761,-66.2388786578394,3.49161498259767,-6.08511356880711,2.59349858705987
0.105,1023.19236073363,723.782440408738,49.9918576939028,49.9976961289377,941.764533655106,354.776824008112,326.316103010994,326.56315468869,326.476873163993,-164.779864263516,-161.697008851718,4.87024604104227,-5.62831116873121,0.758065128645864
0.106,1025.98903046599,728.98369923228,49.9918354387122,49.9976795728167,945.688215039676,357.097265579092,326.314925906578,326.562922644532,310.197588718672,-69.3882405788051,-240.80934809606,5.7706271556472,-4.61758086567207,-1.15304628897189
0.107,1028.72716526873,734.158085671327,49.9918136493277,49.9976631022331,950.9806074595,357.929504551028,326.313338188853,326.562839420635,264.39934668454,32.0182947293731,-296.41764137903,6.10678493250557,-3.15815265435978,-2.94863227717082
0.108,1030.29843269481,740.395495429909,49.9918011455788,49.9976432479412,957.204975999878,357.771191516291,326.31147087829,326.562855251939,192.651502597114,131.192806852483,-323.844309425768,5.84479188510446,-1.38827111291244,-4.45652077131705
0.109,1030.12655125767,748.288783090037,49.9918025133679,49.9976181228262,963.504532214724,357.483667499584,326.309581011426,326.56288400434,101.888898151327,216.712211449175,-318.601109588145,5.01047318827447,0.519111644575268,-5.52958483213234
0.11,1028.96987992121,757.05867481192,49.9918117178659,49.9975902073939,968.365126046649,358.512593186662,326.308122833276,326.562781111772,1.65661568009601,281.421090858742,-283.077706537336,3.68809064361366,2.37166074890509,-6.05975139199438
0.111,1027.14082538241,766.395436591,49.9918262730194,49.9975604875581,972.186680938819,360.528373513918,326.306976366809,326.562579533739,-99.2295760370084,318.619485118168,-219.389909089342,2.00337624053966,3.99432363817737,-5.99769987840236
0.112,1026.6190169576,774.347453932573,49.991830425439,49.9975351755007,974.742517183455,363.767565837988,326.306209615935,326.562255614507,-190.698516795589,324.568360810707,-133.869844030998,0.120999083346732,5.22802917677441,-5.34902826001416
0.113,1027.49967242198,780.782685525692,49.9918234174054,49.9975146915224,977.495023399021,366.717451062777,326.305383864071,326.561960625984,-262.580199056099,298.538504450083,-35.9583054148895,-1.77174885758046,5.94735744683354,-4.17560858933382
0.114,1028.70399738135,786.822667862052,49.9918138336919,49.9974954656615,981.06589370249,368.755261128351,326.30431260298,326.561756844978,-309.097553570278,243.345891432006,65.7516621158207,-3.48970048154646,6.08549574639281,-2.59579526507609
0.115,1030.26989287101,792.410719111818,49.9918013726915,49.9974776783419,984.75610085754,370.631453262266,326.303205540833,326.561569225764,-325.988029764557,164.532153681489,161.455876062479,-4.86857044464337,5.6286418206177,-0.760071376300304
0.116,1031.97048169344,797.769467171919,49.9917878398357,49.997460620917,989.697405105727,371.193163428052,326.301723149559,326.561513054748,-309.653892545433,68.6719299076854,240.981962623428,-5.76922333063667,4.61914448963634,1.15007884064512
0.117,1032.44196806811,804.275158056559,49.9917840878663,49.9974399126598,995.456077511714,370.8420634648,326.299995547837,326.561548164744,-264.516285023212,-32.4977779039533,297.014062922041,-6.10605423849415,3.15952974726701,2.94652449091676
0.118,1030.98919421393,812.615164016191,49.9917956486733,49.9974133655963,1001.0444319561,370.595324651487,326.298319041504,326.561572838625,-192.748046434591,-131.588021937817,324.336068378578,-5.84522499928947,1.39062914076644,4.45459585832535
0.119,1029.27994357093,821.135091691768,49.9918092504578,49.9973862458242,1005.48787540774,371.458907845805,326.296986008468,326.561486480306,-102.401688585818,-216.536825226087,318.938513829717,-5.01242827137547,-0.516402219616813,5.52883049096321
0.12,1027.40961034484,829.707477604264,49.9918241340967,49.9973589590724,1009.25524441264,372.889996332058,326.295855797767,326.561343371457,-2.01613183728764,-281.284667320979,283.300799186744,-3.68971855200553,-2.36929424062118,6.05901279279664
0.121,1025.97730269049,837.753434053254,49.9918355320388,49.9973333479976,1011.56898650508,375.726477568737,326.295161675139,326.561059723334,98.8841568279409,-317.905662790744,219.021506000722,-2.00484590680299,-3.99255359332363,5.99739950050828
0.122,1025.87599200096,844.414095345414,49.9918363382437,49.9973121464542,1013.24057448374,379.160741086316,326.294660198745,326.560716296982,190.135137079027,-324.017282756243,133.882145722222,-0.123479228166369,-5.22704421721683,5.35052344597084
0.123,1026.74073068027,849.999893577153,49.9918294568719,49.9972943663062,1016.34509548788,381.076580599746,326.293728842444,326.56052471303,262.370254105441,-297.97093466329,35.600680606973,1.76790517346972,-5.94611213139253,4.17820695869005
0.124,1027.43198614155,855.680812951091,49.9918239560358,49.9972762833782,1020.5886185522,381.796458097645,326.292455785525,326.560452725281,309.399300301253,-243.34481845775,-66.0544817935637,3.48704150887002,-6.08433748207748,2.59729597411178
0.125,1027.28266006422,862.161945506146,49.9918251443349,49.9972556532925,1025.78909676624,381.503751691658,326.29089564206,326.560481995921,326.487230905217,-164.971677066174,-161.515553791674,4.86745662595185,-5.62982236996707,0.762365745001902
0.126,1026.2387087282,869.43313278643,49.9918334518357,49.9972325083846,1030.90039239291,381.240385379246,326.289362253373,326.560508332552,310.377479341834,-69.9385616318699,-240.438917668271,5.76877487459475,-4.62133747655526,-1.14743739703273
0.127,1025.01520252403,876.802585986777,49.9918431881887,49.9972090506865,1035.10211130877,381.815254948791,326.288101737698,326.560450845595,264.563159693657,32.2999642059125,-296.863123866142,6.10568919733586,-3.16122801282714,-2.94446118354592
0.128,1023.30886915544,884.570118834062,49.9918567667582,49.9971843258615,1038.68248798746,382.952041921374,326.287027624694,326.560337166898,192.834314370383,130.877743930621,-323.712058277687,5.84520266966289,-1.39243512966551,-4.45276753913842
0.129,1021.4788504049,892.409816572555,49.9918713295847,49.9971593713286,1041.91200422867,384.400686063704,326.286058769822,326.560192302484,102.311809721715,216.496208479062,-318.808018188742,5.01349690275252,0.51390706414473,-5.52740396619318
0.13,1019.29677693818,900.498745422198,49.9918886939736,49.9971336234684,1044.33274014432,386.561164672956,326.285332549047,326.559976254623,1.65716095642957,281.15731578715,-282.814476742893,3.69125547599675,2.36699800567569,-6.0582534811621
0.131,1017.56844600065,908.072687598706,49.9919024475942,49.9971095148616,1046.75373140616,388.689231310713,326.284606251669,326.559763447959,-99.1415098941368,318.286467388388,-219.144957503621,2.00799963782612,3.99087654995904,-5.99887618748826
0.132,1017.44933545177,913.970617767341,49.9919033954459,49.9970907411668,1049.07718526199,390.875090271418,326.283909215512,326.559544862063,-190.22313741457,324.583861059571,-134.360723662505,0.126184722634453,5.2255762273154,-5.35176094986603
0.133,1017.92796127051,919.182320595531,49.9918995866626,49.9970741518015,1052.62544163139,391.760398644484,326.282844738601,326.559456331226,-262.413451792613,298.459662461052,-36.0462106923273,-1.76609567930203,5.94575925889421,-4.17966357970619
0.134,1017.05111604088,925.702859288236,49.9919065643752,49.9970533962822,1056.97099136029,391.786218380829,326.281541073682,326.559453749252,-308.78964418865,243.429665022655,65.3599791374332,-3.48598701508696,6.08653720302911,-2.60055018823087
0.135,1015.95872284072,932.360317552596,49.9919152573641,49.9970322049344,1061.47582893646,391.615356248381,326.280189622409,326.559470835466,-326.008238758784,164.704368628485,161.303870100073,-4.86525039071667,5.63057823057287,-0.765327840284989
0.136,1013.7027720181,940.10122997847,49.9919332096504,49.9970075648448,1066.57945114495,390.792372218202,326.278658535747,326.559553133869,-310.111301557968,69.303143820218,240.808157708386,-5.76696632417555,4.62226681717025,1.14469950648238
0.137,1010.4577885896,948.770358633702,49.991959032408,49.9969799701513,1070.12588662442,391.452247463707,326.277594605103,326.559487146344,-264.053793055524,-32.7335745721435,296.787367601961,-6.1050898154484,3.16359539391388,2.94149442096908
0.138,1006.909117613,957.661289802607,49.9919872718344,49.9969516694384,1072.33548342763,393.404699975233,326.276931726062,326.559291901093,-193.164217102201,-131.039295643515,324.203512725965,-5.84585817844298,1.39474781208967,4.45111036579966
0.139,1004.98466967462,964.878993592909,49.9920025861045,49.9969286947737,1074.1442674754,395.728509092411,326.276389090848,326.559059520181,-102.349505536375,-216.600337303957,318.949842828143,-5.01478172505614,-0.511221417058612,5.52600314162441
0.14,1003.6712393406,971.395589749201,49.992013038051,49.9969079518039,1076.05596903977,397.857811770907,326.275815580378,326.558846589913,-2.4188400444052,-280.982079181303,283.400919221794,-3.69316641941286,-2.36507123033052,6.05823764935905
0.141,1002.93724471555,977.280770580895,49.9920188789946,49.9968892186915,1078.86849694424,399.050307262174,326.274971822007,326.558727340364,98.5703519488542,-317.929118596391,219.358766651827,-2.01044528218117,-3.98850837092006,5.99895365285352
0.142,1002.01687214723,983.315840139139,49.9920262030868,49.9968700084684,1081.96262792246,399.937621971829,326.274043582714,326.558638608893,190.012005185554,-323.802264157387,133.7902589834,-0.129170189686751,-5.22420916957878,5.35337935917006
0.143,1000.71924894817,989.608443465541,49.9920365292441,49.9968499784899,1085.82332389682,399.979613059268,326.272885373921,326.558634409784,262.237726148828,-298.20579630972,35.9680701781236,1.76261246219452,-5.94370453333128,4.18109207119341
0.144,998.560851687916,996.732705706608,49.9920537052238,49.9968273012589,1089.70135348105,399.97185249554,326.271721965046,326.558635185841,309.146590546556,-243.296824093605,-65.849766431984,3.48371020681685,-6.08516491444633,2.60145470782285
0.145,996.205700765773,1004.01656888782,49.9920724469193,49.9968041160023,1093.32056908127,400.166879651321,326.270636200366,326.558615683125,326.413509219571,-165.127544327517,-161.285964869235,4.86427556161743,-5.63166281805466,0.7673872567428
0.146,993.815075739032,1011.24074655978,49.9920914709089,49.9967811207306,1096.25806743187,401.008938710512,326.269754950861,326.558531477219,310.177255309562,-69.8281246425533,-240.349130644314,5.76666066387946,-4.62419615199318,-1.14246451150113
0.147,991.374701362328,1018.45185390927,49.9921108907911,49.996758167063,1098.96757090379,402.012973804066,326.268942099819,326.55843107371,264.885957297653,31.5893614469894,-296.475318723602,6.10511781505936,-3.16573735561237,-2.93938045901739
0.148,989.107462347687,1025.445050017,49.9921289329059,49.9967359070284,1102.36921583751,402.278478230038,326.267921606339,326.558404523267,192.848032418497,130.707023672216,-323.555056072858,5.84750633476259,-1.39851616404464,-4.44899017027941
0.149,986.349108500135,1032.86774242393,49.9921508831884,49.9967122798647,1105.39960907206,402.899858886131,326.267012488369,326.558342385202,102.427679929563,216.160825711852,-318.588505627873,5.01604685796601,0.508398345057333,-5.52444520260978
0.15,983.305875842674,1040.51129368241,49.9921751004644,49.9966879496854,1108.14102926293,403.733937429812,326.266190062312,326.558258977347,2.07097190978968,281.161082092024,-283.232053993098,3.6949452838918,2.3633687146366,-6.05831399816883
0.151,980.486280597905,1047.86120293284,49.9921975380905,49.9966645541976,1110.06212988779,405.343752721826,326.265613732124,326.558097995818,-99.0380503998292,318.646161021848,-219.608110618184,2.01200593650213,3.98672658505991,-5.99873252127733
0.152,978.929042717847,1053.91644483781,49.9922099301958,49.996645279764,1111.66386995599,407.25039442641,326.265133210104,326.557907331648,-190.125369924769,324.534211372344,-134.408841448242,0.131176133258722,5.22255126958199,-5.35372740264315
0.153,978.022376385964,1059.24651493152,49.9922171452172,49.9966283136239,1114.48441168844,407.885972581934,326.264287047584,326.557843773832,-261.983040606054,298.38829946253,-36.4052588604824,-1.76131456081932,5.94416508344392,-4.18285052251572
0.154,976.030195462783,1065.63691796006,49.9922329984893,49.9966079723393,1118.09630589283,407.679002169023,326.263203479323,326.557864470873,-308.867675185458,243.688590222136,65.1790849573995,-3.48221787060711,6.08693636363089,-2.60471849299397
0.155,973.658603356132,1072.33296428434,49.9922518710196,49.9965866581619,1121.73247195849,407.410348525082,326.262112629503,326.557891336238,-325.811321298244,164.641776261989,161.169545029926,-4.86170579126725,5.63216858356453,-0.770462792328516
0.156,970.609392971959,1079.6410064047,49.9922761358649,49.9965633959413,1125.19624535866,407.286792157996,326.261073497483,326.557903691875,-310.093435841037,69.5151194973649,240.578316338563,-5.76507543786254,4.6253709757742,1.13970446202078
0.157,967.230824511938,1087.24116171486,49.9923030216584,49.9965392038956,1128.34252498302,407.410129854766,326.260129613595,326.557891358105,-264.780679100468,-32.3908724488878,297.171551546956,-6.10507553530497,3.16815200522916,2.93692353000078
0.158,963.513074838801,1095.12189755159,49.9923326065703,49.9965141187343,1130.61824072506,408.363316296093,326.259446898873,326.557796039461,-193.41018539524,-130.77492491027,324.18511030656,-5.84809268822669,1.40112406791359,4.44696862025909
0.159,960.341570688241,1102.40053690099,49.9923578445984,49.9964909501057,1132.02743782667,410.181046714843,326.259024139742,326.557614266419,-103.01869467765,-215.946702917501,318.96539759984,-5.0176084919702,-0.505524312410063,5.52313280436927
0.16,958.164858734094,1108.61182677031,49.9923751663218,49.996471178956,1133.892382501,411.460377734659,326.25846465634,326.557486333317,-2.88775096944226,-280.697456975685,283.585207952579,-3.6969786102047,-2.35956406544004,6.05654267568687
0.161,955.938216788241,1114.85336946913,49.9923928853754,49.9964513115085,1136.35394805922,412.128801200869,326.257726186673,326.55741949097,98.3707036092583,-317.952133501892,219.581429902121,-2.01465688227039,-3.98488334697042,5.9995402293374
0.162,953.949910028971,1120.80095427337,49.9924087078178,49.9964323797581,1138.8473764373,412.741876056014,326.256978158159,326.557358183485,189.652855950996,-323.935061918843,134.282205978262,-0.133118553179705,-5.22093223721207,5.35405079053628
0.163,951.742977740604,1126.90982293114,49.992426270027,49.9964129346252,1142.15146318148,412.471893719914,326.255986932136,326.557385181718,262.128708726801,-298.202732574206,36.0740238571531,1.75858090351833,-5.94312031399926,4.18453941065699
0.164,948.974858666872,1133.54442418931,49.9924482980187,49.9963918160335,1145.7430616724,411.880660812568,326.254909452589,326.557444305009,309.103814889449,-243.674972921032,-65.42884196066,3.47855581491749,-6.08552353373423,2.60696771900253
0.165,944.659351529861,1141.69272787159,49.9924826397333,49.9963658791774,1149.28244227145,411.315571340051,326.253847638409,326.557500813956,326.421185143076,-165.37864011097,-161.042545027568,4.86005229394396,-5.63300953782534,0.772957244052506
0.166,940.087047673471,1150.01750369116,49.9925190249713,49.9963393805929,1151.18187273079,412.361744729176,326.253277809271,326.557396196617,310.390498410185,-70.1846465047591,-240.205851904897,5.76407122186832,-4.62704267988931,-1.13702854184689
0.167,936.542985956446,1157.27376625568,49.9925472277184,49.9963162831918,1152.15504688636,414.269883179429,326.252985857024,326.557205382772,265.12123428503,31.4643169491802,-296.585551238325,6.10528707852089,-3.17050425209895,-2.93478282635074
0.168,934.014887772693,1163.4511380853,49.9925673456845,49.9962966200066,1152.76722037494,416.523550890397,326.252802204978,326.556980016001,193.245591080575,130.166685668051,-323.412276757521,5.84781790719757,-1.40224716684052,-4.44557074036378
0.169,932.3881586433,1168.70956724802,49.9925802907836,49.9962798819067,1154.37193300523,417.764910413598,326.252320791189,326.556855880049,102.386564441928,216.152804668226,-318.53936912354,5.01862819641467,0.503818209600137,-5.52244640610947
0.17,930.654515278291,1174.00729301301,49.9925940866791,49.9962630187218,1157.25486788435,417.652351916616,326.251455910725,326.556867135899,2.10130688052414,281.131573802207,-283.232880700341,3.69876022753059,2.35787569201758,-6.05663591973599
0.171,928.995489952986,1179.21244037039,49.9926072887832,49.9962464502232,1160.37439888384,417.288640116243,326.250520051425,326.556903507079,-98.7751506472993,318.42875766215,-219.653607035628,2.01690248971545,3.98356608722038,-6.0004685772145
0.172,926.175398961304,1185.53835679726,49.9926297303543,49.9962263142058,1163.87451305663,416.518674537534,326.249470017173,326.556980503637,-189.636194745565,324.573251425594,-134.937056702611,0.136349539106388,5.21940885960469,-5.35575839906949
0.173,922.341755149843,1192.80821580507,49.9926602375224,49.9962031735259,1166.83325157702,416.243553859793,326.248582395617,326.557008015704,-261.736063668684,298.540942887917,-36.8048792418456,-1.75554660180666,5.94233536714451,-4.18678876575571
0.174,918.108579643061,1200.44137940173,49.9926939240627,49.9961788764115,1169.47191176094,416.253591901122,326.247790797562,326.5570070119,-308.791159388945,243.711915478743,65.0792438884418,-3.47636993665245,6.0852854554178,-2.6089155192176
0.175,913.825078003906,1208.10892154479,49.9927280110857,49.9961544698669,1171.17032533862,417.181172630755,326.247281273489,326.556914253827,-325.742335096521,164.89216460077,160.850170475733,-4.85894030800945,5.63425472277436,-0.77531441522968
0.176,910.145471510949,1215.08987947795,49.9927572924638,49.9961322487876,1172.31036339674,418.644297042599,326.246939262071,326.556767941386,-310.238624768372,69.7643184568322,240.474306295385,-5.76349711048827,4.62871899262414,1.1347781174137
0.177,907.320193371879,1221.1882852066,49.9927797753129,49.9961128369593,1173.53111249171,419.977962260242,326.246573037343,326.556634574864,-264.849641957244,-31.9470047391245,296.796646685458,-6.10475167007069,3.17219782562777,2.93255384403909
0.178,904.629211718422,1227.1124163449,49.9928011894645,49.9960939798642,1175.46398654165,420.561782043616,326.245993175128,326.556576192886,-193.173496114163,-130.944139248897,324.117635356934,-5.84874840977641,1.40580624876514,4.44294216067925
0.179,901.943941561589,1232.98502589495,49.9928225581654,49.9960752867674,1177.57608938683,420.968957179704,326.245359544274,326.556535475372,-103.07343614232,-216.151451700168,319.224887841002,-5.01905103520509,-0.50151562222751,5.52056665718575
0.18,899.06483724887,1239.01676187431,49.9928454693496,49.9960560871555,1179.52526863908,421.461309819118,326.244774790499,326.556486240108,-2.8112941130438,-280.90902271263,283.720316828277,-3.7003723110253,-2.35587309819074,6.05624540906066
0.181,895.907055938893,1245.29210014337,49.9928705981748,49.9960361121334,1181.70934273479,421.701794143071,326.24411956827,326.556462191676,98.1032646319161,-317.847080499883,219.743815873737,-2.01937438763527,-3.98089425455287,6.0002686421216
0.182,892.875396827631,1251.41723216545,49.9928947233515,49.9960166152326,1183.86054056941,421.968284053225,326.24347420892,326.556435542685,189.368857503486,-323.802234666604,134.433377170884,-0.1391559889578,-5.21827594958515,5.35743193855556
0.183,889.790228611136,1257.52110839947,49.9929192743401,49.9959971859911,1186.24819656905,421.950782571702,326.24275791212,326.556437292833,261.722572165155,-298.256310406258,36.5337382492897,1.7533878564134,-5.94162682314846,4.18823896680899
0.184,885.923384985984,1264.40281436692,49.9929500457039,49.9959752808407,1188.66207084647,421.883662679163,326.242033749836,326.556444004822,309.128491744851,-243.94574032487,-65.1827514130805,3.4757169236796,-6.08599999447653,2.61028307090677
0.185,882.474470435422,1270.81551733649,49.9929774912939,49.9959548685732,1190.34250974171,422.504409978721,326.241529618168,326.556381930093,326.311308092405,-165.45647544609,-160.854832642046,4.85646462366429,-5.6346938227144,0.778229199167355
0.186,879.457665043749,1276.75145376508,49.9930014982684,49.9959359739007,1192.35232162883,422.809556636524,326.240926674602,326.556351415427,310.341433754636,-70.5231285478322,-239.818305206883,5.76247496146288,-4.62983844486491,-1.13263651650398
0.187,876.407284477319,1282.70067848632,49.9930257724257,49.9959170369302,1194.69039482724,422.712062908266,326.240225252642,326.5563611648,264.756921503845,31.4106619673857,-296.167583476772,6.1048490961122,-3.17454211277557,-2.9303069832982
0.188,872.869048817499,1289.08515940124,49.9930539288104,49.9958967144963,1196.85854206305,422.772477615184,326.239574808471,326.556355123329,193.60397682902,130.042649917755,-323.64662675825,5.84942925351764,-1.40756631961479,-4.44186293394722
0.189,869.54682504446,1295.23403495812,49.9930803662272,49.9958771420175,1199.18782994132,422.671230501526,326.238876022108,326.55636524804,102.961803918041,215.692368935473,-318.654172870902,5.02115795050107,0.498971009022082,-5.52012895967004
0.19,865.721255297423,1301.83739346032,49.993110809144,49.9958561228746,1201.23848133723,422.765930679532,326.238260826689,326.556355778022,2.75053003131433,280.643371690941,-283.393901744872,3.70287736221827,2.35326108980909,-6.05613845228659
0.191,861.785711420487,1308.49796783305,49.9931421272071,49.9958349216079,1202.33036867032,423.819311803496,326.237933260489,326.55625043991,-98.1120149622368,318.08428542632,-219.972270490887,2.02101177270921,3.97880635183117,-5.99981812491153
0.192,858.784336400644,1314.23010201985,49.9931660113906,49.9958166756581,1203.18724228148,425.102128397806,326.237676198406,326.556122158251,-189.676421451031,324.449352630529,-134.772931209057,0.140534304645344,5.21710518901499,-5.35763949413285
0.193,856.352588491811,1319.31642402623,49.9931853626256,49.9958004853923,1203.9707227095,426.394507818051,326.237441154278,326.555992920309,-261.700368154043,298.64205672099,-36.9416885975998,-1.7513016180556,5.94090242797585,-4.18960081047472
0.194,854.176538063505,1324.14114102346,49.9932026790847,49.9957851278411,1205.29947001771,427.125617400355,326.237042530085,326.55591980935,-308.624729887052,244.054863247289,64.5698666097913,-3.47267169970553,6.08582916750218,-2.61315746840587
0.195,851.397411860538,1329.55703280253,49.9932247946683,49.9957678885221,1207.6961765591,426.78169059775,326.236323518123,326.555954202031,-325.772032430799,165.485076843582,160.286955560046,-4.8558421679862,5.63604791458477,-0.780205747229335
0.196,848.520871989102,1335.01184531833,49.9932476854453,49.9957505253146,1210.48723481512,426.020266334607,326.235486200646,326.556030344457,-309.954876873737,70.1098984698742,239.844978381231,-5.76179137609194,4.63206936238808,1.12972201308984
0.197,845.12384265863,1340.95978738114,49.9932747181458,49.995731592427,1213.76435303476,424.734046041396,326.23450306518,326.556158966486,-265.155691362864,-31.7613044662348,296.916995811942,-6.10446599448529,3.17621628320603,2.92824971071731
0.198,841.275863675883,1347.32550475688,49.9933053393896,49.9957113297193,1216.09183234578,424.35964029849,326.233804821387,326.556196407061,-193.66996277316,-130.33819123719,324.008153999455,-5.85031268259492,1.41005211222961,4.44026056988421
0.199,836.992652138785,1354.09428831289,49.993339424104,49.9956897840121,1217.80469698359,424.610103049675,326.233290961995,326.556171360785,-103.348610266139,-215.927347999871,319.275958260853,-5.02236734857819,-0.496176876087223,5.5185442242873
0.2,832.671138942207,1360.86663409711,49.9933738136134,49.9956682269659,1219.2627372728,425.055773548993,326.232853549909,326.556126793735,-3.29357120747782,-280.50491462542,283.798485831295,-3.70474868317401,-2.35127427914951,6.05602296204963
0.201,828.883383119672,1367.06161574092,49.9934039556165,49.9956485077269,1219.7306090609,426.478491821797,326.232713188372,326.555984521908,97.7881069059122,-317.854857363982,220.066750458428,-2.02347796495491,-3.97674785439871,6.00022581917013
0.202,825.945840199492,1372.40546229902,49.9934273318403,49.995631497735,1220.53862653369,427.564099002855,326.23247078313,326.55587596119,189.305625548428,-323.997578105669,134.691952557624,-0.143514723501408,-5.21559668005837,5.35911140344331
0.203,823.371877331066,1377.32095808137,49.993447814786,49.9956158512259,1221.70679607531,428.240467416305,326.232120332268,326.555808324349,261.822501604972,-298.222724660358,36.4002230538452,1.74972641975595,-5.94044019953566,4.19071377969963
0.204,820.712170801761,1382.31005716364,49.9934689800581,49.9955999704303,1222.68585658995,429.067077247015,326.231826614113,326.555725663366,309.194602978592,-244.336590458047,-64.8580125257144,3.47028911671086,-6.08563421271091,2.61534509592081
0.205,818.123759312799,1387.22089817303,49.9934895779822,49.9955843387379,1224.8028568221,428.764637951002,326.231191514044,326.555755907295,326.226667425124,-165.757433396091,-160.469234039276,4.8541152523403,-5.63641683246859,0.782301580013836
0.206,815.075328871609,1392.53657031424,49.9935138366209,49.995567418428,1227.14814728088,428.207883800087,326.230487926906,326.55581158271,310.502877118509,-70.6454473644247,-239.857429769758,5.76073127598129,-4.6327821333155,-1.12794914284663
0.207,811.68476755613,1398.18270471631,49.9935408178506,49.995549446224,1229.0984698273,428.010357199499,326.229902830142,326.55583133537,265.464891473149,31.1580218549615,-296.622913349165,6.10487021870403,-3.17839582815682,-2.92647439081515
0.208,808.101050886336,1403.98890789273,49.9935693361617,49.9955309645053,1231.722185227,427.128144198998,326.229115715522,326.555919556671,193.714080878018,129.75808214179,-323.472163045752,5.85065399458557,-1.41167683074474,-4.43897716420749
0.209,803.726094336511,1410.56565406455,49.9936041509597,49.995510030072,1233.57644120313,426.984847826592,326.228559438729,326.555933886308,102.953548809226,215.747673717917,-318.701222557743,5.02409565031662,0.493104115447375,-5.5171997662322
0.21,799.335160487699,1417.09748761345,49.9936390929011,49.9954892386001,1233.85466288921,428.389178743098,326.228475972224,326.555793453216,2.806695614606,280.783930180345,-283.590625829609,3.70594516175746,2.34857781830855,-6.05452298063777
0.211,795.555239139778,1423.0003977366,49.9936691725594,49.9954704490536,1233.91773058059,429.995406195055,326.228457051916,326.555632830471,-98.0604065773539,318.393394925082,-220.332988384763,2.02538855783696,3.97537256379583,-6.0007611222984
0.212,793.566887191593,1427.10607621835,49.9936849953615,49.9954573802731,1233.91367958588,431.670710310649,326.228458267215,326.555465300059,-189.350908300251,324.603640569835,-135.252732306982,0.145152108141428,5.21479129729019,-5.35994340616998
0.213,792.307649575751,1430.43166732827,49.993695016056,49.9954467945878,1234.88313624979,432.321425648568,326.228167430215,326.555400228526,-261.431902981221,298.787906849344,-37.3560039041867,-1.74692763921962,5.94012822248907,-4.1932005840516
0.214,790.628638925601,1434.17144319926,49.9937083771983,49.9954348905115,1237.12746595066,431.672340839761,326.227494131305,326.555465137006,-308.511589007485,243.999341337098,64.5122476373937,-3.46803360988665,6.0858468506794,-2.61781324158556
0.215,787.921273143407,1438.93779617601,49.9937299217306,49.9954197187387,1240.27070150929,430.127473399563,326.226551160638,326.55561962375,-325.75826886884,165.389950001964,160.368318838388,-4.8528371915607,5.63770280244219,-0.784865611650121
0.216,784.250488151525,1444.60258465865,49.9937591329094,49.995401687157,1243.0720141021,428.91343515513,326.22571076686,326.555741027575,-310.037819376289,69.9683524091967,240.0694669436,-5.75970098513219,4.63373437880613,1.12596660561219
0.217,779.923637563035,1450.91356484242,49.9937935648924,49.9953815986831,1244.90860207665,428.616664512668,326.225159790467,326.555770704639,-264.8042773701,-31.6778668387993,296.482144190613,-6.10376324104624,3.17926395563968,2.92449928477
0.218,775.650153819746,1457.14206035091,49.9938275721955,49.9953617727662,1246.02292998287,429.022745127839,326.224825492096,326.555730096578,-193.944259511007,-130.080001223121,324.02426072099,-5.85119363472411,1.41432830465305,4.43686532952697
0.219,771.929775029098,1462.80244281609,49.9938571780292,49.9953437552092,1246.91503767349,429.666964048083,326.224557859788,326.555665674686,-103.622130891377,-215.623676584541,319.245807467166,-5.02531492487289,-0.491868108364662,5.51718303279304
0.22,768.503120184847,1468.13599597855,49.9938844464821,49.9953267779822,1247.63949677647,430.422098817297,326.224340522057,326.555590161209,-3.29343070192808,-280.283397962643,283.57682865895,-3.70834681841822,-2.34694482788827,6.05529164595748
0.221,764.795367256922,1473.7142340109,49.9939139518424,49.9953090218991,1247.62804301975,431.903311169126,326.224343958184,326.555442039973,97.4152465136965,-317.367711696637,219.952465178982,-2.02816858578158,-3.97322887228789,6.00139745780252
0.222,762.409898068952,1477.95989554686,49.993932934803,49.9952955075386,1247.87378603549,433.137337749826,326.22427023528,326.555318637315,189.345812113313,-324.218757331176,134.87294521382,-0.147514262475504,-5.21319866509826,5.36071292736731
0.223,760.905967173095,1481.28577055446,49.9939449027048,49.9952849209497,1248.86902875929,433.568822477826,326.223971662463,326.555275488843,261.601066527992,-298.0927058456,36.4916393113043,1.74421299098677,-5.938991974525,4.19477898336109
0.224,758.972855777109,1485.01434014159,49.9939602859165,49.9952730525441,1250.41893626978,433.430884871891,326.223506690209,326.555289282603,309.085270715619,-244.413103394368,-64.6721673316606,3.46654151388781,-6.08505304200575,2.61851152793409
0.225,756.324230199733,1489.49350937207,49.9939813630092,49.9952587949056,1252.95003565059,432.307509293041,326.222747360395,326.555401620161,326.119376501926,-165.706204933758,-160.41317158431,4.85136690670615,-5.63812028616236,0.786753379227968
0.226,752.863903938748,1494.71148682799,49.9940088994106,49.9952421855675,1255.58676893643,431.074167215856,326.221956340409,326.555524954369,310.451273181913,-70.6911047626504,-239.76016844204,5.75898903958478,-4.63542528724819,-1.12356375264389
0.227,748.922310472516,1500.40741874911,49.9940402656148,49.9952240548531,1257.82708158826,430.193670852717,326.221284246614,326.555613004005,265.137765389281,30.8058391768297,-295.943604595761,6.10389261369204,-3.18155813008028,-2.92233448402523
0.228,744.436595280177,1506.62636157729,49.9940759618021,49.9952042593432,1259.24856798548,430.114147543242,326.220857800695,326.555620956336,194.08266800586,129.745898373591,-323.828566415846,5.85175442477827,-1.41606126543864,-4.43569315987778
0.229,740.214232193229,1512.54747290104,49.9941095623,49.9951854118605,1259.26941802543,431.442289275077,326.220851545683,326.555488142163,103.189537063261,215.648755352641,-318.838292459282,5.02617725970451,0.489708243245992,-5.51588550362347
0.23,737.539091166833,1516.87451407269,49.9941308503959,49.9951716384607,1258.40479006345,433.610267098378,326.221110934071,326.555271344381,3.07518082389203,280.680103980752,-283.755284855271,3.70902598884491,2.34519605446857,-6.05422204413431
0.231,735.575831669584,1520.5035462798,49.9941464735185,49.9951600868924,1258.54863480313,434.763525074576,326.221067780649,326.555156018583,-97.8580744987286,317.968422941087,-220.110348498576,2.02998369871296,3.97189519780705,-6.00187889748944
0.232,733.677033119629,1524.05442195302,49.9941615836773,49.9951487841041,1259.31540166809,435.293121831698,326.22083775059,326.555103058907,-189.250757676448,324.548126615144,-135.297368998319,0.150860126934953,5.2117550333459,-5.36261516138356
0.233,732.169018221466,1527.15636719096,49.9941735840786,49.9951389103057,1260.9626582565,434.915423071784,326.220343573613,326.555140828783,-261.390472820921,298.839646272894,-37.4491735136093,-1.7424364237918,5.93800267611329,-4.19556625353245
0.234,729.635083980305,1531.30831446075,49.9941937484866,49.9951256942471,1262.96431719637,434.155874178115,326.219743075931,326.555216783673,-308.523345313673,244.213526177384,64.3098190731551,-3.46486817963332,6.08648991409972,-2.62162173576405
0.235,726.82346940774,1535.69873330425,49.9942161226044,49.9951117191099,1264.80630623159,433.563281244628,326.219190479221,326.555276042966,-325.930673414197,165.895610223104,160.035063128345,-4.84986372723696,5.63802929207651,-0.788165566198718
0.236,724.053663437039,1540.02313145232,49.99423816402,49.9950979541231,1266.4052573022,433.192354684631,326.2187107939,326.555313135622,-310.202423455616,70.4001936347335,239.802229758313,-5.75813117277404,4.63650800750125,1.1216231638759
0.237,721.131201601187,1544.48988288237,49.9942614202324,49.9950837360117,1268.20602775524,432.583499234301,326.218170562764,326.555374021167,-265.476013298746,-31.0838856906629,296.559898927504,-6.10407221696342,3.18434512048259,2.91972709506078
0.238,718.0216922145,1549.13071164391,49.9942861649218,49.9950689637949,1269.92449468504,432.058978752591,326.217655022685,326.555426473215,-193.898874879793,-130.130617968398,324.029492787328,-5.852292295729,1.41820149528399,4.43409079901708
0.239,713.8996405707,1554.77660710649,49.9943189671666,49.9950509923515,1271.18160774808,432.003008185187,326.217277888766,326.555432070272,-103.891927900134,-215.386251596155,319.278179437255,-5.02846407935951,-0.486977421458734,5.51544149939467
0.24,710.347381444054,1559.78594034905,49.9943472351465,49.9950350471486,1271.75613766492,432.57858341326,326.217105529791,326.555374512749,-3.84298681560341,-280.172561483862,284.015548243942,-3.71143440818093,-2.34303539082943,6.05446979761149
0.241,707.980478322942,1563.6159744943,49.9943660703631,49.9950228557712,1271.66012914973,433.822021347285,326.217134332345,326.555250168956,97.163382361123,-317.438236541819,220.27485412929,-2.03197622517274,-3.97044434219823,6.00242056601987
0.242,705.690060777187,1567.36683522647,49.9943842969268,49.9950109164107,1271.93179104549,434.697642109861,326.217052833777,326.555162606879,188.85164152673,-323.891073777041,135.039432202643,-0.152762151441445,-5.21054984754966,5.36331199770376
0.243,702.753725690183,1571.69983045141,49.994407663539,49.9949971240585,1272.28987684466,435.45487448397,326.216945408037,326.555086883642,261.527189050376,-298.476599686812,36.9494105914164,1.74038757877142,-5.93706764041472,4.19668006042315
0.244,699.98748918932,1575.88065386553,49.9944296765497,49.9949838160843,1272.70382688864,436.143124171242,326.216821223024,326.555018058673,309.067629106482,-244.440312786272,-64.6273163632671,3.4636695236461,-6.08648108557306,2.62281156076995
0.245,698.197149881877,1579.06754431702,49.9944439236172,49.9949736718969,1273.43873086588,436.501127872629,326.216600751831,326.554982258303,326.2973595612,-166.15055353836,-160.146806064808,4.84872886392518,-5.63931981504985,0.790590950021813
0.246,696.585264736176,1582.04997265306,49.9944567505916,49.9949641785327,1274.92223677438,436.105153755208,326.216155700058,326.555021855715,310.924486864659,-70.9111803983415,-240.01330650802,5.75785730902415,-4.63863279699648,-1.1192245130889
0.247,694.384691429727,1585.60924527108,49.9944742621976,49.9949528490161,1276.636767554,435.452192600857,326.215641340824,326.55508715183,265.431763788117,30.7255248770623,-296.157288707208,6.10331250460466,-3.18471465120651,-2.91859785443162
0.248,690.835145116722,1590.50735098317,49.9945025085897,49.9949372578613,1278.1145414377,435.020411072551,326.215198008659,326.555130329983,194.23754535722,129.280628307477,-323.518173707582,5.85253458114889,-1.41970396229952,-4.43283061986886
0.249,687.532227001345,1595.1402363924,49.9945287923769,49.9949225109291,1279.12382148679,435.059121878931,326.214895224644,326.555126458903,103.51394647332,215.507979784622,-319.021926301144,5.02870663845527,0.485287930479356,-5.51399456995024
0.25,684.840546480333,1599.12154721231,49.9945502120899,49.9949098380231,1279.63793117153,435.562255026534,326.214740991739,326.555076145588,3.25088892199102,280.481862084325,-283.732751049417,3.7127855438445,2.34133875071588,-6.05412429557268
0.251,683.119972978416,1602.12098258214,49.9945639039788,49.9949002905238,1279.93991172836,436.258734822823,326.214650397572,326.555006497608,-97.726578933145,318.079407708427,-220.352828818203,2.03390061417728,3.96806177598663,-6.00196239117294
0.252,680.895076425687,1605.64426741952,49.994581609143,49.9948890755599,1280.51496264867,436.706656297716,326.214477882296,326.554961705461,-188.959909017846,324.692164677777,-135.732255702491,0.154521061609445,5.20982905145757,-5.36435011407118
0.253,679.174131900014,1608.60715575371,49.9945953039844,49.9948796443934,1281.80036623888,436.407334838011,326.214092261219,326.554991637607,-261.282717182158,298.83120142059,-37.5484842806501,-1.7386068643375,5.93782715634444,-4.19922029300525
0.254,677.464967657846,1611.5716295297,49.9946089050813,49.9948702081803,1283.50415639778,435.683709755001,326.213581124171,326.555064000115,-308.460511972359,244.377798425189,64.0827135055041,-3.46285881578791,6.08728994580376,-2.62443113100713
0.255,675.003647099107,1615.28358958301,49.994628491648,49.9948583926445,1285.65531029338,434.488751668153,326.212935778002,326.555183495924,-325.449600753676,165.791817389316,159.657783323408,-4.84717816680682,5.64056325244887,-0.793385086623835
0.256,671.109400849565,1620.37594675757,49.994659481075,49.9948421831681,1286.88537365839,434.214075595531,326.212566758993,326.555210963531,-310.311504066881,70.8126681002891,239.498835926555,-5.75615008148287,4.63949775508752,1.11665232542608
0.257,666.946822532239,1625.74800491149,49.9946926058207,49.9948250833759,1287.33289520386,434.698011519133,326.212432502529,326.555162569938,-265.160505337701,-30.7057116967511,295.866216995312,-6.10376713506355,3.18795161387459,2.91581552023473
0.258,663.430780722222,1630.41267506867,49.9947205855924,49.9948102352697,1286.36452834054,436.587440677507,326.212723012588,326.554973627023,-194.300886417955,-129.695185782287,323.996072161507,-5.85232259582592,1.42187556925184,4.43044702563597
0.259,661.824069480503,1633.19472448596,49.9947333713942,49.9948013797313,1285.07058380022,438.816622763505,326.21311119595,326.554750708814,-104.121935907898,-215.453963741199,319.575899610014,-5.03012449253612,-0.483544778905095,5.51366927051091
0.26,661.094204659617,1635.06513673215,49.994739179474,49.9947954260242,1285.11980045218,439.662136865487,326.213096430955,326.554666157404,-3.94227231127267,-280.016608995804,283.958881267907,-3.71414413140834,-2.33950200094834,6.05364613142965
0.261,660.270058924626,1637.01634147502,49.9947457378173,49.9947892151466,1285.90612357264,439.755175238186,326.212860534019,326.554656853567,97.0724055519282,-317.465490514771,220.393084923775,-2.03602315850804,-3.96647997880696,6.00250313638978
0.262,659.156805351859,1639.27799422886,49.9947545968078,49.9947820160823,1287.32236110129,439.246730919318,326.21243566276,326.554707697998,188.730066196793,-323.909403126031,135.179336890129,-0.156288262700431,-5.20911877299864,5.36540703477582
0.263,657.529603407296,1642.00723691055,49.9947675456694,49.9947733286331,1289.82681580223,437.609369839153,326.21168432635,326.554871434106,261.424737045333,-298.451094015083,37.0263569284044,1.73695034626578,-5.93718337431208,4.20023302711388
0.264,654.825972467639,1645.81148654412,49.9947890604808,49.9947612193304,1292.11188857496,436.172043945026,326.210998804518,326.555015166696,308.835918139476,-244.291393768197,-64.5445244156761,3.46023628507208,-6.08674847962369,2.62651219359063
0.265,651.15210910799,1650.58221851123,49.9948182961565,49.9947460336189,1293.46053265072,435.676944431856,326.210594211295,326.555064676647,326.294291154281,-166.140507529205,-160.15378367264,4.84612073333982,-5.64072191633008,0.794601181985012
0.266,647.790225633517,1655.01230994847,49.9948450491752,49.9947319321999,1293.92346863132,436.067205231009,326.210455330501,326.555025650567,310.537147207131,-71.0432103782753,-239.493936878732,5.75670025653336,-4.6410081368495,-1.11569212074056
0.267,644.727985209518,1659.11764649482,49.9948694177102,49.9947188645078,1293.77153343588,437.02823116929,326.21050091106,326.554929547973,265.344736459242,30.3691969850917,-295.713933495481,6.10333748791007,-3.18884069944947,-2.91449678956455
0.268,642.358210134816,1662.51612819925,49.9948882757811,49.9947080468045,1292.88201390222,438.737810083472,326.21076776692,326.554758590082,193.85844582889,129.281069475596,-323.139515356141,5.85351127645525,-1.4238871679153,-4.42962410968154
0.269,641.125870748944,1664.78932869927,49.9948980824263,49.9947008109826,1292.44155664377,439.999015588606,326.210899904097,326.554632469532,103.817926488203,215.098688987271,-318.916615527085,5.03132785482742,0.481252020764806,-5.51257987675892
0.27,640.571829177206,1666.33306208379,49.9949024913491,49.9946958971266,1292.04944109011,441.1732639992,326.211017538763,326.55451504469,3.82660406513454,280.223489237497,-284.050093353851,3.71567796428996,2.33741200343802,-6.0530899689094
0.271,640.352484309056,1667.5636557055,49.9949042368401,49.9946919800255,1293.01546842395,440.995352770831,326.210727730563,326.554532835813,-97.2926735501577,317.855333479548,-220.562659979659,2.03738115553005,3.96601094385294,-6.00339210056823
0.272,639.441049654296,1669.49362543957,49.9949114898066,49.994685836741,1294.87537475126,439.92546638735,326.210169758665,326.554639824452,-188.698968073334,324.676071485725,-135.977103461017,0.158370450635248,5.20792382486682,-5.36629427667828
0.273,637.854552789865,1672.05318802837,49.9949241147475,49.9946776894003,1297.11913338062,438.446825416348,326.209496631076,326.554787688549,-261.191665726744,299.235526738223,-38.043861058195,-1.73432720656308,5.93704290223604,-4.20271569682862
0.274,634.988084863468,1675.90845373267,49.9949469253745,49.9946654177084,1299.35557658291,436.964931603695,326.208825698116,326.55493587793,-308.460600481987,244.735153524129,63.725446912887,-3.45835868453627,6.08733681734001,-2.62897813393105
0.275,631.559226008381,1680.28599305223,49.9949742113663,49.994651483568,1300.52557364137,436.552938573008,326.208474698998,326.554977077233,-325.545802365262,166.0814369889,159.464365333736,-4.84400603477778,5.64067246524392,-0.796666431557592
0.276,628.202556447811,1684.57549878316,49.9950009228939,49.9946378296471,1300.52812768309,437.289899556081,326.208473932785,326.554903381135,-310.543455323346,70.8956528159582,239.647802467944,-5.75494244135234,4.64177233397532,1.11317010633221
0.277,625.121614232716,1688.58687728023,49.9950254402531,49.9946250610328,1299.40332498577,439.130921548853,326.208811373595,326.554719278936,-265.67399471186,-30.8571672577432,296.531161932819,-6.10364543121655,3.19090082701613,2.91274460321079
0.278,624.214787178525,1690.38245569326,49.9950326565535,49.9946193455292,1298.02193711585,441.23971175821,326.209225789956,326.554508399915,-194.22023923454,-129.627904497339,323.848143696766,-5.8537947996986,1.42514154677412,4.42865325198871
0.279,624.432208329271,1691.07734662006,49.9950309263709,49.9946171336227,1297.46950953994,442.516277895794,326.209391518228,326.554380743301,-104.201326809925,-215.224871092871,319.426197867827,-5.03192084016253,-0.479637978707588,5.51155881797708
0.28,624.996873015072,1691.39949932422,49.9950264329121,49.9946161081788,1298.39107354928,442.283935587735,326.209115049026,326.554403977532,-3.84605737777713,-280.393153722951,284.239211064147,-3.71724929342175,-2.33627368077822,6.05352297332842
0.281,624.282047916003,1693.00406930102,49.9950321213095,49.9946110006739,1300.49292445135,440.859336418944,326.208484493755,326.554546437448,96.8427002581687,-317.38896157139,220.546261273379,-2.03941242927354,-3.96369296757645,6.00310539597261
0.282,622.143173117542,1696.0547377005,49.9950491419344,49.9946012900948,1302.64301014627,439.406243039336,326.207839468047,326.554691746786,188.58370318122,-324.026291828941,135.442588601965,-0.161353613881713,-5.2064851289819,5.36783874194614
0.283,618.844748497707,1700.19162355994,49.9950753899635,49.9945881219781,1304.52223308471,438.19843145557,326.207275701165,326.554812527945,261.334216596107,-298.572263914939,37.2380472654614,1.7317830080526,-5.93503116689974,4.20324815784617
0.284,614.828847061088,1705.04930364886,49.9951073474917,49.9945726595022,1304.96819055763,438.417146948068,326.207141913923,326.554790656396,308.868079046174,-244.600187942785,-64.2678911645109,3.45649806496743,-6.08577060801334,2.62927254192697
0.285,611.958498481749,1708.77173431707,49.995130189,49.9945608106374,1303.59520715045,440.446073022296,326.207553808945,326.554587763788,326.234253902018,-166.375199229307,-159.859054740963,4.84367246709971,-5.64216750304894,0.798495034691832
0.286,610.851692152248,1710.68514495825,49.9951389966849,49.9945547200621,1301.84600719848,442.863333497204,326.208078568931,326.554346037741,311.036855337095,-71.20415692948,-239.832698481613,5.75502370825219,-4.64311397939341,-1.1119097302598
0.287,610.854041399556,1711.49825775515,49.9951389779902,49.9945521318437,1301.31607339384,444.023444401588,326.208237549072,326.55423002665,265.74924649944,30.0513751158206,-295.800621692865,6.10342444705001,-3.19211027204195,-2.91131417654149
0.288,611.070414681901,1712.09812447817,49.9951372561463,49.9945502224086,1302.13298341458,443.846867605581,326.207992476066,326.55424768433,194.695262583585,128.919901718226,-323.615164380727,5.85522875103022,-1.42773787189351,-4.42749088077711
0.289,611.006658266554,1712.981120007,49.9951377635037,49.9945474117466,1303.93727225843,442.683910923531,326.207451189413,326.554363979998,103.773972432365,215.110034805268,-318.884007315066,5.03318123160459,0.477664884321119,-5.51084611763537
0.29,609.747408204857,1715.01878994656,49.9951477842973,49.9945409256417,1305.57852673435,441.637000221546,326.20695881307,326.554468671068,3.84551296036937,280.257318833418,-284.102831867095,3.71898392572887,2.33306364324442,-6.05204757070499
0.291,607.348414353379,1718.19792654702,49.9951668748838,49.9945308061356,1306.89451524771,440.928856778679,326.206564016516,326.554539485413,-97.1104648206144,318.044953193507,-220.934488440173,2.0413510362715,3.96215945126056,-6.00351048923703
0.292,604.843511547637,1721.50484286752,49.995186808267,49.994520279894,1307.90077594605,440.555326491553,326.206262138307,326.554576838441,-188.742293343193,324.728478593029,-135.986185309722,0.162074163454315,5.20615916426752,-5.36823332935468
0.293,602.47804413283,1724.59601400142,49.9952056320586,49.9945104403907,1308.33664506178,440.709446387249,326.206131377572,326.554561426452,-261.286434563932,299.419681391384,-38.1332468792404,-1.73116746950737,5.93522678302653,-4.20405931504193
0.294,600.834699104238,1726.99766262862,49.9952187093828,49.9945027957057,1308.28048091106,441.344069321291,326.206148226817,326.554497964158,-308.364699643355,244.68215210044,63.6825474992071,-3.45530226157172,6.08723862597106,-2.63193636578422
0.295,599.804837760006,1728.77568931447,49.995226904759,49.994497136071,1307.87088339687,442.34731170221,326.206271106071,326.55439763992,-325.593731255159,166.069648846017,159.524082372588,-4.84264838386974,5.64264315672688,-0.799994774089564
0.296,598.64278616787,1730.66431056586,49.9952361520718,49.9944911244028,1307.44829526606,443.347826668152,326.206397882511,326.554297588424,-310.304335943739,70.9628978591013,239.341438053647,-5.75441790868021,4.64502061974961,1.10939728785028
0.297,597.98213756589,1732.04828947508,49.9952414093463,49.9944867190611,1307.50846233936,443.849305738508,326.206379832389,326.554247440517,-265.220541126532,-30.7157051871644,295.936246285924,-6.10363494610852,3.19376218007643,2.90987276508729
0.298,597.094521758716,1733.64319199855,49.9952484727685,49.9944816423287,1307.73884629053,444.167734498047,326.206310717203,326.554215597641,-194.347129918087,-129.472065537598,323.819195428472,-5.85543507839621,1.43000174278146,4.42543333477487
0.299,596.299131345246,1735.154806881,49.9952548022843,49.9944768307091,1307.92271388505,444.55927634238,326.206255556925,326.554176443456,-104.388978524282,-215.103116306174,319.492094800082,-5.03425377266815,-0.475734300932505,5.50998807282077
0.3,596.211153794875,1735.92499158126,49.9952555023874,49.9944743791351,1308.75001173834,444.268363909865,326.206007367569,326.554205534699,-4.19250905581865,-280.062100012897,284.254609031994,-3.72022354327038,-2.33276455461676,6.05298809710607
0.301,595.576909739178,1737.25190216455,49.9952605495412,49.9944701554475,1310.0087085623,443.542322360129,326.205629758522,326.554278138854,96.8415904815632,-317.414482331206,220.572891804636,-2.0431713724519,-3.96089588362912,6.00406725523909
0.302,594.081879754771,1739.44485109002,49.9952724466118,49.9944631750743,1311.5176224335,442.584135169196,326.20517708436,326.554373957573,188.371326464847,-324.092744077579,135.721417558427,-0.163882938486956,-5.20434817179675,5.36823110933073
0.303,591.773133386904,1742.41723230819,49.9952908190316,49.994453713691,1312.36311874561,442.247150488999,326.204923435467,326.554407656041,261.012850064994,-299.069041325391,38.056191197716,1.72890022002469,-5.9351764417656,4.20627622064555
0.304,589.58942168157,1745.25625868629,49.9953081964572,49.9944446767894,1312.26782572476,442.862188043866,326.204952023373,326.554346152286,308.769196459714,-244.817489252872,-63.9517072776387,3.45352019255936,-6.0867672544843,2.63324706066875
0.305,588.022848467141,1747.48791262604,49.9953206628508,49.9944375732142,1311.7770891896,443.869053016849,326.205099244333,326.554245465789,326.196503732618,-166.76572426321,-159.430779547354,4.84137590954172,-5.64391305075496,0.802537139788838
0.306,587.222022999633,1748.92179906833,49.9953270356174,49.9944330090119,1311.45598714366,444.709128199014,326.205195574947,326.55416145827,310.90958803963,-72.0034600843879,-238.906128039346,5.75377678129935,-4.64588163845685,-1.10789514443099
0.307,586.651810088997,1750.12440163689,49.9953315732275,49.9944291810091,1310.96839270654,445.683765869391,326.205341853278,326.554063994503,266.07396571291,29.8904776688678,-295.964443470603,6.10302189815066,-3.19497706270285,-2.90804483718919
0.308,586.711687355728,1750.69507620373,49.9953310967394,49.9944273644955,1310.99031951726,446.150207225811,326.205335275235,326.554017350368,194.4033805251,128.904222593618,-323.307603210339,5.85614618522267,-1.43160890176559,-4.42453728532952
0.309,586.756016046274,1751.27811770469,49.9953307439829,49.9944255086168,1311.90849312801,445.74755365257,326.205059823152,326.554057615725,103.854889489784,215.103402835548,-318.958292417269,5.03469394014932,0.474017010477128,-5.50871095259872
0.31,586.15583480111,1752.49779461887,49.9953355200735,49.9944216262646,1313.40970767594,444.699767264937,326.204609458788,326.554162394364,3.83592723142244,280.097619877052,-283.933547198453,3.72262606852279,2.32983322880592,-6.05245929935973
0.311,584.5738177211,1754.68917677494,49.9953481093654,49.9944146508785,1314.42603345093,444.157481699327,326.204304561055,326.55421662292,-97.132313169636,317.864594484953,-220.732281401308,2.04496340837844,3.9599912240431,-6.00495463446669
0.312,582.903113914341,1756.96924968451,49.9953614044038,49.994407393181,1314.66768246773,444.393129070483,326.20423206635,326.554193058183,-188.524876708139,324.766141536508,-136.241264908545,0.166443422622514,5.20338835426904,-5.36983177890554
0.313,581.463785755445,1758.97824510704,49.9953728582134,49.99440099835,1314.48864746452,445.038506755575,326.204285776851,326.554128520415,-260.758910291756,299.165967759331,-38.4070575408649,-1.72754563215478,5.93503316146954,-4.2074875312567
0.314,580.149393756932,1760.87486641804,49.9953833178126,49.9943949612169,1314.68018577285,445.287955997336,326.204228315359,326.554103575491,-308.160785247046,244.748947158581,63.4118380224184,-3.45144921742707,6.08679523084549,-2.63534601525551
0.315,578.825542757479,1762.77621841876,49.9953938526841,49.9943889090255,1313.64886304127,446.76928203288,326.204537712178,326.553955442887,-325.870661487902,166.523725901817,159.346935527031,-4.83985593758732,5.64405631515376,-0.804200379276617
0.316,579.111105310041,1763.04217882958,49.9953915802495,49.9943880624472,1312.80372903524,448.082698064275,326.20479125238,326.553824101284,-310.564517171361,71.4149544846705,239.14956263347,-5.75289172796823,4.64669527774342,1.10619644865049
0.317,579.416962704905,1763.29928988372,49.9953891463137,49.9943872440373,1313.03435483988,448.2722706932,326.204722064638,326.553805144021,-265.603872740649,-30.0074854777177,295.611358169086,-6.10327252967504,3.19676662306598,2.906505905164
0.318,579.599416049133,1763.66679795224,49.9953876943961,49.9943860742228,1313.89403787313,447.837394385432,326.204464159728,326.553848631652,-194.823327455466,-129.294337217921,324.117664625669,-5.85670667025765,1.43373275630486,4.42297391261534
0.319,579.574293398731,1764.26480003922,49.9953878943158,49.994384170723,1315.44324355037,446.735599672364,326.203999398025,326.553958811123,-104.562609564574,-214.964237322938,319.526846838624,-5.03674641256009,-0.471491127212976,5.50823753850869
0.32,578.065697975122,1766.3143516162,49.9953998993368,49.9943776467977,1316.74762028311,445.851286627959,326.203608085005,326.554047242428,-4.58348188338447,-279.751299968021,284.334781798106,-3.723613646098,-2.32845246338236,6.05206610824104
0.321,575.866046916493,1769.04251500831,49.9954174036037,49.9943689627839,1317.23539172666,445.766490106736,326.203461753572,326.55405572208,96.4251671186286,-317.398952417685,220.97378523935,-2.04635618487929,-3.95816362809849,6.00451981171068
0.322,574.410372454496,1771.03470919444,49.995428987493,49.9943626214329,1316.18802965883,447.237650942171,326.203775962193,326.553908605996,188.312986011046,-323.991589586169,135.678603507053,-0.167844725150521,-5.20243776749764,5.37028249130397
0.323,574.235997479958,1771.7132735428,49.995430375125,49.9943604614955,1315.00373181643,448.82621237983,326.204131251545,326.553749749852,260.885708302404,-298.774406344486,37.8886979636841,1.72558707892194,-5.93466539915744,4.20907831876409
0.324,574.291330245479,1772.17459587595,49.9954299348008,49.9943589930609,1314.47556408635,449.754704632778,326.204289701864,326.553656900627,308.687513642704,-245.125080351736,-63.5624333802142,3.45124433390319,-6.08831689240673,2.63707255686238
0.325,575.166318154644,1771.80619859235,49.9954229718683,49.9943601657059,1314.59357414548,450.036710790832,326.204254298847,326.553628700011,326.303021033844,-166.808910730092,-159.494110403116,4.83906130538812,-5.64525425748224,0.806192950256304
0.326,576.160995933791,1771.31709618136,49.995415056474,49.9943617225672,1315.50861799539,449.517605246786,326.203979785692,326.553680610566,310.796656788046,-71.859948303983,-238.936708591481,5.7526026593881,-4.64889331156644,-1.10370934986223
0.327,575.731254212255,1772.23310364935,49.99541847625,49.9943588068249,1317.38991512687,448.015096024441,326.203415396552,326.553830861488,266.101622177956,29.5536019650924,-295.655224255707,6.10234251266714,-3.19842826659013,-2.90391424830415
0.328,574.088306636954,1774.37211114406,49.9954315504114,49.9943519981525,1318.88109412727,446.90252216062,326.202968042852,326.553942118874,194.872773769789,128.579899639921,-323.452673524379,5.85667906052781,-1.43479919401698,-4.4218798688896
0.329,572.266530047478,1776.70025586576,49.9954460476489,49.9943445874377,1319.13645004187,447.037443851099,326.202891436078,326.553928626705,104.182130600379,214.745629801609,-318.927760514875,5.03779454839531,0.469922102520229,-5.50771665339476
0.33,570.975200900465,1778.45989185834,49.9954563237197,49.9943389863424,1318.70273630363,447.841453388595,326.203021550199,326.553848225752,3.90540998253554,280.07905513669,-283.984465226883,3.72498023375068,2.32767163414189,-6.05265187040866
0.331,570.132390847605,1779.759917849,49.995463030589,49.9943348482312,1317.63861321893,449.259190177434,326.203340787125,326.553706452073,-96.6931787169253,317.665170779195,-220.971992161984,2.04841373697246,3.95664670941747,-6.00506044887657
0.332,570.214160854778,1780.15392771018,49.995462379884,49.9943335940588,1316.90850911443,450.362526948791,326.203559818356,326.553596118395,-188.240272798869,324.67181628633,-136.431543577225,0.170561394693243,5.2010650786828,-5.37162647577108
0.333,570.505900721369,1780.2920340961,49.9954600582919,49.9943331544525,1316.42396773718,451.208871310848,326.203705180769,326.553511483959,-260.72776965772,299.18663193451,-38.4588623556115,-1.72387472029128,5.93336637268175,-4.20949165464107
0.334,571.203945417515,1780.04958208805,49.9954545034287,49.9943339262012,1316.21250581295,451.76521397979,326.203768619346,326.553455849692,-308.05076204842,245.031270427204,63.0194915532532,-3.44904552350661,6.08743361243064,-2.63838809099213
0.335,571.981693533953,1779.73653956285,49.9954483143058,49.9943349226465,1316.93832995011,451.384090862286,326.203550872105,326.553493962004,-325.81389326878,166.748971033309,159.064922177241,-4.83801830895253,5.64656851543863,-0.808550208351128
0.336,572.288197596359,1779.8797431231,49.995445875224,49.9943344668155,1318.43573200401,450.252374039845,326.203101651489,326.553607133686,-310.65978093538,71.5684988511847,239.091282031574,-5.75219417133871,4.64998073651991,1.10221343314857
0.337,571.714395622298,1780.88111476233,49.995450441395,49.9943312793505,1319.76029096763,449.259366661905,326.2027042838,326.553706434424,-265.815105438048,-30.0918359399542,295.906941327279,-6.10271954351209,3.19955253605601,2.90316700594284
0.338,570.87089064868,1782.16962673537,49.9954571537943,49.9943271778895,1320.34414197499,448.996980098258,326.202529128498,326.553732673081,-194.824008352835,-128.919373027646,323.743381328402,-5.85807427727528,1.43731926245615,4.42075501341143
0.339,569.544451140126,1783.93246708449,49.9954677092645,49.9943215665944,1320.40542353426,449.293051330974,326.20251074403,326.553703065957,-104.909573923065,-214.627145305341,319.536719171611,-5.03886941157667,-0.467817781376649,5.50668719158992
0.34,568.319137360648,1785.56253727105,49.9954774600018,49.9943163779199,1319.9217443562,450.087943751352,326.202655847784,326.553623576715,-4.47551721155208,-279.927988543622,284.403505690887,-3.72632104115415,-2.32475345375113,6.05107449352156
0.341,567.441146238721,1786.84289951299,49.9954844468331,49.9943123024003,1318.83555896863,451.484138279756,326.2029817034,326.553483957262,96.462364353043,-317.387665216448,220.925300789496,-2.050410690308,-3.95457526107594,6.00498594991791
0.342,567.851302240132,1786.84511604504,49.9954811829154,49.9943122953448,1317.18938522188,453.471589756536,326.203475555524,326.553285212115,188.072986695611,-324.061562736696,135.988575956137,-0.171257010369873,-5.2003155955898,5.37157260435667
0.343,569.160870928795,1785.92280545506,49.9954707616989,49.9943152311506,1316.81664582412,454.155642874735,326.203587377343,326.553216806803,261.02723675707,-299.080183623644,38.0529467713771,1.72207412758511,-5.93348913085702,4.21141500149465
0.344,570.196085579928,1785.29443886297,49.9954625237224,49.9943172313036,1317.56365790293,453.72120063477,326.20336327372,326.553260251027,308.488569504849,-244.982156865671,-63.5064127437774,3.44841886858103,-6.08814349651455,2.63972462596239
0.345,570.99115132712,1784.90830305809,49.9954561967902,49.9943184604121,1318.91329498412,452.671506911653,326.202958382595,326.553365220399,326.155773674465,-166.810083658096,-159.345690128841,4.83638596355704,-5.64639814957477,0.810012183849608
0.346,570.419534597645,1785.87518333832,49.9954607455716,49.9943153827365,1320.59778403438,451.290558659419,326.20245303588,326.553503315224,310.839829856274,-72.1658584323065,-238.673971541769,5.75037677793774,-4.65111091944293,-1.0992658608456
0.347,568.780713568742,1787.90343591517,49.995473786895,49.9943089266081,1321.19101504774,450.989770798944,326.202275066576,326.553533394011,265.984431026893,29.4098281345734,-295.394259281614,6.1029565686586,-3.20178215814987,-2.90117441301044
0.348,567.610693699122,1789.42945021928,49.9954830976173,49.9943040691537,1320.51306827982,451.950840315116,326.202478450606,326.553437287059,194.853056799843,128.516406530717,-323.369463449697,5.85737198207756,-1.43892783466009,-4.4184441500228
0.349,567.26755085326,1790.16904035435,49.9954858282613,49.9943017149652,1319.29502609236,453.485466759173,326.202843863263,326.553283824414,104.770864403296,214.38468485845,-319.155549378168,5.03994630150706,0.466612337774442,-5.5065586419376
0.35,568.08211786065,1789.68897476795,49.995479346143,49.9943032430614,1318.10395655135,454.94336722652,326.203201184125,326.553138034368,4.61232576762802,279.706518792375,-284.318844672684,3.72763923871705,2.32259786374046,-6.05023710512287
0.351,568.685586882246,1789.47126543725,49.9954745438891,49.9943039360517,1318.16873159318,455.168659069912,326.203181751612,326.553115505183,-96.8476832047069,317.860048060235,-221.012364962224,2.05196562341768,3.95450239504889,-6.00646802109805
0.352,569.441349632883,1789.08067931797,49.9954685297203,49.9943051793259,1318.4054604194,455.222392776687,326.203110732965,326.553110131813,-188.177987255793,324.715563174796,-136.537576018139,0.173712652466189,5.19939529289923,-5.37310794791992
0.353,570.273711725861,1788.58551544367,49.9954619059932,49.9943067554815,1319.03799758937,454.872996272402,326.202920971814,326.553145071463,-260.691049743062,299.508245584932,-38.8171959326992,-1.72073168190286,5.9329316693148,-4.21219998985248
0.354,570.82009566393,1788.40402824101,49.9954575580079,49.9943073331732,1319.66638435493,454.490161247194,326.202732455784,326.553183354966,-308.211796944208,245.130015215046,63.0817816467662,-3.44546980931345,6.08784012336951,-2.64237031635465
0.355,570.825759176626,1788.76203056068,49.9954575129391,49.9943061936164,1320.25624318708,454.188861797489,326.202555498134,326.553213484911,-325.605526752563,166.815905527445,158.789621150487,-4.83569459395875,5.64744763927673,-0.811753047458156
0.356,570.238494851163,1789.69971208903,49.9954621862402,49.9943032088834,1321.16035470674,453.5659652102,326.202284264678,326.553275774569,-310.791863531521,71.866176493775,238.925686969595,-5.75079583469291,4.65259860182129,1.09819723089283
0.357,569.454498225785,1790.81506008105,49.9954684250871,49.9942996586205,1321.75336808529,453.212012285919,326.202106360665,326.553311169862,-265.850105539841,-30.2067557298183,296.056861205241,-6.10264648800242,3.20374836929158,2.89889811687923
0.358,568.430661411456,1792.17116621105,49.9954765725216,49.9942953420006,1320.94886498021,454.28290444996,326.202347711596,326.553204080645,-195.09169498444,-128.758162181051,323.84985710145,-5.85836954781647,1.44064749565331,4.41772205044409
0.359,568.322048561752,1792.60695537197,49.9954774368352,49.9942939548406,1319.92893672339,455.57770477424,326.202653690073,326.553074600613,-104.763101799135,-214.733909323238,319.497011055246,-5.03979340404625,-0.464537274260733,5.50433067665029
0.36,569.416262829621,1791.82010382389,49.9954687293547,49.9942964594669,1318.81618252842,456.923779559039,326.202987516332,326.552939993134,-5.02769039103075,-279.646296926984,284.673987244323,-3.72898455506686,-2.32145484917978,6.05043940259136
0.361,570.520520610427,1791.03926711973,49.9954599419505,49.9942989449473,1318.45919415884,457.531491375558,326.203094612843,326.552879221953,96.3594667806671,-317.32337452486,220.963907660991,-2.05289097885728,-3.9530320454468,6.00592302258419
0.362,571.537315746902,1790.36906525113,49.9954518505519,49.9943010782661,1318.80924661017,457.440393389195,326.202989597107,326.552888331751,187.897325812219,-324.120709712282,136.223383805008,-0.175657115362873,-5.19873094702642,5.37438806054091
0.363,572.089427641145,1790.11199793979,49.995447456985,49.9943018965368,1319.97891719069,456.50267368214,326.202638695933,326.552982103722,260.734391094402,-299.056461727825,38.3220705230598,1.71783364737933,-5.93243559841931,4.21460194899566
0.364,572.121166277685,1790.39653432459,49.995447204417,49.9943009908294,1320.78206247206,455.939120441585,326.202397752349,326.553038459046,308.480296348301,-245.025451347249,-63.4548451269647,3.4441914961654,-6.08762877526623,2.643437276803
0.365,571.693840115261,1791.14103150697,49.9954506049705,49.9942986210212,1320.92208713778,456.040287883089,326.202355744949,326.553028342302,326.00368772548,-166.824884894617,-159.17880297083,4.83452108875836,-5.64771746726352,0.813196375921468
0.366,571.642219944004,1791.48862573366,49.9954510157508,49.9942975145944,1320.63000679369,456.580235863915,326.202443369052,326.552974347504,310.961897892915,-72.3912977695246,-238.570600274756,5.74990349147006,-4.65298280830823,-1.0969206860358
0.367,571.520911447808,1791.91175958376,49.9954519810931,49.9942961677176,1320.337571627,457.088119737661,326.202531099602,326.552923559117,266.359231572442,29.1925181692599,-295.551749900716,6.10341778622051,-3.2049875237058,-2.89843026565516
0.368,571.862838748637,1791.85969466122,49.9954492601221,49.9942963334454,1319.85052792006,457.800295389099,326.202677212714,326.552852341551,194.884933887624,128.42176662875,-323.306700678525,5.85922192416158,-1.44271339973307,-4.41650852778653
0.369,572.526223251903,1791.49994037713,49.995443981076,49.9942974785788,1319.62321765737,458.271715394565,326.202745405793,326.552805199551,104.732858370082,214.4828657521,-319.215724284676,5.04197876267134,0.462353315073753,-5.50433208125527
0.37,573.240481428214,1791.06263068119,49.99543829719,49.9942988705788,1319.47359944921,458.630524975761,326.202790291256,326.552769318593,4.69014343729305,279.632411478197,-284.322555076649,3.73086695709475,2.31971523180457,-6.05058219250678
0.371,573.714821661224,1790.86721406884,49.9954345225104,49.9942994926092,1319.9579741838,458.364732545276,326.202644978835,326.552795897836,-96.6380115296751,317.925503864266,-221.287492490688,2.05533819991045,3.95078667510125,-6.00612487865572
0.372,573.739777148363,1791.13980925949,49.9954343239209,49.9942986249118,1320.56225024767,457.988054018035,326.202463696016,326.552833565689,-187.903504733441,324.695398743609,-136.791894158106,0.177405250050452,5.19737330837562,-5.37477856203971
0.373,573.883561827731,1791.25012977346,49.9954331797188,49.9942982737507,1320.56040019706,458.197136611172,326.202464251031,326.552812657429,-260.470956588142,299.283927777567,-38.8129713269445,-1.71662223124516,5.93152441501624,-4.21490218728989
0.374,573.949532967215,1791.45890126422,49.9954326547372,49.9942976092104,1319.8256579711,459.139702262362,326.202684673699,326.552718400864,-308.064650649866,245.336056332815,62.7285941913966,-3.44365901254672,6.08784916525609,-2.64419015607565
0.375,574.645413961568,1791.05208393179,49.9954271170921,49.9942989041501,1319.16154463018,460.008511091824,326.202883907701,326.552631519981,-325.493878664868,166.885543489041,158.608335062016,-4.83344777473076,5.64937556701275,-0.815927795452287
0.376,575.669380103623,1790.28930089986,49.9954189686285,49.9943013321639,1319.7211013318,459.667868328348,326.202716040691,326.552665584258,-310.521251470402,71.9255883415443,238.595663025601,-5.74921849107414,4.65500175925352,1.09421672887
0.377,576.327421566285,1789.89159997571,49.9954137321009,49.9943025980853,1320.55429401479,459.029418067978,326.202466082886,326.552729429284,-265.982841458755,-29.8073395206358,295.790180884148,-6.10281213485824,3.20674745438219,2.89606467774357
0.378,575.995660965916,1790.48276934411,49.9954163721679,49.9943007163348,1320.68684206708,459.089310108276,326.20242631847,326.55272344008,-195.367115890037,-128.495403110978,323.862518911153,-5.8596217167307,1.44442877591247,4.41519293828197
0.379,575.910440359776,1790.83051228407,49.9954170503319,49.9942996094346,1320.19901398937,459.807485927294,326.202572666894,326.552651622498,-105.0854293124,-214.474551964798,319.559981189632,-5.04159689483836,-0.461779022560128,5.50337591501953
0.38,576.432943014097,1790.5592953204,49.9954128923879,49.994300472745,1319.60906895096,460.567528273597,326.202749650405,326.552575618263,-5.28153990331979,-279.335182648801,284.616722464929,-3.73258333579048,-2.31836342993519,6.05094676346034
0.381,576.935003581315,1790.29718140932,49.9954088971169,49.9943013070795,1319.24287818748,461.115663398948,326.202859507634,326.55252080475,96.0990546520384,-317.296720659618,221.19766591789,-2.0572857679225,-3.94917163222131,6.00645739794292
0.382,577.851506594699,1789.6361777978,49.9954016038176,49.9943034111193,1318.88377046263,461.682242413626,326.202967239952,326.552464146849,187.618864233454,-324.079051227256,136.460186898672,-0.17908474289115,-5.19625858772047,5.37534332842029
0.383,579.221914421348,1788.50042380895,49.9953906984586,49.9943070263366,1318.99409741339,461.759721623571,326.202934141866,326.552456398928,260.7383324283,-299.033856144137,38.2955236123109,1.71492370264463,-5.93176771380517,4.21684400891809
0.384,580.513884544134,1787.46175634461,49.9953804172871,49.9943103325178,1319.7724206528,461.161757829906,326.202700644895,326.552516195307,308.318903481385,-245.234042245235,-63.0848613496493,3.44135821193716,-6.08876172572388,2.64740351143594
0.385,580.838092992171,1787.39320640829,49.9953778373182,49.994310550719,1320.79772552165,460.318381863506,326.202393053434,326.552600532904,325.985186500548,-167.303179633955,-158.682006990442,4.83199538277367,-5.64976511770815,0.817769732430173
0.386,580.522652806658,1787.93576975931,49.9953803475114,49.9943088236862,1321.29995524553,460.008846427285,326.202242384517,326.552631486448,311.072054197068,-72.2754268035358,-238.796627526736,5.74806507928478,-4.65549608782519,-1.09256899414473
0.387,580.016669765939,1788.65935209521,49.9953843739966,49.9943065204521,1320.98475974048,460.477219572838,326.202336943168,326.552584649133,266.341940484614,29.0304862354198,-295.372426859994,6.10196047454741,-3.20844761841206,-2.89351285900288
0.388,580.047884682511,1788.86143277232,49.9953841255961,49.9943058772094,1320.24785231915,461.400679672414,326.202558015395,326.552492303123,195.057024343386,128.177805613061,-323.234830100648,5.86012518711007,-1.44534909322253,-4.41477609691867
0.389,580.669162751453,1788.46475932072,49.9953791816224,49.9943071398602,1318.67402159884,463.16418472536,326.203030164611,326.552315952618,104.989064184433,214.165007640276,-319.154071970484,5.04336557019918,0.458904641312295,-5.50227021467055
0.39,582.122158785907,1787.23290775394,49.9953676190473,49.9943110609655,1318.01687621086,463.987033133544,326.203227308227,326.552233667777,4.53288481640844,279.694954140676,-284.227839102146,3.73341371683524,2.31760646488958,-6.05102018497055
0.391,583.661685725731,1785.91050055391,49.9953553678812,49.9943152703184,1317.94789567991,464.205099622914,326.203248002386,326.552211861128,-96.115509088967,317.813707853074,-221.698198905801,2.05937598807811,3.94812735192616,-6.0075033432892
0.392,584.96158021272,1784.8455087615,49.9953450236495,49.9943186602925,1318.51650697333,463.831445745952,326.203077418998,326.552249226516,-187.997182852629,324.830790290028,-136.833607573357,0.180679587295655,5.19575269299541,-5.37643228356425
0.393,585.99688180941,1784.00787925486,49.9953367849812,49.99432132655,1319.44892188002,463.054502080951,326.202797694526,326.552326920882,-260.322575171437,299.430971248251,-39.1083962048128,-1.71281836608752,5.93105493594454,-4.21823657306602
0.394,586.583233156817,1783.65101951503,49.9953321189454,49.9943224624699,1320.35577914706,462.297202347657,326.202525637346,326.552402650856,-307.689843034238,245.269991261695,62.4198516535126,-3.43963913020826,6.08863552271462,-2.6489963956044
0.395,586.437610302201,1784.02810110585,49.9953332777753,49.9943212621819,1321.02579163212,461.801575253237,326.202324633601,326.552452213565,-325.831808469319,167.265269240466,158.566539118902,-4.8312701643918,5.650633339525,-0.819363178084748
0.396,585.784371664536,1784.87320498013,49.9953384760832,49.9943185721327,1321.14433528103,461.851914168847,326.202289070506,326.552447179673,-310.569210293312,71.9701139022001,238.599096289617,-5.74752089936205,4.65624174413572,1.09127915244123
0.397,585.332261256716,1785.52033407294,49.9953420738635,49.9943165122568,1319.90243704124,463.227493430815,326.202661639978,326.552309621747,-266.260416181341,-29.5348020447116,295.795218131416,-6.10230307875991,3.20947884851893,2.89282422762769
0.398,585.466005673419,1785.58358055518,49.9953410095592,49.994316310937,1318.3681533564,464.916741079759,326.203121925083,326.552140696982,-195.523319740303,-128.298685237696,323.82200488751,-5.86075323481093,1.44791424446841,4.41283898788594
0.399,587.133040208917,1784.12686064535,49.9953277437199,49.9943209478205,1317.01727993009,466.438808976323,326.203527187111,326.551988490193,-105.29678875607,-214.145177345691,319.441966012248,-5.04510229532494,-0.456997643265591,5.50209993625707
0.4,589.36318213782,1782.07285409631,49.9953099968143,49.9943274859264,1316.4993888364,467.092253892171,326.203682554439,326.551923145701,-5.26138168958399,-279.237555209744,284.498936807352,-3.73525873087349,-2.31412654904322,6.0493852776565
0.401,590.877928049635,1780.75875131964,49.9952979428494,49.9943316688455,1317.27924665235,466.457854986755,326.203448597095,326.551986585592,95.5238172571208,-316.961054259692,221.437236905016,-2.06087139174838,-3.94681662011351,6.00768800961579
0.402,591.741161083917,1780.10880165898,49.9952910734591,49.9943337376995,1318.57285301748,465.330629252495,326.203060515185,326.552099308165,187.599788889218,-324.147658300465,136.547869304953,-0.18284382077632,-5.19486943634199,5.37771325482356
0.403,592.404473795524,1779.6190955809,49.9952857949843,49.9943352964824,1320.02321006165,464.021196617728,326.202625408072,326.552230251429,260.520512529539,-299.053519184447,38.5330065347575,1.7113983185008,-5.93068049091227,4.2192821699903
0.404,591.693724766474,1780.53294308484,49.9952914509454,49.9943323876154,1320.39747547041,463.770560810866,326.202513128449,326.552255315009,308.249448777707,-245.299614635101,-62.9498342781193,3.43777058623474,-6.08870567159426,2.65093508273517
0.405,590.972350213746,1781.44171998486,49.9952971914616,49.9943294948887,1319.89930726209,464.416062102932,326.202662578912,326.55219076488,326.386758147731,-167.663090488347,-158.723667809978,4.8293521465889,-5.65080959223019,0.821457442758906
0.406,591.474818948178,1781.10563618794,49.9952931929425,49.9943305646766,1319.0513066947,465.418170747486,326.202916979082,326.552090554016,311.100223999389,-72.5834791299816,-238.516745032773,5.74705160924001,-4.65781744595653,-1.08923416644777
0.407,592.306582459814,1780.45532302085,49.9952865739788,49.9943326346877,1318.09172698016,466.504841084277,326.203204852996,326.551981886982,266.451026840361,28.9018915100119,-295.352918522993,6.10294390153687,-3.21116694247575,-2.89177696249905
0.408,593.741187098012,1779.19575463357,49.9952751577578,49.9943366440184,1317.08476652906,467.643426633666,326.203506941132,326.551868028427,195.139049417083,127.973500625864,-323.112550220635,5.86138927546497,-1.44957039550239,-4.41181888363731
0.409,595.625982246421,1777.49650338257,49.9952601590346,49.9943420529032,1316.8075357284,468.074392811903,326.203590110372,326.551824931809,105.35427131073,213.965581967045,-319.319853456042,5.04608475718757,0.455016537159502,-5.50110129819877
0.41,597.210781665788,1776.07593144806,49.9952475476015,49.9943465747241,1317.66121881331,467.335312019514,326.203334005446,326.551898839888,5.1305941388056,279.531217911886,-284.661812225159,3.73704626602269,2.31281122330168,-6.04985749327759
0.411,597.836033809032,1775.63109960785,49.9952425720031,49.9943479906678,1318.58962218478,466.531912932503,326.203055484435,326.551979179797,-96.3658763273804,317.898754378087,-221.532878217565,2.06281471025914,3.94524412533603,-6.00805883956814
0.412,597.981343877001,1775.6855605247,49.9952414156623,49.9943478173133,1319.34077743014,465.928349701259,326.202830137861,326.55203953612,-187.622971269753,324.531070773726,-136.908099659622,0.185416525549437,5.19383055580785,-5.37924708526577
0.413,597.622717985743,1776.19591475141,49.9952442695164,49.9943461928054,1319.48238331293,465.907450334908,326.202787656097,326.552041626057,-260.116601828693,299.401410505322,-39.2848088190694,-1.70891254768182,5.93035414761203,-4.2214416036974
0.414,597.562549401189,1776.40994827391,49.9952447483228,49.9943455115155,1318.67528618772,466.832922329914,326.203029785234,326.551949078857,-307.730647265685,245.341172411358,62.389474726168,-3.43645949016959,6.08860153767478,-2.65214205106715
0.415,597.976662582289,1776.16360264982,49.9952414529148,49.994346295658,1317.89092070538,467.742177165006,326.203265094879,326.551858153374,-325.948001303093,167.546565796208,158.401435392672,-4.82826983564358,5.65171229728684,-0.823442464955166
0.416,599.108030859118,1775.18039788682,49.9952324497721,49.9943494252959,1316.8597610917,468.913114936188,326.203574442763,326.551741059597,-310.963633274582,72.352247163139,238.611386009089,-5.74662000288302,4.65889691635122,1.08772308348984
0.417,600.556642949964,1773.88526898547,49.9952209220834,49.9943535478193,1316.43584019172,469.436159721851,326.203701619033,326.551688755118,-265.914691917806,-29.2311040596066,295.145795883162,-6.10218847629232,3.21281173202065,2.88937674148773
0.418,601.979896647622,1772.62023345364,49.9952095961903,49.9943575745524,1316.26365201819,469.729653888176,326.203753275485,326.551659405702,-195.388483805473,-128.328319302807,323.716803018212,-5.86182430975693,1.45137347220704,4.4104508349858
0.419,603.657973791063,1771.10379535919,49.9951962424767,49.9943624015248,1316.65488566226,469.472609699528,326.203635905392,326.55168511012,-105.694964246442,-213.968837143884,319.663801299856,-5.04667824852243,-0.453544405912127,5.50022265202974
0.42,604.879388529804,1770.03209401469,49.9951865227671,49.9943658128561,1317.50421193333,468.72226507266,326.20338110751,326.551760144583,-5.54273963298563,-279.301363089602,284.844102627089,-3.73842605403083,-2.31147004622197,6.04989609792962
0.421,605.159642486305,1769.91447298611,49.9951842925769,49.9943661872555,1317.97863183887,468.357489638225,326.203238781539,326.551796622127,95.5853346812102,-317.199609317671,221.614274531842,-2.06446059095919,-3.9440042861033,6.00846487473498
0.422,605.122114242577,1770.11419335822,49.9951845912172,49.9943655515258,1318.54980344136,467.919710332247,326.203067430058,326.551840400057,187.328322697554,-324.105268379412,136.776945565366,-0.186705148057133,-5.19252099314741,5.3792261387884
0.423,604.846077538172,1770.51699349833,49.9951867878475,49.9943642693731,1318.10087588727,468.469744270346,326.203202108324,326.551785396663,260.339833597687,-299.433661514206,39.093827785231,1.70781190320097,-5.92971942115792,4.22190751537283
0.424,604.929385506584,1770.58222809005,49.9951861249038,49.994364061725,1316.68410193281,469.987866878024,326.203627140511,326.551633584403,308.086253517561,-245.1977660808,-62.8884875836341,3.43488549862589,-6.08883539349329,2.65394989204897
0.425,605.73652041745,1769.92616931496,49.9951797019282,49.9943661500249,1315.69750169024,471.087735812354,326.203923120583,326.551523597509,326.235915818846,-167.63669613945,-158.599219841084,4.82748178326096,-5.65252824612099,0.825046459764125
0.426,607.704789529929,1768.0874087823,49.9951640389403,49.9943720029815,1314.70760978167,472.203943152089,326.204220088156,326.551411976775,311.194064587986,-72.7137078479577,-238.480356914189,5.74646564689738,-4.6603814347423,-1.08608421554412
0.427,610.139083791849,1765.78976309896,49.995144667442,49.9943793166148,1315.00993285914,471.991700678751,326.204129391233,326.551433201023,266.407338850686,29.0150043590278,-295.422343392624,6.10246929011165,-3.21438392968392,-2.88808536409512
0.428,611.724144430072,1764.35212797529,49.9951320539303,49.9943838927496,1315.93843465806,471.162812552025,326.203850840693,326.551516089835,195.207459619406,127.905509420694,-323.112969227395,5.86253065782759,-1.45359467467871,-4.40893598705196
0.429,612.467155491983,1763.77021336529,49.9951261412361,49.9943857450413,1317.40769712047,469.812354587092,326.203410061954,326.551651135632,105.076424481494,214.179924316467,-319.25634898492,5.04863075986268,0.450898026137184,-5.49952879007269
0.43,612.258186210606,1764.10494139322,49.9951278041608,49.9943846795689,1317.54417019516,469.763696451834,326.203369120032,326.551656001445,5.02754579053821,279.679626369387,-284.707172342229,3.73986723024856,2.30956873025416,-6.04943596466648
0.431,611.700451076426,1764.78044901725,49.995132242476,49.9943825293613,1317.07555582749,470.316136252544,326.203509704342,326.551600757465,-95.7897960580959,317.553870884596,-221.76407500025,2.06636735243328,3.94173632385348,-6.00810368045574
0.432,612.019126718286,1764.61049353784,49.9951297065358,49.9943830703464,1316.10726630129,471.401754380001,326.2038001912,326.551492195652,-187.333295058389,324.800836119546,-137.467541223103,0.189106882915978,5.1917981681017,-5.38090505510729
0.433,613.123766606943,1763.60482496897,49.9951209160909,49.9943862714889,1315.26364585768,472.343416730742,326.204053277333,326.551398029417,-260.304095401267,299.588508889067,-39.2844136356996,-1.70566384985256,5.92900187695171,-4.22333803103152
0.434,614.596034128919,1762.26851638291,49.9951092001582,49.9943905250912,1314.93373513272,472.764476047714,326.204152250551,326.551355923486,-307.839861124726,245.655118181022,62.1847428107407,-3.43370907545136,6.08928332429438,-2.6555742525542
0.435,616.126061088784,1760.87521078572,49.9950970245905,49.9943949601207,1314.80193625766,472.988284748256,326.204191790213,326.551333542616,-325.57085707498,167.330587445878,158.240269510643,-4.8262265956993,5.65327193020075,-0.827045337948005
0.436,617.367394822389,1759.7693808477,49.9950871463705,49.9943984800867,1315.06479137857,472.841085199496,326.204112933677,326.55134826257,-310.881889271028,72.1850779703845,238.696811194666,-5.74618879607018,4.66205173856717,1.08413705434033
0.437,618.024405408109,1759.22767110098,49.9950819180464,49.9944002044024,1315.3349493846,472.647763248708,326.204031886275,326.551367594766,-266.495877766901,-29.2986974446434,295.794575114373,-6.10273240837889,3.21667833663109,2.88605406885709
0.438,618.919010101822,1758.45741788256,49.9950747990084,49.9944026561946,1315.97530555089,472.101431572352,326.203839779425,326.551422227933,-196.023587819825,-127.84661273048,323.870200457543,-5.86336173576874,1.45580381722584,4.40755791588382
0.439,619.344185867465,1758.17314705021,49.9950714155672,49.9944035610567,1316.92015411557,471.26452494936,326.203556324856,326.551505918595,-106.101782631627,-213.668797823116,319.770580361639,-5.04961168755971,-0.44881383274574,5.49842551781407
0.44,618.870461515961,1758.7530846815,49.9950751853458,49.9944017150579,1316.82395420969,471.443436874967,326.203585184827,326.551488027403,-5.83228324165551,-279.309946340632,285.142229486268,-3.74078350363139,-2.30800654821182,6.04879004944955
0.441,618.576517996638,1759.1611090856,49.995077524474,49.9944004162759,1315.89223993862,472.445543201265,326.203864699109,326.55138781677,95.2469271579575,-317.15679451559,221.909867254923,-2.06821422810174,-3.94073078905712,6.00894501478907
0.442,619.434990082128,1758.43169534271,49.9950706929702,49.9944027380719,1314.72160394171,473.711330203203,326.204215889908,326.55126123807,187.058564070982,-324.17641482308,137.117850640234,-0.19170741080934,-5.19044083985864,5.38214824824794
0.443,621.105223240514,1756.84210160517,49.9950574016771,49.994407797906,1313.43427669013,475.096379931717,326.204602088083,326.551122733097,260.254098554815,-299.602466078714,39.3483674009316,1.70420498756933,-5.92871642952288,4.22451143941871
0.444,623.480073443104,1754.58626274522,49.9950385032196,49.9944149784641,1312.99850941957,475.606443138997,326.204732818265,326.551071726777,308.138148581041,-245.797101274944,-62.3410474411015,3.43169453691617,-6.0888866859283,2.6571921463073
0.445,625.062823677507,1753.12321147387,49.9950259080934,49.9944196355009,1313.75827863033,474.933420763965,326.204504887501,326.551139029014,326.280342357329,-167.673122262256,-158.60722024214,4.82495866293544,-5.65322473818834,0.828266072339039
0.446,626.266794182956,1752.03795021153,49.9950163272006,49.9944230899948,1314.95693960519,473.832033991018,326.204145289209,326.551249167691,311.27037618501,-72.8791464591191,-238.391229885024,5.74497729430376,-4.66281141911644,-1.08216587833569
0.447,626.30280588163,1752.10899642865,49.9950160406286,49.9944228638477,1315.11439546983,473.729794842479,326.204098052449,326.551259391606,266.6339248023,28.4915888057181,-295.125513776593,6.1024526967317,-3.21789408526382,-2.88455861485841
0.448,626.59400011967,1751.92802693699,49.9950137233785,49.9944234398914,1314.83269817727,474.090608713651,326.204182561637,326.551223310219,195.815696769274,127.497796472387,-323.313493416048,5.86401540368173,-1.45794512731804,-4.4060702799746
0.449,627.134132105864,1751.50422413809,49.9950094251447,49.9944247888976,1315.38910237762,473.648468382622,326.204015640377,326.551267524252,105.382300009678,213.82715294228,-319.209453128784,5.05012277707612,0.447383298355693,-5.49750607921789
0.45,627.140321923165,1751.59150615749,49.9950093758877,49.9944245110703,1315.44862791308,473.652653483576,326.203997782716,326.551267105742,5.30389875247079,279.451223454666,-284.755122383331,3.74207720093388,2.30646152504276,-6.04853872988593
0.451,627.357930793313,1751.48547857616,49.9950076442113,49.9944248485666,1314.48536015146,474.673973415074,326.204286763045,326.551164973749,-95.6797221172631,317.389102782908,-221.709380837231,2.07042651980431,3.93948217795305,-6.00990870172479
0.452,628.351847917173,1750.59555933885,49.9949997348702,49.9944276812675,1313.49661143665,475.754706211237,326.204583387659,326.551056900469,-187.186950339334,324.70919560235,-137.522245426402,0.19286806083008,5.18930661924269,-5.38217468402653
0.453,629.869562298467,1749.15724357245,49.9949876572829,49.9944322595688,1312.9222556662,476.402122368573,326.204755694391,326.550992158854,-260.08321597826,299.774190420207,-39.690974594728,-1.70172147671105,5.92819863831933,-4.22647716547656
0.454,631.604912332259,1747.52667466691,49.9949738478061,49.9944374498308,1312.81011350092,476.578072184612,326.20478933704,326.550974563872,-307.596474992605,245.733457470654,61.8630173814165,-3.43008657077583,6.08949299744101,-2.65940643038451
0.455,632.708016341143,1746.52405335517,49.9949650695833,49.9944406412736,1313.10086020545,476.368599187704,326.204702113029,326.550995511172,-325.513934560622,167.491110648256,158.022823784111,-4.82336085015192,5.65370213576936,-0.830341289139532
0.456,633.781875028972,1745.55082996033,49.9949565240874,49.9944437391399,1313.47252296195,476.075187200787,326.204590614202,326.55102485237,-310.758128908889,72.6946549686056,238.063473822276,-5.74427541039619,4.66487544551371,1.07939996158226
0.457,634.689042425732,1744.735315675,49.9949493050786,49.9944463350025,1314.04702554992,475.564525308627,326.204418263425,326.55107591856,-266.303207115941,-29.4021101023449,295.705317107681,-6.10251206153654,3.21943897611172,2.88307308234089
0.458,635.619005386947,1743.902854528,49.9949419046685,49.9944489848086,1314.44523519173,475.229833116214,326.204298800533,326.551109387779,-195.86605163891,-127.680905279406,323.546956811641,-5.86418265394883,1.45934836023387,4.40483429081882
0.459,635.692101058489,1743.93957770565,49.9949413229916,49.9944488679151,1314.80529611793,474.958927724901,326.204190782255,326.551136478318,-105.859405263016,-213.806714447155,319.66611960366,-5.05154182925859,-0.445077239513379,5.4966190660154
0.46,635.904576302781,1743.80254535615,49.9949396321673,49.9944493041026,1314.68793703462,475.133662113969,326.20422598998,326.551119004879,-5.81798627313221,-279.325119462366,285.143105625119,-3.74434162202275,-2.30412174590383,6.04846336524507
0.461,636.120687357526,1743.68283724119,49.9949379124102,49.9944496851454,1314.18932842016,475.689452122333,326.204375572564,326.551063425878,95.1194173334984,-317.298035546872,222.178618095986,-2.07169749897462,-3.9382000900759,6.00989758637362
0.462,636.785848843451,1743.11810283416,49.9949326192233,49.9944514827508,1313.11265522455,476.84914762473,326.204698574523,326.550947456328,186.978945913521,-324.349978040651,137.371031999453,-0.1946131211372,-5.18868785624821,5.38330097464133
0.463,637.976336687488,1741.99336849094,49.994923145622,49.9944550628914,1312.76100763889,477.270786830488,326.204804068799,326.550905292407,259.871928066053,-299.375106797659,39.5031785893957,1.70022525808499,-5.92775983015328,4.22753456917731
0.464,639.04666371812,1741.0170817233,49.9949146282301,49.9944581705087,1312.71614749074,477.366167379189,326.204817526843,326.550895754352,307.897418339085,-245.763351969624,-62.1340665272391,3.42856007907333,-6.08983481035993,2.66127472817617
0.465,640.349539501161,1739.82001017189,49.9949042602741,49.9944619809058,1313.01835344474,477.126510897604,326.204726865057,326.550919720001,326.347629663263,-167.984239795199,-158.363390041277,4.82271369968158,-5.65620452991711,0.83349082685689
0.466,641.144248487824,1739.10186300718,49.9948979361809,49.9944642668392,1313.05176394413,477.174071996746,326.204716841907,326.550914963891,311.336049991517,-73.4280543871393,-237.90799579146,5.74341492682228,-4.66576164872814,-1.07765328176984
0.467,641.67945495116,1738.64624368517,49.9948936771432,49.9944657171206,1312.674888433,477.608233369469,326.20482990456,326.550871547753,266.814115587084,28.2926516867555,-295.106767470539,6.10230560697331,-3.22051817891978,-2.88178743201921
0.468,642.091766517504,1738.31341092834,49.994890396072,49.9944667765602,1312.20350076685,478.126194011298,326.20497132086,326.550819751689,195.832163386198,127.357263366742,-323.189426954133,5.8646941894805,-1.46165219999813,-4.40304199369521
0.469,643.153012165161,1737.34716898625,49.9948819509475,49.9944698522038,1312.29615293833,478.126558153015,326.204943525209,326.550819715275,105.403686323352,213.927585101912,-319.331271624832,5.05221675445391,0.44378750138488,-5.49600426022493
0.47,643.841906031073,1736.73267874127,49.9948764689043,49.994471808187,1312.17078663379,478.291898450904,326.2049811351,326.550803181245,5.64958167792271,279.230396197455,-284.87997806721,3.74609213607017,2.3023739393147,-6.04846607984383
0.471,644.922693613114,1735.72340935961,49.99486786827,49.9944750207912,1312.03877024878,478.481368652683,326.205020740016,326.550784234225,-95.48855413043,317.45613338038,-221.967579429788,2.07293141963377,3.93682346726574,-6.00975489132545
0.472,646.172459713522,1734.57794330003,49.9948579229473,49.9944786669229,1312.0519966252,478.530261568854,326.205016772103,326.550779344934,-187.086260232571,324.713669697438,-137.627409629059,0.197459584436536,5.18732287954641,-5.38478246827436
0.473,646.669601319315,1734.13974798567,49.9948539668201,49.9944800617419,1312.4058260378,478.239498144842,326.204910623279,326.550808421276,-259.979616887802,299.813811629971,-39.8341948894061,-1.6981374905284,5.92734502053918,-4.22920753408219
0.474,647.273949491807,1733.62291323209,49.9948491575702,49.994481706878,1312.32954960776,478.362290488112,326.204933506208,326.550796142042,-307.563109328379,245.933388750569,61.6297204481036,-3.42673329039831,6.08984337043608,-2.66311008382442
0.475,647.601497799566,1733.3726772684,49.9948465510236,49.9944825034039,1312.331754455,478.425135876235,326.204932844754,326.550789857503,-325.482912709708,167.65091732401,157.831995271859,-4.82082952818592,5.65558866408064,-0.834759139358731
0.476,648.14456600762,1732.90936917792,49.9948422294241,49.9944839781593,1312.47500999,478.350986425587,326.204889868093,326.550797272448,-311.000123045491,72.9672422064708,238.032880738639,-5.74282983137917,4.66723498160227,1.07559484664415
0.477,648.137920682844,1732.98787872212,49.9948422823059,49.9944837282557,1312.29958930654,478.567090791455,326.204942494298,326.550775662011,-266.335807215411,-28.7688830980997,295.104690222101,-6.10227431520925,3.22310027713047,2.87917403525459
0.478,648.711437429916,1732.47884747689,49.9948377184046,49.9944853485524,1311.56850674687,479.348479841534,326.205161819066,326.550697523106,-195.983917733417,-127.719751265145,323.703668910765,-5.86526336899266,1.46322824842182,4.40203511799996
0.479,649.980272338392,1731.28522550832,49.9948276213373,49.9944891479692,1310.89920644038,480.095897330245,326.205362609158,326.550622781357,-105.920516834444,-213.907642785378,319.828159529486,-5.05288568518155,-0.442093500513684,5.49497918329445
0.48,651.473666897297,1729.86513533591,49.994815737281,49.9944936682566,1310.31423683081,480.71069405262,326.205538100041,326.550561301685,-6.35806091515522,-278.882377072792,285.240437889452,-3.74822020359612,-2.30036055488028,6.04858075614248
0.481,652.641612952645,1728.76213444184,49.9948064430616,49.9944971792175,1310.48394450952,480.588501632542,326.205487187738,326.550573520927,94.7343647706317,-316.845040144109,222.110675262074,-2.07561090949225,-3.93478235574252,6.01039326285901
0.482,654.057571992596,1727.43363590654,49.9947951752175,49.9945014079596,1310.49872919625,480.644684622938,326.205482752332,326.550567902628,186.876905631335,-324.253466952102,137.376561193037,-0.19841605131845,-5.18641315176366,5.38482920055948
0.483,655.450117993985,1726.09378425167,49.9947840936886,49.9945056728399,1311.0384758975,480.150966350946,326.205320828321,326.550617274455,259.958398457395,-299.418785653781,39.4603870500532,1.69638365572381,-5.92716490570408,4.23078124721859
0.484,656.577691616061,1725.03878003907,49.9947751207428,49.9945090310226,1311.9229870257,479.301385678276,326.205055474983,326.550702232523,308.069866912142,-245.965326405449,-62.1045406717833,3.42470316730531,-6.08964827227244,2.66494510189621
0.485,656.787176624769,1724.92099289106,49.994773453714,49.9945094059508,1313.12238715365,478.159694994951,326.204695654944,326.550816401591,326.245782215584,-168.288558202648,-157.957224195175,4.82047067669747,-5.65735046545021,0.836879785333622
0.486,656.202929411724,1725.57195195061,49.9947781030056,49.9945073338837,1313.292795988,478.055798418422,326.204644532294,326.550826791249,311.515952298163,-73.5809677433838,-237.934984749545,5.74232100438666,-4.66823592678031,-1.07408508137456
0.487,655.570045433376,1726.25666208302,49.9947831393363,49.9945051543837,1312.55171895505,478.82558166084,326.204866855404,326.550749812924,267.05686482171,28.160353677314,-295.217218700525,6.1019206411319,-3.22439695936507,-2.87752368584115
0.488,656.177455580052,1725.70448683748,49.9947783057199,49.9945069120121,1311.04146981298,480.384314559637,326.205319930147,326.550593939634,195.89532219662,127.305894970105,-323.201217368894,5.86541026877013,-1.46474916810898,-4.40066110496567
0.489,657.367849881275,1724.58854910704,49.9947688328631,49.9945104641522,1309.75933629432,481.728061492169,326.205704570202,326.550459564941,105.882713482402,213.494469410942,-319.377183090232,5.05470605175368,0.439490976616397,-5.49419703280564
0.49,659.037045863644,1722.98004382433,49.9947555498235,49.9945155841835,1309.25490584934,482.260545077037,326.205855899336,326.550406316583,6.08721891151287,278.977898127854,-285.065117225525,3.75010331628522,2.29824961773396,-6.04835293847559
0.491,660.300210302483,1721.77062354546,49.9947454978803,49.9945194338879,1309.5760601107,481.979366923671,326.205759553057,326.550434434398,-95.4623998308765,317.558523025429,-222.096123365517,2.07834295617365,3.93239942201376,-6.01074238255188
0.492,661.730741096181,1720.42349204991,49.9947341140779,49.9945237219406,1310.50564098674,481.120959345989,326.205480678794,326.550520275156,-186.955141304796,325.007943120008,-138.052801967699,0.200535559413304,5.1856035440211,-5.38613910760164
0.493,662.29212354693,1719.91353833546,49.9947296467383,49.9945253451737,1311.47879170614,480.183179219744,326.205188733579,326.550614053168,-259.811482591513,300.006750471745,-40.195268013048,-1.69362009108005,5.92649118606374,-4.23287109886695
0.494,662.301203348489,1719.96470558479,49.9947295744836,49.9945251823032,1312.09204342057,479.608486976814,326.205004758064,326.550671522393,-307.495234000251,246.135015628009,61.3602182584539,-3.42314465117303,6.08985588215535,-2.6667112345229
0.495,662.124474574531,1720.20808285026,49.9947309808465,49.9945244076094,1312.45715091983,479.295347114494,326.204895225814,326.550702836379,-325.72691672358,168.044591409845,157.682325216626,-4.81862898513889,5.65700043739986,-0.838371455432153
0.496,661.606225137409,1720.77872039949,49.9947351049445,49.9945225912136,1312.20771212255,479.600536963342,326.204970057454,326.550672317394,-311.131651667892,73.1324542415382,237.999197341183,-5.74095703074261,4.6689386743608,1.07201835356904
0.497,661.510986671174,1720.92992019409,49.9947358628281,49.9945221099297,1311.04301741218,480.796146259656,326.205319465867,326.550552756464,-266.832586323217,-28.6387661766963,295.471352420608,-6.10217455424955,3.22549026621425,2.87668428552873
0.498,662.371760942561,1720.1230665285,49.9947290130041,49.9945246782247,1309.65638903993,482.217083702631,326.205735454378,326.55041066272,-196.234081101891,-127.234894369119,323.468975391308,-5.86611658817965,1.46693179182451,4.39918479407136
0.499,663.839426478065,1718.71407464243,49.9947173336928,49.9945291631852,1308.76002404568,483.174058562318,326.206004363877,326.550314965234,-106.430831172115,-213.420714854739,319.85154594034,-5.05555783055043,-0.437505823305147,5.49306365168857
0.5,665.693619429837,1716.90814690628,49.9947025784941,49.9945349116317,1308.43685969285,483.523837146708,326.206101313183,326.550279987376,-6.37122636394161,-279.04703867559,285.41826494025,-3.75064021041646,-2.29693977428454,6.0475799825298
0.501,667.370938386271,1715.28228336129,49.994689230814,49.9945400869161,1308.99998043601,482.987612942529,326.20593237696,326.550333609796,94.8158103903597,-317.078283076527,222.26247256984,-2.07961678894233,-3.93159144829059,6.01120823493788
0.502,668.346998696906,1714.38954742014,49.9946814635728,49.9945429285829,1309.73016695517,482.31433606925,326.205713321004,326.550400937483,186.660209090543,-324.255009558761,137.594800331798,-0.202689956905804,-5.18470947650928,5.38739943088757
0.503,668.722271071902,1714.05411088019,49.9946784772502,49.9945439963105,1310.10800840516,481.972466595422,326.205599968569,326.550435124431,259.785145175699,-299.476068793845,39.6909234588619,1.69218237342044,-5.9260828816368,4.23390050536166
0.504,669.009729833641,1713.82243703931,49.994676189726,49.9945447337513,1310.54778582698,481.563858926053,326.205468035342,326.550475985198,307.911931717417,-246.007752969451,-61.9041789296118,3.42197420382289,-6.09045044447988,2.66847623740447
0.505,669.070730007535,1713.81797117986,49.9946757043021,49.9945447479665,1310.38481849373,481.768648309078,326.205516925542,326.550455506259,326.204876263529,-168.310373503245,-157.894502961466,4.81720247527517,-5.65802838225064,0.840825903292639
0.506,669.117535851145,1713.82506629972,49.994675331833,49.9945447253821,1310.18813387834,482.018708769078,326.205575930927,326.550430500214,311.562089161755,-74.0357327489774,-237.526356628602,5.74119659799605,-4.67109949686842,-1.07009710522998
0.507,669.058065871893,1713.93012217868,49.99467580508,49.9945443909788,1309.79481631457,482.434097689469,326.205693926196,326.550388961321,267.109158026512,27.7375717869934,-294.84673003761,6.10218835427636,-3.22821950407955,-2.87396885466625
0.508,669.798709633459,1713.23964895063,49.9946699112243,49.9945465888234,1309.18732930384,483.07679710397,326.205876172299,326.55032469138,196.184013660638,126.94053832544,-323.124552211296,5.86706031224667,-1.46916453280213,-4.39789578419169
0.509,670.695632046625,1712.40187551452,49.9946627737425,49.994549255539,1308.69058146641,483.629411566834,326.20602519665,326.550269429934,105.940554578527,213.438401622741,-319.378956421343,5.0572666185019,0.43514894359101,-5.49241556700195
0.51,672.051440694556,1711.08034668558,49.9946519845601,49.994553462096,1308.53263266862,483.804707592896,326.20607258129,326.550251900331,6.02144300130899,279.111496053313,-285.13293926441,3.752893834251,2.29430084133276,-6.04719468053696
0.511,673.226515087584,1709.95324495758,49.9946426336152,49.9945570497722,1309.30225510024,483.080964794523,326.20584169456,326.550324274611,-95.6782732084241,317.674812319659,-221.99653930595,2.08073577369486,3.93041007633081,-6.01114585490466
0.512,673.585686413457,1709.66922128115,49.9946397754206,49.9945579538476,1310.06980052687,482.350304407258,326.205611430932,326.55039734065,-186.675479192199,324.83010535563,-138.154626339429,0.204948971364079,5.18354246720249,-5.3884914432592
0.513,673.42233100087,1709.85628312978,49.9946410753616,49.9945573584113,1310.73878937169,481.714013855012,326.205410734279,326.550460969705,-259.611584312512,299.912124631887,-40.3005404761743,-1.69010451199107,5.92518934466697,-4.23508483709366
0.514,673.403804605984,1709.93450188135,49.99464122279,49.9945571094333,1310.17687833626,482.299398413648,326.20557930759,326.550402431249,-307.349984913763,246.140898658833,61.2090861164271,-3.42037973338945,6.09065168171252,-2.67027195240973
0.515,673.738048413353,1709.65440212929,49.9946385629623,49.9945580010185,1309.30210165547,483.210790894044,326.205841740594,326.550311292001,-325.616940561282,167.883659688179,157.733280750338,-4.8164703801505,5.65960395749983,-0.843133581080965
0.516,674.65674539793,1708.76679091783,49.994631252204,49.9945608263727,1308.87740722495,483.693713499958,326.205969148923,326.55026299974,-310.842096096984,73.2135410214095,237.628554964861,-5.73979735837646,4.67186585205488,1.06793150293539
0.517,675.193195583593,1708.27999161873,49.994626983269,49.994562375903,1308.7864282975,483.802310581603,326.205996442601,326.550252140032,-266.620213826002,-28.3797873221183,295.000001043394,-6.102554042078,3.22970669550387,2.87284734348661
0.518,675.713957134175,1707.78538428986,49.9946228391803,49.994563950287,1308.45987772647,484.154301601557,326.206094407772,326.55021694093,-196.322324022086,-127.466594217,323.788918134325,-5.86690247960958,1.47086162754331,4.39604084919786
0.519,676.730452585445,1706.83768215353,49.9946147501665,49.9945669669166,1308.31259370777,484.34562442841,326.206138592978,326.550197808648,-106.719537329881,-213.023932184684,319.743469404049,-5.05871199197677,-0.433095230455474,5.49180721968336
0.52,677.729478025997,1705.85941690952,49.9946068001747,49.9945700808316,1308.20139373206,484.46938922233,326.206171952971,326.550185432168,-6.60511402235435,-278.483392891332,285.088506791952,-3.75412249325813,-2.29194550646012,6.04606799697848
0.521,678.762423466061,1704.87241463961,49.994598580256,49.9945732225574,1308.41566133463,484.287911874187,326.20610767269,326.550203579903,94.5528231143118,-316.870352561078,222.317529309904,-2.08301632675691,-3.92901353106945,6.01202985498464
0.522,679.471135895649,1704.21918928588,49.9945929405017,49.9945753018383,1308.71725959039,484.035172459683,326.206017193213,326.550228853844,186.617784983107,-324.448194514184,137.830409376481,-0.206305670441681,-5.18214542092578,5.38845108832467
0.523,679.468135493444,1704.25134540652,49.9945929643781,49.9945751994821,1309.10522426213,483.671736751294,326.205900803812,326.550265197415,259.630816116408,-299.604525837138,39.9737095467858,1.68826241004123,-5.9249029269272,4.23664051356105
0.524,678.99581194339,1704.78460651334,49.9945967230095,49.9945735020593,1309.41761283,483.379706427385,326.205807087241,326.550294400448,308.090422767562,-246.192824051593,-61.897598908665,3.41878849295969,-6.09123393015431,2.67244543353076
0.525,678.665881578716,1705.15780022747,49.9945993485119,49.9945723141468,1309.19285850359,483.63986144594,326.205874513539,326.550268384946,326.32243003759,-168.358571539677,-157.963858707197,4.81505123212952,-5.66007471748477,0.845023481326159
0.526,679.043881693569,1704.80676557378,49.9945963404826,49.9945734315249,1308.03822654786,484.839517692992,326.206220903126,326.550148419321,311.448309233594,-73.822053850351,-237.626255603906,5.7390017596546,-4.6729880185831,-1.06601374545447
0.527,679.743293384842,1704.13790454162,49.9945907747412,49.9945755605756,1306.98609877682,485.896509298588,326.206536541457,326.550042720161,267.212554581588,27.3592734753562,-294.571828282351,6.10190801288627,-3.23177395103682,-2.87013406652809
0.528,680.82193184766,1703.09832894135,49.9945821912091,49.9945788696476,1306.63343680112,486.281917582713,326.20664234005,326.550004179332,196.052469104708,127.02596191103,-323.078431239359,5.86829586361593,-1.47329237555584,-4.39500349294365
0.529,682.463171788995,1701.50851074852,49.9945691306366,49.994583930196,1306.78068009006,486.183831592796,326.206598167063,326.550013987931,106.217726381794,213.288785181567,-319.506511778181,5.05945495279934,0.431640354213585,-5.4910953119876
0.53,684.266607969722,1699.72307718444,49.9945547793475,49.9945896134076,1306.99269085943,485.989245331074,326.206534563833,326.550033446557,6.25015562018243,278.942821006352,-285.192976826761,3.75487606759843,2.29149298667671,-6.04636905921204
0.531,685.141357266599,1698.91920139121,49.9945478183137,49.9945921722237,1308.3391025495,484.663585500592,326.206130640326,326.55016601254,-95.1919997422843,317.305091030464,-222.113091470194,2.08555080796493,3.92793405061145,-6.0134848633543
0.532,685.332720481736,1698.78844254578,49.9945462954936,49.994592588442,1309.79858094533,483.241109494122,326.205692796807,326.550308260141,-186.619279184628,324.906433168396,-138.287154146158,0.209751897373293,5.18114308528704,-5.39089498718094
0.533,684.38424389112,1699.75825811045,49.9945538432305,49.9945895014232,1310.54947803167,482.515336339613,326.205467527681,326.550380837456,-259.422685794385,300.251665896246,-40.8289802452495,-1.68579335400901,5.92471071346321,-4.23891736365002
0.534,683.259574616333,1700.90696071299,49.9945627930642,49.9945858449893,1310.43746648088,482.6388213945,326.205501131146,326.550368488951,-307.407460108134,246.23525584983,61.1722041316935,-3.4151780682329,6.08944286293164,-2.67426479853748
0.535,682.256929420935,1701.94833297078,49.9945707718612,49.9945825301984,1309.00639483201,484.104045707659,326.205930452641,326.55022196652,-325.55457283219,168.41397632199,157.140596396224,-4.81351663222234,5.66002522730959,-0.846508598573388
0.536,683.000516164191,1701.21659852482,49.9945648545859,49.9945848593815,1306.90805994902,486.241544412349,326.206559953106,326.550008216649,-311.131911150563,73.6914773629459,237.440433681244,-5.73821685797398,4.67375514435208,1.0644617104486
0.537,684.69949639332,1699.55515561961,49.9945513345308,49.9945901479185,1305.47980548919,487.67283014907,326.206988429444,326.549865088075,-266.968246797862,-28.0123997099417,294.980646402664,-6.10228258462331,3.23362580548566,2.8686567762044
0.538,686.286745638312,1698.00448088237,49.9945387036027,49.9945950838695,1305.31910193253,487.854864419827,326.207036640511,326.549846884648,-196.587632211667,-127.279848802177,323.867480903066,-5.8692244096114,1.47570013686367,4.39352426995361
0.539,688.279475325945,1696.04962698745,49.9945228459637,49.9946013063627,1305.89804027633,487.326448305611,326.206862959007,326.54989972626,-106.758883107903,-213.205003479244,319.963886464512,-5.06016670389229,-0.429267176099763,5.48943387721688
0.54,689.315725481621,1695.0439145872,49.9945145997469,49.9946045076447,1307.44956723927,485.776729609882,326.206397500919,326.550054698129,-6.68507950703704,-278.591395411095,285.276474778517,-3.75759716358026,-2.28832523314986,6.04592239384957
0.541,689.414466416904,1694.98963608213,49.9945138139915,49.9946046804186,1308.84093030848,484.409260937723,326.205980091998,326.550191444997,94.6729570441589,-316.952063521874,222.279106317839,-2.08727137454714,-3.92552724936801,6.01279862081403
0.542,688.806627102388,1695.65851493166,49.9945186510231,49.9946025513111,1309.9742152444,483.317416227672,326.205640106517,326.550300629468,186.163439698724,-324.127922839892,137.964482959173,-0.211437998357062,-5.18001724475549,5.39145523969521
0.543,687.721896874105,1696.75565446584,49.994527283032,49.9945990590074,1310.75366591202,482.556714645642,326.205406271317,326.550376699626,259.664472427714,-299.590956564145,39.9264839316824,1.6837226367227,-5.92355698176356,4.23983434123462
0.544,685.845940934743,1698.66375417754,49.994542211415,49.9945929853374,1310.26087043359,483.057052984954,326.20555410996,326.550326665792,308.088537287882,-246.408046454646,-61.6804910580372,3.41408667263902,-6.09012712732562,2.67604045045192
0.545,685.402060087131,1699.12718226046,49.9945457437066,49.9945915102,1308.00985652935,485.343942161985,326.206229414132,326.550097976874,326.124239854675,-168.552227459605,-157.572012637072,4.81250187459482,-5.66038923223118,0.847887352971236
0.546,686.874346090835,1697.6825018245,49.9945340276268,49.9945961087607,1305.68228738669,487.692053174465,326.206927684874,326.549863165773,311.413917853125,-74.0129196279308,-237.400998478576,5.73812158923319,-4.67655900697433,-1.06156258732151
0.547,689.463486801532,1695.10594016339,49.9945134238997,49.9946043102112,1304.50804027712,488.88140544413,326.207279959007,326.549744230546,267.404029349227,27.2068787383017,-294.610908344294,6.10152444941265,-3.23476890254369,-2.86675555225107
0.548,691.803953926002,1692.8109489703,49.9944947990541,49.994611615395,1305.12920509581,488.283412646818,326.207093609562,326.549804029826,196.484035996334,126.461508504266,-322.945544752955,5.86966463447465,-1.47688598374812,-4.3927786563123
0.549,693.263079503185,1691.40430186841,49.9944831877017,49.9946160928918,1306.85770699893,486.594557776832,326.206575058991,326.549972915313,106.253805787904,213.084508439129,-319.338314467527,5.06197327454163,0.427033260324253,-5.48900654051693
0.55,693.578539734629,1691.11680597371,49.9944806773489,49.9946170080197,1308.4791700631,484.988286393295,326.206088620071,326.550133542451,6.28986600401132,278.902020830648,-285.19188705712,3.75870608857037,2.28767870899848,-6.04638480313947
0.551,692.726865194537,1692.00719653234,49.9944874547596,49.9946141738185,1310.15561138968,483.319580772075,326.205585687673,326.550300413013,-94.739308965597,317.350668117785,-222.611359352036,2.08936384479718,3.92384135007985,-6.01320520022983
0.552,691.089547502973,1693.69627184607,49.9945004841198,49.9946087973248,1311.01795458046,482.496674480661,326.205326984716,326.550382703642,-186.508308268099,324.927532171596,-138.419224077946,0.213542158711217,5.17868809458147,-5.39223025830787
0.553,689.530891069595,1695.2560602154,49.9945128875136,49.9946038323642,1310.28926758103,483.233801550256,326.205545590816,326.550308990935,-259.316310393744,300.283206930551,-40.9668966842754,-1.68160893103342,5.92305309001444,-4.24144416356386
0.554,688.712282253833,1696.10490754793,49.9945194017956,49.9946011303992,1308.44304073203,485.096717269572,326.206099458871,326.550122699363,-307.531473658933,246.541132221857,60.9903413151335,-3.41308210826713,6.09121977367568,-2.67813766949519
0.555,689.614300701153,1695.22287741003,49.9945122237608,49.9946039379884,1306.44853547685,487.116606655345,326.206697810447,326.549920710425,-325.618808920859,168.306362341894,157.312446478467,-4.81093665616095,5.66161838977291,-0.850681737184267
0.556,691.426362621925,1693.42964978739,49.9944978038302,49.9946096460092,1304.72563460281,488.872607183711,326.20721468071,326.549745110372,-311.096845485666,73.5695802526239,237.527265149594,-5.73723091234912,4.67735274351113,1.05987816575748
0.557,693.516079199743,1691.357773876,49.9944811743941,49.994616240995,1304.54800059408,489.062217900489,326.207267970912,326.5497261493,-267.120718347324,-27.7618118335824,294.882530107067,-6.10155458069506,3.23632927486056,2.86522530318418
0.558,695.452702326091,1689.45266706,49.9944657632369,49.9946223051384,1305.43097879694,488.185677013277,326.207003077451,326.549813803389,-196.896787597213,-126.588195252729,323.484982776705,-5.86949874017383,1.47891607364594,4.390582664199
0.559,696.327847705236,1688.62758000413,49.9944587990513,49.994624931472,1306.91618528726,486.740972668249,326.206557515504,326.549958273824,-106.961521410041,-213.034154007497,319.995675336155,-5.06314657483879,-0.424784253715873,5.48793082640282
0.56,696.256977287789,1688.71676822298,49.9944593630201,49.9946246475771,1308.31104335918,485.348088554822,326.206139058083,326.550097562235,-7.3607442573501,-278.136372755868,285.497116916277,-3.76102046500358,-2.28473914925949,6.0457596121298
0.561,695.253381502971,1689.75344616442,49.9944673493816,49.9946213477287,1309.68262259384,483.986880387392,326.205727584312,326.550233683052,93.9550522633327,-316.661666165651,222.7066137836,-2.09138238004343,-3.92179446061671,6.01317683838627
0.562,693.886960361175,1691.16418091875,49.9944782230156,49.9946168572205,1309.66912053469,484.027286629369,326.20573163493,326.550229642427,186.175327470999,-324.249969041412,138.074641425628,-0.215697988956616,-5.17756033369251,5.39325832008867
0.563,693.158823771268,1691.89298780937,49.9944840173425,49.9946145373562,1308.48486844823,485.237982967545,326.206086910556,326.550108572794,259.658766736077,-300.023228542265,40.3644616332023,1.68050731588118,-5.92320749066405,4.24270017181331
0.564,692.905727919162,1692.1816534886,49.9944860314152,49.9946136185048,1307.27998377751,486.451032270846,326.206448375957,326.549987267863,307.410567422811,-246.112444464702,-61.2981231583974,3.41132259892921,-6.09113609033627,2.67981348794486
0.565,693.345955671526,1691.75832432474,49.9944825281941,49.9946149660033,1305.47961306278,488.274287889471,326.206988487172,326.549804942301,326.307572874366,-169.128207056674,-157.179366041823,4.81009618690157,-5.66323456227789,0.85313837138474
0.566,695.525005791811,1689.58880820187,49.9944651878642,49.9946218717876,1304.97627886332,488.803743366369,326.207139487431,326.549751996754,311.649048655652,-74.3599218396146,-237.289127057674,5.73600381837276,-4.67878912016458,-1.05721470271293
0.567,697.400916812788,1687.73649527065,49.9944502598386,49.9946277678828,1305.55325412593,488.232790859203,326.206966394853,326.549809092004,267.299261131119,27.4778386827828,-294.777100064582,6.10148551926548,-3.23891077276665,-2.8625747514459
0.568,698.402900042823,1686.75908748267,49.9944422863094,49.9946308790684,1306.85711308888,486.947979856451,326.206575237164,326.549937573105,196.616046006556,126.356981707072,-322.973027964636,5.86991801636799,-1.48053624677792,-4.38938177486325
0.569,698.614597683888,1686.59939927198,49.9944406016731,49.9946313873718,1308.08138574482,485.761523571142,326.206207955367,326.550056218733,106.760655214809,212.70850276627,-319.469158224397,5.06423468203661,0.423392831712356,-5.48762751920186
0.57,697.659129302113,1687.576110344,49.9944482050489,49.9946282784039,1309.44288088505,484.391585648719,326.205799506825,326.550193212526,6.28711671994846,278.946022672132,-285.233139621023,3.76288989794482,2.28269784267851,-6.04558774610407
0.571,696.271404275467,1688.97419685681,49.9944592482138,49.9946238281563,1309.31114673004,484.532917621574,326.205839027071,326.550179079328,-94.5051783619735,317.347824907363,-222.84264675331,2.09297985408723,3.92051371144378,-6.01349357088376
0.572,695.551323107869,1689.73581828631,49.9944649784377,49.99462140384,1308.0510100327,485.824997073956,326.206217068081,326.550049871383,-186.196754277119,324.875119912292,-138.67836581836,0.217427100963337,5.17673974689201,-5.3941668529379
0.573,695.514513233017,1689.76968428192,49.9944652713613,49.9946212960412,1306.92764542854,486.968219340291,326.206554077462,326.549935549156,-259.207735110808,300.159709935067,-40.9519749810096,-1.67843023416831,5.92250560188881,-4.24407537241879
0.574,696.080677216196,1689.22662584471,49.9944607659715,49.9946230246499,1305.6296803162,488.273381767393,326.206943466996,326.549805032914,-307.222831320779,246.678683218955,60.5441479711554,-3.40987111680677,6.0913444497116,-2.68147333713746
0.575,697.48641170597,1687.84059809535,49.9944495794919,49.9946274365132,1305.4003479018,488.529174251196,326.20701226672,326.549779453665,-325.798802636651,169.021833592541,156.776968936367,-4.80909852810609,5.66361626134629,-0.854517736969528
0.576,698.947681028998,1686.40351750936,49.9944379510801,49.9946320108828,1305.81709756618,488.134474634945,326.206887241821,326.549818923627,-311.345108614526,73.9518750913042,237.393233432408,-5.73593056799364,4.6802145366363,1.0557160281176
0.577,700.024483985481,1685.35650293257,49.9944293821544,49.9946353436337,1306.6683004855,487.292743067375,326.206631880945,326.549903096784,-267.444479650361,-27.5401898578325,294.984669426918,-6.10229349188579,3.24037887206292,2.86191461700928
0.578,700.620894215339,1684.78340377444,49.9944246360726,49.994637167865,1307.64764030919,486.318888256089,326.206338078998,326.550000482265,-196.87526407373,-126.619237898872,323.494501891986,-5.87084653797797,1.48350954554865,4.38733698993515
0.579,699.964921256982,1685.4752336555,49.9944298561396,49.9946349657021,1308.59679152956,485.404320627662,326.206053333632,326.550091939028,-107.146081707822,-212.872921916086,320.019003536397,-5.06530354890009,-0.420335133602632,5.48563868018871
0.58,699.111584422936,1686.33934182209,49.9944366467783,49.9946322151604,1308.85842766566,485.144811953649,326.205974842791,326.550117889895,-7.02387736113369,-278.788758791132,285.812636051636,-3.76397075206681,-2.2815358448168,6.04550659460519
0.581,698.848213582288,1686.61910736437,49.9944387426169,49.994631324639,1308.21164711406,485.795779844998,326.206168876956,326.550052793106,93.7488665811206,-316.516748383086,222.76788168258,-2.09515504174997,-3.91884398655709,6.0139990259212
0.582,698.227999270347,1687.26899220139,49.9944436781256,49.9946292559913,1307.31462761194,486.723161277183,326.206437982807,326.549960054963,185.981368294174,-324.459381246314,138.478012810067,-0.219795649390261,-5.17491550779124,5.39471115455457
0.583,698.396112011726,1687.09828962089,49.9944423403269,49.9946297993545,1307.39584621582,486.657276502488,326.206413617226,326.54996664344,259.323591624475,-299.889078402398,40.5654866112303,1.67556984509225,-5.92187060092515,4.24630075285508
0.584,698.435112594286,1687.08521939581,49.9944420299701,49.9946298409583,1307.50376882397,486.549660628885,326.206381240443,326.549977405028,307.788276841231,-246.60875283876,-61.1795241935315,3.40738604888876,-6.09121160635439,2.68382555405924
0.585,698.342652698215,1687.19749644311,49.9944427657426,49.9946294835694,1307.07519135209,487.002856899125,326.206509813685,326.5499320854,326.306605891024,-169.230016370676,-157.076589733056,4.80732896077524,-5.66403909979471,0.856710135146793
0.586,698.879782938141,1686.67120280306,49.9944384913959,49.9946311588141,1306.31738169855,487.786623197914,326.206737156581,326.549853708771,311.84000194332,-74.5553349496346,-237.284667222815,5.73510746737885,-4.68136399944976,-1.05374347226064
0.587,700.087182744817,1685.48073539475,49.9944288832135,49.9946349481895,1306.11663529996,487.981898829632,326.2067973805,326.549834181207,267.633661634173,26.9020586700441,-294.535720543126,6.10186328630255,-3.24247956386559,-2.85938372717387
0.588,700.495640363473,1685.10366649057,49.9944256328111,49.9946361484371,1306.34071572288,487.765018536957,326.206730156374,326.549855869237,196.692981346608,126.229442466972,-322.922424054156,5.87231515951111,-1.48613550687733,-4.38617965768081
0.589,701.118140489782,1684.50116748917,49.9944206791125,49.994638066251,1306.49162049197,487.657357588373,326.206684884943,326.549866635332,106.790986054026,212.744890414199,-319.535876702132,5.06628347487034,0.418815455425536,-5.48509893552418
0.59,701.220145019129,1684.428248788,49.9944198673862,49.9946382983584,1307.35208746687,486.795313124636,326.20642674485,326.549952839778,6.97812543427699,278.54334018291,-285.521465837265,3.7665363810116,2.27954007324835,-6.04607645952061
0.591,700.430415158791,1685.23805610797,49.9944261518568,49.9946357206617,1307.92995795741,486.232800930805,326.206253383703,326.550009090997,-94.3565899222169,317.088167774074,-222.731578052297,2.09671551985018,3.91768564039459,-6.01440116538902
0.592,699.509096437444,1686.17847228756,49.9944334834782,49.994632727224,1307.69181718219,486.491339375943,326.206324825936,326.549983237153,-186.027908736583,324.84885859275,-138.820950033156,0.221854477351772,5.1739088697959,-5.39576335203956
0.593,699.243235346089,1686.44098858478,49.9944355991336,49.9946318916087,1307.35786128523,486.835205884113,326.206425012705,326.549948850502,-258.995046474341,300.441291097839,-41.4462447746533,-1.67376476580486,5.92128716415023,-4.24752240287177
0.594,699.321043659068,1686.38171048733,49.9944349799547,49.9946320802967,1306.77339859595,487.429035270437,326.206600351512,326.549889467563,-307.08232552705,246.651505247685,60.43082015364,-3.40632100317382,6.09155468887791,-2.68523368978236
0.595,699.76990427752,1685.94703469453,49.9944314080354,49.9946334639127,1306.49179122355,487.723413859823,326.206684833723,326.549860029704,-325.602539736944,168.958981662013,156.643557971416,-4.80583989333028,5.66478981521286,-0.858949925473915
0.596,700.50312934833,1685.2272589542,49.9944255732156,49.9946357550301,1306.22180190544,488.019054989973,326.206765830519,326.549830465591,-311.454458198977,74.2349893225484,237.219468790945,-5.73452108773931,4.6827682104211,1.05175287420866
0.597,701.492525866585,1684.24571899886,49.9944176998483,49.9946388793688,1306.24142750733,487.996129077702,326.206759942838,326.549832758183,-267.549149851197,-27.3725386938061,294.921688470726,-6.10111700846075,3.24362007693679,2.85749692884782
0.598,701.861970370917,1683.91031859736,49.9944147599024,49.9946399469814,1306.98569819547,487.254170776428,326.206536661632,326.549906954013,-196.937820947981,-126.453045326552,323.390866203355,-5.8725451148614,1.48811091608779,4.38443419643839
0.599,701.834895414674,1683.9634163533,49.994414975358,49.994639777966,1307.37424139063,486.894232566297,326.206420098673,326.549942947834,-107.675012032139,-212.469745118689,320.144757074187,-5.06807071959668,-0.415902219699528,5.48397293717445
0.6,701.25043327904,1684.55674657149,49.9944196263599,49.9946378893373,1307.81408264603,486.465879188465,326.206288146297,326.549985783172,-7.43408540481509,-278.414553080746,285.848638394985,-3.76707497371439,-2.27781616483607,6.04489113648763
0.601,701.081360431287,1684.72747958909,49.9944209717989,49.9946373458772,1307.56859638638,486.710885809283,326.206361792174,326.549961282509,93.7008801016206,-316.676380411245,222.975500198604,-2.09879458948801,-3.91576801941729,6.01456260673916
0.602,701.168173666256,1684.68367859831,49.9944202809611,49.9946374853001,1307.66615464208,486.645126037703,326.206332524698,326.549967858487,185.777603859884,-324.464619775131,138.68701577927,-0.223696871664357,-5.17359673603245,5.39729360527642
0.603,700.916938888004,1684.94564129915,49.994422280224,49.9946366514469,1308.26264443232,486.054576527787,326.206153577761,326.550026913438,259.374278817755,-300.055963209212,40.6816842287596,1.67198336342819,-5.92164895147382,4.24966558524926
0.604,700.905715010138,1684.97630307223,49.9944223695407,49.9946365538475,1307.79482750462,486.534735635878,326.206293922839,326.549978897527,307.680326046977,-246.86197634134,-60.8183498946757,3.40491377182814,-6.09232069712198,2.68740692203482
0.605,701.075862990735,1684.81627404218,49.9944210155461,49.9946370632357,1307.1098639069,487.226982331821,326.206499411918,326.549909672857,326.228162644899,-169.506072014733,-156.722090839713,4.80419848851389,-5.66576933126432,0.861570838994623
0.606,701.312485603464,1684.58087053076,49.9944191325632,49.9946378125483,1306.4126997133,487.950014178247,326.206708561176,326.549837369673,311.791316497451,-74.457066549975,-237.334250171794,5.73283320044939,-4.68380620697489,-1.04902699769655
0.607,702.027780970028,1683.87711468943,49.9944134404235,49.9946400526728,1306.00514714857,488.358033366623,326.206830826946,326.549796567754,267.502939129891,26.6179705300913,-294.120909892312,6.10136782673305,-3.24548160889681,-2.85588622245614
0.608,702.534464539301,1683.38394613678,49.9944094083638,49.994641622477,1306.74578527474,487.624655525932,326.206608635508,326.549869905538,196.929531580783,126.105756846731,-323.035288660566,5.87266541921365,-1.48949752016864,-4.38316790395968
0.609,702.726953386473,1683.23255023469,49.9944078765862,49.9946421043851,1307.83556882599,486.558565553049,326.206281700443,326.549976514535,106.993714886163,212.720272609329,-319.713987720799,5.06936786450322,0.414102526796326,-5.48347039637909
0.61,702.226269245241,1683.73581545988,49.994411860904,49.9946405024422,1308.1573592264,486.234717759311,326.206185163322,326.550008899314,7.26123163137877,278.494233038647,-285.755464879063,3.76919217417921,2.27564056662116,-6.04483274588614
0.611,701.377949862124,1684.58451177424,49.9944186116152,49.9946378009579,1307.86241307205,486.52738032569,326.206273647169,326.549979633058,-93.8176760534109,317.139049666175,-223.32137379971,2.1009882925484,3.91348702356439,-6.01447532104559
0.612,701.310074281812,1684.67909556272,49.9944191517519,49.9946374998883,1307.31464359779,487.105853091598,326.206437978011,326.549921785781,-186.053080411241,324.89287178713,-138.839791536708,0.225636731719469,5.17185056728899,-5.39748730364399
0.613,701.517394206821,1684.45853685563,49.9944175019524,49.9946382019485,1306.75596748482,487.669519540247,326.206605580845,326.549865419136,-258.64443454991,300.3150115015,-41.6705770848167,-1.66990264698455,5.91985495072056,-4.24995230795967
0.614,701.87105546692,1684.12465144393,49.9944146876055,49.9946392647388,1306.84191630358,487.583255975892,326.206579796199,326.549874045493,-307.189779102662,246.926614154338,60.2631648418461,-3.40237551796213,6.09151484099221,-2.68913932676309
0.615,702.286744365009,1683.73803399367,49.9944113796583,49.9946404953804,1307.14577423255,487.299442061843,326.206488638821,326.549902426884,-325.404770851944,169.156014151313,156.248756617512,-4.8037938319103,5.66695364495442,-0.863159816252278
0.616,702.507703775279,1683.53073320314,49.9944096213192,49.9946411552393,1307.30556930638,487.166131081797,326.206440700298,326.549915757982,-311.339860268301,74.3756208750753,236.964239328863,-5.7331603639527,4.68570537509635,1.04745498616321
0.617,701.998856203349,1684.06100723341,49.9944136705995,49.9946394673246,1307.79291913528,486.665289067142,326.20629449535,326.549965842184,-267.40076175546,-27.5749686746362,294.975730377082,-6.10165221388782,3.2486892600737,2.85296295157984
0.618,701.769769013986,1684.29176217244,49.9944154936175,49.9946387328088,1307.9700482748,486.500918958185,326.206241356608,326.549982279195,-197.42335149877,-126.031705770836,323.455057219546,-5.87310547571701,1.49173639693964,4.38136907690177
0.619,701.552199690996,1684.53060074516,49.9944172249791,49.994637972562,1307.9088575386,486.595933262881,326.206259713829,326.549972777764,-107.432940291465,-212.537071611788,319.970011847244,-5.06931002296058,-0.412213049348498,5.48152307065555
0.62,700.826153807367,1685.26254200018,49.9944230026687,49.9946356427207,1307.40319605145,487.090917437965,326.206411412275,326.549923279347,-7.78961761537882,-278.186031802636,285.975649347988,-3.77096627270815,-2.27304621210447,6.04401248322208
0.621,700.782532501507,1685.30790408726,49.994423349796,49.9946354983287,1306.95936605423,487.536173890761,326.206544561274,326.549878753701,93.6338839092402,-316.569167408381,222.935283408542,-2.10313777703501,-3.91192260540801,6.01506038075234
0.622,701.12705625051,1684.99016673883,49.9944206081631,49.994636509718,1306.02097368506,488.500704030014,326.206826078985,326.549782300687,185.49918990486,-324.339614151769,138.840424131121,-0.227568334636401,-5.17141730761853,5.39898564031156
0.623,702.617049956104,1683.48089890237,49.9944087511699,49.9946413138668,1305.40868103436,489.125448250592,326.20700976678,326.549719826265,258.97073411895,-300.200154346351,41.2294200841075,1.66897963205569,-5.91997507766691,4.2509954432875
0.624,704.148868987851,1681.98607196376,49.9943965613414,49.9946460720487,1306.49054456181,488.044811993244,326.206685207722,326.549827889891,307.37563624404,-246.506326920585,-60.8693094939885,3.40150280705183,-6.09247569931941,2.69097288947177
0.625,704.622675581405,1681.53944037537,49.9943927909083,49.9946474937212,1308.40117965714,486.143548705366,326.206112017193,326.55001801622,326.284530903921,-169.396911850689,-156.887619247983,4.80217277272123,-5.6677574065179,0.865584630482667
0.626,703.553628203537,1682.62655755136,49.9944012981171,49.9946440333198,1310.0139411725,484.549718903257,326.205628188739,326.5501773992,311.620255879063,-74.8186267865404,-236.801629306043,5.73172088254954,-4.68717078011312,-1.04455010626406
0.627,701.539925968248,1684.65113526105,49.9944173226503,49.9946375888888,1310.33327259261,484.227756234113,326.205532389313,326.550209595467,267.697916359313,26.6702660326543,-294.368182616549,6.10131977862707,-3.24949374326728,-2.85182603964448
0.628,699.868317164545,1686.32743745675,49.9944306248905,49.9946322530531,1309.43574740539,485.130082899916,326.205801646869,326.5501193628,197.388837538198,125.723673442507,-323.112511207692,5.87387570366368,-1.49360539947921,-4.38027030882235
0.629,699.28999674926,1686.91781603692,49.9944352270181,49.9946303738198,1307.7201105827,486.863177128938,326.206316337916,326.549946053377,107.331970193446,212.344287569992,-319.676257984124,5.07136091584486,0.40953534442524,-5.48089626512214
0.63,699.660122088863,1686.53861697078,49.9944322816543,49.9946315808479,1306.16058659225,488.425945559919,326.206784195113,326.549789776534,7.22094677166735,278.5788240749,-285.799771052728,3.77202676252805,2.27140346571612,-6.04343023315043
0.631,700.733764101108,1685.47099367152,49.9944237378826,49.9946349791984,1305.62797997502,488.957587621407,326.206943977098,326.549736612328,-94.2019367219787,317.177903185942,-222.975966649181,2.10508882964432,3.91057979501742,-6.0156686294585
0.632,702.16521154224,1684.05903550059,49.9944123467858,49.9946394736008,1305.48798891934,489.117799155442,326.206985974415,326.549720591175,-185.608239801104,324.864603338001,-139.256363696587,0.229939940194462,5.16971277092918,-5.39965271565992
0.633,703.523033398451,1682.69698486558,49.9944015415828,49.9946438091427,1306.10618685647,488.509178703065,326.206800515033,326.54978145322,-258.922540505493,300.709593733091,-41.7870533597576,-1.66614893466601,5.91949431204558,-4.25334538152963
0.634,703.718357248869,1682.51805887066,49.994399987245,49.9946443786818,1307.26578248269,487.338388475138,326.206452636346,326.549898532243,-307.010285112138,247.132357833224,59.8779271738797,-3.39875371832783,6.09148597994191,-2.69273226528966
0.635,703.225481691396,1683.03747620216,49.994403909424,49.9946427253251,1308.13535794361,486.479154976291,326.206191763707,326.549984455593,-325.536886508807,169.187202515296,156.349683912293,-4.80044339779041,5.66872326557974,-0.868279870947886
0.636,702.251792338029,1684.02499309767,49.9944116577977,49.9946395819612,1308.95718934351,485.682806848975,326.205945214287,326.550064090405,-311.568548905,74.6811394419241,236.887409400476,-5.73153645160346,4.68869500498564,1.04284144397017
0.637,700.97266106605,1685.30360908803,49.994421836801,49.9946355120001,1309.20501483264,485.425265036569,326.205870866641,326.550089844587,-267.664477050679,-27.0819833179463,294.746460316964,-6.10082084070462,3.25141007418287,2.84941076432846
0.638,700.008677957372,1686.28284578503,49.9944295079348,49.9946323949928,1308.32330064403,486.31301457137,326.206135380897,326.550001069633,-197.412359557748,-126.032376886025,323.444736393923,-5.87485122754998,1.49611002785739,4.37874119784837
0.639,699.835482232647,1686.4674056197,49.9944308861826,49.9946318075206,1307.42201524793,487.250032357981,326.206405766516,326.549907367855,-107.719702725667,-212.411318271519,320.131020939729,-5.07206270878215,-0.408180970491107,5.48024367763323
0.64,700.139308193565,1686.1503400527,49.9944284684124,49.9946328167717,1306.60253627549,488.056929597809,326.206651610208,326.549826678131,-8.13417607905252,-278.100468447098,286.234644452747,-3.77384113860176,-2.26899173523745,6.04283287223624
0.641,700.902099491997,1685.39722081328,49.9944223983121,49.9946352140247,1306.29449619545,488.369054210486,326.206744022232,326.549795465669,93.2051333680108,-316.509070221548,223.303936757376,-2.10666697621578,-3.90956914918993,6.01623612366905
0.642,702.055030377348,1684.27587601741,49.9944132235796,49.994638783376,1306.81652057238,487.871592644118,326.206587414919,326.549845211826,185.168220822142,-324.472338022633,139.304117076552,-0.232051641756239,-5.16901054068811,5.40106218041411
0.643,702.313026591439,1684.01406780682,49.994411170511,49.9946396167375,1307.72429459368,486.966625516802,326.206315082712,326.549935708539,259.090521592464,-300.323565730687,41.2330439838041,1.66421634595081,-5.91925201327108,4.25503566486003
0.644,702.10590225605,1684.24055750727,49.9944128187541,49.9946388957983,1308.59764020763,486.101902973839,326.206053079028,326.550022180793,307.562465088762,-247.045316647648,-60.5171486254061,3.39835562700352,-6.0925727835149,2.69421715352384
0.645,701.246657017769,1685.11839879506,49.9944196564105,49.9946361015427,1308.95783969658,485.736526583531,326.205945019181,326.550058718432,326.224797389892,-169.813875581933,-156.410922018653,4.79926157460036,-5.66925400969049,0.86999243152855
0.646,700.270646049963,1686.1017505136,49.9944274232589,49.994632971437,1308.90111779096,485.820933461109,326.205962035753,326.550050277744,311.818757417158,-75.1147687142063,-236.703988934349,5.73083911511917,-4.68998786252363,-1.04085125672308
0.647,699.56009387116,1686.82018730564,49.9944330776535,49.9946306845817,1308.43511898378,486.27547134371,326.206101835395,326.550004823956,267.903057874245,26.3578593265292,-294.260917445414,6.10156899901872,-3.25364739932447,-2.84792160432953
0.648,699.577447388037,1686.80051390616,49.9944329395586,49.994630747204,1307.40976241381,487.307487167586,326.206409442366,326.549901622374,197.449249100567,125.317846649389,-322.767095998692,5.87463177672357,-1.49777419071714,-4.37685759104333
0.649,700.114650881174,1686.28203633235,49.9944286646291,49.9946323975694,1306.81537918692,487.928661050262,326.206587757334,326.549839504985,107.625105209509,212.044026689116,-319.669132140664,5.07368129978444,0.405688291445255,-5.47936959651849
0.65,700.95468218197,1685.42428149163,49.9944219798724,49.9946351278879,1306.34955242716,488.385096941778,326.206727505362,326.549793861396,7.57672062323734,278.310089610534,-285.88681045947,3.77534476822392,2.26701405890205,-6.04235883248327
0.651,701.550946074234,1684.84849267163,49.9944172349551,49.9946369606806,1306.73977491645,487.994220153527,326.206610438615,326.549832949075,-93.5861406512679,316.990455525894,-223.40431507677,2.10902532278845,3.90759819874713,-6.01662352677487
0.652,701.930000342177,1684.49292299282,49.9944142185371,49.994638092494,1307.37441196312,487.389048000853,326.206420047501,326.54989346629,-185.546288679196,325.0334505276,-139.487162022174,0.233908417234449,5.16771305301443,-5.40162147520046
0.653,701.909795023655,1684.52144346996,49.9944143793259,49.9946380017105,1308.71224433797,486.061076256346,326.206018697789,326.550026263465,-258.668278281182,300.473626211112,-41.8053480729,-1.66245794563531,5.9190642442525,-4.25660630314
0.654,700.635039925942,1685.82337160686,49.9944245235046,49.9946338575446,1309.5493417828,485.207279461772,326.205767568556,326.550111643144,-306.931309021787,246.993727744863,59.9375811643496,-3.39528168846474,6.09303771825668,-2.69775603378538
0.655,699.323199658226,1687.13561482399,49.9944349627978,49.9946296805447,1309.42373138188,485.348944088964,326.205805251676,326.550097476682,-325.622536974576,169.357812134975,156.264724753858,-4.7978325631041,5.66995883313701,-0.872126273447491
0.656,698.685228965637,1687.77013093373,49.9944400396072,49.9946276608172,1308.50931129636,486.284780098222,326.206079577701,326.550003893081,-311.372096707906,74.637774660268,236.734321982586,-5.72962600666234,4.69092351927795,1.03870248454135
0.657,698.506920802208,1687.94769577369,49.9944414585385,49.9946270956107,1307.78096082372,487.001930910414,326.206298082843,326.549932177999,-267.79473605239,-26.5462659650231,294.341001964619,-6.10081023656561,3.25484558568768,2.84596464854158
0.658,698.924037875901,1687.53439383423,49.9944381392263,49.9946284111917,1307.30842995603,487.481643317658,326.206439842104,326.549884206759,-197.633692422229,-125.734045184053,323.367737556016,-5.87546826308026,1.49967787023119,4.37579039090445
0.659,699.314838522889,1687.15776549255,49.9944350293336,49.9946296100369,1307.08272820144,487.727756504166,326.20650755263,326.54985959544,-108.008302058444,-212.141934686192,320.150236687162,-5.07469192420264,-0.403852902322978,5.47854482481804
0.66,700.430678562101,1686.0359864395,49.9944261497607,49.9946331807706,1306.7516709912,488.046803306206,326.206606869793,326.54982769076,-8.33204136115246,-277.794776532879,286.126817819907,-3.77745570607853,-2.26508190257231,6.04253760700012
0.661,700.669826009924,1685.81406747347,49.9944242466858,49.9946338871606,1307.76298391468,487.048791569795,326.206303475916,326.549927491933,93.2023996789171,-316.38756501672,223.185165239708,-2.11068796237507,-3.90641786922158,6.01710582981783
0.662,700.607960878709,1685.90188753581,49.9944247389928,49.9946336076206,1308.66609498444,486.157239786911,326.206032542595,326.550016647112,185.365033677439,-324.611023410709,139.245989605836,-0.236430014402982,-5.16643821952771,5.40286823185065
0.663,700.181681689839,1686.3148148142,49.9944281312148,49.9946322932323,1309.31384466949,485.526538827201,326.20583821769,326.550079717208,258.90955374084,-300.421140558218,41.5115866568542,1.66033381525314,-5.91785572368215,4.25752190589699
0.664,699.152276946037,1687.37450996819,49.9944363229575,49.9946289201178,1310.0815373748,484.740343310674,326.205607909878,326.550158336759,307.457466831343,-247.137948657856,-60.3195183667602,3.39337493266296,-6.09263053256615,2.69925559680818
0.665,697.322516619141,1689.21324859003,49.9944508837275,49.994623067231,1309.7471185636,485.087713300043,326.205708235521,326.55012359976,326.051628378928,-169.672498831389,-156.379129770088,4.79653419458857,-5.67079328321186,0.874259084908293
0.666,696.397375751606,1690.13024295165,49.9944582457647,49.9946201483473,1308.75204125727,486.102946625076,326.206006758713,326.550022076428,311.941284687093,-75.309688722689,-236.631596209993,5.72894323605093,-4.69247933093067,-1.03646390945292
0.667,696.824576997952,1689.69901396808,49.9944548462052,49.9946215209918,1307.55403478596,487.300488098505,326.206366160655,326.549902322281,268.291492495782,25.7926494508087,-294.084142206592,6.10105786945037,-3.25618418659889,-2.84487368773944
0.668,697.47480235499,1689.05608841733,49.9944496718762,49.9946235674874,1306.82478041423,488.022390152603,326.206584936966,326.549830132075,197.635609059995,125.129411737062,-322.765021061424,5.87598164318299,-1.50172600209851,-4.37425564641039
0.669,698.671348551461,1687.87883837859,49.9944401500641,49.9946273147906,1306.36231797228,488.512336409944,326.206723675699,326.549781137449,107.85898531714,211.954210374265,-319.813195947567,5.07661029398294,0.401278085445052,-5.47788838502822
0.67,700.071817934678,1686.46368691538,49.9944290054828,49.9946318193577,1307.4848915645,487.380133254595,326.206386903621,326.549894357765,7.7050087007457,278.131034602887,-285.836043539743,3.77856747189937,2.26290971374217,-6.04147719130214
0.671,700.093429458942,1686.46372405093,49.9944288335038,49.9946318192395,1308.88160281304,485.977857476016,326.205967890246,326.550034585343,-93.4147938858994,317.017761748068,-223.602968070045,2.11317331793581,3.90433975205032,-6.01751307548856
0.672,699.534960280513,1687.04589742292,49.9944332776603,49.994629966124,1309.71608616542,485.16521843357,326.205717545241,326.550115849247,-185.118947042492,324.920648995653,-139.801702127375,0.23842077054394,5.16536616186291,-5.40378693755383
0.673,698.829352140924,1687.74449381828,49.9944388927115,49.9946277424227,1309.99836091713,484.877784989405,326.205632862815,326.550144592591,-258.838626907446,300.926137498844,-42.087510731019,-1.65771160654924,5.91778031711502,-4.26006871520381
0.674,698.2772050271,1688.31034768341,49.9944432865586,49.9946259412539,1309.99130623486,484.895178667887,326.20563497922,326.550142853224,-306.771285336719,247.228389701391,59.54289552892,-3.39217821626631,6.09285282029221,-2.70067460805563
0.675,697.385455819049,1689.21179396775,49.9944503828733,49.9946230718612,1310.02391608424,484.866164852556,326.205625196265,326.550145754605,-325.535390077625,169.582305686469,155.953084313183,-4.79478672244969,5.67120792999094,-0.876421210922775
0.676,696.613241676341,1689.97886289225,49.9944565279582,49.994620630205,1309.56256085285,485.348593061927,326.205763602835,326.550097511784,-311.564275861785,75.0934872250794,236.470788580862,-5.72820762761711,4.69366101259281,1.03454661227197
0.677,696.386572234564,1690.21385160147,49.9944583317363,49.9946198822127,1309.10553794113,485.802702107338,326.205900709708,326.55005210088,-267.896924486363,-26.5213436215028,294.418268064693,-6.10100947478268,3.25806496846617,2.84294450411619
0.678,696.60963920039,1689.98372656042,49.9944565566258,49.9946206147235,1308.84042115417,486.065840880693,326.205980244744,326.550025787002,-197.876503986823,-125.477149346622,323.35365329212,-5.8762777785112,1.50389698673492,4.37238078999593
0.679,696.81000422061,1689.81261678018,49.9944549621716,49.9946211593828,1308.70824931051,486.217916580475,326.206019896297,326.550010579432,-108.643712773977,-211.655267042659,320.298979766155,-5.0777700894415,-0.399287378309466,5.4770574662145
0.68,697.062127210832,1689.54219172273,49.9944529558406,49.9946220201725,1308.68494682558,486.239934665705,326.206026887043,326.550008377624,-8.25359511180683,-277.885397993165,286.138993036074,-3.77994836067824,-2.26149147254998,6.04143983173966
0.681,697.128679233388,1689.47788359085,49.9944524262364,49.9946222248716,1308.6591416497,486.257104498837,326.206034628595,326.550006660641,92.8229326895424,-316.90977861424,224.086845829673,-2.11457482666925,-3.90282337702508,6.01739820205533
0.682,697.392121355554,1689.24969361358,49.9944503298306,49.9946229512229,1308.87609012533,486.062163919792,326.205969544053,326.550026154698,184.903499000324,-324.394081353364,139.490582226578,-0.240783146484313,-5.16445762696733,5.40524077147957
0.683,696.916922650833,1689.71838072066,49.9944541113418,49.9946214593455,1309.57438094413,485.353406553608,326.205760056807,326.550097030435,258.633827092486,-300.351172278838,41.717345025866,1.65496926255003,-5.91670481894997,4.26173555394364
0.684,696.030262197572,1690.60914765536,49.9944611671615,49.9946186239463,1309.09094804512,485.845289674945,326.205905086677,326.550047842123,307.447208542076,-247.189045748404,-60.2581629871008,3.39058507346651,-6.09268070444799,2.70209562793557
0.685,695.858373179731,1690.78336515594,49.9944625350108,49.9946180693948,1308.37400972738,486.563057744779,326.206120168172,326.549976065316,326.235206982678,-170.271508160025,-155.963699044743,4.79396806309912,-5.67224714274619,0.878279075965751
0.686,696.588203124367,1690.06299298944,49.9944567272087,49.9946203624106,1308.24695762756,486.719722176698,326.206158283802,326.549960398873,311.906668327892,-75.4943493802208,-236.412319191058,5.72814664958,-4.69548287292715,-1.03266378095255
0.687,696.749746153449,1689.90109983304,49.9944554416901,49.9946208777325,1309.10540837479,485.841468819833,326.205900748578,326.550048224208,268.133298303458,25.7509457011649,-293.884244260033,6.1007161500561,-3.26070527782193,-2.84001087707375
0.688,696.244198471545,1690.42282512339,49.9944594647107,49.9946192170293,1309.56543372345,485.384427418013,326.205762740973,326.550093928349,197.738448514772,125.190408676031,-322.928857447805,5.8780429718223,-1.5067572179364,-4.3712857591328
0.689,695.520197107517,1691.16593859136,49.9944652261305,49.9946168516257,1310.47958321262,484.506203736514,326.205488496127,326.550181750717,107.934560308562,211.828263715077,-319.762824271688,5.07836941290165,0.397298416812052,-5.47566783519576
0.69,694.399356500164,1692.27983843391,49.9944741454967,49.9946133059724,1310.44593420797,484.523029019719,326.205498590828,326.550180068188,7.93514033346519,278.177373919522,-286.112514482813,3.78250523081105,2.25954443583781,-6.04204967217345
0.691,693.469456897615,1693.20056775283,49.9944815454026,49.9946103751999,1309.03237975711,485.931804199026,326.205922657163,326.55003919067,-93.1690450362513,316.936560225917,-223.767515393215,2.11645884076963,3.90076318263604,-6.01722202877628
0.692,693.733725146614,1692.94787971348,49.9944794424227,49.9946111795309,1307.70872496955,487.274274116936,326.2063197536,326.549904943679,-185.157148798871,324.914508730898,-139.757360103702,0.242740224514674,5.16275310483003,-5.40549333437787
0.693,694.723294849625,1691.9354708454,49.9944715676772,49.9946144021285,1307.4159922215,487.567941153601,326.206407573424,326.549875576975,-258.355098465988,300.883033375414,-42.5279350464091,-1.6539674223153,5.91600397805134,-4.26203656027818
0.694,695.408439489241,1691.27151706869,49.9944661154694,49.994616515559,1307.6476709192,487.33156342466,326.206338069815,326.549899214748,-307.013152239138,247.607074020907,59.406078115268,-3.38887453774301,6.09339286903466,-2.7045183352339
0.695,696.051027546765,1690.63763916939,49.9944610019161,49.994618533255,1308.78538971869,486.204975579428,326.205996754175,326.550011873532,-325.618400437239,169.85135686874,155.767043495699,-4.79285618471417,5.67298027510938,-0.880124093684885
0.696,695.868589010732,1690.83960986481,49.9944624537158,49.9946178903623,1309.91483916343,485.087806655836,326.205657919341,326.550123590425,-311.602627605817,75.3303029988228,236.272324557881,-5.72726865737489,4.69703164753875,1.03023700719204
0.697,694.977265211849,1691.72392012739,49.9944695466453,49.9946150755153,1310.30281046632,484.699439695147,326.205541527951,326.550162427121,-268.02040162471,-26.4154999340753,294.435901523997,-6.10051158461942,3.26123069412085,2.83928088843004
0.698,694.214931189893,1692.49792045413,49.9944756131067,49.9946126117957,1310.16499200817,484.830746661098,326.205582873488,326.550149296424,-198.029829720174,-125.248563056607,323.278392745419,-5.87814861440824,1.50812792801308,4.37002068477463
0.699,693.429168503682,1693.29197081415,49.9944818660074,49.9946100842549,1310.20053610489,484.819815918188,326.205572210259,326.550150389499,-108.289618737069,-212.077664799373,320.367283497151,-5.07899830449904,-0.395123016635014,5.47412131978876
0.7,693.584615807955,1693.13182830807,49.9944806289971,49.9946105940044,1309.48291368965,485.52787608305,326.205787496983,326.550079583482,-8.54755353287643,-277.816555781878,286.364109256349,-3.784389212011,-2.25787306656008,6.04226227729475
0.701,693.940381050938,1692.77445680045,49.9944777979072,49.9946117315532,1309.22659091909,485.780852737155,326.205864393815,326.550054285817,92.65527955654,-316.486064312616,223.830784669949,-2.11878460722037,-3.89940221459349,6.01818682039181
0.702,694.263699106167,1692.47632160489,49.9944752250239,49.994612680547,1308.91109934733,486.113585084092,326.205959041286,326.550021012582,184.873509878787,-324.404058726841,139.530548728051,-0.244900993903719,-5.16202042017731,5.40692141231134
0.703,694.288957610087,1692.44544361188,49.9944750240231,49.9946127788347,1309.22123747608,485.812632554318,326.205865999848,326.550051107835,258.482837723987,-300.393152922445,41.9103150439612,1.65174153390117,-5.91619708609026,4.26445554991471
0.704,694.169997349618,1692.55844456639,49.9944759706788,49.9946124191415,1309.93559411892,485.091868009378,326.205651692855,326.550123184289,307.274491766302,-247.66252989959,-59.6119620555744,3.38637505231199,-6.09225786151045,2.70588280631407
0.705,693.533651472152,1693.22066224415,49.9944810345584,49.9946103112372,1310.36951123465,484.663093743097,326.20552151772,326.550166061716,326.148053818674,-170.382691340815,-155.765362696662,4.79177917599882,-5.67395750268116,0.882178323138655
0.706,692.863380228352,1693.89470604937,49.9944863684075,49.9946081656891,1309.9726354974,485.077965441004,326.205640580441,326.550124574546,312.090683045541,-75.6386652420459,-236.452018045986,5.72662769503494,-4.69813258532674,-1.02849511389938
0.707,692.74383708434,1694.00590142991,49.9944873197016,49.9946078117432,1309.82930574783,485.215146494482,326.205683579366,326.550110856441,268.46242575519,25.3958864401806,-293.858312452588,6.10051797215337,-3.26376206585054,-2.83675591107267
0.708,692.660733848272,1694.09624470366,49.9944879810161,49.9946075241716,1309.86304648649,485.183677503979,326.205673457144,326.55011400334,197.932870168664,124.911348651595,-322.844219081972,5.87833852921041,-1.50952100360785,-4.36881753082842
0.709,692.744234413972,1694.0293583086,49.9944873165397,49.9946077370777,1309.55173725746,485.515661359559,326.205766849913,326.550080804954,108.285307428126,211.444125488644,-319.729433172497,5.08072004682202,0.3932259415644,-5.47394599390248
0.71,692.600476094625,1694.16599998074,49.9944884605321,49.9946073021337,1309.95851525667,485.094995730383,326.205644816513,326.550122871517,8.13568161162743,277.987635323315,-286.123317174453,3.78581447222473,2.25479736858279,-6.04061184642253
0.711,691.99644343062,1694.76447302309,49.9944932672713,49.9946053971348,1310.35590742208,484.685355495573,326.205525598864,326.550163835541,-93.0668849548414,316.893244423149,-223.826359682934,2.12161818173039,3.89677889932993,-6.0183970865718
0.712,691.672052850114,1695.1140173862,49.9944958486895,49.9946042845006,1310.31336447928,484.767655580532,326.205538361747,326.550155605532,-184.92956360799,325.051731961397,-140.122168536959,0.246231732198873,5.16122376023344,-5.40745549764846
0.713,691.301092193437,1695.46398575319,49.9944988007006,49.9946031705167,1309.57697885779,485.4972859092,326.205759277433,326.550082642499,-258.303356563849,300.990425982041,-42.6870695673306,-1.65067532253428,5.91536106226289,-4.26468574448567
0.714,690.917281408319,1695.85278584967,49.9945018549698,49.9946019329275,1308.40147149527,486.66062036832,326.206111929642,326.549966309054,-306.818883349996,247.557147326394,59.2617359088491,-3.38502411310024,6.09300494240964,-2.70798083348821
0.715,691.66567658366,1695.10849412088,49.9944958994302,49.9946043020817,1308.19888659499,486.873618374673,326.206172705112,326.549945009253,-325.531281935835,169.946377269524,155.584904582561,-4.79024137410751,5.67433122647201,-0.884089855900046
0.716,692.567711275677,1694.21614212789,49.9944887212662,49.9946071425263,1308.74509304622,486.346970682821,326.206008843177,326.549997674022,-311.717205305499,75.2150298803243,236.502175366291,-5.72606116332566,4.69953156223191,1.02652959820535
0.717,693.071656134365,1693.70902101549,49.9944847110005,49.9946087567429,1309.8571442245,485.216005106984,326.205675227823,326.55011077058,-268.192865824376,-25.9759640512588,294.168829832805,-6.1002530410033,3.26579404255596,2.83445899614693
0.718,692.934663327054,1693.85871868415,49.9944858011546,49.9946082802404,1310.24276789966,484.825258779875,326.205559540721,326.550149845212,-198.282515543076,-125.209352737052,323.491868242633,-5.87944799867154,1.512610275416,4.36683772142574
0.719,692.377784025994,1694.43613986471,49.9944902326593,49.9946064422517,1311.30698852152,483.800363457605,326.205240274534,326.550252334745,-108.455451187314,-211.901035426628,320.356486570549,-5.08169876872911,-0.391264871323383,5.47296363852862
0.72,690.947644890684,1695.85833476465,49.9945016133449,49.9946019152648,1311.65923384006,483.430074103205,326.205134600938,326.55028936368,-8.71808171249534,-277.732638972635,286.450720623825,-3.78702179702988,-2.25376041614392,6.04078221175036
0.721,689.781637738882,1697.01935977836,49.994510892135,49.9945982196074,1310.97236122531,484.116237010243,326.205340662723,326.550220747389,92.5396596533028,-316.698049047729,224.158389306341,-2.12209384167527,-3.8966720555381,6.01876589567266
0.722,689.270274280078,1697.5546392923,49.9945149614361,49.9945965157598,1309.85702289879,485.23911261986,326.205675264221,326.550108459828,184.635875565418,-324.563977580773,139.928101893521,-0.249435074115836,-5.15980561360194,5.40924068585382
0.723,689.716436448538,1697.08720709736,49.9945114109904,49.9945980036427,1309.0671010207,486.030222443058,326.205912240784,326.550029348846,258.330090544525,-300.497294461267,42.1672037566506,1.64687409838755,-5.91481405707836,4.26793995632261
0.724,690.48635903777,1696.32376343402,49.9945052841411,49.9946004337593,1309.2968125499,485.808522263506,326.205843327325,326.550051518864,307.278660025762,-247.816136205375,-59.4625240186891,3.38376936406193,-6.09348808377745,2.709718716706
0.725,691.253890221287,1695.5612527488,49.994499176322,49.9946028609062,1309.30690220498,485.801919241864,326.205840300429,326.550052179166,326.256353444142,-170.72345066684,-155.532903010429,4.78910369316969,-5.6752598864128,0.886156189517306
0.726,691.497034717902,1695.33928597963,49.9944972414396,49.9946035674484,1310.39973409946,484.719480484023,326.205512450861,326.550160423042,312.222903654782,-76.0848826697492,-236.138021245746,5.72508863438325,-4.70152712010781,-1.02356151872149
0.727,690.726815598928,1696.09612789262,49.9945033706486,49.9946011583457,1310.7836085426,484.324030448101,326.205397288528,326.550199968046,268.290773173163,25.6030980514069,-293.893871503035,6.10002375009593,-3.26711918489428,-2.83290457030257
0.728,690.023650236579,1696.80393078431,49.9945089662607,49.9945989053392,1310.65486638157,484.45462365967,326.205435911176,326.550186908724,198.044986760295,124.681323466292,-322.726310511467,5.87968059557504,-1.51391676966336,-4.36576383153741
0.729,689.528984471878,1697.30731646131,49.9945129026858,49.9945973030128,1310.44539549029,484.691119395717,326.205498752443,326.550163259151,108.165508447177,211.494267647813,-319.659776374409,5.0822357432711,0.389477212583691,-5.47171296182423
0.73,688.907937054936,1697.91409608947,49.9945178448241,49.9945953715732,1310.24025484623,484.875384013586,326.205560294637,326.550144832689,8.62679750725749,277.797295883646,-286.424093654141,3.7886608818164,2.25134432005204,-6.04000520797326
0.731,688.423079726022,1698.40507761504,49.9945217031961,49.9945938087305,1309.61666502852,485.488463543727,326.205747371582,326.550083524736,-93.0000979266029,317.008903970216,-224.008806280905,2.12524451045568,3.8944721387241,-6.019716655201
0.732,688.861800076035,1697.97971349338,49.9945182119705,49.9945951627066,1308.44252650232,486.688286613,326.20609961314,326.549963542429,-184.74218439397,325.080016350892,-140.337832160605,0.250639143181935,5.15899956346588,-5.40963871237257
0.733,690.061535663876,1696.77669578723,49.9945086647781,49.9945989920309,1308.10826479165,487.034097200074,326.206199891653,326.54992896137,-258.063855745463,300.989952841769,-42.9260972622698,-1.64678872677416,5.91547299594688,-4.26868427441419
0.734,691.38882545557,1695.45891685812,49.9944981025415,49.9946031866515,1309.12115714363,486.003042095483,326.205896023947,326.550032066881,-306.679095237935,247.890227476832,58.7888676337114,-3.38139240978032,6.09404003564156,-2.71264763047633
0.735,691.249600348809,1695.61557521379,49.9944992104597,49.9946026879924,1311.07980281014,484.059508878912,326.205308430247,326.550226420202,-325.566258611973,170.193235133723,155.37302338638,-4.78719622465182,5.67628711429782,-0.889090893550511
0.736,689.949505254084,1696.92348116221,49.9945095562878,49.9945985247985,1312.7826447514,482.373528363958,326.204797577665,326.550395018254,-311.740699673305,75.6896554181355,236.051044193689,-5.72406535940195,4.70191976466236,1.02214559156706
0.737,687.797596917321,1699.07579163799,49.9945266806302,49.9945916737815,1313.33667179738,481.801706753966,326.204631369551,326.550452200415,-268.294008650876,-25.8667064042534,294.160715014302,-6.10003470388962,3.26928975617222,2.83074494522991
0.738,685.747953018603,1701.11793992176,49.9945429911781,49.9945851734216,1312.0496212333,483.085851471417,326.20501748472,326.550323785943,-198.178358864178,-124.977221630493,323.15558046267,-5.87959639340865,1.51587420194866,4.36372218953958
0.739,685.317604383975,1701.55538074832,49.9945464157837,49.9945837810042,1310.09317305893,485.065370791077,326.205604419173,326.550125834011,-108.85525056106,-211.566285706958,320.42153623218,-5.08397495675661,-0.387312244607082,5.4712871998335
0.74,686.053904615153,1700.79221841345,49.9945405564927,49.9945862102253,1308.40788722672,486.732008486851,326.206110004922,326.549959170242,-9.1042331783423,-277.698897450398,286.803130577123,-3.79041255057709,-2.24937929475215,6.03979184397345
0.741,687.398794178901,1699.45724041878,49.9945298542016,49.9945904595923,1307.8916074901,487.244701473684,326.206264888843,326.549907900943,92.2682474289702,-316.521730451798,224.253482944907,-2.12726771347309,-3.89311332468583,6.02038103674465
0.742,688.845476445404,1698.02909754785,49.9945183418699,49.9945950055122,1308.21784848021,486.937644695266,326.206167016546,326.549938606621,184.56353852383,-324.532763676696,139.969225040502,-0.253273632827555,-5.15772842920472,5.41100206033177
0.743,689.928824063442,1696.93441816974,49.9945097208634,49.9945984899849,1309.26213158338,485.897521745077,326.205853731615,326.550042618916,258.35359484029,-300.720054285156,42.3664592933659,1.64401423280569,-5.91393107300687,4.26991683801408
0.744,689.995843613433,1696.89259604117,49.9945091875388,49.9945986231089,1311.07393073221,484.087665113956,326.205310191871,326.550223604579,307.089896461281,-247.591826876781,-59.498069776351,3.38080959071766,-6.09446125981334,2.7136516662668
0.745,689.117587993059,1697.78522677659,49.994516176475,49.994595781777,1312.4059388056,482.754096865834,326.204910589449,326.550356961404,326.181255194416,-170.490541068607,-155.690714355266,4.78609596202132,-5.67737212100293,0.891276155416124
0.746,687.621557317371,1699.28044407776,49.9945280815088,49.9945910223525,1313.19922130148,481.97244511228,326.2046726047,326.550435126579,312.127821220411,-76.0283450576406,-236.099476423526,5.72293759932521,-4.70329181965464,-1.01964578399755
0.747,685.611402106809,1701.29135973171,49.9945440778157,49.9945846214092,1312.38529051531,482.782222932676,326.204916783936,326.550354148797,268.527310988144,25.3624777769672,-293.889789047128,6.10023833149145,-3.27073712436501,-2.82950121216427
0.748,684.996270161089,1701.89005853641,49.9945489728802,49.9945827156917,1311.18599077882,483.975009370195,326.205276573857,326.550234870153,198.493460622165,124.371879109642,-322.865340023358,5.8803025110016,-1.5182910371428,-4.36201147948554
0.749,685.197597359731,1701.68930357173,49.9945473707693,49.9945833547146,1309.90735070446,485.274159209784,326.205660165879,326.550104955169,108.406745057538,211.276343018966,-319.683088364018,5.08458870878908,0.384995015532853,-5.4695837303571
0.75,686.079078455527,1700.80220309836,49.9945403561656,49.9945861784431,1308.84367750049,486.32599676133,326.20597926784,326.549999771414,8.56639138709527,277.503956501927,-286.070348157637,3.7919609949536,2.248004667651,-6.03996566880908
0.751,686.876735314397,1699.99943660235,49.994534008614,49.9945887337282,1308.61491191372,486.541206666372,326.206047897516,326.549978250424,-92.7931565967897,316.867004011831,-224.073847654642,2.12902129194331,3.89049068125718,-6.01951197931964
0.752,687.631615606755,1699.27252558744,49.9945280014675,49.9945910475579,1309.44413051127,485.743305683011,326.205799131937,326.550058040522,-184.380062442394,325.066666994527,-140.686604755155,0.255089640299317,5.15671629112213,-5.41180593721767
0.753,688.263028122662,1698.63609830809,49.9945229768463,49.9945930733688,1310.84354479167,484.346872460937,326.205379307653,326.550197683844,-258.023011361296,300.97609037605,-42.953079177871,-1.64229782594478,5.91397016873878,-4.27167234806805
0.754,687.598372630716,1699.31855127186,49.9945282660067,49.9945909010535,1312.39477257141,482.781231183468,326.204913939319,326.550354247972,-306.579832920164,248.018735848307,58.5610969487233,-3.3780488741421,6.0941441550276,-2.71609528549279
0.755,686.111242693242,1700.80527242277,49.9945401002107,49.9945861686731,1313.12797374175,482.049163624647,326.204693978968,326.550427454728,-325.518354256665,170.478021709937,155.040332459302,-4.78419678656652,5.67742783454221,-0.893231051839331
0.756,684.570173872667,1702.34488929092,49.9945523636467,49.9945812679205,1312.48784804379,482.70152261043,326.204886016677,326.550362218829,-311.730555843542,75.756172964995,235.974382819796,-5.72213318311422,4.70435746037643,1.01777571962196
0.757,683.342512825496,1703.55984303476,49.994562133063,49.9945774006026,1311.17890940533,484.008401310809,326.205278698269,326.550231530959,-268.375708313218,-25.7650593770033,294.140767649357,-6.09970037980866,3.27212730317944,2.82757307419089
0.758,683.684805410981,1703.20663868238,49.9945594091851,49.9945785248869,1309.93645107502,485.240360832657,326.205651435768,326.550108335007,-198.473618259409,-124.773202950246,323.246821173651,-5.88092204605637,1.52020210483376,4.36071993931902
0.759,685.128851210369,1701.77784969046,49.9945479178338,49.9945830728636,1309.40225760049,485.804400706928,326.20581169381,326.55005193102,-108.952969063753,-211.459564785565,320.412533804914,-5.08625985078943,-0.383378415502285,5.46963826472369
0.76,686.164849293197,1700.73822949055,49.994539673623,49.9945863820774,1309.65430964782,485.53653458784,326.205736078196,326.550078717632,-9.11270235715796,-277.548397060952,286.661099352533,-3.79366024363342,-2.24621274610484,6.03987298826691
0.761,686.59694006001,1700.3049169288,49.9945362351539,49.9945877613541,1310.5090872108,484.672709345143,326.205479644927,326.550165100156,92.0002228005731,-316.588346226562,224.588123328397,-2.1306810638743,-3.88956318342747,6.02024424567535
0.762,686.306544201848,1700.62371341725,49.9945385460507,49.9945867465934,1311.39548840523,483.806291405516,326.205213724569,326.55025174195,184.323000981478,-324.618081905942,140.295080787752,-0.257055423245717,-5.15548643392221,5.41254185515013
0.763,685.895837538479,1701.02846428342,49.9945418143505,49.9945854582314,1311.50725577635,483.694361327829,326.205180194357,326.550262934958,257.703553038,-300.38519419634,42.6816409769429,1.63971042226972,-5.9128778446138,4.27316741972753
0.764,685.002197923384,1701.93884995914,49.9945489257086,49.9945825603838,1311.99903862758,483.199045723532,326.205032659502,326.550312466518,306.893241735364,-247.718012071199,-59.1752298903946,3.37674823676868,-6.09442657533127,2.71767833518974
0.765,683.683179467832,1703.23664196976,49.9945594221239,49.9945784293835,1311.37852252479,483.820445440353,326.205218814333,326.550250326546,326.236624916796,-171.011051409732,-155.225573773906,4.78271469343008,-5.67746646525032,0.894751767606545
0.766,683.467609212595,1703.46032752151,49.9945611375775,49.9945777173703,1310.57774584925,484.639080942282,326.205459047336,326.550168462996,312.230960713359,-76.2107326575868,-236.020228354325,5.72202460169005,-4.70600921004316,-1.01601539670256
0.767,683.558442015837,1703.36072574114,49.9945604147531,49.9945780344126,1310.06008465866,485.146285631833,326.205614345693,326.550117742527,268.832095035899,24.7590581035464,-293.591153457875,6.10001507949931,-3.27409100982728,-2.82592407548707
0.768,684.425707455159,1702.49412279416,49.994553513274,49.9945807928955,1309.71777423619,485.483840716429,326.20571703882,326.550083987019,198.44555957614,124.431278061216,-322.87683796183,5.88173114638276,-1.5223533401146,-4.35937781268377
0.769,685.370358659485,1701.56382139234,49.9945459959785,49.9945837541368,1310.12005067983,485.100882345639,326.205596355886,326.550122282856,108.662171239277,211.154276750482,-319.816448306377,5.08764107581593,0.380210150290667,-5.46785123290455
0.77,685.646048627411,1701.27594039822,49.9945438021075,49.9945846704905,1310.77796413106,484.437736237782,326.205398981851,326.550188597467,8.75118302680081,277.521906847683,-286.273090169986,3.79474830370858,2.24391707051988,-6.03866538115554
0.771,685.40888535552,1701.52421989683,49.9945456893928,49.9945838801923,1311.57013660715,483.637588785781,326.205161330108,326.550268612212,-92.3272166195121,316.648838479229,-224.321622122377,2.13237116932171,3.88867978688153,-6.02105096299351
0.772,684.660033506867,1702.29577070999,49.9945516485665,49.9945814242697,1312.31939419893,482.899923556301,326.204936552831,326.550342378735,-184.229694250601,325.1040598789,-140.874365849711,0.259866417565135,5.1539344311293,-5.41380085509447
0.773,683.48654163038,1703.44537214636,49.9945609869181,49.9945777649747,1312.29613300271,482.924911275495,326.20494353119,326.550339879963,-257.990824885866,301.289264866256,-43.2984401551424,-1.63731839241775,5.91152785933591,-4.27420947270507
0.774,682.3042045817,1704.64227675511,49.9945703956574,49.994573955109,1312.00413382942,483.204684542538,326.205031130942,326.550311902636,-306.792680023177,248.237160570782,58.555519324697,-3.37419432798498,6.09399828304669,-2.71980396006727
0.775,681.711027144643,1705.22854185841,49.9945751160135,49.9945720889692,1310.63524839029,484.58340120413,326.205441796573,326.55017403097,-325.793063734304,170.804995556309,154.988068093398,-4.78255815227674,5.67885193412343,-0.896293785975527
0.776,682.308905800048,1704.63574682628,49.9945703582463,49.9945739758944,1309.10072185665,486.136756799458,326.205902154533,326.55001869541,-312.036349207903,76.2268069375586,235.809542220355,-5.7220049842641,4.70744821518956,1.01455676583468
0.777,683.348395829864,1703.58030561295,49.9945620862475,49.9945773354682,1308.63897505334,486.591856527509,326.206040678574,326.549973185438,-268.764214974164,-25.3961731834269,294.160388130474,-6.09996473693654,3.27560602973133,2.82435870477976
0.778,684.548583804349,1702.40059792952,49.9945525354551,49.9945810905943,1309.67313500928,485.545154358205,326.205730430588,326.550077855655,-198.591797700974,-124.611204061669,323.203001744173,-5.88300098402046,1.52486545928903,4.35813552296531
0.779,684.845392576357,1702.10853413531,49.9945501735259,49.9945820202623,1310.74199703643,484.507833681338,326.205409771979,326.550181587722,-109.45011757984,-211.088215775724,320.538333331474,-5.08832866870301,-0.379045782286266,5.46737444966317
0.78,684.509181646755,1702.44002431822,49.9945528490075,49.9945809650963,1312.00187729584,483.228213871303,326.205031807902,326.550309549703,-9.49102426401098,-277.403674260777,286.894698482674,-3.79664981427515,-2.24193039621911,6.03858020935888
0.781,683.43505283617,1703.51338147051,49.9945613966529,49.9945775484943,1312.47695782801,482.740160005301,326.204889283742,326.55035835509,91.5932676761189,-316.126146704785,224.532878956986,-2.13471998604418,-3.88618305885847,6.02090304369681
0.782,682.230029201006,1704.73852567386,49.9945709859263,49.9945736487392,1312.14786538287,483.081895827945,326.204988011476,326.550324181508,184.106274697834,-324.632677732293,140.526402924549,-0.261925219269456,-5.15283565363515,5.41476087137522
0.783,681.916557835496,1705.02415878367,49.9945734804522,49.9945727395408,1311.33069307917,483.908327108763,326.205233163167,326.55024153838,257.662641272378,-300.658923824106,42.996282397583,1.63613105491826,-5.91132052517683,4.27518946818174
0.784,681.563640619806,1705.37697771995,49.9945762888782,49.9945716164832,1310.26369920768,484.962004969418,326.205553261328,326.550136170593,307.122977495352,-248.269890803345,-58.853086891393,3.37292266359645,-6.09365676497157,2.72073409857451
0.785,682.36556706753,1704.58328146261,49.9945699073503,49.9945741428969,1309.83744072236,485.399265637753,326.205681138874,326.550092444527,326.19476747739,-171.17816429099,-155.016603424099,4.78150807342155,-5.68007000900533,0.898561931967817
0.786,683.244937110639,1703.71163854364,49.9945629095458,49.9945769174225,1310.22216257878,485.034807929323,326.205565722317,326.550128890297,312.181711403032,-76.1593036611486,-236.022408010419,5.72093540590643,-4.70853477716724,-1.01240063316827
0.787,683.195224427179,1703.76426045575,49.9945633051468,49.9945767499217,1311.0540826456,484.179411336236,326.205316146297,326.550214429957,268.720335498746,24.6069548624753,-293.327290650119,6.09993298494567,-3.27821274814045,-2.8217202419739
0.788,682.740800495476,1704.22740480034,49.9945669213375,49.9945752756875,1311.64343293898,483.592515896231,326.205139341209,326.550273119501,198.699812684936,123.954531498854,-322.654344480573,5.88360590945873,-1.52639820267257,-4.3572077125519
0.789,682.324159919127,1704.66040625996,49.9945702368579,49.994573897401,1312.05010291094,483.210194097503,326.205017340217,326.550311351681,108.907595028901,210.924155066025,-319.831750386352,5.09011309535992,0.376391379882834,-5.46650448140665
0.79,681.598114219356,1705.36637122928,49.994576014546,49.9945716502447,1311.9896686118,483.260423917663,326.205035470507,326.550306328699,8.92591193534382,277.465545856205,-286.391458065148,3.79820294995528,2.24002263442989,-6.03822559071289
0.791,680.847358721373,1706.11072874395,49.9945819888684,49.9945692808812,1311.07094552788,484.158919985997,326.205311087432,326.550216479092,-91.8608183949351,316.70179193292,-224.840973782786,2.13677798582081,3.88427430259658,-6.02105229466069
0.792,681.385572907954,1705.58495015546,49.994577705896,49.9945709544864,1310.38866854324,484.866761426728,326.205515770527,326.550145694948,-184.286645158709,325.062822880918,-140.776177929707,0.263510817133706,5.15174360716839,-5.41525443022009
0.793,682.227548305307,1704.72518683369,49.9945710056687,49.994573691198,1310.06103403251,485.189559016666,326.205614060881,326.550113415189,-257.619328400426,301.17276334605,-43.5534351112579,-1.63362163053976,5.91121710797759,-4.277595482821
0.794,682.891524468234,1704.07509471776,49.9945657219143,49.9945757605055,1309.92197598843,485.325631043566,326.205655778294,326.550099807986,-306.369777519166,248.029232916023,58.3405444801128,-3.37181136522926,6.09459821008146,-2.72278684954146
0.795,683.676456788124,1703.30000659022,49.9945594756213,49.9945782276877,1310.30419747139,484.943838671355,326.205541111849,326.550137987223,-325.47909805865,171.111092470792,154.368005504089,-4.77995461298558,5.68130244189357,-0.901347832810021
0.796,683.788519601204,1703.19298607376,49.9945585838538,49.9945785683445,1311.61692209315,483.657900316163,326.205147294462,326.550266581059,-311.861498408701,76.2050399782656,235.656458378808,-5.72010085352852,4.70994931090975,1.01015153952303
0.797,683.375945473892,1703.60708435367,49.9945618670144,49.9945772502288,1312.55002675578,482.706691140386,326.204867363064,326.550361701976,-268.508336675885,-25.3060547804952,293.814391426512,-6.10002633733706,3.27959690952276,2.8204294254651
0.798,682.019753404083,1704.96127202072,49.994572659248,49.9945729397156,1313.14514636685,482.099956459309,326.20468882718,326.550422375444,-198.688490105476,-124.594454742732,323.282944827185,-5.88316018676812,1.52887461496429,4.35428557006683
0.799,680.737229898129,1706.258444257,49.9945828652458,49.9945688106881,1312.79448892103,482.48610759662,326.204794024414,326.550383760331,-109.603673173686,-211.094458797375,320.698131945245,-5.09080598882716,-0.37502198718562,5.46582797469164
0.8,680.243519456481,1706.73653566042,49.9945867940686,49.9945672888759,1312.23330049715,483.029357048752,326.204962380941,326.550329435385,-9.72377139136007,-277.22347024875,286.947241596252,-3.80012838115093,-2.23830066099346,6.03842904100135
0.801,680.121457998074,1706.86578628451,49.9945877654028,49.9945668774584,1311.21934638466,484.037977711593,326.205266567175,326.550228573319,91.5696480714256,-316.33392831758,224.764280173048,-2.13871652199147,-3.88405523314487,6.02277175391633
0.802,680.459545924182,1706.5368511862,49.9945850749846,49.9945679244913,1310.66980140092,484.605908221714,326.20543143067,326.550171780268,183.677620207509,-324.493066777076,140.815446458618,-0.266048865885857,-5.15058954037393,5.41663840471582
0.803,680.819514505307,1706.16277631175,49.9945822104457,49.9945691152086,1310.83460973275,484.441659759648,326.205381988171,326.550188205114,257.783910884752,-300.905863900475,43.1219528617262,1.63161790023252,-5.91064414138962,4.27902623907134
0.804,681.12903691938,1705.8550248711,49.9945797473445,49.9945700948119,1310.7320631976,484.529626297153,326.205412752131,326.550179408461,307.016370256671,-248.27147048002,-58.7448999744138,3.36941317350456,-6.094501798815,2.72508862251535
0.805,681.611156279854,1705.37971911508,49.9945759107606,49.9945716077571,1310.64556755858,484.626358764943,326.205438700823,326.550169735214,326.12370948804,-171.404839607093,-154.718870119412,4.77812544536085,-5.68147947631287,0.903354027349134
0.806,681.762152150433,1705.22989968072,49.9945747091736,49.9945720846472,1311.86695073137,483.420530620103,326.205072285871,326.550290318028,312.590648104753,-76.9086273634667,-235.682021012966,5.71883003026169,-4.71124886621179,-1.00758116848152
0.807,681.284711231577,1705.71168015057,49.9945785085277,49.9945705510923,1312.56055216964,482.717805086161,326.204864205439,326.550360590582,268.549842788803,24.7239388066822,-293.273781889509,6.09989300486601,-3.28114857031272,-2.81874443975249
0.808,680.712171226445,1706.27736366666,49.9945830646563,49.9945687504657,1312.49307305983,482.770004634942,326.204884449172,326.550355370627,198.889979656514,123.842316808172,-322.732296768091,5.88374376073957,-1.53015112237819,-4.35359264419132
0.809,679.93922346237,1707.06838952756,49.9945892155792,49.9945662325522,1311.87167921573,483.419326839729,326.205070867326,326.550290438406,109.146502298802,210.799677008919,-319.946179606643,5.09217552494031,0.37267280243843,-5.46484833363965
0.81,679.829017400935,1707.15741832731,49.9945900925712,49.9945659491648,1311.40393275505,483.87282265929,326.205211191264,326.550245088824,9.04510793913269,277.693474557747,-286.738582777749,3.80180955087801,2.23574502081947,-6.03755457814586
0.811,679.93943318774,1707.03780664222,49.9945892139103,49.9945663299006,1310.80825345926,484.457276103244,326.205389895053,326.55018664348,-92.1615738858981,316.843150728389,-224.681577093574,2.14019964239556,3.88143395678067,-6.02163360555194
0.812,680.39770094982,1706.59663693267,49.9945855671313,49.9945677341874,1310.49641431112,484.79356312746,326.205483446797,326.550153014778,-184.215919796428,325.267851998278,-141.051932414197,0.267406898942941,5.14974000276588,-5.41714690775816
0.813,681.041220968672,1705.94996113402,49.9945804461617,49.9945697926204,1310.99151362596,484.292605900786,326.205334917003,326.5502031105,-257.495252917635,301.330954962055,-43.8357022131809,-1.62951145575614,5.91068588130308,-4.28117443104847
0.814,681.409520851301,1705.57800591547,49.9945775153243,49.9945709765906,1311.61453566352,483.666689565898,326.205148010391,326.550265702134,-306.160436870663,248.378909227149,57.7815275183332,-3.36770841098585,6.0939561202018,-2.72624771400378
0.815,680.907021289248,1706.09227551816,49.9945815140888,49.9945693396196,1312.60372320188,482.675182366855,326.20485125413,326.550364852854,-325.635456773209,170.826425924609,154.809030762854,-4.77684854093329,5.68200755268938,-0.905159015740285
0.816,680.10909101594,1706.8994854164,49.9945878638162,49.9945667701907,1312.84141640809,482.452642401756,326.204779946168,326.55038710685,-311.985775799332,76.1995303412153,235.786245404981,-5.71829992138069,4.71256195209767,1.00573796611663
0.817,678.630977134283,1708.38131975023,49.9945996262727,49.9945620533655,1312.32400333698,482.958683082621,326.204935170089,326.550336502782,-268.964639260297,-24.9940477830288,293.958687012319,-6.09997620091123,3.28344834639175,2.81652785210908
0.818,677.670219383537,1709.32661339001,49.99460727174,49.9945590444024,1311.50524598917,483.776518590229,326.205180797294,326.550254719231,-199.346302757435,-123.930227478805,323.27653021455,-5.88448600966953,1.53251594916599,4.35197005871561
0.819,678.190575011679,1708.8168796008,49.9946031308814,49.9945606669354,1310.86296278051,484.442436471728,326.205373482256,326.550188127443,-109.555789159197,-211.062131870752,320.617921003706,-5.09344615045911,-0.370333372478584,5.46377952157649
0.82,678.886346888103,1708.09892433226,49.9945975941048,49.9945629522581,1310.00161547716,485.286055417404,326.205631886447,326.550103765549,-10.010536070578,-276.998443246146,287.008979272335,-3.80285365881951,-2.23417081489483,6.03702447253806
0.821,680.140456401778,1706.84107272159,49.9945876142183,49.9945669561241,1309.43991163915,485.846010464964,326.205800397599,326.550047770044,91.2915395285241,-315.987552503958,224.696012900959,-2.14172700857333,-3.88059947459143,6.02232648191158
0.822,681.343723290775,1705.65652977627,49.9945780389247,49.9945707266414,1310.09917589687,485.196078396714,326.205602618321,326.550112763251,183.70432565813,-324.562981648481,140.858655876981,-0.269658362888771,-5.14849939688831,5.41815775819351
0.823,681.642290607696,1705.35507678689,49.9945756630015,49.9945716861961,1311.19155010059,484.105768310332,326.20527490606,326.550221794259,257.601986865213,-300.922692184092,43.3207051607312,1.62776024490952,-5.90970592410753,4.28194567705635
0.824,681.001488670136,1706.0139605104,49.9945807623413,49.994569588904,1312.49835768539,482.784000953157,326.204882863785,326.550353970995,306.889487754454,-248.520162081967,-58.3693258772919,3.36599532486877,-6.09491717773783,2.72892184998887
0.825,679.829544046852,1707.19007747169,49.9945900883803,49.9945658452075,1313.21636209771,482.078273882996,326.204667462461,326.550424543702,326.015059472398,-171.533180729414,-154.481878991174,4.77570414352738,-5.68306592910102,0.907361781845013
0.826,678.524161550537,1708.50203987716,49.9946004762841,49.9945616691014,1313.4073891477,481.898935519871,326.204610154346,326.550442477538,312.348387479353,-76.9115161799765,-235.436871583348,5.71754426973159,-4.71413664190591,-1.00340763243068
0.827,677.175738462102,1709.8442361241,49.9946112066941,49.9945573967581,1312.7133222567,482.577878456415,326.204818374413,326.550374583245,269.114916180556,24.2508035317375,-293.365720020272,6.09944199942927,-3.28518411516358,-2.81425788968587
0.828,676.974180621424,1710.03238842697,49.9946128106404,49.9945567978507,1311.21063842004,484.083082613655,326.205269179564,326.550224062829,198.859096309502,123.735203566206,-322.594300194272,5.88477446373638,-1.53396440166457,-4.35081006816547
0.829,678.312373728352,1708.69752153803,49.994602161638,49.994561046864,1309.79677042134,485.512827509281,326.205693339964,326.550081088339,109.420162972222,210.672383528894,-320.09254681602,5.09450958305375,0.36831749186396,-5.4628270814773
0.83,680.054089540158,1706.93758706843,49.994588301504,49.9945666489094,1309.56105389259,485.731681540106,326.205764054923,326.550059202936,9.25392236114094,277.198228703294,-286.452151361842,3.80488196091676,2.23201849093812,-6.03690045863147
0.831,681.237867681737,1705.75911796081,49.9945788812969,49.994570400093,1310.18700288676,485.098599322038,326.205576270224,326.550122511158,-91.8819899781544,316.782982209745,-224.900992498684,2.14448411704984,3.87842884510763,-6.02291296888031
0.832,681.513017967836,1705.50524719257,49.9945766917205,49.9945712081888,1311.72157724338,483.579074913578,326.205115897917,326.550274463599,-183.874446205049,325.016901649402,-141.14245567116,0.272102538677044,5.1467986012004,-5.41890114627749
0.833,680.747957960877,1706.26678947564,49.9945827798745,49.9945687841244,1313.36751438569,481.940893815949,326.204622116775,326.550438281709,-257.39189334665,301.559927376016,-44.1680342091896,-1.62656788823273,5.90962347127544,-4.28305558887613
0.834,679.290806290719,1707.72872331579,49.9945943755191,49.9945641306445,1313.67963573497,481.613964630912,326.20452848037,326.550470974627,-306.591083387071,248.422924468863,58.1681587873136,-3.36449278960971,6.09464645349611,-2.73015366895906
0.835,678.052526930267,1708.97956595933,49.9946042294332,49.9945601490887,1313.00900165426,482.286836815634,326.204729670594,326.550403687409,-325.625616755927,171.084072623109,154.541544048123,-4.77496082446018,5.68415904624421,-0.909198225972466
0.836,677.639137210626,1709.37583325932,49.994607519084,49.9945588877307,1311.73013981559,483.580511983199,326.205113329146,326.550274319892,-311.950595749621,76.4395703448275,235.511025358358,-5.71657319819776,4.71479514276851,1.00177805216484
0.837,678.335728092973,1708.67612845613,49.9946019757899,49.9945611149603,1310.75375453616,484.547244129407,326.20540624473,326.550177646677,-268.877338047264,-24.9115554223338,293.788893448841,-6.09986627026827,3.28674427559521,2.81312199227214
0.838,679.469063011552,1707.55526208001,49.9945929569972,49.9945646827887,1310.36396390956,484.926103006872,326.205523181917,326.55013976079,-199.306286868406,-123.79497641895,323.101263278196,-5.88670325079426,1.53716804989946,4.34953519920976
0.839,679.938202786935,1707.08424268466,49.9945892237015,49.9945661820901,1310.49182615221,484.820100017056,326.205484823245,326.550150361089,-109.888836474025,-210.702436768054,320.591273230068,-5.09532686822007,-0.36564971177701,5.460976578815
0.84,680.157894696744,1706.86068739692,49.9945874754488,49.9945668936886,1311.15818455399,484.146440029886,326.205284915724,326.550217727087,-10.0337626399905,-277.279899212373,287.313661823248,-3.80689644812284,-2.23044437816137,6.03734082534922
0.841,679.817751767929,1707.20372486619,49.9945901822202,49.9945658017665,1312.00032348643,483.303252385459,326.205032274044,326.550302045852,91.2558539440189,-316.07752522029,224.821671216984,-2.14612702557384,-3.87685720975653,6.02298423436289
0.842,679.131161514487,1707.8986128725,49.9945956459319,49.9945635898692,1312.604730928,482.709969304865,326.204850951812,326.55036137416,183.550793104443,-324.697436744828,141.146643541324,-0.273594754828088,-5.14611239266605,5.41970714621995
0.843,678.747664766872,1708.27428282121,49.994598697702,49.9945623940746,1313.08382160552,482.22887566394,326.204707224609,326.550409483524,257.742540084059,-301.401071309903,43.6585310801922,1.62374345592143,-5.90886259113327,4.2851191333841
0.844,678.389728948179,1708.64960510244,49.9946015460648,49.9945611993867,1312.84120398673,482.462532177544,326.204780009894,326.550386117873,306.732162826121,-248.713403896927,-58.0187591234129,3.36323246116282,-6.09590757466625,2.7326751109251
0.845,678.052072858912,1708.96986569263,49.9946042330465,49.9945601799656,1311.97351088925,483.334540092897,326.205040317824,326.550298917081,326.173653178583,-171.748277124751,-154.425376293831,4.77259764808471,-5.68373821239021,0.91114056085241
0.846,677.885991848493,1709.14248647572,49.9946055546772,49.9945596304966,1311.49451033336,483.821012337883,326.20518401799,326.550250269857,312.598874156064,-76.9745921678037,-235.62428226661,5.71591871373467,-4.71686665845152,-0.999052059650625
0.847,677.677135079192,1709.34473805636,49.9946072167066,49.9945589867098,1311.03221440485,484.273317551015,326.205322706769,326.550205039335,269.337245544192,24.057838910501,-293.395084760116,6.09930278609962,-3.28852736681741,-2.81077542451293
0.848,678.498394219164,1708.51525861468,49.994600681334,49.9945616270249,1310.26811235232,485.038429611516,326.205551937385,326.550128528129,199.113089635219,123.350498918469,-322.463588872388,5.88606223135084,-1.53792210368868,-4.34814013362152
0.849,679.467767687686,1707.5582625229,49.9945929673051,49.994564673238,1310.38424483339,484.938354485175,326.20551709764,326.550138535642,109.587199915972,210.475462010489,-320.062662243479,5.09679168609725,0.363963856819448,-5.46075554939731
0.85,679.974897039226,1707.0534119784,49.9945889316979,49.9945662802272,1311.50228967698,483.806372525204,326.205181684187,326.550251733838,9.79035568537306,276.929163771274,-286.71951975757,3.80910468745164,2.2280835325703,-6.03718822676974
0.851,679.441346454319,1707.59223083674,49.9945931775585,49.9945645651135,1312.53169187168,482.780542981815,326.204872863529,326.550354316792,-91.6096165906949,316.345286898566,-224.735670579736,2.14800882348367,3.87568144906909,-6.02369027929038
0.852,678.757798035471,1708.29148400452,49.994598617064,49.9945623393216,1313.29964103624,482.021056668052,326.20464247878,326.550430265424,-183.657605129234,325.293315816365,-141.635710919931,0.276253733670291,5.14512913480904,-5.42138287493296
0.853,677.913556280638,1709.11888579698,49.9946053353264,49.9945597056199,1313.22408469795,482.104832230491,326.204665145681,326.550421887867,-257.138095793818,301.237023833802,-44.0989282269775,-1.62223141191273,5.90837354638187,-4.28614214039175
0.854,676.945035366241,1710.0893839015,49.994613042571,49.9945566164285,1312.75649028727,482.552729899736,326.204805424004,326.5503770981,-306.213416980262,248.447129128169,57.7662877121664,-3.36044820959377,6.09437386915809,-2.73392566476262
0.855,675.923773268277,1711.10164875729,49.9946211695166,49.9945533942894,1311.18312055172,484.120898450751,326.205277434925,326.550220281245,-325.719417571143,171.612844068026,154.106573407906,-4.7715476570817,5.68486761716051,-0.913319964429826
0.856,677.036264786675,1709.9849850852,49.9946123165903,49.9945569487402,1309.9788270259,485.347304062108,326.205638722983,326.550097640684,-312.149219312668,76.8112918545932,235.337927401431,-5.71584990325239,4.7180242152701,0.99782568452317
0.857,678.866812165386,1708.14650180831,49.9945977495571,49.9945628008142,1309.34704100104,485.958963671395,326.20582825879,326.550036474723,-269.032268658139,-24.5878239668789,293.620092596782,-6.09942169240323,3.29032197015464,2.80909971964631
0.858,680.315466097805,1706.70619959207,49.9945862215354,49.9945673854386,1310.57605499941,484.737628159693,326.205459554591,326.550158608274,-199.359596030261,-123.704830110008,323.06442612688,-5.88638283047549,1.53962391273602,4.34675891587217
0.859,680.041061033206,1707.01092237599,49.9945884051816,49.9945664154758,1311.99872600349,483.321675516805,326.205032753289,326.550300203539,-110.257671100389,-210.423575230815,320.681246317655,-5.09870790873993,-0.361163164419263,5.45987107183048
0.86,679.016918427362,1708.01446002911,49.9945965550495,49.9945632211163,1312.92439447462,482.394981917752,326.204755052748,326.550392872899,-10.5579576018385,-276.669361879415,287.227319452939,-3.8096975422247,-2.2264574037482,6.03615494493504
0.861,678.076923382256,1708.9666954951,49.9946040352924,49.9945601900567,1313.05286889787,482.261022470501,326.204716510421,326.550406268843,90.9774427399189,-315.783744613526,224.806301817713,-2.14968577268266,-3.874351541184,6.02403731284573
0.862,677.449995782612,1709.60204763186,49.9946090242237,49.994558167668,1312.40409947959,482.911727345446,326.204911141246,326.550341198356,183.503690976415,-324.662112511861,141.15842144111,-0.278319859647192,-5.14380207321942,5.42212193158796
0.863,677.305204132012,1709.7187896682,49.994610176439,49.9945577960665,1311.24702303525,484.071909948356,326.20525826418,326.550225180096,257.340932553676,-300.978848722604,43.6379160272216,1.61977173380908,-5.90722333001903,4.28745159441076
0.864,677.937565413345,1709.08979169277,49.9946051442678,49.9945597982293,1310.084351937,485.226850897007,326.205607065509,326.550109686001,306.445189053636,-248.471218296164,-57.9739709491679,3.35950966293608,-6.09537113474028,2.73586146926718
0.865,678.893585761092,1708.13080737032,49.9945975364996,49.9945628507712,1309.89151370217,485.418214289681,326.20566491698,326.550090549661,326.275292414519,-171.984082488266,-154.291210165441,4.77034410623054,-5.68577395393154,0.91542984428424
0.866,680.012696018731,1707.02108184818,49.9945886309032,49.9945663831372,1310.75174402482,484.5749101502,326.205406847883,326.550174880075,312.696933556515,-77.4965683120462,-235.200365524295,5.71482602766604,-4.7195226311673,-0.995303400848485
0.867,679.925723548051,1707.1073097901,49.9945893230081,49.9945661086652,1311.70732601463,483.601976972226,326.205120173286,326.550272173393,269.212290807603,23.6835952842997,-292.895886400663,6.09889740403355,-3.29194810568737,-2.80694930358817
0.868,678.873211700616,1708.16028045423,49.9945976986313,49.9945627569555,1311.94235996784,483.366818085172,326.2050496631,326.550295689282,199.276621974268,123.275074968654,-322.55169726644,5.88712049652617,-1.54199744123896,-4.34512306128885
0.869,678.46033989668,1708.58576602301,49.9946009841607,49.9945614025928,1312.12964675508,483.201228914116,326.204993477064,326.550312248199,109.792051345618,210.326229931429,-320.118281600219,5.0991621630295,0.360023026948333,-5.45918519653151
0.87,678.077804512867,1708.96658835479,49.9946040282805,49.9945601903977,1312.74239476677,482.579560417227,326.20480965266,326.550374415049,9.99422277728992,277.042597232101,-287.03682031668,3.81197250568966,2.22468644665925,-6.03665895919473
0.871,677.038124505472,1710.01184433335,49.9946123017912,49.9945568632446,1312.48595921744,482.818872649714,326.204886583325,326.550350483825,-91.2625590180935,316.338883657341,-225.076324917142,2.15245662190401,3.87221980693578,-6.02467643569219
0.872,676.980419921734,1710.06775979483,49.9946127609897,49.9945566852601,1311.24191083478,484.079115498836,326.20525979784,326.550224459541,-183.536879291047,325.19283361133,-141.655954558097,0.280659958386968,5.14252609562202,-5.4231860605816
0.873,677.742155029723,1709.27944045048,49.9946066992943,49.9945591945585,1310.44064007313,484.878050345934,326.205500179068,326.550144566056,-257.461369851144,301.546541080937,-44.0851714204844,-1.61732902022717,5.90618373535973,-4.28885472116722
0.874,678.118648337228,1708.90671737996,49.9946037032557,49.9945603809729,1310.12773993647,485.184328621715,326.205594049109,326.550113938228,-306.065198897779,248.917087951467,57.1481108050478,-3.35689200978951,6.09448261999956,-2.73759061550079
0.875,678.547801256714,1708.48134463785,49.9946002881653,49.9945617349764,1310.47397746019,484.850976469722,326.205490177852,326.550147273443,-325.520662354747,171.309853860463,154.210808399673,-4.76919142904293,5.68610666357419,-0.916915238944805
0.876,679.136394917414,1707.90031223413,49.9945956042858,49.99456358446,1310.80512014844,484.52476178396,326.205390835046,326.550179894912,-312.205420209156,77.2146216095253,234.990798545688,-5.71433150519991,4.72083751410338,0.993493987612278
0.877,679.401299015139,1707.63747217784,49.9945934962459,49.9945644211059,1311.80425982754,483.513260375166,326.205091093142,326.550281045053,-269.309054616229,-24.0744329937944,293.383487585364,-6.09929651348559,3.2937239705275,2.80557254036573
0.878,678.617596538865,1708.41518958301,49.9945997327521,49.9945619455545,1312.38955476464,482.916575014368,326.204915504661,326.550340713589,-199.513860856505,-123.54700420529,323.060865052493,-5.88760818635733,1.5445196659392,4.34308851858984
0.879,677.886931206266,1709.16852198035,49.9946055472021,49.994559547623,1312.48761535744,482.844008419757,326.204886086483,326.550347970248,-110.298207332058,-210.306621823894,320.604829146152,-5.10044921117817,-0.357858280906388,5.45830749081565
0.88,676.834603132358,1710.21028434188,49.9946139213628,49.9945562315904,1312.08785969498,483.224040374834,326.205006013182,326.550309967053,-10.4134713516809,-276.769211512415,287.182682837626,-3.8136990222823,-2.22210813924436,6.03580716055221
0.881,676.460505819123,1710.5764981228,49.9946168983346,49.9945550658957,1311.03365905209,484.278777257563,326.205322273375,326.550204493365,90.7963561640723,-316.153169622098,225.356813400825,-2.15390752487326,-3.87100307234041,6.02491059623768
0.882,677.462608870887,1709.58149225344,49.9946089238519,49.9945582330978,1309.76473963462,485.562460950567,326.2057029492,326.550076124995,183.173589706169,-324.459567266429,141.285977461195,-0.282074687216762,-5.1418297320294,5.42390441797287
0.883,679.033783653308,1707.99093042159,49.9945964208403,49.9945632960133,1309.6210983022,485.69906958897,326.2057460416,326.550062464131,257.186260554072,-301.266176363027,44.0799156599251,1.61555642027454,-5.90674792324746,4.29119150113126
0.884,680.314110703593,1706.71773712105,49.9945862323213,49.9945673487135,1310.74050384907,484.574871325355,326.205410219936,326.550174883958,306.441801237938,-248.797446694114,-57.6443547452259,3.35510453125772,-6.09515887532141,2.74005434143301
0.885,680.209712856568,1706.8450398358,49.994587063093,49.9945669434964,1312.78692723709,482.535590020478,326.204796292919,326.550378812088,326.065600307866,-171.860914042954,-154.204686516136,4.76831319232711,-5.68793656069651,0.919623364806904
0.886,678.964994822229,1708.09696006849,49.9945969682444,49.9945629585105,1314.12078624855,481.22232634521,326.204396135216,326.550510138456,312.77973491407,-77.3871939832655,-235.392541223927,5.7134766060869,-4.72167336051851,-0.991803250113535
0.887,676.735970785595,1710.32185317874,49.9946147062541,49.9945558764558,1313.95255531328,481.366390065073,326.204446604496,326.550495732084,269.311175784836,23.5579495397169,-292.869125647604,6.09882058625974,-3.2951028216801,-2.80371777005873
0.888,675.390216138622,1711.65153126921,49.9946254154293,49.994551643959,1312.16821315305,483.13374429689,326.204981907144,326.550318996661,199.402266731427,123.202831711963,-322.605098781402,5.88831119104168,-1.54665081672551,-4.34166038058812
0.889,675.901407089326,1711.14602206129,49.994621347501,49.9945532530447,1309.84558346447,485.47953816201,326.205678696051,326.550084417274,110.119993568814,210.035476214702,-320.155470120346,5.10178927278596,0.355841773118996,-5.45763105274844
0.89,677.904707847982,1709.12444215087,49.99460540574,49.9945596879334,1308.7249151728,486.585532589898,326.206014896539,326.549973817831,10.1211466171075,276.802204790455,-286.923351726861,3.8152303483368,2.22046890717674,-6.03569926265217
0.891,680.195202243501,1706.84092332853,49.9945871785648,49.9945669565996,1309.13124606678,486.176233940167,326.20589299727,326.550014747696,-91.142401667099,316.249200501647,-225.106799122042,2.15642582711661,3.86881139538481,-6.02523722963224
0.892,681.224132014342,1705.830393359,49.9945789906018,49.9945701732164,1310.73803503368,484.593242108547,326.20541096058,326.55017304688,-183.440590349461,325.270225485233,-141.829635379812,0.283955523931851,5.14085134218877,-5.42480687293904
0.893,681.284027490726,1705.76596266553,49.9945785139688,49.9945703783057,1312.86504985329,482.465367586037,326.204772856134,326.550385834332,-257.206186503371,301.87381235908,-44.667626048146,-1.6145119373867,5.90666996365149,-4.29215803249256
0.894,679.892306563346,1707.18390747378,49.994589588932,49.9945658648472,1314.29904473341,481.003458338,326.20434265767,326.550532025257,-306.158109879455,249.016902844472,57.1412068972603,-3.35318914259035,6.09610275072644,-2.7429136135454
0.895,677.669262133482,1709.40391912605,49.9946072793575,49.9945587983306,1314.93039573028,480.392355681223,326.204153252371,326.550593135522,-325.791574042366,171.953225308918,153.838348648081,-4.76633601166536,5.6881970799149,-0.921861072688625
0.896,675.798386459814,1711.27631954072,49.9946221673131,49.994552838295,1314.36707551758,480.964272929205,326.204322248435,326.550535943797,-312.130225798008,77.4844906967705,234.645735060838,-5.71229466629205,4.72323798854602,0.989056674337145
0.897,674.344521941625,1712.71175339326,49.9946337367993,49.9945482691671,1312.30421084435,483.012860414153,326.204941107837,326.550331085049,-269.146886725538,-24.2641380605213,293.411024778522,-6.0987845444805,3.29724676184335,2.8015377802176
0.898,675.267790900497,1711.76354686283,49.9946263896584,49.9945512874023,1309.61438390151,485.69705391557,326.20574805592,326.550062665699,-199.921863647518,-123.131571277176,323.053434934358,-5.88811554386902,1.54753242308194,4.3405831192181
0.899,677.365393230019,1709.67957487803,49.9946096974694,49.9945579208911,1308.45897473429,486.873498006785,326.20609467867,326.54994502129,-110.446755041377,-210.244159837248,320.690914888682,-5.10243125705673,-0.353974682637889,5.45640593875133
0.9,679.803407659874,1707.22966547895,49.994590296367,49.9945657191949,1308.92235260852,486.396040242811,326.205955665308,326.549992767066,-10.5973634053012,-276.90475142333,287.502114821703,-3.81643535146348,-2.21896139372974,6.03539674459048
0.901,680.924866592764,1706.12510515724,49.9945813720804,49.9945692351196,1310.70309184515,484.607113090892,326.205421443537,326.550171659781,90.6988217450142,-315.85707788516,225.158256101129,-2.15803183038455,-3.8677506982776,6.02578252808151
0.902,680.823108552935,1706.25088455655,49.9945821818451,49.9945688347514,1312.53624057104,482.782057219211,326.204871498919,326.550354165368,183.043053200275,-324.791383305349,141.748330022074,-0.286952644689224,-5.13976464506495,5.4267172888764
0.903,679.825606695157,1707.23688955844,49.9945901197127,49.9945656962,1314.21076613037,481.111247985534,326.204369141251,326.550521246292,257.302386452081,-301.574291197917,44.2719046103598,1.61137618871082,-5.9052932641586,4.29391707398158
0.904,678.181994085212,1708.88600098431,49.9946031991663,49.9945604469153,1315.00584740609,480.301498000533,326.204130616869,326.55060222129,306.504052023432,-248.863814504893,-57.6402377097725,3.3512851972685,-6.09522891747119,2.74394371791048
0.905,675.934008059005,1711.1356158088,49.9946210880707,49.9945532861689,1313.86334452622,481.446320461868,326.204473367733,326.550487739044,326.222049304333,-171.916398720317,-154.305650828793,4.76502413530299,-5.68861661639357,0.923592477814027
0.906,675.246176337322,1711.8132970054,49.9946265616616,49.9945511290426,1311.31986064865,484.003034499869,326.205236412896,326.55023206764,312.58429918058,-77.4612351519045,-235.123064319038,5.71187772662197,-4.72433882277512,-0.987538908169952
0.907,676.481132920222,1710.563959634,49.9946167341894,49.994555105807,1308.9183921814,486.38835562671,326.205956853436,326.549993535528,269.684516521515,23.2801371808089,-292.964654025751,6.0992373277966,-3.29925458782799,-2.7999827452943
0.908,679.128273764228,1707.90562107508,49.9945956689119,49.9945635675614,1308.26257555003,487.035944390517,326.206153598425,326.549928776651,199.541267537745,122.696338795277,-322.237606673734,5.88934106735118,-1.55060799182338,-4.3387330817113
0.909,681.002517009115,1706.05181468101,49.994580754158,49.9945694684105,1309.40183600228,485.924807343904,326.20581182029,326.550039890356,110.219975915248,210.043515388544,-320.263491644346,5.10383570830328,0.351881317898763,-5.45571703301341
0.91,682.255616413811,1704.79716307296,49.9945707823098,49.9945734620906,1311.85174930729,483.456585383452,326.205076846298,326.550286712552,10.4843543008511,276.681003665276,-287.165358289699,3.81872376977335,2.21624542912411,-6.03496920604774
0.911,681.363681896638,1705.70250388279,49.9945778800991,49.9945705803013,1314.3475840863,480.959666448046,326.204328095865,326.550536404446,-90.6786843980907,316.265175167296,-225.586491060123,2.15938688933907,3.8660448062,-6.02543170270709
0.912,679.079903950148,1708.00953635811,49.9945960538266,49.9945632367888,1315.84914657585,479.461718585309,326.203877627118,326.550686199232,-183.054969934325,325.310675833352,-142.25570614485,0.288948108575185,5.13803152140709,-5.42697963684577
0.913,676.327436017218,1710.74027073958,49.9946179572705,49.9945545445913,1315.08615620665,480.223572523948,326.204106524228,326.550610013838,-256.788490265511,301.668317049222,-44.8798269765897,-1.60959837639669,5.90439179894452,-4.29479342881367
0.914,674.540755483169,1712.5224809149,49.9946321752224,49.9945488716401,1313.17195316454,482.128567945164,326.204680785141,326.550419514296,-305.894781314097,248.88268962433,57.0120915529206,-3.35025219089781,6.09577683920506,-2.74552465373923
0.915,674.192395446833,1712.86632120861,49.9946349473835,49.9945477771625,1310.9995703492,484.30756137456,326.205332499986,326.550201614953,-325.616098192593,172.011004184723,153.605093924326,-4.76412527690353,5.68965474659741,-0.925529474136053
0.916,675.393641931677,1711.65276203207,49.9946253881677,49.9945516400413,1308.84292227891,486.470403839269,326.205979494407,326.549985330706,-312.103361610818,77.4100265878518,234.693334984811,-5.71081584889006,4.72560070890841,0.985215136589021
0.917,677.227121640387,1709.81001096417,49.9946107977998,49.9945575057001,1307.53616759855,487.762340409146,326.206371520811,326.549856137049,-269.458794376028,-24.1600387364812,293.618833106718,-6.09858288391078,3.30070033658998,2.79788254492944
0.918,679.90268335548,1707.13251069743,49.9945895063561,49.9945660284482,1307.71490593935,487.586566237524,326.206317899309,326.549873714467,-199.831285771006,-122.943209719889,322.774495501688,-5.8901969276895,1.55193905654926,4.33825786960148
0.919,681.490918184517,1705.56824974609,49.9945768675849,49.9945710076454,1310.00127047516,485.313433451477,326.205631989948,326.550101027745,-110.604395838862,-210.266919724142,320.871315572711,-5.1046956908919,-0.349667441212301,5.45436313118503
0.92,681.349000512645,1705.7045811421,49.9945779969299,49.9945705736891,1312.15868707801,483.139061261644,326.204984764967,326.550318464964,-11.1021627197709,-276.412388081473,287.514550793159,-3.81989879653977,-2.21455725866084,6.03445605460831
0.921,679.772047409492,1707.29259042895,49.994590545924,49.9945655188986,1314.03338577991,481.252475703599,326.204422355356,326.55050712352,90.3079649120576,-315.916507339162,225.608542385605,-2.16227604772373,-3.86364117783998,6.02591722497531
0.922,677.808973651707,1709.28462376053,49.9946061675686,49.9945591780596,1314.51117350154,480.793190971903,326.20427901904,326.550553051993,183.007032809696,-324.634227239962,141.627194343572,-0.291021235492671,-5.1375984973381,5.42861973192304
0.923,676.310225523677,1710.76200432259,49.9946180942272,49.9945544754112,1313.49611123236,481.809264395832,326.204583537721,326.550451444651,256.949851981034,-301.193582353284,44.2437302318655,1.60764389393079,-5.90444603705125,4.29680214160054
0.924,675.445795960016,1711.61302026562,49.9946249731391,49.9945517665433,1311.55705076698,483.747566926188,326.20516525586,326.550257614398,306.561560175426,-249.287451777592,-57.2741085947618,3.34899074333352,-6.09548695101771,2.74649620531436
0.925,676.015712095123,1711.05025245651,49.9946204378906,49.9945535578889,1310.0879784421,485.219245749575,326.205605977558,326.550110446515,325.864308814258,-172.156727239305,-153.707581825943,4.76317618767167,-5.69067741226464,0.927501221218335
0.926,677.607234353926,1709.44280011876,49.9946077729589,49.9945586745686,1309.09167554362,486.231757753441,326.205904868427,326.550009195315,313.046921310561,-78.1291255597582,-234.917796047393,5.71046772286148,-4.7267040603691,-0.983763666928999
0.927,679.620513293511,1707.422052743,49.9945917517941,49.9945651068072,1309.09097050055,486.200532215987,326.20590507994,326.550012317869,269.753000148258,23.1288636482599,-292.881864126185,6.09821063941899,-3.30273271918621,-2.79547792568275
0.928,680.833036488325,1706.21436834453,49.9945821028411,49.9945689509861,1310.03773497014,485.268194168221,326.205621050599,326.550105551674,199.802693772323,122.619042332404,-322.421736451278,5.89029496846959,-1.55364222540605,-4.33665274937806
0.929,681.097482663226,1705.98325637971,49.9945799984453,49.9945696866383,1311.70217109158,483.617547202527,326.205121719763,326.55027061637,110.153079860932,210.154259231601,-320.307339438646,5.10628862499176,0.347650138424324,-5.45393877035984
0.93,680.214085631757,1706.87042397142,49.9945870282956,49.9945668626962,1313.2268393101,482.081543328247,326.204664319297,326.550424216758,10.5111371717102,276.630489772176,-287.141627272369,3.8221029432195,2.21291993576972,-6.03502288626805
0.931,678.236767781422,1708.84635334841,49.994602763291,49.9945605731176,1313.94075566859,481.352240532801,326.20445014439,326.550497147037,-90.4154417164016,316.148542415314,-225.733100994305,2.16444432171734,3.8614825961418,-6.02592692514984
0.932,676.170208684723,1710.91914783213,49.9946192084458,49.9945539752078,1312.93222272604,482.372029526661,326.204752704273,326.550395168138,-182.827790688399,325.166723189748,-142.338932751157,0.293529445416691,5.13562425234195,-5.42915370473611
0.933,675.829444029962,1711.22532472926,49.9946219201648,49.9945530006165,1310.86501999893,484.440195193156,326.205372865091,326.550188351571,-256.863219275868,301.763003785996,-44.899784706388,-1.60559228546278,5.90357198974312,-4.29797971065042
0.934,676.382767901653,1710.6578615697,49.9946175169533,49.9945548069078,1309.12843150876,486.169064884041,326.205893841638,326.550015464602,-306.07750126487,249.130221315355,56.9472798098585,-3.34636561604456,6.09476144366105,-2.74839583314128
0.935,677.858428575173,1709.18836436826,49.9946057740188,49.9945594844627,1308.13080349098,487.172420629887,326.206193130043,326.549915129027,-325.574788291637,172.317744518209,153.257043687288,-4.76224287522324,5.69118227794894,-0.928939407250077
0.936,680.042526404557,1707.00237660588,49.9945883935205,49.9945664426779,1308.09925165984,487.216017278431,326.206202595592,326.549910769363,-312.419956862678,77.6090069460988,234.810949876611,-5.70966783569443,4.72797069275854,0.981697139470891
0.937,681.952704587632,1705.10068646646,49.9945731928055,49.9945724959456,1309.08935317079,486.211848433966,326.205905565139,326.550011186247,-269.589423732082,-23.5740122456908,293.163435970755,-6.09895783672204,3.30424631070957,2.79471152355981
0.938,682.312559098253,1704.75655423572,49.9945703291743,49.9945735913525,1311.65013621366,483.646829405321,326.205137330226,326.55026768815,-200.232949635998,-122.956386503353,323.189336149424,-5.89171690082153,1.55675057788561,4.33496632134792
0.939,681.488042108513,1705.60139599823,49.994576890472,49.9945709021377,1313.52800291349,481.791703072125,326.204573970216,326.550453200783,-110.999894926429,-209.876099876187,320.875994812953,-5.10713803808284,-0.346008782493867,5.45314681962231
0.94,679.927809150008,1707.15712146346,49.9945893064114,49.9945659501097,1314.33403060224,480.964523998553,326.20433216191,326.550535918691,-11.7195971440033,-275.978251197119,287.697848334981,-3.82375150244592,-2.21011817409577,6.03386967593414
0.941,677.37757955514,1709.70253748386,49.9946096004937,49.9945578477989,1314.07577944477,481.218001352188,326.204409637257,326.550510570955,90.1183436416278,-315.753067237828,225.634723558145,-2.1656571719775,-3.86018809191823,6.02584526331617
0.942,676.00865615686,1711.07739339477,49.99462049404,49.9945534714966,1312.4925055002,482.819925523403,326.20488461944,326.550350378538,182.696479373643,-324.866944767123,142.170465311388,-0.294811215291945,-5.13512263641236,5.42993385083274
0.943,676.227226017367,1710.8306846878,49.9946187547163,49.9945542567948,1310.72347222357,484.581677941728,326.205415329423,326.550174203296,256.637726892173,-301.352861992095,44.7151349647067,1.60327220223862,-5.90280358291856,4.29953137921989
0.944,677.633781589675,1709.42866306711,49.9946075617027,49.9945587195682,1309.21961905227,486.078626199825,326.205866485375,326.55002450847,306.254145146315,-249.152528139935,-57.1016171973895,3.34554719492882,-6.09663490230353,2.75108770508519
0.945,679.434927255047,1707.62043205232,49.9945932286409,49.9945644753463,1309.1138461247,486.190227359034,326.205898217253,326.550013348354,326.092629519978,-172.423621582671,-153.66900818177,4.75982429315531,-5.69157634568893,0.931752049258946
0.946,680.830657903473,1706.23507234227,49.9945821217693,49.9945688850832,1309.97859891598,485.333627867976,326.205638791416,326.550099008304,312.927608090881,-78.189744816361,-234.737863564074,5.7090240305753,-4.73006959995939,-0.978954434934584
0.947,681.824139448164,1705.23243861015,49.9945742158944,49.9945720765655,1310.95675268861,484.344455483924,326.205345345284,326.550197925542,269.773635726126,23.002350683898,-292.775986732055,6.09808464390346,-3.30573290816705,-2.7923517410521
0.948,681.272128340405,1705.80099735622,49.9945786086592,49.9945702667868,1312.82703632519,482.474783333035,326.204784260193,326.550384892757,200.017858154006,122.204308870418,-322.222167363402,5.89177543314422,-1.55797834469762,-4.33379709461276
0.949,679.521734927674,1707.56658398445,49.9945925378474,49.99456464675,1313.70268641694,481.610097899463,326.204521565165,326.5504713613,110.552676787813,209.817080442615,-320.369757568781,5.10820889011928,0.343346026084702,-5.45155492298924
0.95,678.123670380636,1708.94751700768,49.9946036632916,49.9945602511037,1313.17909782329,482.122140384425,326.204678641743,326.550420157052,10.7214023198803,276.734008380724,-287.45541102135,3.82445741720967,2.20899284452362,-6.03345026884604
0.951,677.186280719488,1709.87987578747,49.9946111228015,49.9945572833135,1312.48706121445,482.808587382816,326.204886252726,326.550351512352,-90.4438478658096,316.357587638624,-225.913740060613,2.16762204270935,3.85916914439875,-6.02679119422711
0.952,676.922659918416,1710.1492239381,49.9946132206292,49.9945564259517,1310.94691229083,484.36450130673,326.205348297403,326.55019592096,-182.952181079209,325.23180579696,-142.279624960207,0.296260980936153,5.13380183851915,-5.43006282625936
0.953,677.889203656405,1709.15542932143,49.9946055291185,49.9945595892982,1309.37962478096,485.923220889774,326.205818483656,326.550040049001,-256.585622344479,301.858394785993,-45.2727726310546,-1.60170354229146,5.90270130544438,-4.30099776935052
0.954,679.358975181772,1707.70221033692,49.9945938330483,49.9945642150379,1308.99310407844,486.313942517325,326.205934439867,326.550000976839,-305.688413460463,249.444127128808,56.244286197751,-3.34469263778621,6.09681312666143,-2.75212049423438
0.955,680.562633795713,1706.49457226601,49.9945842546374,49.9945680590693,1309.37055885253,485.928395371241,326.205821203435,326.550039531553,-325.617807497222,172.515143658073,153.102663758116,-4.75890624790542,5.69266604356529,-0.933759800029356
0.956,681.55184966811,1705.50773660747,49.9945763827076,49.9945712002648,1310.1610630324,485.156330080716,326.205584052181,326.550116738082,-312.505291113618,78.0724725629731,234.432818515229,-5.70807271336467,4.73061423719049,0.977458472851447
0.957,682.013736164652,1705.05124650406,49.9945727071316,49.9945726533179,1311.39635561844,483.894533474616,326.205213464405,326.550242917743,-269.697658632373,-23.4004332602552,293.098091890363,-6.09863485383434,3.30848599911838,2.7901488523979
0.958,681.181357868182,1705.90018637131,49.9945793309877,49.9945699510584,1312.66795441966,482.63400387365,326.204831984764,326.550368970703,-200.359785360945,-122.669007819047,323.028793195508,-5.89296766030656,1.56048924708814,4.33247841176346
0.959,679.975509437312,1707.12279541229,49.9945889268246,49.9945660593729,1313.76110175322,481.565907346885,326.204504040564,326.550475780356,-110.708066558398,-210.102208059792,320.810274634049,-5.10948809870889,-0.341286269783346,5.45077436767458
0.96,678.215619988967,1708.86260308165,49.9946029315798,49.9945605213931,1313.50684700031,481.803525771679,326.20458031699,326.550452018513,-11.3049315824954,-276.281695434179,287.586627015136,-3.8258606036002,-2.20684186462261,6.03270246774987
0.961,676.537621898443,1710.53589206668,49.9946162846644,49.9945551951488,1312.36604671808,482.93030322504,326.204922557075,326.550339340768,89.6585610795366,-315.518088013582,225.859526899636,-2.16991710527987,-3.85738105463638,6.0272981594614
0.962,676.813309597404,1710.26034016181,49.9946140908114,49.9945560722578,1310.58570659655,484.728454240975,326.205456659111,326.550159525666,182.522867211254,-324.978009611128,142.455142321054,-0.298509412830198,-5.13291300736829,5.43142241943796
0.963,678.077280121479,1708.97569996618,49.9946040324535,49.9945601613945,1309.33273426112,485.979306728733,326.205832550812,326.550034440418,256.826909358658,-301.552851515829,44.7259420268839,1.5998929417091,-5.90222808798756,4.30233514492707
0.964,679.801381811089,1707.24905940386,49.9945903124882,49.9945656574621,1308.72885206709,486.560546372784,326.20601371547,326.549976316453,306.12216950979,-249.169566224347,-56.9526034699806,3.34124470671955,-6.09612400982506,2.75487930093683
0.965,681.312744813727,1705.74208573992,49.9945782854436,49.9945704543083,1309.3403063049,485.969037094097,326.205830279199,326.550035467381,326.222758347169,-172.811888162615,-153.410870421052,4.75799493934122,-5.69331821833344,0.93532327585748
0.966,682.482739656696,1704.58017242006,49.9945689749204,49.9945741527933,1311.10385361864,484.218711678285,326.205301215005,326.550210499923,312.718221476233,-78.5896299587975,-234.1285917979,5.70724265241634,-4.73203211342159,-0.975210543150549
0.967,682.257654616233,1704.81048652836,49.9945707660903,49.9945734196807,1313.24439859394,482.052751024,326.204659051512,326.550427095988,269.687306108774,23.0666996751544,-292.754006096169,6.09807933869957,-3.30992291500057,-2.78815642883025
0.968,680.594745683297,1706.49109695601,49.9945839990991,49.9945680701315,1314.57942788756,480.714761727004,326.204258542724,326.550560894918,200.43442864748,122.094155040497,-322.528584016707,5.89318090928101,-1.56266038135702,-4.33052053388813
0.969,678.344500196838,1708.74866429635,49.9946019059837,49.9945608840715,1314.11557492732,481.190721289612,326.204397698612,326.550513298961,111.030506882503,209.413214347455,-320.443721558264,5.11072161700402,0.33891888753148,-5.44964051110719
0.97,677.290366004301,1709.77201825653,49.9946102945171,49.9945576266347,1312.48041809989,482.814858391382,326.20488824566,326.550350885251,11.2805127612302,276.136169603332,-287.416682676051,3.82805226500563,2.20422552020226,-6.03227779210419
0.971,677.179059736098,1709.88556078526,49.9946111802642,49.9945572652176,1310.84146333839,484.459261456039,326.205379932089,326.550186444945,-90.2883551932951,316.287321615161,-225.998966701161,2.17081501450578,3.85666438132162,-6.02747940273496
0.972,678.208831118616,1708.87108878551,49.9946029856039,49.9945604943823,1309.55347690884,485.756549502275,326.205766328018,326.55005671614,-182.809806635003,325.299633508785,-142.489827109126,0.300981059733217,5.13183657824699,-5.43281764458345
0.973,679.732876236839,1707.3145469178,49.9945908576383,49.9945654490089,1308.56451476233,486.743036891575,326.206063016662,326.549958067401,-256.594608632976,302.190896678096,-45.5962882290201,-1.59774170068703,5.90160367216483,-4.30386197749354
0.974,681.525848447648,1705.51711939419,49.9945765896187,49.9945711703984,1308.61725976829,486.678421117852,326.20604719316,326.549964528979,-305.592865225161,249.178962981107,56.4139021144827,-3.3393468237022,6.095240589406,-2.7558937709058
0.975,682.517949867609,1704.5433796468,49.9945686947265,49.9945742699083,1309.87600687924,485.423081675459,326.205669569027,326.550090062923,-325.570004418626,172.632224185952,152.937780154463,-4.75634335697743,5.69418812639727,-0.937844773660564
0.976,682.745483971381,1704.33593680707,49.9945668840676,49.9945749302194,1311.90534551339,483.416048161965,326.205060767436,326.550290766274,-312.336199000006,78.0055637548507,234.330635210561,-5.70727498670505,4.73425571137175,0.973019272107886
0.977,681.751098280894,1705.33526453795,49.9945747971375,49.9945717492604,1313.30715996012,482.00121237661,326.204640223102,326.550432249853,-269.897041628844,-22.9123578970617,292.809399521943,-6.09864185872489,3.31099781566663,2.78764404079755
0.978,679.506274187303,1707.58435680698,49.9945926608801,49.9945645901774,1314.09693786793,481.196468349813,326.20440328973,326.550512724255,-200.473699370008,-122.593920644109,323.067620025544,-5.89344220973108,1.56514976625303,4.32829244203438
0.979,678.015267492046,1709.07476350463,49.9946045259343,49.9945598460655,1313.57847128259,481.740415309021,326.204558829706,326.550458329559,-111.343352094834,-209.707851670023,321.051203774986,-5.11147103952072,-0.337118129242819,5.44858916791044
0.98,677.526578674324,1709.55144333545,49.9946084147964,49.9945583287465,1312.18550623998,483.12720837536,326.204976719218,326.550319650253,-11.9435778008009,-276.134768398651,288.078346191992,-3.82948187836594,-2.20363339174047,6.03311526956077
0.981,677.660470648332,1709.40945369985,49.9946073493179,49.9945587807135,1310.89032081843,484.417144256794,326.205365274845,326.550190656665,89.6538822860167,-315.891159977536,226.237277652041,-2.17282653712984,-3.85512763099167,6.02795416757402
0.982,678.420824794952,1708.65731402597,49.9946012986119,49.9945611748485,1309.56056640756,485.756317111671,326.205764201168,326.550056739379,182.315187853663,-324.887163020261,142.57197508357,-0.302848587223434,-5.13054017148519,5.43338875785092
0.983,680.237416066829,1706.82630511443,49.9945868426379,49.9945670031308,1308.852632271,486.456498846237,326.205976581409,326.549986721206,256.897864321257,-301.723681710665,44.8258172569885,1.59534431761751,-5.90170912276323,4.30636480370584
0.984,681.468479675736,1705.59801757152,49.9945770461449,49.9945709128915,1309.65962309285,485.648066276839,326.205734484163,326.550067564463,306.138847822981,-249.181322130721,-56.9575258766835,3.33808512261723,-6.09627690394351,2.7581917790914
0.985,681.626650256945,1705.43655976033,49.9945757874634,49.9945714268277,1310.95381006444,484.353085068547,326.205346228071,326.550197062584,326.068071316521,-172.900127868453,-153.167943682251,4.75470845249855,-5.69409489835503,0.939386442688045
0.986,681.632565368505,1705.44874815502,49.9945757403925,49.9945713880308,1311.88649074089,483.434580587179,326.205066423868,326.550288913032,312.771314966692,-78.4567294262374,-234.314585816538,5.7063182825941,-4.73541329316242,-0.970904993583402
0.987,680.896636113203,1706.1841715421,49.9945815967314,49.9945690471055,1312.78904358078,482.515839223253,326.204795658016,326.550380787168,270.109078291456,22.3852582034498,-292.494336800514,6.0981913709366,-3.31312921334716,-2.78506216267365
0.988,679.368111803864,1707.70478886797,49.9945937603414,49.9945642068302,1312.6974921781,482.592757678712,326.204823123437,326.550373095323,200.418858672334,121.885765441701,-322.304624434386,5.89346590792006,-1.56650208521179,-4.32696382858056
0.989,678.614078833453,1708.46705260198,49.9945997607451,49.9945617804694,1311.01639822665,484.29364068952,326.205327451622,326.550203007021,110.994580572217,209.370159797007,-320.364740688466,5.11258295537272,0.335172843217454,-5.44775580503011
0.99,679.295637391402,1707.76718733184,49.9945943370744,49.9945640082097,1309.00852395113,486.287923838167,326.205929813905,326.550003578707,11.3861959839123,276.218917818078,-287.60511410447,3.8312935266895,2.20118032482122,-6.03247385824737
0.991,680.759806622755,1706.30325554848,49.9945826855859,49.9945686680493,1308.63103665347,486.664979814052,326.206043060094,326.549965873109,-89.8576781763443,315.721384348938,-225.863706443868,2.17582631660077,3.85256013906864,-6.02838646240285
0.992,682.327000184702,1704.74926812365,49.9945702142558,49.9945736145449,1309.5906516132,485.727479120416,326.205755175606,326.550059623178,-182.362081761036,325.264996873209,-142.90291534053,0.304806845112439,5.12971675758043,-5.43452360912276
0.993,683.172534347193,1703.8897245825,49.9945634857087,49.994576350557,1310.67588711031,484.635581753429,326.205429604957,326.550168812915,-256.277911025174,302.005270869925,-45.7273600227673,-1.59380649212235,5.90026149313771,-4.30645500686707
0.994,683.340509984464,1703.73846070319,49.9945621490011,49.9945768320449,1312.17365201088,483.139881369152,326.204980275487,326.550318382953,-305.761340531237,249.57959057856,56.1817498279487,-3.33711851106104,6.09683710907215,-2.75971860306324
0.995,682.383872584897,1704.71341512458,49.9945697616796,49.9945737286686,1314.06492673847,481.244950443575,326.204412893069,326.550507876046,-325.383009908924,172.788736970013,152.594272864606,-4.75393106306722,5.69629559878468,-0.94236453982491
0.996,680.24415176504,1706.84841591215,49.9945867890369,49.99456693275,1314.64609854012,480.670049456869,326.204238541528,326.550565366145,-312.488955622971,78.5604054944755,233.928550096995,-5.70434962433582,4.73558236019271,0.968767261033044
0.997,677.919740398283,1709.16501002406,49.9946052861148,49.9945595588019,1313.2690401521,482.025940015376,326.204651659045,326.550429777089,-270.173390341286,-22.7955848928488,292.968975233692,-6.09746379978585,3.31505643622042,2.7824073614068
0.998,676.676552734265,1710.39631047295,49.9946151790879,49.9945556394509,1311.19756072917,484.092669896521,326.205273102872,326.550223104101,-200.588135110876,-122.139122772997,322.727257898616,-5.89430003524081,1.56892301387023,4.32537702002211
0.999,677.474028658113,1709.59672394114,49.9946088329761,49.9945581846138,1308.91431340598,486.405350585603,326.205958077069,326.549991836032,-111.576211178359,-209.348916964024,320.925128155847,-5.11333835525453,-0.333529681172523,5.44686803566142
1,679.497005674289,1707.55642538632,49.9945927346365,49.9945646790858,1307.70758694318,487.596629202439,326.206320095007,326.54987270817,-12.047824511114,-275.792496156933,287.840320664822,-3.83246500701447,-2.19956259071236,6.03202759726822
1.001,683.290647462863,1706.57338307143,49.9945625457944,49.9945678082067,1308.40811539437,487.165409773836,326.206109936472,326.549915830113,89.4776838580204,-315.557561687932,226.079877796951,-2.06308852130704,-4.65013646826392,6.71322498907337
1.002,689.727992551995,1707.04487145388,49.9945113190298,49.9945663074126,1310.75221177242,486.340022910827,326.205406707559,326.549998368799,182.096138247648,-324.466192590974,142.370054271285,0.140845021017798,-6.51612820748529,6.37528318556989
1.003,697.105973338677,1708.78932082189,49.9944526069242,49.9945607546578,1313.99470825858,486.190313598255,326.204433958613,326.550013339731,256.155648355706,-301.665424413355,45.5097759409813,2.48164710196755,-7.65495882372351,5.17331172014137
1.004,704.659120590179,1711.38812673699,49.9943925008882,49.9945524824016,1319.19239527323,485.538806016347,326.202874652508,326.550078490489,306.000839128288,-249.630057351097,-56.3707819392403,4.68017960917339,-7.98935444279501,3.3091748310496
1.005,710.83618598719,1715.62602271692,49.9943433453636,49.9945389927598,1324.49680004034,485.875979154374,326.201283331078,326.550044773175,325.901096708995,-173.093401560499,-152.80769535163,6.48720423874365,-7.50366397410714,1.01645973169632
1.006,716.752664595929,1719.99078872336,49.9942962635228,49.9945250992781,1329.8690916667,486.911436170335,326.19967164359,326.549941227473,312.842688753966,-78.9652191435489,-233.877469845342,7.70291432252087,-6.2578907612065,-1.44502356609101
1.007,723.009348297178,1723.72098653773,49.9942464744158,49.9945132256896,1334.27608710041,489.308305444356,326.19834954496,326.549701540546,269.990966095162,21.968845108379,-291.959811457569,8.19331898097037,-4.38470665841114,-3.80861232833649
1.008,729.428457538268,1726.95498355432,49.9941953927676,49.9945029315574,1338.35795062484,492.235168285436,326.197124985903,326.549408854262,200.688494405053,121.507522005089,-322.196016668405,7.90058081356946,-2.07222292187541,-5.82835789825028
1.009,736.587902922671,1729.18456555041,49.9941384197114,49.9944958345775,1342.72532364686,494.959675819562,326.195814773996,326.549136403508,111.069822240493,209.107886158085,-320.177708645396,6.84806024312878,0.452137542771763,-7.3001977929234
1.01,744.191359259637,1730.66850326468,49.9940779133284,49.994491111057,1347.82327797355,496.869614089127,326.194285387698,326.548945409681,12.020728516693,275.807836001085,-287.828564738725,5.13265792381599,2.93388518139148,-8.06654311232924
1.011,751.152924539534,1732.61459247644,49.9940225149521,49.9944849164627,1353.52171739043,498.087839907755,326.192575855873,326.5488235871,-89.3923005547461,315.539342026749,-226.147041655884,2.9229783832152,5.13152437493303,-8.05450276499186
1.012,757.240644006382,1735.25643452632,49.9939740704198,49.9944765072183,1359.21224238656,499.246385772228,326.190868698374,326.548707732513,-182.03478516195,325.006212262307,-142.971427239519,0.427418154027869,6.83180526921091,-7.25922342945652
1.013,762.869515039104,1738.17438328641,49.9939292772874,49.9944672190989,1364.5559011177,500.633475326589,326.189265600755,326.548569023558,-256.134128189923,301.963505484446,-45.8293773865573,-2.10674463802073,7.86149205199236,-5.75474741928259
1.014,767.958800736366,1741.54484559896,49.9938887780386,49.9944564905841,1369.20425536943,502.581201618894,326.18787109448,326.548374250928,-305.501525251889,249.828301454434,55.6732237513913,-4.43203725488147,8.12545832502819,-3.69342107436003
1.015,773.70586401125,1744.13192647239,49.9938430443622,49.99444825565,1373.48041167998,504.82059930678,326.186588247586,326.54815031116,-325.232497536785,172.861435648315,152.371061882208,-6.32362625876284,7.59413976327188,-1.27051350754027
1.016,779.947400094191,1746.11353568182,49.9937933757962,49.9944419479919,1377.54944556577,507.197812323537,326.185367537421,326.547912589858,-312.448582037815,78.8339989428596,233.61458311909,-7.5949878056145,6.31738230477807,1.27760549895757
1.017,786.404855159218,1747.77162742471,49.9937419890015,49.994436670122,1381.60789298884,509.437992497198,326.184150003194,326.547688571841,-269.939227342497,-22.7656564428307,292.704883826497,-8.1222298514848,4.42593821692204,3.69629163369249
1.018,792.915795019395,1749.29396940197,49.9936901765884,49.994431824357,1385.69188204966,511.590773555174,326.182924806476,326.547473293735,-200.810454594183,-121.8339832198,322.644437857481,-7.85577585708133,2.1014995998118,5.75427625716276
1.019,799.6107640799,1750.56162669892,49.9936368997174,49.9944277892785,1391.18121394095,512.315126887557,326.181278006908,326.547400858402,-111.932953561749,-208.8581682707,320.791121862979,-6.81900584527797,-0.432916196982255,7.25192204259357
1.02,805.369147142621,1752.65244473631,49.9935910759609,49.994421133998,1396.94898653531,512.61939890115,326.17954767513,326.5473704312,-12.3061921652572,-275.693451496813,287.999643665883,-5.11586223785229,-2.92046761897848,8.03632985723487
1.021,810.382021205586,1755.3805713144,49.9935511847766,49.9944124501014,1402.20975088114,513.358171890978,326.177969445826,326.547296553901,88.6616585151076,-315.029874495944,226.368215947047,-2.91203907015155,-5.12210104274168,8.03414011299307
1.022,814.718518745129,1758.7144507851,49.9935166760257,49.9944018380334,1407.51170388989,514.003820065388,326.176378859923,326.547231989084,181.475139431128,-324.286671405473,142.811531895961,-0.422263105163852,-6.82513872178551,7.24740182640153
1.023,818.581594267163,1762.35798423193,49.9934859346474,49.9943902403062,1411.39196284512,515.992209609931,326.175214782237,326.547033150129,256.131166808247,-301.85268402374,45.7215170894964,2.10873329230287,-7.85666166366506,5.74792836988993
1.024,822.592483456509,1765.82042185177,49.9934540170054,49.994379219025,1414.95566528573,518.202911695632,326.174145671505,326.546812079921,305.790788290149,-249.816460854924,-55.9743276074121,4.4322673333364,-8.12336964232499,3.69110230640151
1.025,827.070681604109,1768.68390216568,49.9934183806368,49.9943701042841,1417.70184367795,521.181820513716,326.173321817987,326.546514189039,325.812871774536,-173.307938769492,-152.504933217959,6.32360451600334,-7.59264912852418,1.26904460873429
1.026,832.661159640613,1770.35466948816,49.9933738930261,49.9943647860665,1420.05308837205,524.490330913736,326.172616444579,326.546183337999,312.924108696731,-79.3192863933843,-233.604822546555,7.59513902341327,-6.31910664864154,-1.27603237972637
1.027,838.875066960891,1771.31404486524,49.9933244443228,49.9943617322798,1423.84760343641,526.268302175851,326.171478090059,326.546005540873,269.870785623004,22.1090413445486,-291.979827228091,8.12335554017348,-4.42766223568538,-3.6956933104634
1.028,844.963164633489,1772.31228551919,49.9932759967809,49.9943585547812,1428.06806932274,527.533121566194,326.170211950294,326.545879058934,201.025064633258,121.113531031597,-322.13859592749,7.85689076839623,-2.10378201436257,-5.753108760779
1.029,850.60823933988,1773.68772819442,49.9932310747037,49.9943541766111,1432.73372246589,528.350483411189,326.168812254351,326.545797322749,111.377884054124,208.780901330169,-320.158785633631,6.82023177913122,0.430053530723748,-7.2502853170402
1.03,855.697557731559,1775.5011820467,49.9931905751948,49.9943484042082,1438.17843224531,528.24311258451,326.167178841417,326.545808059832,11.7773037098865,275.829914011095,-287.607217943073,5.1180328972357,2.91577425361829,-8.03380715810263
1.031,859.115425061139,1778.91191216885,49.9931633766708,49.9943375475171,1443.41643681829,528.297950353738,326.165607440045,326.545802576055,-89.2255674479889,315.640779248918,-226.415211984714,2.91448245682224,5.11869306319423,-8.03317552695005
1.032,862.218501960113,1782.58057265121,49.9931386831694,49.9943258698081,1447.04650078039,529.924927462477,326.164518420856,326.545639878344,-181.633037682255,325.073949815853,-143.440912272117,0.423819346481066,6.82485554730758,-7.24867490006279
1.033,865.729523401273,1785.70132030526,49.9931107433485,49.9943159361598,1449.83810638653,532.301346301478,326.163680939174,326.54540223646,-255.829209788652,302.205535525662,-46.3763258275184,-2.1061642206993,7.85697032294757,-5.75080610758643
1.034,870.043264986132,1787.9738780313,49.9930764156837,49.9943087023838,1452.44539469443,534.787905859476,326.162898752682,326.545153580504,-305.358453579046,249.930331269237,55.4281222655435,-4.42975812416793,8.12412612956129,-3.69436800960872
1.035,875.290358289537,1789.21695832819,49.9930346606419,49.9943047455364,1455.41671463969,536.875298502251,326.162007356698,326.54494484124,-325.061484502784,173.06269806503,151.998786433624,-6.32193182292983,7.59509463847642,-1.27316281855993
1.036,880.208980822603,1790.70637963528,49.9929955194874,49.9943000045611,1459.31705653572,537.97926710358,326.16083725413,326.54483444438,-312.663088857911,79.2140628661785,233.449026019364,-7.59425107557672,6.32104408052521,1.27320699321203
1.037,884.40300186827,1792.84058663312,49.9929621445284,49.9942932111692,1463.49936129498,538.690886915007,326.159582562702,326.544763282399,-270.177618994368,-22.2146218908865,292.392240931399,-8.12258098819492,4.43112080083906,3.69146018655589
1.038,888.298608078764,1795.19285301142,49.9929311442791,49.9942857236728,1467.46393916178,539.578441234556,326.158393189342,326.544674526967,-200.895492679925,-121.671973113567,322.567465843411,-7.85748368942647,2.10733334603128,5.75015034339532
1.039,892.663838124319,1797.01727220976,49.9928964068822,49.9942799163661,1471.00861935668,540.860223054268,326.157329785283,326.544546348785,-112.023026558971,-208.800505235961,320.823531833034,-6.82271425207625,-0.42591602983857,7.24863028239302
1.04,896.638665693733,1799.11385563477,49.9928647762094,49.9942732427338,1474.76501921348,541.818327469005,326.156202865326,326.544450538343,-12.7271531365862,-275.282609851757,288.009763000634,-5.11981182660796,-2.91284832273824,8.03266014993101
1.041,900.12231937001,1801.6642879162,49.9928370541743,49.9942651244557,1478.59133329263,542.656928941334,326.155054971103,326.544366678196,88.5228041610291,-315.232527311642,226.709723125442,-2.91826482069324,-5.11690255553845,8.03516737654138
1.042,903.619139536294,1804.13386755592,49.9928092273635,49.9942572635396,1481.91437977627,543.980235126512,326.154058057157,326.544234347578,181.263176034196,-324.472495860725,143.209319755651,-0.427465860794659,-6.82244442514367,7.24991028561712
1.043,907.069003823822,1806.52374738841,49.9927817742158,49.9942496563158,1484.73450863162,545.711592276765,326.153212018501,326.544061211863,255.56979663783,-301.581079852721,46.0112830942502,2.10211524191201,-7.8550513256755,5.75293608251143
1.044,910.29423552042,1809.09632170096,49.9927561086374,49.9942414675574,1486.80704448763,548.126954487157,326.152590257744,326.543819675642,305.658296467573,-249.889420707412,-55.7688759295234,4.42643438385127,-8.12277044489304,3.69633605864729
1.045,914.334410116143,1810.78151750428,49.9927239579496,49.9942361034126,1489.18412601415,550.206112104258,326.151877133286,326.54361175988,325.667097752935,-173.64565489027,-152.021443074565,6.31926993831973,-7.59550271350617,1.27623277155223
1.046,918.577242816585,1812.18875390727,49.9926901945597,49.99423162404,1492.27576566095,551.529452314667,326.150949641392,326.543479425859,312.926658943999,-79.6407919543877,-233.285867233645,7.59285278830403,-6.32283074241398,-1.27002205073903
1.047,923.300271339655,1813.03653442438,49.9926526098929,49.9942289254708,1495.00453288534,553.12138040301,326.150131011225,326.54332023305,270.186418594804,21.7184429926638,-291.904861849901,8.12273783083179,-4.43304718526542,-3.68969065148285
1.048,927.646442604692,1814.20595953327,49.9926180241609,49.9942252030751,1498.67525599338,553.730281897825,326.149029794292,326.543259342901,200.990880899723,120.688139651484,-321.6790208168,7.85813274731103,-2.10983139666136,-5.74830135737924
1.049,931.07143748394,1816.26239982547,49.9925907689176,49.9942186572223,1503.52249308191,553.136745264529,326.147575623166,326.543318696564,111.825697628836,208.49926370016,-320.324961581442,6.82514502859874,0.422266470641837,-7.24741150644628
1.05,933.626437953713,1819.06715260052,49.9925704368699,49.994209729417,1507.40053814403,553.411676531134,326.146412209647,326.543291203437,11.9626112842962,275.786285296869,-287.748896805567,5.12305498952174,2.90945341694976,-8.03250841376085
1.051,935.554124688755,1822.45377230403,49.9925550968263,49.9941989494716,1510.58908121754,554.346763303385,326.145455646725,326.54319769476,-88.8347213697902,315.409566432098,-226.574845247856,2.9212282492491,5.11374020331582,-8.03496845954546
1.052,937.322836250835,1825.94826027157,49.9925410218669,49.994187826171,1513.31041972141,555.710560700848,326.144639245174,326.54306131502,-181.264771455937,324.99747124077,-143.732699924644,0.4318841706657,6.81978030977433,-7.25166448676114
1.053,939.296241278123,1829.10940059963,49.9925253180087,49.9941777639488,1515.1175065498,557.931475941772,326.144097119125,326.542839223496,-255.614225254668,301.966835944166,-46.352610781562,-2.09930086346001,7.85400580889835,-5.75470495082174
1.054,942.418262871677,1831.09557053174,49.9925004737502,49.9941714417735,1516.50619698507,560.495614390596,326.143680511995,326.542582809651,-305.218005569743,250.150354664762,55.0676508583672,-4.42406016110842,8.12342038833854,-3.69936023149769
1.055,945.918035239851,1832.63171213002,49.9924726234466,49.994166552083,1518.47549996489,562.457754192984,326.143089721101,326.542386595671,-325.328279961512,173.697214915027,151.631065038956,-6.31672272066938,7.59590013482313,-1.27917741723456
1.056,950.240066890162,1833.28908085282,49.9924382298115,49.9941644596133,1521.11668233567,563.709196620941,326.14229736639,326.542261451428,-312.40535779547,78.9417311779684,233.463626638844,-7.5912796349342,6.32455128695737,1.26672834603956
1.057,954.548780958915,1833.896330603,49.9924039421544,49.9941625266773,1524.32116160511,564.307196454249,326.141336022609,326.542201651445,-270.244203290822,-21.8646123816162,292.108815710121,-8.12223168876473,4.43616119955222,3.68607048826688
1.058,957.324988333878,1835.99203946683,49.9923818497981,49.9941558558288,1528.31059531661,564.077496611168,326.140139192495,326.542224621429,-201.426938209305,-121.063158297798,322.490096546406,-7.85905687670901,2.11416392005453,5.7448929564533
1.059,959.291468952154,1838.85141040001,49.9923662010425,49.9941467541685,1532.28168352383,563.868548231983,326.138947866033,326.542245516267,-112.438939973156,-208.436512048151,320.87545204842,-6.82659776746043,-0.418437521498349,7.24503528918491
1.06,960.410689656791,1842.44134130535,49.9923572945671,49.9941353270635,1534.94614477039,564.861684510779,326.138148527659,326.542146202639,-12.7658595717034,-274.961830721758,287.727690296405,-5.12486394673222,-2.90579171481281,8.03065566185344
1.061,961.399333142216,1846.14656336183,49.9923494271923,49.9941235329754,1536.911962911,566.526264662954,326.137558782217,326.541979744624,88.2588164295911,-315.030039897861,226.7712234375,-2.92445233170126,-5.11129465306233,8.03574698481137
1.062,963.737597864658,1848.43386372576,49.9923308198728,49.9941162522722,1538.18778350672,568.869491220109,326.137176036038,326.541745421968,180.864247390671,-324.57936951149,143.715122049448,-0.434447813900971,-6.8181181388433,7.25256595221687
1.063,967.294770687678,1849.41324475737,49.9923025127909,49.9941131348055,1539.41155427181,571.196080170552,326.136808904809,326.541512763073,255.641104987127,-301.757356263966,46.1162511612177,2.09625959373759,-7.85392055601553,5.75766096091413
1.064,970.941007578221,1850.26853008231,49.9922734969597,49.9941104123478,1542.03398699321,572.049258732305,326.136022174992,326.541427445217,305.552293544316,-250.147106600661,-55.4051871018992,4.42015726915442,-8.1230129118713,3.70285564033557
1.065,974.454437233102,1851.22137830914,49.9922455379748,49.9941073793377,1545.58621573558,571.974213671655,326.13495650637,326.541434949723,325.648469083384,-173.576774477735,-152.071694801401,6.31526849750923,-7.59797695550148,1.28270845451262
1.066,976.783356825368,1853.29323151311,49.9922270050216,49.9941007844241,1549.52574371104,571.463161331152,326.133774647977,326.541486054957,313.005937823544,-80.0196636536248,-232.986274393935,7.59012837663484,-6.32745751778324,-1.26267086340516
1.067,977.760105459543,1856.65611200161,49.9922192323029,49.9940900800431,1552.82481398331,571.499278939475,326.132784926895,326.541482443196,270.498451921611,21.4140044668864,-291.912456628164,8.12165019298466,-4.44086738947568,-3.68078280900105
1.068,978.538370288535,1860.15379073565,49.9922130390682,49.9940789465859,1555.07783143605,572.585188246805,326.13210902166,326.541373852266,201.245057212801,120.534563362639,-321.779620817302,7.85981663524156,-2.1170258114015,-5.74279083004075
1.069,979.969637898287,1862.97831395926,49.9922016494024,49.9940699558492,1556.41950993629,574.569248672766,326.13170651811,326.541175446223,112.255213495581,208.041171825087,-320.296385551372,6.82849242893292,0.415342417883088,-7.2438348534271
1.07,982.188664218307,1864.90218530888,49.9921839909521,49.9940638319765,1558.09523924566,576.119638426477,326.131203799317,326.541020407248,12.5391521238628,275.506634887713,-288.045787219402,5.12843401355107,2.90251911308794,-8.03095313333346
1.071,984.284778778822,1866.93799742737,49.9921673106024,49.9940573517853,1560.48923171965,576.929643493877,326.130485601574,326.540939406741,-88.8184073582345,315.621914508259,-226.803507324109,2.92736216571266,5.10790147680667,-8.03526364895922
1.072,986.229373706359,1869.08794916648,49.9921518360076,49.9940505082763,1561.95013869449,578.654975907288,326.130047329482,326.5407668735,-180.944190703387,324.907436176478,-143.963245606222,0.437851297220733,6.81603142100228,-7.25388272409183
1.073,988.541903402269,1870.76327873548,49.992133433481,49.9940451755367,1563.67154695248,580.049898022344,326.129530907005,326.540627381288,-255.270927065463,302.115044836877,-46.8441178595946,-2.0915781015262,7.85195185280002,-5.76037375630513
1.074,991.077492821665,1872.20217029949,49.9921132559015,49.9940405954026,1566.24252919604,580.560053621685,326.128759612332,326.540576365728,-305.089149656664,250.185516330952,54.9036332821634,-4.41772756947865,8.12289889826462,-3.70517133278272
1.075,993.273940963504,1873.94609064758,49.9920957771226,49.9940350443317,1569.08093548961,580.777209358149,326.127908090443,326.540554650155,-325.184602003266,173.591555645533,151.593046353648,-6.31260150927391,7.59933457250915,-1.28673306610022
1.076,994.702736103849,1876.39497109336,49.9920844071321,49.9940272493032,1571.38768636448,581.49727383596,326.127216065181,326.540482643707,-312.440854972497,79.6183266005169,232.822528398884,-7.58855006144227,6.32979665339241,1.25875340630594
1.077,995.982444945486,1878.93793690888,49.9920742235327,49.9940191547916,1573.74665504346,582.094821438845,326.126508374577,326.540422888947,-270.437615940218,-21.7734647538229,292.211080739532,-8.1218541711744,4.44315869570184,3.67869547472976
1.078,997.284354357767,1881.41036227277,49.9920638632668,49.9940112848172,1575.95062185562,582.822333878087,326.125847184534,326.540350137703,-201.39680520257,-120.990947200722,322.387752452956,-7.86072855986953,2.12128738406477,5.73944117583869
1.079,998.378392911332,1884.05214868784,49.9920551571846,49.9940028757499,1577.08737420241,584.618076094443,326.12550615883,326.540170563481,-112.295071900759,-208.52913719856,320.824209138342,-6.8293972985101,-0.411572562828618,7.240969861844
1.08,1000.49930900228,1885.59118198046,49.9920382794706,49.9939979768548,1578.27704810171,586.272626867864,326.12514925666,326.540005108404,-13.251644049068,-275.164163037025,288.415807099826,-5.13083369551313,-2.89949353233748,8.03032722846676
1.081,1002.15476798415,1887.57383727561,49.9920251057466,49.9939916658669,1580.41886820824,586.954082929684,326.124506710628,326.539936962797,87.7668590237141,-314.860176926286,227.093317879474,-2.93078348948199,-5.10454860175183,8.03533209158391
1.082,1003.58606033226,1889.7549253984,49.992013715884,49.9939847232478,1583.14899140312,587.032140124577,326.123687673669,326.539929157078,180.74841276787,-324.72263164888,143.974218813351,-0.442357073605679,-6.81360758580914,7.25596465914613
1.083,1005.06944281219,1891.81319318385,49.9920019115013,49.993978171578,1585.88595820602,587.057466303668,326.122866583629,326.53992662446,255.662864964728,-302.198863355476,46.5359982774121,2.08837018300027,-7.85201634004515,5.76364615588176
1.084,1005.78625956515,1894.60188488218,49.9919962072548,49.9939692948966,1588.1121230799,587.554681137468,326.122198734166,326.539876902977,305.360674488112,-250.281030465841,-55.0796441795981,4.41477194541984,-8.1227590458455,3.7079870981928
1.085,1006.73157862112,1897.12153087807,49.9919886846448,49.9939612746143,1589.57274088118,588.783475214682,326.121760548826,326.539754023569,325.819788247363,-174.133660709063,-151.686127734403,6.30995909426392,-7.60027011484934,1.29031101720559
1.086,1007.9945007457,1899.27833991933,49.9919786346299,49.9939544092779,1591.59979103057,589.439030507198,326.121152433781,326.53968846804,313.166213222069,-80.0142207740936,-233.151992673505,7.58687882094946,-6.33191264332932,-1.25496618211782
1.087,1008.73436910208,1901.89079561146,49.9919727469445,49.9939460935732,1593.62929496341,590.006279633027,326.120543582601,326.539631743127,270.687436479146,21.224002280241,-291.911439002322,8.12051797919112,-4.44603298402885,-3.67448500064444
1.088,1009.19005771705,1904.76605889799,49.9919691206898,49.9939369413259,1595.23777302899,590.989944597632,326.120061039182,326.539533376631,201.572358949299,120.132590749701,-321.704949945703,7.86106387329703,-2.12388023304901,-5.73718364648679
1.089,1010.06184699648,1907.20420456857,49.9919621832111,49.9939291804671,1596.66001486663,592.156572174524,326.11963436663,326.539416713873,112.323193351144,208.316699613356,-320.639893201049,6.83243025130117,0.407961972139914,-7.24039223013594
1.09,1011.79314748058,1908.70760317632,49.9919484059596,49.9939243950008,1598.02874065059,593.302878597565,326.119223748895,326.539302083231,12.4915683739802,275.627670462297,-288.119239049793,5.13377463335928,2.89663904743726,-8.0304136876078
1.091,1013.55954292626,1910.14735400788,49.9919343494313,49.9939198121315,1599.73571986674,594.079464065031,326.11871165513,326.539224424684,-88.4480421844845,315.396277745045,-226.948235739968,2.93455059112525,5.10200387429571,-8.03655447199667
1.092,1014.5825128906,1912.30535357881,49.9919262088949,49.9939129430055,1601.76352018307,594.520238121299,326.118103315035,326.539180347278,-181.045920598225,325.19559458629,-144.149674126201,0.446538779795441,6.81074317873468,-7.25728196454163
1.093,1015.88444565513,1914.11246830969,49.9919158484432,49.9939071907807,1603.77197662211,594.951485233538,326.117500778104,326.539137222567,-255.04170856465,302.503084558372,-47.4613760871607,-2.08446329629254,7.85035101030354,-5.76588771918924
1.094,1016.67372749068,1916.42975961431,49.9919095675379,49.9938998146134,1605.89548829856,595.227068329236,326.116863724601,326.539109664257,-304.800244244945,250.047492052665,54.7527521422122,-4.4115366439356,8.1239879600965,-3.7124513203178
1.095,1017.25030691196,1918.91624475787,49.9919049792647,49.9938918998853,1608.25515553828,595.247475116126,326.116155824429,326.539107623579,-325.208129096054,173.940217763402,151.267911320738,-6.30776996420006,7.60264980578514,-1.29487984463208
1.096,1017.45397701485,1921.70870110667,49.9919033585095,49.9938830112207,1610.49768171554,595.370143389222,326.115483066576,326.539095356751,-312.829342509965,79.959849959668,232.869492568397,-7.5846539383996,6.33364430394813,1.25100963249903
1.097,1016.73600306499,1925.37942497699,49.9919090719646,49.9938713269437,1611.79673022193,596.351170627529,326.115093352024,326.538997254028,-270.65480879386,-21.3527690971054,292.007577926774,-8.11933757567569,4.44874173763146,3.67059583706626
1.098,1016.47226078226,1928.57425529424,49.991911170759,49.993861157483,1612.5447561365,597.890667163679,326.114868944249,326.538843304374,-201.78606000482,-120.706034388307,322.492094432651,-7.86218894918579,2.12749513500844,5.73469381395277
1.099,1017.88057615257,1930.08110190619,49.9918999637414,49.9938563610413,1612.6341594288,600.084556729591,326.114842123262,326.538623915417,-113.098195689672,-207.898866309639,320.9970620279,-6.8339393053609,-0.404285054264129,7.23822435985063
1.1,1019.97444404449,1930.82339813079,49.9918833012701,49.993853998239,1613.78178546162,601.133958064331,326.114497835452,326.538518975284,-13.4720629113684,-274.538596834057,288.010659750327,-5.13719960649735,-2.89086072183062,8.02806032865815
1.101,1021.78891482669,1931.83837079114,49.9918688621704,49.9938507674807,1615.47025208005,601.659878235909,326.113991295466,326.538466383267,87.5983706004687,-315.127906243012,227.529535613042,-2.93716211954996,-5.09966473949527,8.0368268591261
1.102,1023.21770743991,1933.24244476844,49.9918574922001,49.9938462981744,1618.13956040179,601.171654531674,326.11319050297,326.538515205637,180.602873454017,-324.620633792037,144.017760267088,-0.450394244586032,-6.80950333201959,7.25989757611178
1.103,1024.19228406395,1935.00207243618,49.9918497367657,49.9938406971056,1621.60981726872,599.853747406218,326.11214942591,326.53864699635,254.889614496368,-301.983768554868,47.0941539425689,2.08066475522773,-7.84896537920546,5.76830062263834
1.104,1023.39166854381,1938.5509562662,49.9918561078616,49.9938294006575,1624.42887521723,599.147570694985,326.111303708525,326.538717614021,305.164727216809,-250.383666789592,-54.7810605870112,4.40869118332003,-8.12362619848702,3.71493501279122
1.105,1022.10377587844,1942.5331322891,49.9918663565858,49.9938167249975,1625.82726685907,599.833768521172,326.110884191033,326.538648994238,325.63131246718,-174.444625058081,-151.186687607818,6.30466867403512,-7.60335993394729,1.29869125641008
1.106,1021.22281801889,1946.06533283275,49.9918733670257,49.993805481654,1626.76005650526,601.002403229816,326.110604354139,326.538532130767,313.29401957036,-80.5826063182852,-232.711413480307,7.58418131318053,-6.33642633546912,-1.2477549823208
1.107,1020.7241710078,1949.16690561034,49.9918773351325,49.9937956090412,1627.17437737527,602.610219294883,326.110480057878,326.538371349161,270.830768028343,20.6332515623218,-291.464019835926,8.11991456469232,-4.45182069829815,-3.66809387197821
1.108,1020.80769074582,1951.66700156176,49.9918766705036,49.9937876509887,1627.26040420657,604.529796327672,326.110454249828,326.538179391458,201.717806794944,120.159828222248,-321.877635265807,7.86350951496925,-2.13199234140961,-5.73151717989086
1.109,1022.75759945574,1952.28528510702,49.9918611536231,49.993785682931,1628.06007769147,605.753167107985,326.110214347783,326.53805705438,112.677121811198,207.675449220602,-320.352571269153,6.83649161233125,0.399379413207859,-7.23587103231467
1.11,1024.00473438225,1953.55022749309,49.9918512292387,49.9937816564943,1629.93834216099,605.833797655762,326.109650868442,326.538048991325,13.1471064011938,275.057049051456,-288.20415566526,5.13928673669195,2.88906563171115,-8.02835237526912
1.111,1024.65123017954,1955.38786431255,49.9918460845886,49.9937758071147,1631.41085555829,606.283342495959,326.109209114423,326.538004036841,-87.9548958388417,315.340504710663,-227.385609049324,2.94121039318721,5.09566652140154,-8.03687692118761
1.112,1025.31084154674,1957.22170709636,49.9918408355681,49.9937699698118,1633.61861115375,606.016084794377,326.108546787744,326.538030762611,-180.677263446088,325.158059322798,-144.480796011749,0.453356127027681,6.80722456259097,-7.26058069562209
1.113,1025.26333147024,1959.68968682003,49.9918412136413,49.9937621139883,1635.71390514825,605.803773379754,326.107918199546,326.538051993752,-255.109271551831,302.484021667323,-47.3747502059765,-2.07641858204578,7.84798940914608,-5.771570832241
1.114,1024.31888133388,1963.03587491201,49.9918487293367,49.9937514627408,1637.58146756867,605.814536800513,326.10735793082,326.53805091741,-304.637205283677,250.415058619438,54.2221466158075,-4.4050077692278,8.12321725961549,-3.71820949449518
1.115,1023.91687988315,1965.80882081653,49.9918519283626,49.9937426361799,1639.13585162381,606.101157638159,326.106891615603,326.538022255327,-324.910619709271,174.183200451642,150.727419245312,-6.30196838000439,7.60437550432467,-1.30240712732745
1.116,1023.40535996355,1968.65754631837,49.9918559989088,49.993733568405,1640.88051869472,606.20383303411,326.106368215482,326.538011987787,-312.831965218776,79.965166023432,232.866799210943,-7.5820211454272,6.33867854538243,1.24334259810218
1.117,1023.1006850163,1971.26598542746,49.9918584234349,49.9937252654854,1641.90003670735,606.959750741877,326.106062360078,326.537936396016,-270.746278952867,-21.0633330137484,291.809611998585,-8.1195416515813,4.45534723796721,3.66419441260828
1.118,1022.47875138572,1974.17506790901,49.9918633726255,49.9937160055883,1642.38907742705,608.241617850507,326.105915647862,326.537808209305,-202.01584223779,-120.365843159707,322.381685431938,-7.86462657697001,2.13618247173632,5.7284441049414
1.119,1022.8362997261,1976.07593882178,49.9918605273462,49.9937099549282,1642.91705266214,609.514606738556,326.105757255292,326.537680910417,-113.193562752352,-207.812232249308,321.005795024723,-6.83758361424699,-0.396252980499073,7.23383659487049
1.12,1024.18117775996,1976.93664336739,49.9918498251469,49.9937072152206,1644.10478121739,610.047880152052,326.105400936725,326.537627583075,-14.0255929812616,-274.623764326532,288.649357306792,-5.14206505208724,-2.88533536465901,8.02740041694912
1.121,1024.59005568457,1978.73103091991,49.9918465713998,49.9937015035076,1645.87316284107,609.976190760295,326.104870422238,326.537634752014,87.5173483848616,-315.031073821586,227.513725401213,-2.94483109414059,-5.09249559227947,8.03732668635412
1.122,1024.16452996738,1981.36035997648,49.9918499576258,49.9936931340933,1647.89186468577,609.670277677269,326.104264811685,326.537665343323,180.397069897969,-324.565927830263,144.168857855632,-0.457650316400357,-6.80489300042392,7.26254331616883
1.123,1023.57432454091,1984.08490134923,49.9918546543314,49.9936844616087,1649.90666200933,609.316541505429,326.103660372488,326.53770071694,254.872294522782,-302.096612980858,47.224318337042,2.07270043289376,-7.8473234466267,5.77462301222651
1.124,1022.69056260165,1987.0832046598,49.9918616870854,49.9936749177129,1651.39280298757,609.487533298835,326.103214530194,326.53768361776,305.006632601919,-250.528715390825,-54.4779173749976,4.40126206039791,-8.12372507554063,3.722463012606
1.125,1021.76934342362,1990.1073636941,49.9918690179147,49.9936652915157,1652.83635560191,609.678344330034,326.10278146441,326.537664536657,325.475006238594,-174.558347803183,-150.916658636497,6.29974369259169,-7.60579978777268,1.3060560915373
1.126,1020.96789947487,1992.97718817982,49.991875395603,49.9936561565806,1653.58423692431,610.551737543284,326.102557100013,326.537577197336,313.392042598791,-80.4270343273622,-232.96500850055,7.58111719460706,-6.34182432662764,-1.23929287270131
1.127,1020.38241307905,1995.57478911334,49.9918800547557,49.9936478881601,1653.57430749181,612.140812619937,326.102560078843,326.537418289828,270.918017307999,20.2581832348115,-291.176200787674,8.11960956033382,-4.4584396723375,-3.66116989365856
1.128,1020.6005210812,1997.36226094038,49.9918783191074,49.9936421984605,1654.02373720259,613.251085954224,326.10242524993,326.537307262495,201.965489775048,119.662610176033,-321.628100198046,7.86510316258286,-2.13899418261254,-5.72610898634201
1.129,1021.15558540497,1998.80953831521,49.9918739020458,49.9936375916336,1654.47335663059,614.373982034547,326.102290364101,326.537194972887,112.881114308925,207.530555533883,-320.411670078528,6.84052638429666,0.391111987841001,-7.23163837891955
1.13,1022.20297031429,1999.69154941245,49.9918655672216,49.993634784105,1655.88091206261,614.479049063467,326.101868097472,326.537184466184,13.6730939599105,274.650318798995,-288.323412971016,5.14576972285855,2.88062503108633,-8.02639476080432
1.131,1023.02260501933,2000.8243875284,49.9918590447758,49.9936311781693,1658.14869881093,613.727957456787,326.101187761447,326.537259575345,-87.8035290972166,315.217115184603,-227.413586265514,2.94810813597792,5.09028302527599,-8.03839116785009
1.132,1022.77456010325,2003.0292091125,49.9918610186545,49.9936241600043,1661.19619762349,612.189054916677,326.100273511803,326.537413465599,-180.455359125438,325.12757400896,-144.672215021733,0.461622994471159,6.80290882026985,-7.26453182076155
1.133,1020.45442031556,2007.23283082764,49.9918794817403,49.9936107794607,1663.72246590454,611.124221134583,326.099515631319,326.537519948977,-254.540954345286,302.494487532956,-47.953533284611,-2.0689134231072,7.845537740321,-5.77662432241741
1.134,1017.91915888274,2011.6286712261,49.9918996567098,49.9935967870662,1664.60916108548,611.697702845791,326.099249622765,326.537462600806,-304.980858426508,250.855479295227,54.1253790728189,-4.39869540310354,8.12382710946756,-3.72513171060234
1.135,1016.39469518036,2014.98402425689,49.9919117880065,49.9935861066458,1663.91405916362,613.820650288353,326.099458153341,326.537250306062,-325.182544753949,174.57784333738,150.604701390498,-6.29754579414981,7.60644898436415,-1.30890319343717
1.136,1016.649915777,2016.53248645599,49.9919097570255,49.9935811777375,1662.82576303309,616.343471384063,326.09978464218,326.536998023952,-312.674195689656,80.092681019503,232.581514666858,-7.57930359769854,6.34362371829155,1.23567987714765
1.137,1017.63276961456,2017.33942971454,49.9919019357232,49.9935786091573,1663.21324710499,617.35051970565,326.099668396959,326.53689731912,-270.757765389272,-20.6688878015996,291.426653198423,-8.11952425421036,4.46144501039231,3.65807924237112
1.138,1018.47399924322,2018.27658645779,49.9918952414305,49.9935756260948,1664.57997997823,617.352326141018,326.099258377097,326.536897138476,-202.109844276313,-120.049924517773,322.159768799388,-7.86638983471697,2.14399930427022,5.7223905295773
1.139,1018.41319644883,2020.11381204456,49.9918957252838,49.9935697780241,1667.2957155731,616.050979835189,326.098443656418,326.537027273107,-113.414432210863,-207.644136405982,321.058568607039,-6.84191814373177,-0.388444621118866,7.23036276426347
1.14,1017.27715553909,2022.97972019748,49.9919047656101,49.9935606555551,1669.43243390684,615.226260456976,326.097802640918,326.537109745045,-14.3560682749228,-274.282528282366,288.638596521347,-5.14972166466271,-2.87624838501559,8.0259700490501
1.141,1015.46192059084,2026.50651199914,49.9919192107908,49.9935494294282,1671.17496675807,614.817689241729,326.097279881063,326.537150602166,87.324406895315,-314.735939465638,227.41153249978,-2.95359895043535,-5.08560212089659,8.03920107034637
1.142,1013.78185931218,2029.89993870931,49.9919325802937,49.9935386278155,1672.27033459152,615.072258731449,326.096951270713,326.537125145217,180.074884112449,-324.731375050023,144.656490827582,-0.465228630615223,-6.80076697655992,7.26599560555282
1.143,1012.17103974799,2033.14099602152,49.9919453987885,49.9935283112096,1672.36790145419,616.272359533817,326.096922000654,326.537005135137,254.841403718632,-302.386404463974,47.5450005956562,2.06586225233703,-7.84402569243677,5.77816343762922
1.144,1011.06799808798,2035.87693890273,49.9919541765151,49.9935196024329,1671.87392866782,618.033089208545,326.09707019249,326.53682906217,305.085528099262,-250.860843208836,-54.224685077413,4.39373529299076,-8.1227727591896,3.72903746275699
1.145,1011.43560915478,2037.12136170866,49.9919512511592,49.9935156413121,1671.51820973353,619.662380035193,326.09717690817,326.536666133087,325.705083101159,-174.925254983434,-150.779828335428,6.29424260249116,-7.60726827881989,1.31302567188434
1.146,1012.29508085425,2037.88003986508,49.9919444117007,49.9935132263645,1672.29258727799,620.174272475069,326.096944594907,326.536614943843,313.202478915678,-80.8638311470797,-232.338648007414,7.57885203977172,-6.3458049728197,-1.23304707233222
1.147,1012.53788261099,2039.22082837715,49.9919424795457,49.9935089585022,1674.14331684285,619.529152162088,326.096389376038,326.536679455874,271.187544392404,20.1860133045296,-291.37355794519,8.11917269473735,-4.46501087410918,-3.65416182678579
1.148,1012.18014707667,2041.14396574042,49.9919453263147,49.9935028369658,1676.23387612311,618.668532172903,326.095762208253,326.536765517873,202.181194396901,119.498760482014,-321.679955123557,7.86691745675008,-2.14583989210765,-5.72107757133837
1.149,1011.47785015652,2043.4214258342,49.991950915016,49.9934955875852,1678.1872981243,617.935380791139,326.095176181653,326.536838833011,113.291480303733,207.143329180368,-320.434809713159,6.8448879936956,0.38401602103502,-7.22890402167215
1.15,1010.12593523987,2046.28623777834,49.9919616732131,49.9934864686055,1679.59309126544,617.711993673913,326.094754443711,326.536861171723,13.6610102887125,274.892598304252,-288.553608795358,5.15132257299762,2.87429423558121,-8.02561681544969
1.151,1008.16741371113,2049.75533291191,49.9919772586322,49.9934754261328,1680.24331198007,618.220969404252,326.094559377496,326.53681027415,-87.5150905075312,315.305808917324,-227.790718577956,2.95679889269796,5.08318300989107,-8.03998190908433
1.152,1007.22427305381,2052.20034208419,49.9919847639071,49.9934676434269,1681.01409233177,618.63504124388,326.094328143391,326.536768866966,-179.885533436083,325.116783096361,-145.231249789629,0.470171541040323,6.79782123532991,-7.26799278222483
1.153,1006.65097347359,2054.22115459982,49.9919893260802,49.9934612109808,1681.51706468553,619.287451676392,326.094177251685,326.536703625923,-254.515543928677,302.672469757008,-48.1569259181943,-2.06178139124186,7.84379175998918,-5.78201037375955
1.154,1006.08985164613,2056.22996808211,49.9919937913458,49.9934548167289,1682.32687867884,619.58882367781,326.093934307487,326.536673488723,-304.664785614174,251.064057462502,53.6007280985166,-4.39014997192872,8.1234074075662,-3.73325743968509
1.155,1005.19789172889,2058.55329755819,49.9920008893373,49.9934474213415,1683.12325836256,619.934296648461,326.093695393582,326.536638941426,-325.190765154792,174.823971787892,150.366793343803,-6.29202179586874,7.60874570268762,-1.31672390987486
1.156,1004.06681210454,2061.10810948893,49.992009890183,49.9934392891226,1684.06046227961,620.118560724453,326.093414232407,326.536620515018,-313.065667910318,80.6414123564815,232.424255552625,-7.5767423059839,6.34810233279322,1.22863997106233
1.157,1002.8934294737,2063.66463633217,49.9920192276652,49.9934311514449,1684.2861286232,620.954523219312,326.093346532503,326.536536918768,-271.307338474671,-20.2942219266721,291.601560410305,-8.11902019457216,4.46868009779916,3.65034009542555
1.158,1001.97976138278,2065.96158676584,49.9920264984049,49.9934238400246,1684.66408871638,621.657872650747,326.093233144475,326.536466583825,-202.411403442994,-119.769332253908,322.180735702967,-7.86836445670448,2.15115605817129,5.71720839773543
1.159,1001.64729687209,2067.66668024711,49.9920291440734,49.9934184125434,1685.67655444494,621.747135794456,326.092929404757,326.536457657511,-113.877047770476,-207.254537855407,321.131585616146,-6.84634463593636,-0.380408015072515,7.22675265046747
1.16,1001.23318866225,2069.40618496039,49.9920324394418,49.993412875528,1687.10169360492,621.360928376427,326.092501863009,326.536496278253,-14.4285856089697,-274.392667889122,288.821253461533,-5.15420238866905,-2.87035912129929,8.02456150936218
1.161,1001.01587287676,2070.96483173702,49.9920341687859,49.9934079142012,1688.39351748532,621.103490842115,326.092114315845,326.536522022006,86.7700238577968,-314.604730151027,227.834706221747,-2.95990718901941,-5.08080043186966,8.04070761990553
1.162,1000.14496672308,2073.18120919075,49.9920410992369,49.9934008592526,1690.72216136804,619.817299009742,326.09141572268,326.536650641189,179.912296131913,-324.845664794735,144.93336855142,-0.473510637607037,-6.79609405886256,7.26960469483248
1.163,998.116333643565,2076.47973322848,49.992057242586,49.9933903597245,1691.82569613244,619.72331815257,326.091084662251,326.536660039275,254.672550584,-302.297924214934,47.6253734773666,2.05827821801455,-7.84224577873704,5.78396755821099
1.164,996.029586761466,2079.84177500795,49.9920738483901,49.9933796580132,1692.61029571026,619.922887794306,326.090849282377,326.536640082311,304.769320489518,-250.898713636909,-53.870607045542,4.38682344255297,-8.12326865190273,3.73644520582648
1.165,994.121367089868,2083.02245003415,49.9920890335197,49.9933695336101,1692.78076277557,620.746282006052,326.090798142258,326.53655774289,325.70371229597,-175.577934480286,-150.125778041607,6.28972970825893,-7.61116386405196,1.32143415121726
1.166,992.866546645913,2085.51984877032,49.9920990190635,49.993361584143,1692.51021725715,622.022900431309,326.090879305913,326.536430081047,313.494105729085,-81.2193101499866,-232.27479582804,7.57499541938474,-6.35039061501243,-1.22460480993779
1.167,991.96423208797,2087.62818387975,49.9921061994546,49.993354873104,1691.79399366023,623.674169077544,326.091094172992,326.536264954183,271.319565412055,19.7631854972035,-291.08275116877,8.11811851669346,-4.4710547621087,-3.64706376097796
1.168,991.654066575346,2089.14914644763,49.9921086676734,49.9933500317297,1691.47291294533,624.938478600562,326.091190497207,326.53613852323,202.638325716047,119.156096147204,-321.794422119971,7.86888265506667,-2.15435658887932,-5.71452607316232
1.169,992.314258236823,2089.71183460074,49.9921034140351,49.9933482406377,1692.27708696503,625.109998996452,326.090949245001,326.536121371191,113.525271509052,207.067471152753,-320.592742903469,6.84871917237514,0.376230867156534,-7.22495004678566
1.17,992.90029922312,2090.29046318901,49.9920987504691,49.9933463988057,1693.68620850331,624.616960301202,326.090526508539,326.53617067506,14.4650743831306,274.121793673473,-288.586868272516,5.1569372574681,2.86691963441414,-8.02385689909613
1.171,992.690715107478,2091.69511359995,49.9921004182865,49.9933419276646,1695.60275392483,623.609240934583,326.089951544913,326.536271446997,-87.4212106711161,315.354577068494,-227.933366578318,2.96334594153366,5.07801754726224,-8.04136349565344
1.172,991.515631023789,2094.0423535152,49.9921097693085,49.9933344561679,1697.65860079655,622.478858975451,326.089334790851,326.536384485193,-180.054955156849,325.193622287325,-145.138667270936,0.47653788271397,6.79366562527487,-7.27020351420498
1.173,989.809890955905,2096.87507372721,49.9921233431567,49.9933254393394,1699.42986934482,621.59438657893,326.088803410287,326.536472932433,-254.456219667986,302.649652787298,-48.1934332179849,-2.05386840645969,7.84085128554613,-5.78698288443504
1.174,987.25388634331,2100.56647384425,49.9921436831951,49.9933136892479,1700.81223349958,621.100089500438,326.088388701041,326.53652236214,-304.591377339222,251.423166110957,53.1682111673437,-4.38530194226646,8.12376255438624,-3.7384606164714
1.175,984.638508570914,2104.30755107079,49.9921644957101,49.9933017810292,1701.35525873248,621.420494758721,326.088225793471,326.536490321615,-325.091139457861,175.051928925121,150.039210502174,-6.28681636102034,7.61207890772274,-1.32526255003632
1.176,982.69568489634,2107.34504150181,49.9921799562097,49.9932921123969,1700.74248379554,622.923499560042,326.088409625952,326.536340021134,-313.075480981922,81.0965760550888,231.978904917636,-7.57372158712457,6.35258627921276,1.22113530552104
1.177,981.598099578628,2109.50482595796,49.9921886905161,49.9932852375895,1699.82362685353,624.658237581939,326.088685283034,326.536166547332,-271.384502346741,-20.1631982066529,291.547700554258,-8.11791786272958,4.47506978149522,3.64284807963022
1.178,981.425501049726,2110.74570467094,49.9921900640116,49.9932812877498,1699.20912862389,626.113726066816,326.088869632503,326.536020998484,-202.609116200622,-119.337000831637,321.946117030007,-7.8698652996361,2.15846503848652,5.7114002600961
1.179,981.919095550689,2111.31273508115,49.9921861361113,49.993279482836,1699.53112989757,626.654132045456,326.088773032121,326.535966957886,-114.283920293473,-206.955149675806,321.239069951159,-6.84988647408089,-0.372768806514799,7.22265527979575
1.18,982.455649243324,2111.8048412684,49.9921818663527,49.9932779164133,1700.60204826765,626.387549124017,326.08845175661,326.535993616178,-14.7807256592493,-274.185135851672,288.965861466681,-5.15996681330103,-2.86320182701807,8.0231686394564
1.181,982.664799348113,2112.64098957568,49.9921802019891,49.9932752548706,1702.576743306,625.212764690722,326.087859348099,326.536111094621,86.7899454234278,-314.787150000239,227.997204498078,-2.96623896834349,-5.07443314947557,8.04067211658411
1.182,981.496302774479,2114.87388954766,49.9921895005894,49.9932681473293,1705.03021804322,623.585071960294,326.087123305677,326.536273863894,179.398922489544,-324.461294046281,145.062371438378,-0.480367689184893,-6.79268759155149,7.27305527885555
1.183,979.488967094914,2117.88220511993,49.9922054744591,49.9932585715634,1707.07930982972,622.312331901028,326.086508578141,326.5364011379,254.580560962219,-302.603552095695,48.022990973829,2.05076340124467,-7.84119081956101,5.79042741557158
1.184,976.563087327932,2121.79465353241,49.9922287578705,49.9932461178533,1707.89868861004,622.268584323354,326.086262764507,326.536405512658,304.911151344755,-251.154980632609,-53.7561709102448,4.38087540454139,-8.12324544632298,3.74237003804074
1.185,973.787186112689,2125.54569284251,49.9922508477905,49.9932341779243,1707.88119346567,623.059030522412,326.086268013051,326.536326468038,325.693365467552,-175.377789247242,-150.315576450593,6.28434333854824,-7.61283027866198,1.32848693533753
1.186,972.231675091324,2128.0690511456,49.9922632261539,49.9932261458254,1707.25770978822,624.457066554951,326.086455058154,326.536186664435,313.431725984822,-81.5977574935434,-231.833968743615,7.57184176991809,-6.35580144482967,-1.21604033083616
1.187,971.278313706409,2129.96737106653,49.9922708127628,49.9932201032854,1706.89000970386,625.558535050659,326.086565368179,326.536076517585,271.569975109356,19.5571361316992,-291.127111502774,8.11787510377634,-4.47791121989955,-3.63996389042732
1.188,970.451309593276,2131.73583875352,49.9922773938524,49.9932144740779,1706.47277030836,626.720140302525,326.086690539998,326.53596035706,202.566526997901,119.084510126297,-321.651037381832,7.8706362680872,-2.16139943021633,-5.70923684497176
1.189,970.670562171958,2132.45728020813,49.9922756490958,49.9932121776585,1706.47230934805,627.482206942456,326.086690678286,326.535884150396,113.652977035118,206.821830255011,-320.474807531085,6.85202474782505,0.36896120249782,-7.22098595766614
1.19,971.334445976355,2132.69826349151,49.9922703660764,49.9932114105848,1707.31473121114,627.348403752463,326.086437951727,326.535897530715,14.6305465954815,274.134138720087,-288.764685528986,5.16347739808719,2.85996235250485,-8.02343975785152
1.191,971.958456270479,2132.9937797346,49.9922654003602,49.9932104699274,1709.27304714648,626.082742108393,326.085850456946,326.53602409688,-87.0750887632771,315.004182750232,-227.929094164293,2.97098084040238,5.07025619859289,-8.0412370458532
1.192,970.553805540719,2135.34658788357,49.9922765782156,49.9932029807065,1712.05075215249,624.030696468765,326.085017145445,326.536229301444,-179.5920350769,325.144972130167,-145.552937189276,0.485464588207664,6.78942679791572,-7.27489139229657
1.193,967.794958929011,2138.96386717587,49.9922985324194,49.9931914665489,1713.77662969762,622.995181706671,326.084499382181,326.53633285292,-254.136590532621,302.634189203655,-48.4975987651237,-2.04571086621363,7.83800197037415,-5.79229110943463
1.194,964.652496192539,2142.98669698045,49.9923235393433,49.9931786614839,1714.15905381214,623.299537146492,326.084384654947,326.536302417376,-304.420816015786,251.467659095785,52.9531568650225,-4.37826771955006,8.12449696766057,-3.74622925235631
1.195,962.441756857549,2146.06358626972,49.9923411318479,49.9931688674411,1713.82993739607,624.312252309228,326.084483389872,326.536201145859,-324.972845705805,175.269881025751,149.702964657089,-6.28182322455083,7.61405365136646,-1.33223043000478
1.196,960.652492532663,2148.70120949326,49.992355370361,49.9931604716256,1713.25049448564,625.583822746745,326.084657222745,326.536073988816,-313.199682157808,81.4889436244635,231.710738531686,-7.57049432454982,6.35784382138561,1.21265050095425
1.197,959.860629476614,2150.31802726375,49.992361671807,49.9931553251348,1712.43340880435,627.036372223791,326.084902348449,326.535928733868,-271.519710304007,-19.737803047603,291.257513358526,-8.11764945943085,4.48113797931831,3.63651147870405
1.198,959.672236142144,2151.3270768689,49.9923631709935,49.9931521132302,1711.42376262877,628.695918719699,326.085205242302,326.535762779218,-203.016569653732,-119.079297572468,322.095867227922,-7.87098891679301,2.16481931024427,5.70616960568196
1.199,960.924330017353,2150.91588323561,49.992353207147,49.9931534221002,1711.5403473424,629.260967608268,326.085170266888,326.53570627433,-114.19741305207,-207.057792047734,321.255205081121,-6.85465802158654,-0.365272471271042,7.21993049220409
1.2,961.804920028244,2150.84706444725,49.9923461996344,49.9931536411572,1713.28973200983,628.130524779304,326.084645451487,326.535819318612,-14.9148638101767,-274.136591319114,289.051455078702,-5.16696444306485,-2.85556756575759,8.02253200802217
1.201,960.799759392701,2152.66407581229,49.9923541984486,49.9931478574304,1715.92806370362,626.101363029247,326.083853951979,326.536022234787,86.0342175040201,-314.390344680256,228.356127085801,-2.97450812199194,-5.06738575896645,8.04189387967147
1.202,958.844899000912,2155.45224114549,49.9923697547333,49.9931389824245,1717.74898257319,624.921148024962,326.083307676318,326.536140256288,179.264138972735,-324.728575428561,145.464436320829,-0.489628338962892,-6.78749382957017,7.27712216646748
1.203,956.341110069092,2158.70443939574,49.9923896792525,49.9931286303559,1718.90774492226,624.386481879735,326.082960047614,326.536193722902,254.214616301125,-302.32201848906,48.1074020085096,2.04307109801114,-7.83734654419994,5.79427544312997
1.204,953.859278131406,2161.95963363012,49.9924094290436,49.9931182687509,1718.69890223155,625.192938515195,326.083022700421,326.536113077239,304.67533485553,-251.389424243506,-53.2859108320172,4.37495569976046,-8.12405018454821,3.74909448061762
1.205,952.057726501005,2164.52329609569,49.9924237653359,49.9931101083598,1717.7711629872,626.719834321245,326.083301022194,326.535960387658,325.703254793402,-175.651581872461,-150.051673174099,6.2796977392362,-7.61576905964401,1.33607131511063
1.206,951.653607344841,2165.66765437593,49.992426981214,49.9931064657542,1717.03203661321,628.076468861767,326.083522760106,326.535824724204,313.539650464988,-82.0139549597639,-231.525695780565,7.56914419937603,-6.359979831188,-1.20916437452176
1.207,951.747970459454,2166.31083531676,49.9924262302962,49.9931044184457,1717.22158265875,628.449032166032,326.083465896293,326.535787467874,271.473095067582,19.3980077713033,-290.871103122817,8.1176567886186,-4.48432126794093,-3.63333552785426
1.208,951.407555139093,2167.37855058133,49.9924289392352,49.9931010198025,1717.83892137419,628.39848307908,326.083280694678,326.535792522782,203.039432181154,118.44767903113,-321.487111490421,7.87185069901517,-2.16868213552047,-5.70316857123645
1.209,951.132146491693,2168.40402337926,49.9924311308676,49.9930977556212,1718.82451869449,628.009790385201,326.082985015482,326.535831392052,114.436744082523,206.140219182488,-320.576963524642,6.85712147277045,0.36071028089402,-7.21783176163893
1.21,950.229601367423,2170.02985033014,49.9924383130935,49.9930925804533,1720.74768216397,626.651766122392,326.082408066441,326.535967194478,14.3504696508028,274.602158438142,-288.952628318957,5.16944785606993,2.85255706022375,-8.02200492415774
1.211,948.401073119429,2172.58003411852,49.992452864059,49.9930844629661,1722.2997924931,625.639502394617,326.081942433342,326.536068420851,-86.5354578612707,314.817910094189,-228.282452424373,2.97822821327576,5.06509377176913,-8.04332199246541
1.212,945.828843856908,2175.86555569092,49.9924733332091,49.9930740048262,1723.43278568719,625.07702111139,326.081602535384,326.536124668979,-179.319741322512,325.192742024829,-145.873000849809,0.492573858321961,6.78509944243977,-7.27767330744277
1.213,943.534958088055,2178.81724252813,49.992491587372,49.9930646093152,1723.47412529587,625.568674972692,326.081590133502,326.536075503593,-253.940439111658,302.945630134187,-49.0051911246299,-2.03878977374334,7.83627068246097,-5.79748091443131
1.214,942.067721032364,2180.96894760367,49.9925032632735,49.9930577602252,1722.69958778712,626.882360235338,326.081822494754,326.535944135067,-304.033312166472,251.429679265898,52.6036328403092,-4.37135385123321,8.12428907623519,-3.7529352296113
1.215,940.86827076926,2182.84724158951,49.9925128081954,49.9930517814297,1722.29178143797,627.818379069063,326.081944836659,326.535850533183,-324.962822922468,175.249839538623,149.712983357655,-6.27696952829333,7.61750936670491,-1.34053984188858
1.216,940.310342121174,2184.05191783237,49.9925172480506,49.9930479468262,1721.92236871091,628.744701487449,326.082055660477,326.535757900942,-313.289142789202,81.5640792907635,231.725063494591,-7.56769016611663,6.36206326315138,1.20562690053493
1.217,940.481396574504,2184.5272129386,49.9925158868425,49.9930464339148,1722.17293092016,628.979663578931,326.081980491814,326.535734404733,-271.582199997587,-19.4042357020457,290.986435704399,-8.11710579194396,4.48708035609519,3.63002543426747
1.218,940.618021418587,2185.03472867721,49.9925147996165,49.9930448184421,1722.8069906972,628.855096109144,326.081790273881,326.535746861479,-203.282891108315,-118.878825665921,322.161716772833,-7.87289200268205,2.17224710972794,5.7006448919402
1.219,940.275790666464,2186.03954686928,49.9925175230023,49.9930416200064,1724.56062226804,627.626041964572,326.08126418441,326.535869766894,-114.65505219096,-206.580127824072,321.235179992167,-6.85812034377196,-0.357316257396282,7.21543660037477
1.22,939.207773766077,2187.71893742565,49.9925260220107,49.9930362743403,1725.77625846794,626.889906195793,326.08089949355,326.535943380471,-15.4426907097249,-273.956966637452,289.399657291045,-5.17163651417546,-2.84852889392641,8.02016540715365
1.221,936.888175363645,2190.67881548805,49.9925444807883,49.9930268527558,1727.11377221429,626.030242959361,326.080498239426,326.536029346794,85.9856408710104,-314.512466860234,228.526825891284,-2.98045278153191,-5.06226594732458,8.0427187274003
1.222,934.693457675909,2193.51336449232,49.9925619457968,49.9930178301061,1726.6125224306,627.017277114004,326.080648614361,326.535930643379,179.048771981984,-324.693552515706,145.64478039033,-0.49672376051771,-6.78314626083009,7.27987001908368
1.223,933.773660075716,2195.00245915395,49.9925692653135,49.9930130901705,1726.14288525688,627.986745839476,326.080789505513,326.535833696506,253.854053368164,-302.565645949147,48.7115923941022,2.03603248333248,-7.83606873368403,5.80003624708086
1.224,933.016018261522,2196.36887625627,49.9925752944355,49.9930087407298,1726.29440468262,628.296166341063,326.080744049686,326.535802754456,304.644547216797,-251.525656016767,-53.1188914265418,4.36886655671104,-8.12469525916009,3.75582869806934
1.225,932.34134030139,2197.64228479193,49.9925806633521,49.9930046873446,1726.45287703693,628.608358625361,326.080696507979,326.535771535228,325.487419898821,-175.928485700068,-149.55893445721,6.27497938853968,-7.61867669902455,1.34369730499306
1.226,932.100901606834,2198.47004172588,49.9925825767024,49.9930020525124,1726.97284681455,628.565213686114,326.080540517046,326.535775849722,313.623974301932,-82.4170862520002,-231.20688832957,7.56613116942798,-6.36492967845105,-1.2012014974831
1.227,931.257599134225,2199.8782385454,49.9925892874903,49.9929975700827,1727.50175342253,628.489462303852,326.080381845064,326.53578342486,271.742271206059,18.8373440493348,-290.579615543011,8.11663689797917,-4.48940145320299,-3.6272354521039
1.228,930.226618138069,2201.48757711668,49.9925974917764,49.9929924473989,1728.49116124991,627.926921780862,326.080085022715,326.535839678912,203.050179639739,118.28869164969,-321.338871571403,7.8745828607384,-2.17646586661908,-5.69811700199636
1.229,928.858492505768,2203.43454528168,49.9926083789742,49.9929862500068,1728.95989961639,627.933925510205,326.079944401205,326.535838978539,114.267707656646,206.383642987676,-320.651350907443,6.8598701777021,0.353595958231464,-7.21346614403565
1.23,927.757778402747,2205.07928649327,49.9926171381788,49.9929810146329,1728.90996887151,628.396267065884,326.079959380429,326.535792744384,15.1158222651641,273.60333504639,-288.719157544456,5.17559965818727,2.84459359747597,-8.02019326364381
1.231,926.663129825055,2206.7195163171,49.9926258491154,49.9929757936192,1729.34078420107,628.395494211881,326.07983013583,326.535792821669,-86.3346555818298,314.977340964007,-228.642685576529,2.98508714933907,5.05869779566029,-8.04378495252811
1.232,925.639575750051,2208.31644587894,49.9926339942999,49.9929707104345,1730.14706290116,628.048094968217,326.07958825222,326.535827561594,-179.162522870461,325.217521827328,-146.054999108305,0.499523267207265,6.78154072048537,-7.28106399448506
1.233,924.636043794716,2209.82291311136,49.9926419801535,49.9929659152004,1730.38770957404,628.229865113542,326.079516058218,326.535809384579,-253.690670815873,302.965554152543,-49.2748834442359,-2.03267313802772,7.83483300000679,-5.80215986781959
1.234,923.318150308483,2211.65891036776,49.9926524676166,49.9929600710396,1730.47398983078,628.529900606866,326.079490174141,326.53577938103,-304.215730668343,251.735704684991,52.4800259159968,-4.36444856125549,8.12386841022893,-3.75941985373677
1.235,922.100263401832,2213.41036928683,49.9926621592527,49.9929544959727,1730.38776815275,629.043200255103,326.079516040645,326.535728051065,-324.878968112008,175.683176133645,149.195791943771,-6.27254777721531,7.6193767211121,-1.34682894756145
1.236,921.621562769574,2214.40645775101,49.9926659686313,49.9929513253247,1730.25282545775,629.611470341752,326.079556523453,326.535671224056,-313.330587796046,81.958393486008,231.372194296869,-7.56588217222394,6.36706813514512,1.19881403442737
1.237,921.407157463873,2215.12596134956,49.9926676748145,49.9929490350736,1730.75198951914,629.471043575675,326.079406774235,326.535685266733,-271.948217212804,-19.1865846005022,291.134801807392,-8.11705231186781,4.49507646283625,3.62197584719635
1.238,921.0221057401,2216.01513816313,49.9926707389587,49.9929462047359,1731.83799216048,628.798109285553,326.079080973442,326.535752560162,-203.495356106841,-118.576189484523,322.071545578693,-7.87523260017333,2.17951537441224,5.69571722446201
1.239,920.035067820958,2217.53160156216,49.9926785935569,49.992941377683,1733.05831682376,628.002310016145,326.078714876043,326.535832140089,-114.766793556811,-206.498188179225,321.264981703462,-6.86221523190913,-0.350264772426108,7.21248000324035
1.24,919.019676045333,2219.0101079322,49.9926866737879,49.992936671451,1733.2668303846,628.162240000017,326.078652321975,326.53581614709,-15.9315416890243,-273.617250850999,289.548792477176,-5.17728377053999,-2.84199128706631,8.01927505637216
1.241,917.959002568932,2220.570242105,49.9926951143593,49.9929317053897,1734.07148224879,627.734550781812,326.078410926416,326.535858916012,85.5541360890561,-314.260853593876,228.706717403617,-2.98789105309045,-5.05706833602672,8.04495938742043
1.242,916.547726753153,2222.47398557258,49.9927063449354,49.9929256455861,1734.45855172508,627.734858489149,326.078294805573,326.535858885241,179.041255717564,-324.780833001036,145.739577139768,-0.503224753150013,-6.77867918151259,7.28190393222605
1.243,915.261286480014,2224.2158341022,49.9927165821018,49.99292010111,1734.48727369872,628.078545140792,326.078286188981,326.535824516576,253.70929619879,-302.846254513832,49.1369581257904,2.02808283889827,-7.83395221147072,5.80586936917302
1.244,914.386021286235,2225.56095958521,49.9927235472409,49.9929158194426,1734.75357627655,628.178771372051,326.078206298207,326.535814493953,304.515336398325,-251.684219608248,-52.8311170209943,4.36234961394636,-8.12486222147887,3.76251260302849
1.245,913.272439404694,2227.14410189854,49.992732408844,49.9929107801441,1734.59738276296,628.692308120754,326.078253156261,326.535763140278,325.340116243596,-176.315597014481,-149.024519494179,6.26941969609922,-7.62115580335856,1.3517361016244
1.246,912.280950235445,2228.58111006706,49.9927402988641,49.992906206005,1734.61086295722,629.067903209844,326.078249112203,326.535725580769,313.813338998511,-82.7068691020642,-231.10647018421,7.56349795447476,-6.36905947932018,-1.19443848183561
1.247,911.673621976861,2229.63260423651,49.9927451318288,49.9929028589951,1734.03050299834,629.976841493488,326.078423220191,326.535634686941,272.145910603773,18.3800559689628,-290.525966869138,8.11685994604747,-4.49643597740494,-3.62042397617668
1.248,911.251679720368,2230.48320896268,49.9927484895386,49.9929001514362,1734.26679151121,630.094426632477,326.078352333637,326.535622928427,203.379588151246,118.161782655374,-321.541371097282,7.87531933393168,-2.18295565826291,-5.692363683774
1.249,910.893203806903,2231.32038601454,49.9927513421993,49.9928974866189,1734.7773513109,629.946872427966,326.078199165697,326.535637683848,114.654199900827,205.876005400117,-320.530205570973,6.8650362073534,0.345768105208674,-7.21080432089902
1.25,910.142387265518,2232.48851568584,49.9927573170075,49.9928937683467,1735.74506160533,629.309205189921,326.077908852609,326.535701450571,15.2201353937623,273.806117997962,-289.026253627275,5.18141327983788,2.83718711051788,-8.01860039853792
1.251,908.837589556422,2234.21399748975,49.9927677002577,49.9928882759675,1736.70615105824,628.678674824701,326.077620525773,326.535764503608,-86.1999023495441,314.85898815036,-228.659085994668,2.99133002186404,5.05320335040388,-8.04453337993553
1.252,907.617813202235,2235.88066402756,49.9927774069295,49.9928829708031,1737.1525177001,628.584011362607,326.07748661578,326.535773969954,-178.974495619644,325.202752510426,-146.228257039776,0.506987178658599,6.77680220968215,-7.28378939520423
1.253,906.410342602122,2237.47685878815,49.9927870156753,49.9928778899574,1737.05989242349,629.009776450225,326.077514403363,326.535731393445,-253.499557355882,303.224704033741,-49.7251467824739,-2.02569146696616,7.83297799987611,-5.80728653876547
1.254,904.978647925061,2239.32182004969,49.9927984087395,49.9928720172633,1736.98500126583,629.388757232987,326.077536870711,326.535693495367,-303.986022600968,252.068409815934,51.9176127202416,-4.3586654167828,8.124704271323,-3.7660388592807
1.255,903.928010956664,2240.76376608575,49.9928067694429,49.9928674274065,1736.21812222567,630.478876023867,326.077766934423,326.535584483488,-325.138408200456,176.061791872937,149.07661629424,-6.2678062378188,7.62095919579533,-1.35315296160304
1.256,904.396619118511,2240.69137523506,49.9928030403776,49.9928676578338,1735.15062017026,631.87763833846,326.078087185039,326.535444607257,-313.429321069693,82.3181383129129,231.111182743655,-7.56265487904575,6.37135354020963,1.19130133621651
1.257,905.396723322909,2240.0844532895,49.9927950818012,49.9928695897263,1735.63670197425,631.680451946441,326.077941360498,326.535464325896,-271.937413343918,-19.0138136086121,290.951226945825,-8.11620448171161,4.49970738528513,3.61649709460759
1.258,905.158524909373,2240.7124676507,49.9927969773239,49.9928675906945,1736.9015677405,630.721206705673,326.077561900768,326.53556025042,-203.856940229592,-118.283772607952,322.140712823458,-7.87670253042076,2.18602775012411,5.69067477899625
1.259,904.809510187338,2241.49069992513,49.9927997546949,49.9928651135043,1738.6373584747,629.318838793994,326.077041163548,326.535700487211,-115.316628478665,-206.000298138804,321.316926582887,-6.86734892311641,-0.341924035218803,7.20927295722257
1.26,902.948509782882,2243.72599039385,49.9928145640655,49.9928579983537,1740.95121181828,627.283153496827,326.076347007545,326.535904055741,-15.9947485408042,-273.147432034573,289.142180509113,-5.18387991413913,-2.83360867032751,8.0174885831929
1.261,899.905292680225,2247.13287759479,49.9928387812178,49.9928471538949,1741.10098521333,627.419853639991,326.076302075526,326.535890385726,85.5310197811166,-314.426860360731,228.895840473713,-2.99383201187687,-5.05041780019891,8.04424981030917
1.262,898.189892867314,2249.24314303845,49.9928524319358,49.9928404367114,1739.92666819396,628.903487556431,326.076654370632,326.535742022335,178.312746370373,-324.563750048942,146.251003529631,-0.510998741530651,-6.77508736101135,7.28608610000445
1.263,897.477006036817,2250.28874642787,49.9928581049089,49.9928371084524,1738.95351423839,630.181610860308,326.076946316819,326.535614210004,253.501247667578,-303.007279166176,49.5060313048466,2.02242017331116,-7.83234359703279,5.80992342020281
1.264,897.379857897158,2250.74391940143,49.9928588779892,49.9928356595919,1737.97559471351,631.426728193407,326.077239692676,326.535489698271,304.476896486118,-251.858228695094,-52.6186680257031,4.35618457231114,-8.12495214690813,3.76876756997044
1.265,897.57219241623,2250.91733900539,49.9928573474398,49.9928351075801,1737.87627391852,631.811953267337,326.077269488915,326.535451175764,325.609538988822,-176.43519647026,-149.174342786104,6.2658855812761,-7.62366696163158,1.35778137460608
1.266,898.095509469284,2250.751411866,49.992853183015,49.9928356357426,1738.16253064824,631.821072541875,326.077183611896,326.535450263836,313.764035409347,-82.6566434806336,-231.107392217249,7.56103048721428,-6.3744009410756,-1.18662955291315
1.267,898.756826653731,2250.43969377757,49.99284792042,49.9928366279721,1739.22649990642,631.023114321896,326.076864421118,326.535530059658,271.923337390209,18.3921906193315,-290.315528305379,8.1168248713629,-4.50272969837083,-3.61409518058857
1.268,898.795296947672,2250.7503094694,49.9928476142832,49.9928356392517,1741.20277260555,629.306593811651,326.076271539309,326.535701711709,203.930382682165,117.495464712462,-321.425847683207,7.87749771771105,-2.19038317626887,-5.68711454957629
1.269,897.074869902549,2252.84610848373,49.9928613050066,49.9928289681162,1742.73155540911,628.062551692562,326.075812904468,326.535826115921,114.977907996319,205.802969691253,-320.780877955178,6.8689460889753,0.337575783378668,-7.2065218806849
1.27,894.754640776223,2255.47893840764,49.9928797688033,49.9928205875583,1743.29884056775,627.750012328405,326.07564271892,326.535857369858,15.6129888550226,273.316041713204,-288.929030803042,5.18593602185683,2.8304611919461,-8.01639722196585
1.271,891.898399950972,2258.66366363182,49.9929024980456,49.992810450263,1742.86868390223,628.428742749118,326.07577176592,326.535789496815,-85.7979642041919,314.814747032065,-229.016783021723,2.99798774624643,5.04712128368947,-8.0451090375883
1.272,890.377494739399,2260.50671629611,49.9929146010247,49.9928045836442,1740.91714058376,630.658898450361,326.076357228915,326.535566481245,-178.773339806737,325.493501783368,-146.720162125437,0.513720520491108,6.77244630634878,-7.28616683369202
1.273,890.570189492858,2260.61616431691,49.9929130676086,49.9928042352603,1739.25893972254,632.568559144654,326.076854689174,326.535375515176,-253.410349506073,303.275709243612,-49.8653598419296,-2.0183951341635,7.83137212266197,-5.81297699434348
1.274,892.151397450585,2259.35219607584,49.9929004847555,49.9928082585962,1738.33104603847,633.74025700337,326.077133057279,326.53525834539,-303.988737422307,252.209475030088,51.7792623279627,-4.35331297435772,8.12595165159452,-3.77263868196548
1.275,893.956785116452,2257.88088817544,49.9928861179369,49.9928129419147,1739.53546893995,632.802217616017,326.076771730408,326.535352149329,-325.000717725974,176.169705728308,148.83101196486,-6.2639694025074,7.62524864557976,-1.36127924668379
1.276,894.583102609097,2257.58681954304,49.9928811338607,49.9928138779642,1741.90854167685,630.692347769736,326.076059808587,326.535563136313,-313.53963131289,82.656961407143,230.882669892774,-7.56062830715074,6.37647231801632,1.1841559865325
1.277,893.451088770689,2259.03310332172,49.9928901421406,49.9928092743,1744.38433354452,628.429226999457,326.075317071027,326.53578944839,-271.976552057039,-18.5338186770525,290.510370726809,-8.1154524482996,4.50621017666563,3.6092422698279
1.278,890.380356328259,2262.41377831089,49.9929145782529,49.9927985132773,1745.64633954936,627.377734931054,326.074938469226,326.535894597597,-204.009944156876,-117.986787572613,321.996731713579,-7.87888352488036,2.1952399415053,5.68364358207356
1.279,887.629556999838,2265.47637642762,49.9929364684185,49.9927887647247,1745.12388429798,628.185672190952,326.075095205801,326.535813803871,-115.593281850179,-205.921727231784,321.515009044791,-6.87048902213151,-0.33512742415023,7.2056164451456
1.28,886.073817095597,2267.29115400407,49.9929488486032,49.9927829881082,1744.00564300071,629.512672837148,326.07543067819,326.535681103807,-15.9889164028698,-273.261951151575,289.250867487028,-5.18914699427015,-2.82670611697133,8.01585310993333
1.281,885.304838447245,2268.35575259134,49.9929549679409,49.9927795993857,1742.81762799142,630.936327597452,326.075787082693,326.535538738331,85.236617772265,-314.471117687123,229.234499809834,-3.00140885470795,-5.04519195605207,8.04660080896979
1.282,885.433242814098,2268.52879094821,49.9929539461314,49.9927790485875,1741.62067140648,632.379614681901,326.076146169668,326.535394409622,178.193742580631,-324.618780567022,146.425037840117,-0.517830819269147,-6.77107460943601,7.28890542617207
1.283,886.563183336006,2267.64868946747,49.9929449543504,49.9927818500375,1741.01689876858,633.20074370167,326.07632730146,326.53531229672,253.234503669198,-303.114811805027,49.8803079469986,2.01420278930696,-7.82959872817758,5.81539593539713
1.284,887.492858341285,2267.02083895965,49.9929375562318,49.9927838485477,1741.64819581904,632.808748134964,326.076137912345,326.535351496277,304.459746395645,-252.388607161641,-52.0711394615535,4.35160500558159,-8.12638349175363,3.77477848164111
1.285,887.962531234949,2266.83924674779,49.9929338186937,49.9927844265737,1743.29147344176,631.372684125144,326.075644929058,326.535495102678,325.381214092593,-176.70428211924,-148.67693223133,6.26075937188346,-7.62586803329483,1.36510865581449
1.286,887.113513211459,2267.97253652542,49.9929405749644,49.9927808192003,1744.95486924265,629.937743527882,326.075145910318,326.535638596738,313.927162491826,-83.0458449354097,-230.881317833813,7.55770994227282,-6.37874065808674,-1.17896929074883
1.287,885.371275624363,2270.00415367827,49.9929544392506,49.9927743523621,1746.06639725202,629.016575460571,326.074812451915,326.535730713544,272.068230045709,18.2025721122426,-290.270802441283,8.11605744215101,-4.50976893215468,-3.60628851732652
1.288,883.073909834436,2272.53738539709,49.9929727211067,49.9927662888351,1745.99113312913,629.300819793252,326.074835031152,326.535702289111,204.124837745406,117.430669753606,-321.555507774358,7.87806524674735,-2.19676950803316,-5.68129574653468
1.289,881.714174863521,2274.17679546933,49.9929835415338,49.9927610704307,1745.29059099292,630.23775915046,326.075045193793,326.535608595175,114.964416344825,205.921569636625,-320.885986235555,6.87183880623912,0.331263753871332,-7.20310256809211
1.29,881.479307942655,2274.64204643545,49.9929854105454,49.9927595894909,1744.46885090695,631.262051651531,326.075291715818,326.535506165925,15.8842990484124,273.91519808354,-289.799497352261,5.19094053208123,2.82569177293654,-8.01663231280129
1.291,881.721880228532,2274.66862146166,49.9929834802165,49.9927595049,1743.68323126392,632.223422976608,326.075527401711,326.535410028793,-85.5007899135147,314.753409571586,-229.252619837418,3.00509648955086,5.04230442738791,-8.04740092418742
1.292,882.332225146743,2274.33220488056,49.9929786232459,49.9927605757472,1743.26331923242,632.860499574981,326.075653375321,326.535346321133,-178.264359358706,325.324460634633,-147.060101411496,0.522157215955172,6.7690587786182,-7.29121600101209
1.293,882.826938199352,2274.06706767537,49.9929746864445,49.9927614197051,1743.67814695123,632.66186743582,326.075528927005,326.535366184347,-253.354008212764,303.252655867288,-49.8986477476456,-2.01164632397085,7.82929134676795,-5.81764502823927
1.294,882.877900303614,2274.27331711794,49.992974280901,49.9927607631928,1744.76529132363,631.756524514369,326.075202783693,326.535456718639,-303.833530256064,252.333309824555,51.5002203757737,-4.34716996892109,8.12589992240791,-3.77872995784409
1.295,882.192092222392,2275.22295700739,49.9929797383883,49.9927577403951,1746.21989332186,630.49268475208,326.074766403094,326.535583102615,-324.940619955919,176.35349165474,148.587128274145,-6.25819856906873,7.6277205789532,-1.36952201317651
1.296,880.773775819107,2276.89145872344,49.9929910249916,49.9927524293892,1747.44848752023,629.478321463115,326.074397824834,326.535684538944,-313.623441218929,82.8948950822256,230.728546126753,-7.55697083590717,6.38112075012961,1.17585008343006
1.297,878.894230276877,2279.00944781565,49.9930059819398,49.9927456876205,1747.28716175538,629.792359736478,326.074446222564,326.535653135117,-272.128638878836,-18.3024705675962,290.431109440031,-8.11553268111864,4.51265960886619,3.60287307063306
1.298,877.525149121756,2280.58235063274,49.9930168767415,49.9927406809154,1745.86882868787,631.398434028792,326.074871722484,326.535492527687,-204.196585534521,-117.66557191673,321.86215743483,-7.87972094544663,2.2004748953935,5.6792460488745
1.299,877.833758052743,2280.52937149217,49.9930144209096,49.9927408495532,1744.43279850112,633.037898145548,326.07530253154,326.535328581276,-115.870837041264,-205.498314090832,321.369151093733,-6.87503618941963,-0.327054582807147,7.20209077116107
1.3,878.765488202982,2279.78919987702,49.9930070064367,49.9927432055926,1744.2046341903,633.445423112409,326.075370980833,326.535287828779,-16.6784697846779,-273.015754153166,289.694223868181,-5.19406593370926,-2.82085570929227,8.01492164172043
1.301,879.092565799074,2279.69749077354,49.9930044036359,49.9927434975118,1744.79823287393,633.016702872837,326.075192901228,326.535330700803,84.9617631185732,-314.29401913259,229.332255906406,-3.00807888698733,-5.03910359163069,8.04718247681956
1.302,879.155007809117,2279.88706701938,49.9930039067382,49.9927428940719,1745.50925138657,632.498652241864,326.074979595674,326.535382505866,178.098103811567,-324.921685104412,146.823581145018,-0.525223752962392,-6.76713273037971,7.29235648077963
1.303,878.796139237019,2280.45094411598,49.9930067625235,49.9927410991953,1746.21038912539,631.984199389262,326.074769254353,326.535433951151,253.375751607238,-302.979598006651,49.6038462131306,2.00900326172859,-7.82876475774888,5.81976149253164
1.304,878.072325048089,2281.38353981959,49.9930125224538,49.992738130651,1746.67437769096,631.667416535972,326.074630057783,326.535465629437,304.230665972711,-252.326491691564,-51.9041745012848,4.34358981936103,-8.12488670163835,3.7812968777911
1.305,877.372477720849,2282.30986700905,49.9930180916619,49.99273518206,1746.75409904905,631.75761629576,326.074606141376,326.535456609461,325.434036161439,-176.831874160541,-148.602162246604,6.25618442278143,-7.6284322700241,1.37224784178121
1.306,877.156412601708,2282.74973861743,49.9930198110535,49.9927337819052,1746.89006883817,631.8163043433,326.074565350439,326.535450740656,314.004467641164,-83.4008422099701,-230.603625691876,7.55601542741803,-6.38316586565813,-1.17284956807826
1.307,876.393554697146,2283.7281605089,49.9930258816838,49.9927306674915,1747.31122330379,631.539654380003,326.074439004099,326.535478405652,272.314423723884,17.9639256317767,-290.278349618745,8.1157578468152,-4.51558323984933,-3.60017461393811
1.308,875.706313570355,2284.61694216422,49.9930313505749,49.9927278384117,1747.51611556926,631.483530062518,326.07437753642,326.535484018084,204.107048380833,117.1923605065,-321.299409140385,7.88189456105083,-2.20530946656521,-5.6765851018409
1.309,875.139934043871,2285.39687749134,49.99303585768,49.9927253558004,1747.21855997697,631.978614529848,326.074466803097,326.535434509637,115.429438353405,205.585897914679,-321.015336499483,6.87577324790704,0.324237840420132,-7.20001109575842
1.31,875.111399510846,2285.59904505563,49.9930360847506,49.9927247122811,1746.34691160086,632.988366581778,326.07472829761,326.535333534432,15.91947936089,273.183656891849,-289.103136453073,5.19760323706893,2.81676644285774,-8.01436968711977
1.311,875.199113745718,2285.70794151024,49.9930353867429,49.9927243656529,1746.48023681584,633.002422795227,326.074688300046,326.535332128811,-85.1264232897858,314.693140366464,-229.566717239788,3.01208876327816,5.03584507790759,-8.04793384785215
1.312,875.392310864169,2285.75072581047,49.9930338493291,49.9927242294662,1747.0293499022,632.636348423464,326.07452356612,326.535368736248,-178.210250280636,325.354128764363,-147.143878607548,0.528422915709157,6.76573819907503,-7.29416112069177
1.313,875.054749654319,2286.25889341544,49.9930365355558,49.9927226119185,1747.23296670606,632.578595886596,326.074462481079,326.535374511502,-252.760808068476,303.404356251757,-50.6435482688738,-2.00356722560424,7.82658262204941,-5.8230154014367
1.314,874.408086519117,2287.10805564735,49.9930416815376,49.9927199089512,1747.32445941247,632.642668442569,326.074435033267,326.535368104246,-303.729509095397,252.280131197174,51.4493778460296,-4.3415336592627,8.12629833362803,-3.78476467837003
1.315,873.655714489901,2288.05509829447,49.9930476687239,49.9927168944208,1747.21049038192,632.89874934787,326.074469223976,326.535342496156,-324.762672621066,176.523196476854,148.23947611699,-6.25399224424181,7.62974374457563,-1.37575150337792
1.316,873.797959790215,2288.08453114952,49.9930465367718,49.9927168007331,1746.57211884121,633.706082452803,326.074660735438,326.535261762845,-313.638721934362,82.9917468643624,230.646975058014,-7.55369387091562,6.38467621010976,1.16901765860671
1.317,874.593148040425,2287.47837621818,49.9930402088648,49.9927187301842,1746.7521476936,633.658663110296,326.074606726782,326.535266504779,-272.315780152068,-18.0984136173987,290.414193760264,-8.11530549935008,4.51744767697144,3.59785782082792
1.318,874.726808207648,2287.52879993138,49.9930391452309,49.9927185696805,1747.79878719191,632.745371040091,326.074292734933,326.535357833986,-204.445603418209,-117.409146359609,321.854749758687,-7.88211522649264,2.20811118695126,5.67400403837629
1.319,874.278476156018,2288.18317953783,49.9930427129441,49.9927164867255,1748.54292111728,632.170462695729,326.074069494755,326.535415324821,-116.201924899664,-205.367623304732,321.569548163952,-6.87791662707892,-0.320694946293054,7.1986115722881
1.32,873.258517109799,2289.35254735141,49.9930508295203,49.9927127645122,1748.51341611055,632.322690778608,326.074078346257,326.535400102013,-16.6916154011624,-273.270861659592,289.962476990967,-5.19915412326843,-2.81445671962557,8.01361084158816
1.321,872.670795366851,2290.12853408092,49.9930555064613,49.9927102944697,1748.17858388633,632.778078323507,326.074178795924,326.535354563258,84.8049587579669,-314.461650199339,229.656691336596,-3.01574210399573,-5.03347528250357,8.0492173846987
1.322,872.228134728602,2290.76397925815,49.9930590290427,49.9927082717849,1748.41652402273,632.699753294983,326.074107413884,326.535362395761,177.688631826152,-324.977338456789,147.288706488489,-0.533114704564526,-6.76276421264492,7.29587891469275
1.323,872.154001784221,2290.98687829021,49.9930596189739,49.9927075622752,1748.05667469489,633.194664189451,326.074215368682,326.535312904671,253.118438364899,-303.223905804817,50.1054672601697,1.99977871819268,-7.82578680464045,5.82600808305574
1.324,872.076707630313,2291.22134301018,49.9930602340613,49.9927068159509,1747.43257167469,633.938388054587,326.074402599588,326.535238532285,304.197397892718,-252.616352146611,-51.5810459590005,4.33715410190134,-8.12516004057227,3.78800593432251
1.325,872.077282764126,2291.39712449083,49.9930602294845,49.992706256421,1747.45575105274,634.064795811977,326.074395645775,326.535225891509,325.491389879678,-176.990680018535,-148.500710099561,6.2517572790513,-7.63033995081189,1.37858266646998
1.326,872.638268266218,2291.00504442831,49.9930557653037,49.9927075044506,1747.67118980738,633.98997446256,326.074331014148,326.535233373644,313.977771086715,-83.5183712958183,-230.459400044474,7.55271183721667,-6.38718604559116,-1.16552579774951
1.327,872.621497727347,2291.18676672229,49.9930558987594,49.9927069260106,1748.06605510635,633.713700462833,326.074212554558,326.535261001044,272.434253256241,17.3911402688143,-289.825393782686,8.11519650252071,-4.52033607707355,-3.59486043222308
1.328,872.041739775257,2291.91812101944,49.9930605123266,49.9927045980376,1748.54840512396,633.339949194653,326.074067849553,326.535298376171,204.587994065055,116.670778712231,-321.25877302654,7.88271690402391,-2.21042699461534,-5.67228991658514
1.329,871.923443204816,2292.21927602133,49.9930614537008,49.9927036394314,1748.49063068243,633.55820526666,326.074085181886,326.535276550564,115.606040151748,205.293572915956,-320.8996132974,6.87965032998051,0.317684079042942,-7.19733441630681
1.33,871.96834965436,2292.31510571495,49.9930610963466,49.992703334396,1748.53580822267,633.60432823539,326.074071628624,326.535271938267,16.2556466067887,273.246541541343,-289.502188348882,5.20349594974151,2.81032547886803,-8.01382143569826
1.331,871.85625674438,2292.57951712533,49.9930619883537,49.9927024927484,1748.95128430356,633.306155251778,326.073946985799,326.535301755565,-84.7251497412749,314.582753094602,-229.857603518307,3.01888137716804,5.02998302006742,-8.04886440384515
1.332,871.208277718651,2293.40276648321,49.9930671448069,49.9926998722643,1749.38969562769,633.015730663398,326.073815462402,326.535330798024,-177.969547142504,325.490422287617,-147.52087527105,0.53560507605769,6.76034092483096,-7.2959460067798
1.333,870.6435579581,2294.09839146405,49.993071638704,49.9926976580212,1749.14541671907,633.381898437536,326.073888746075,326.535294181247,-252.773516048144,303.33827628459,-50.564760323645,-1.99747161671446,7.82490155934051,-5.82742994762551
1.334,870.156597029561,2294.75313843786,49.9930755138159,49.9926955738968,1749.51818632232,633.111306437572,326.073776915194,326.535321240447,-303.696989362063,252.856455064332,50.840534245346,-4.33468724479834,8.12679531861844,-3.79210807783934
1.335,869.261091307043,2295.80115574794,49.9930826400241,49.9926922379541,1749.31140862268,633.439231119608,326.073838948504,326.535288447978,-324.879504231233,176.903064875462,147.976439330182,-6.24936605470828,7.63223154737719,-1.3828654957134
1.336,869.329056233366,2295.87375826893,49.9930820991764,49.9926920068531,1748.27669930157,634.607540247755,326.0741493613,326.535171617066,-313.928229396657,83.3843119353118,230.543917451612,-7.55217614557363,6.38989599652868,1.16228014687013
1.337,870.143028262572,2295.18271048764,49.9930756217928,49.9926942065265,1747.77830849547,635.199688326071,326.074298878542,326.535112402258,-272.55464529063,-17.7064949519043,290.261140235601,-8.11415098294425,4.52342517704312,3.590725804394
1.338,870.604197279451,2294.86998907142,49.9930719519263,49.9926952019497,1747.32301596738,635.756002690395,326.0744354663,326.535056770821,-204.589189041497,-117.193016512443,321.782205536803,-7.88379234643598,2.2145406138363,5.66925173148843
1.339,871.403076881375,2294.23323101927,49.9930655946444,49.9926972288136,1747.7899851288,635.427632452978,326.074295375552,326.535089607845,-116.13920067,-205.412287400333,321.551488031412,-6.88179531644162,-0.313295799897194,7.19509111531096
1.34,871.994831251505,2293.751962267,49.9930608856128,49.9926987607396,1748.23911174237,635.062996763775,326.074160637568,326.535126071414,-17.2514672231079,-272.728062969793,289.979530122479,-5.20597289263646,-2.80668894964904,8.01266184102291
1.341,872.157114917259,2293.74776104967,49.9930595942004,49.9926987741125,1749.25660928428,634.156861820611,326.073855388305,326.535216684908,84.4901445177328,-314.253293220388,229.763148594494,-3.02155221455247,-5.02802480835262,8.04957702111409
1.342,871.642061434345,2294.42450900683,49.9930636928658,49.9926966199568,1750.7807875798,632.747679497023,326.073398134816,326.535357603141,177.306923987263,-324.669243205372,147.362319069309,-0.540652090342497,-6.75793714195741,7.29858922973687
1.343,870.147012840548,2296.03030531153,49.9930755900845,49.9926915085484,1751.0623258229,632.576301013596,326.073313673344,326.535374740989,253.062185458097,-303.248681134229,50.1864954853183,1.9935043154569,-7.8234542475819,5.82994992860642
1.344,868.788284622125,2297.51055770691,49.9930864025001,49.9926867967587,1750.59416654715,633.131829314183,326.073454121126,326.535319188159,303.712220296652,-252.495956686502,-51.2162638383935,4.33142717609374,-8.12545388829859,3.79402670762864
1.345,868.168032598589,2298.25577711862,49.9930913383089,49.9926844246516,1749.14561982469,634.681955219409,326.073888685143,326.535164175568,325.541061532394,-177.289900080812,-148.25116170856,6.24641020098859,-7.63258597076668,1.38617576415239
1.346,868.643264584704,2297.91232528687,49.9930875565329,49.9926855178928,1748.13255877455,635.816608209986,326.074192603458,326.535050710269,314.249661405893,-83.9095217458138,-230.340139933689,7.55039780517804,-6.3917263149382,-1.15867149679804
1.347,869.722106855943,2296.93765135046,49.9930789713789,49.9926886203763,1747.01763097341,637.006799932226,326.074527081798,326.534931691097,272.743961629424,17.1353632364277,-289.879325142835,8.11356999689899,-4.52637683406278,-3.58719317011114
1.348,871.288234213352,2295.51177547568,49.9930665085334,49.9926931590802,1747.37374992254,636.741511400387,326.074420246114,326.53495821995,204.722903913298,116.34541982837,-321.068324007884,7.88523258396377,-2.21859262800051,-5.66663996366561
1.349,872.367053386484,2294.5854923405,49.9930579235631,49.9926961075309,1748.63749960263,635.612009872277,326.07404112121,326.535071170103,115.777757859465,205.096695944178,-320.874454047012,6.88416207277404,0.309770881738571,-7.1939329623089
1.35,872.336418484659,2294.72839043883,49.993058167348,49.9926956526722,1750.14027235635,634.188779013273,326.073590289384,326.535213493189,16.7139962374523,273.339345957964,-290.053342406013,5.20833518732977,2.80418996773612,-8.01252516261945
1.351,871.491296954392,2295.7134467503,49.9930648926114,49.9926925171405,1751.2670206883,633.131847828832,326.073252264884,326.535319186308,-84.9081413812886,314.543987800715,-229.635846590059,3.02613453012076,5.02409621063997,-8.05023074776045
1.352,869.883313258698,2297.45632581327,49.9930776885391,49.9926869693842,1751.32645073822,633.193292417909,326.073234435869,326.535313041849,-177.495276455833,325.328805693751,-147.833529366128,0.543362328116437,6.75645216729478,-7.29981450160152
1.353,868.799103023638,2298.63439093334,49.99308631641,49.9926832194864,1750.7822717592,633.837899133881,326.073397689563,326.535248581177,-252.612711026397,303.702230583941,-51.0895196440072,-1.99011268222398,7.82334596846871,-5.83323329144988
1.354,868.79219985964,2298.740056393,49.9930863713436,49.9926828831428,1749.69405009495,634.99166744709,326.073724156062,326.535133204346,-303.43784474337,252.656177442293,50.7816672515726,-4.32799718587821,8.12576927907902,-3.7977720973341
1.355,869.537256026708,2298.11606259166,49.993080442375,49.9926848693768,1748.57647434036,636.211876861639,326.074059428788,326.535011183404,-324.804974218393,177.131471266153,147.673502930755,-6.24503057747339,7.63490281248583,-1.38987223809232
1.356,870.171338198185,2297.60219759797,49.9930753965094,49.9926865050599,1748.67418498505,636.214727449713,326.074030115595,326.535010898345,-313.619338597184,83.4922970498318,230.127041541825,-7.54920356349192,6.39460499167299,1.15459856966741
1.357,870.462208008048,2297.40353475733,49.993073081841,49.9926871374233,1748.93782099112,636.011453658108,326.073951024793,326.535031225725,-272.753009239817,-17.4281378641104,290.181147100469,-8.11331300027888,4.53006118547194,3.58325181335876
1.358,870.334518679369,2297.6554352982,49.9930740979604,49.992686335599,1749.55453601989,635.484950207338,326.073766010284,326.53508387607,-204.900374274967,-116.878211306484,321.778585566396,-7.88603647428541,2.22160179410691,5.66443467913787
1.359,869.959275662517,2298.15206903431,49.9930770840495,49.9926847547647,1749.68170371575,635.47335519424,326.073727859976,326.535085035571,-116.613622366477,-204.921314423124,321.534936750378,-6.88535508560987,-0.306637735935737,7.19199282057664
1.36,869.987199423368,2298.20904086931,49.9930768618393,49.9926845734177,1749.4375086088,635.775423569774,326.073801118508,326.535054828733,-17.4322382879712,-272.855388765617,290.287626980187,-5.21130651969875,-2.80031347251099,8.01161999096916
1.361,869.959337592789,2298.3533160642,49.9930770835567,49.9926841141755,1749.38974932608,635.905087605373,326.073815446293,326.53504186233,83.9281115568963,-313.852525661776,229.924413990905,-3.02845881888814,-5.02244026271994,8.05089907978339
1.362,870.314264735203,2298.11393825702,49.9930742591362,49.9926848761388,1748.83257533111,636.562314326118,326.073982598491,326.534976139658,177.302443268556,-324.816268170379,147.513824744748,-0.546274223569843,-6.75492955160068,7.30120377250993
1.363,870.950480276743,2297.56929755827,49.9930691962938,49.992686609784,1749.06644222734,636.401639239983,326.073912438422,326.534992207166,252.536374979745,-303.334936622838,50.7985614428103,1.98630716572101,-7.82245850631812,5.83615133691892
1.364,871.186782027649,2297.43411062199,49.9930673158642,49.9926870400973,1749.17209434913,636.353289614186,326.073880742786,326.534997042129,303.465084307845,-252.632604389094,-50.8324801568525,4.32429589997573,-8.12590299939401,3.80160709463496
1.365,870.831364497883,2297.88808538559,49.993070144187,49.9926855950508,1749.14356454228,636.474419598957,326.073889301728,326.53498492913,325.633174370719,-177.664908618231,-147.968266019048,6.24220070107364,-7.6355861029025,1.39338539596574
1.366,871.194993736646,2297.63299901929,49.9930672505175,49.9926864070159,1749.15934170716,636.563540123338,326.073884568578,326.534976017078,314.209581205735,-84.4143092495973,-229.795272238608,7.54852824709553,-6.39643594741009,-1.15209230649679
1.367,871.217228976346,2297.70640332655,49.9930670735751,49.9926861733627,1749.36255121809,636.411953079054,326.073823605725,326.534991175782,273.005384996382,16.6845418222572,-289.689927103368,8.11407031884957,-4.53253573602813,-3.58153459035039
1.368,871.121892025828,2297.88934416529,49.9930678322424,49.992685591044,1749.41781444671,636.42335962439,326.073807026756,326.534990035128,204.534074010658,116.484812493972,-321.018886777872,7.88615826965353,-2.22479983857811,-5.66135843902243
1.369,871.372509352584,2297.75946590892,49.9930658378931,49.9926860044593,1749.18314017084,636.760671958475,326.073877429039,326.534956303895,116.347857882449,204.719281058672,-321.067139190851,6.88795128029152,0.302868233232881,-7.19081952155215
1.37,872.061046035896,2297.14446847019,49.9930603586923,49.9926879620569,1749.06998254203,636.9299254313,326.073911376328,326.534939378547,16.9310072413631,272.799682762829,-289.730690220316,5.21403952817386,2.79742361051862,-8.01146314646156
1.371,872.437147334977,2296.86420943134,49.9930573657732,49.9926888541492,1749.3042327767,636.751970604831,326.073841101257,326.53495717403,-84.5021654490483,314.431134381836,-229.928969108553,3.0324620695015,5.01849908076383,-8.05096115746428
1.372,872.430356932548,2296.99333082473,49.9930574198095,49.992688443143,1750.26758410571,635.896906378222,326.073552095859,326.535042680453,-177.379379660896,325.601016220172,-148.221636692652,0.549880796571634,6.75329126120935,-7.30317206415843
1.373,871.775482535144,2297.71638425542,49.9930626311344,49.9926861415925,1750.90529384929,635.319308277464,326.073360782936,326.535100440263,-252.646220597977,303.735000810236,-51.0887803046699,-1.98236213995999,7.82043181034125,-5.83806967577106
1.374,870.683239630576,2298.90777206599,49.9930713229273,49.9926823492873,1750.50575278713,635.774553572569,326.073480645254,326.535054915733,-303.076474504402,252.729693490701,50.3467809565805,-4.32245797176818,8.12693901778128,-3.80448105034513
1.375,870.548248371853,2299.13080395894,49.9930723971536,49.9926816393547,1749.41415188654,636.931875523357,326.073808125524,326.534939183538,-324.712468326945,177.352786567659,147.359681728862,-6.23956868867052,7.63736409728355,-1.3977954119189
1.376,871.010794744148,2298.73984213582,49.9930687163265,49.9926828838248,1748.24676767998,638.199215226445,326.074158340786,326.534812449568,-313.604461832758,83.7345863341564,229.869875483447,-7.5458580223908,6.39756775247369,1.14829026750881
1.377,871.979543628819,2297.86583353609,49.9930610072678,49.9926856658806,1747.64825970299,638.845341896642,326.07433789318,326.534747836901,-272.744567065278,-16.9083901570243,289.652957209076,-8.11456576317309,4.53558445857797,3.57898130286643
1.378,873.257295255568,2296.66360531278,49.9930508392435,49.9926894926919,1747.85358087434,638.686411774697,326.074276296828,326.534763729913,-204.945254008932,-116.690505306578,321.635759290926,-7.88763377089533,2.22905911323551,5.65857465632368
1.379,874.116003550169,2295.91709033192,49.99304400586,49.9926918689229,1748.44937592707,638.192736786034,326.074097558312,326.534813097412,-116.872489420433,-204.784050835634,321.656540207754,-6.88999627645256,-0.299009865545268,7.18900614072776
1.38,874.290786653012,2295.8139438416,49.9930426149802,49.9926921972484,1749.88132304049,636.825201454484,326.073667974178,326.534949850945,-17.6143522141283,-272.523750799766,290.138102932313,-5.21588647260622,-2.79461780587289,8.01050427694313
1.381,873.145011532132,2297.05358081739,49.9930517327689,49.9926882513613,1750.95594437937,635.798570297813,326.073345587777,326.535052514061,83.8010353092055,-314.070453978631,230.269418547769,-3.03439640157865,-5.0171026013902,8.05149900086204
1.382,871.941164355942,2298.35995075974,49.9930613126804,49.9926840930566,1750.90487701726,635.922316408732,326.073360907985,326.53504013945,177.06026254157,-324.532586874641,147.472324168975,-0.554022600789118,-6.75071193723071,7.30473453509273
1.383,871.674349135921,2298.67961926938,49.9930634359284,49.9926830755202,1749.8144087779,637.064120152176,326.073688048457,326.534925959075,252.256129612005,-303.31727125734,51.0611414394815,1.97901684662489,-7.82027404081807,5.84125719027352
1.384,871.732553368295,2298.70071659972,49.9930629727539,49.9926830083653,1749.12430343895,637.813810784209,326.073895080059,326.534850990012,303.736463846565,-252.860803892883,-50.8756601963611,4.31933467288547,-8.1269571238246,3.80762244594512
1.385,872.118257023111,2298.38273167874,49.9930599034217,49.9926840205427,1748.30442912675,638.699722678971,326.074141042352,326.534762398822,325.511071711502,-177.675734322509,-147.835337661016,6.23733891860158,-7.63759385678479,1.40025493213287
1.386,873.137799995541,2297.444252821,49.9930517901565,49.9926870078137,1747.73536583579,639.342567795053,326.07431176134,326.534698114311,314.377344090398,-84.3686989604218,-230.008645422475,7.54484698089597,-6.40065290933671,-1.14419407857028
1.387,873.908071397138,2296.75200213948,49.9930456605315,49.9926892113161,1747.50065714739,639.619012087461,326.074382173946,326.534670469882,273.020018965347,16.3252948558158,-289.345314120138,8.11395830088434,-4.53878837023389,-3.5751699384346
1.388,874.897999368664,2295.82638327764,49.993037782935,49.9926921576524,1747.64329480448,639.519967343306,326.074339382649,326.534680374356,204.968852663609,115.965998791589,-320.934851745684,7.88817799752299,-2.23221271261349,-5.65596529318574
1.389,876.028830779288,2294.7966524431,49.9930287840645,49.9926954353875,1748.50928806328,638.747061055099,326.074079584671,326.534757664985,116.332374710755,204.807493659816,-321.139868639276,6.89165665557279,0.295386163666514,-7.18704282766828
1.39,876.876312405389,2294.01156280895,49.99302204002,49.9926979344054,1749.39935446491,637.900429242241,326.073812564751,326.534842328166,17.2399647140219,272.723528215528,-289.963493165162,5.21966738332895,2.79107508241964,-8.01074247397901
1.391,876.549301466173,2294.43494525485,49.9930246422904,49.9926965867372,1750.72462208397,636.617061807547,326.073414984465,326.53497066491,-84.081792426962,314.224921550981,-230.143129318654,3.03847865090366,5.01407235004294,-8.05255100864664
1.392,875.458838658122,2295.60140364886,49.9930333199177,49.9926928737848,1751.0914138595,636.319503995252,326.073304946933,326.535000420691,-176.9186741154,325.42551706122,-148.506843095964,0.558038358826769,6.74755882850762,-7.30559719422467
1.393,874.314519796011,2296.7980960146,49.9930424261179,49.9926890645947,1751.29701829994,636.165777419581,326.0732432656,326.535015793348,-252.294616734029,303.604444036634,-51.3098274090568,-1.97537747518486,7.81875510033838,-5.84337763104013
1.394,873.520752013735,2297.67039093307,49.9930487427212,49.9926862879937,1750.72801643605,636.788439716519,326.07341396616,326.534953527119,-303.427960094471,253.43912236982,49.9888376573102,-4.31728911259671,8.12763145220075,-3.8103423443866
1.395,872.664552290654,2298.5855500336,49.9930555561421,49.9926833749519,1749.25746086363,638.303744440285,326.073855132831,326.534801996646,-324.965691941377,177.698202281142,147.267489623348,-6.23510128123486,7.63928458849736,-1.40418331094793
1.396,873.411945989156,2297.90130241805,49.993049608572,49.9926855529797,1747.0857624839,640.546522015444,326.074506642345,326.534577718889,-314.019089632587,84.0054581411121,230.013631474109,-7.54380327608064,6.40308039162287,1.14072288175863
1.397,875.06720492604,2296.28690365245,49.9930364364399,49.9926906917705,1746.07529721577,641.588829029937,326.074809781926,326.534473488187,-273.202753430653,-16.7779147115715,289.980668130108,-8.11202597538403,4.5412967213209,3.57072925214078
1.398,877.058032786429,2294.36111880004,49.9930205939352,49.9926968217341,1746.52819916119,641.183053187012,326.074673911342,326.534514065772,-205.060304887144,-116.610801079633,321.671105944579,-7.88902629059549,2.23513298781441,5.65389330133803
1.399,878.556190713021,2292.96858157085,49.9930086719732,49.9927012543178,1747.95206665856,639.85073888202,326.074246751093,326.534647297202,-117.094867674822,-204.714395031501,321.809262660328,-6.89312037548738,-0.292648547492412,7.18576892166387
1.4,878.51696422495,2293.06236241707,49.9930089841277,49.9927009558041,1749.84550494753,637.97662459498,326.073678719606,326.534834708631,-17.5556021746797,-272.58601651259,290.141618606402,-5.2216705141423,-2.78741388046914,8.00908439305836
1.401,877.948169604724,2293.69675311158,49.9930135104514,49.9926989364758,1750.31539468349,637.541730727726,326.073537752685,326.534878198018,83.3592171293481,-313.888876220394,230.52965896785,-3.04125548684932,-5.01105892702659,8.05231441174798
1.402,877.278044758623,2294.45295007644,49.9930188431355,49.9926965294261,1750.20061085293,637.716492175644,326.073572187834,326.534860721873,176.867828763935,-324.772408675597,147.904579742413,-0.561583206686475,-6.74628154795655,7.30786475165809
1.403,876.89046593861,2294.87043060324,49.9930219273898,49.9926952005443,1749.92450902119,638.030989224988,326.073655018384,326.534829272168,252.393904620183,-303.322992809201,50.9290879771416,1.97151676976088,-7.81731940275869,5.84580262897341
1.404,876.599608907123,2295.23734553075,49.9930242419565,49.9926940326178,1749.71169396086,638.29412173847,326.073718862902,326.534802958917,303.584310609149,-253.323659753618,-50.2606511050914,4.31350279692877,-8.12757849322702,3.81407569115892
1.405,876.51527461013,2295.39384406138,49.9930249130675,49.9926935344675,1749.29347867565,638.766819597883,326.073844327488,326.534755689131,325.396970083569,-178.11682863386,-147.280141728188,6.23367504416243,-7.6416566990278,1.4079816486377
1.406,876.931610529804,2295.0378455505,49.9930215999715,49.992694667646,1748.67963523458,639.443744094548,326.07402848052,326.534687996681,314.30350761687,-84.7766509301774,-229.526856982156,7.54250536391913,-6.40587519449809,-1.13663017660723
1.407,877.851803195406,2294.15658297201,49.993014277311,49.9926974727919,1748.42810722559,639.723938587923,326.074103938923,326.534659977232,273.381905088503,16.081550334531,-289.463455721353,8.11278897409062,-4.54463539363392,-3.56815358837448
1.408,878.534955001032,2293.54532340936,49.9930088409616,49.9926994184915,1748.71758608749,639.472791338979,326.074017095264,326.534685091956,205.120644617929,115.738212334475,-320.858857239674,7.89073696385367,-2.23938127478321,-5.6513556974208
1.409,878.820904204179,2293.31761893793,49.9930065654502,49.9927001432973,1748.81899720254,639.438094764059,326.07398667193,326.534688561614,116.979890965476,204.30843654469,-321.288327773593,6.89451721983271,0.28833149966195,-7.18284872793557
1.41,879.174348948195,2292.99973909142,49.9930037528263,49.9927011551403,1748.47307897243,639.808784422046,326.074090447399,326.534651492648,17.4115360174752,272.665011262482,-290.076547509446,5.22448883358254,2.78389178636151,-8.00838062812741
1.411,879.705788322282,2292.53117515229,49.9929995237661,49.9927026466257,1748.08406415553,640.227491865574,326.074207151844,326.534609621904,-83.6887546817556,314.407839069328,-230.719084575548,3.04512997098826,5.00805290422641,-8.05318288281902
1.412,880.001523351577,2292.30243453492,49.9929971703815,49.9927033747297,1748.30094716531,640.071362838784,326.074142086941,326.534625234807,-176.972936576471,325.312746974726,-148.339810542084,0.564480974971518,6.74435058783201,-7.30883156956509
1.413,880.43754217205,2291.91524056431,49.992993700654,49.9927046072063,1748.71008299956,639.70068334396,326.074019346191,326.534662302756,-251.855607602747,303.897264254176,-52.0416567526588,-1.96854304869415,7.81744888479769,-5.84890584184404
1.414,880.445755216442,2291.96882857293,49.9929936352967,49.9927044366304,1749.28238688486,639.16672454464,326.073847655025,326.534715698636,-303.214069496785,253.453024985837,49.7610444475595,-4.31093027789637,8.1275834133436,-3.81665314008363
1.415,880.180450442208,2292.29535578531,49.992995746525,49.992703397262,1749.2927209836,639.196863224375,326.073844554795,326.534712684768,-324.85534755774,177.867298203271,146.988049319507,-6.23059814479512,7.64215033741005,-1.41155219617112
1.416,880.36041105659,2292.16131536264,49.9929943144439,49.9927038239259,1748.93097935534,639.628593788337,326.073953077284,326.534669511712,-314.036460441213,84.5522795378169,229.48418088531,-7.54130427287008,6.40707481430925,1.13422945595628
1.417,880.820737603004,2291.75377886559,49.9929906512816,49.9927051211549,1748.86920944497,639.698131771021,326.073971608257,326.534662557913,-273.090587802313,-16.7188941240358,289.809481911327,-8.11275925835068,4.54845590388798,3.56430335258751
1.418,881.212395946921,2291.40522221231,49.9929875345636,49.9927062306452,1748.86018543256,639.748123879619,326.073974315461,326.534657558702,-205.436503822493,-116.053034901493,321.489538697791,-7.89087506108071,2.24228833279875,5.64858672683771
1.419,881.417734831853,2291.29163697129,49.9929859005286,49.9927065921982,1749.35938015862,639.31767077962,326.073824557043,326.534700604012,-117.230687663599,-204.368924833473,321.599612446806,-6.8981123479314,-0.284051689996327,7.18216403657171
1.42,880.767453435115,2291.97238587893,49.9929910753036,49.9927044253071,1749.70368885433,638.99484427788,326.073721264434,326.534732886663,-18.2032816017839,-272.118503833444,290.321785352532,-5.22797272207745,-2.78021549199446,8.00818821246646
1.421,879.837997591295,2292.94757371858,49.9929984716782,49.9927013211878,1749.07657077485,639.640584937474,326.073909399858,326.534668312597,83.4670297373891,-313.990380020214,230.523350161174,-3.04877364608686,-5.00488475188651,8.05365839581698
1.422,880.199763002253,2292.63385195621,49.9929955928405,49.9927023197952,1747.69906555829,641.080095014221,326.074322651423,326.534524361589,176.565625318102,-324.795511816355,148.229886335309,-0.567762919439145,-6.74257725656376,7.31034017304998
1.423,881.718839064794,2291.14396206058,49.9929835044173,49.9927070622621,1746.62335958889,642.191343322689,326.074645363214,326.534413236758,252.212907380572,-303.580865604694,51.3679580204096,1.96642039282274,-7.81700631300947,5.85058591626633
1.424,883.532033593755,2289.37819454859,49.9929690754737,49.9927126828746,1746.20797818777,642.624001684362,326.074769977634,326.534369970922,303.221829466034,-253.02683849662,-50.194991208629,4.30687879180472,-8.12716853215499,3.8202897353842
1.425,884.711917707581,2288.24641027278,49.9929596862542,49.9927162854559,1747.10675740345,641.767757852006,326.074500343869,326.534455595305,325.464551334764,-178.277324426018,-147.187227174903,6.22846205734792,-7.64303110354516,1.41456904021059
1.426,885.200821673194,2287.83107437783,49.9929557956801,49.9927176075111,1748.5947883872,640.333734341217,326.074053934574,326.534598997656,314.47821379665,-84.9218249689486,-229.556389110322,7.5400647246114,-6.41014602073453,-1.12991871076447
1.427,884.391513413611,2288.68629821111,49.9929622359506,49.9927148852491,1749.70778592426,639.233392951712,326.073720035313,326.534709031795,273.423913944362,15.832165750518,-289.256079982079,8.11277400867881,-4.551044018708,-3.56172999756287
1.428,883.290036511328,2289.82102906669,49.9929710012253,49.9927112732886,1749.76625408227,639.195507296315,326.073702494866,326.534712820361,205.670018697791,115.514610731887,-321.184629707755,7.89143870316541,-2.24584526308431,-5.6455934481083
1.429,882.434978430962,2290.75078397431,49.9929778055613,49.9927083137868,1749.4561745066,639.570918943067,326.073795518738,326.534675279196,117.171662590008,204.026132175485,-321.197795021116,6.89934249161193,0.28061410412641,-7.17995660387523
1.43,882.544169886137,2290.64404910649,49.9929769366433,49.9927086535344,1748.30187947836,640.744840147903,326.074141807247,326.534557887076,17.7766751734317,272.393827800114,-290.170503196605,5.23009636670955,2.7768946305027,-8.00699100512035
1.431,883.374075271277,2289.86474871921,49.9929703324661,49.9927111341246,1747.28135927824,641.798115840119,326.074447963307,326.534452559506,-83.3766432544824,314.075730665468,-230.699087594065,3.05126006021554,5.0030037748036,-8.0542638423832
1.432,884.328237903355,2288.97103272251,49.9929627394811,49.992713978911,1747.3660200923,641.754361456358,326.074422565063,326.534456934945,-176.686583897112,325.567774956343,-148.881191199404,0.572099330111332,6.74079973127219,-7.31289906794266
1.433,885.448549986549,2287.87422960047,49.9929538243208,49.9927174701437,1747.53546806615,641.630949684038,326.074371730671,326.534469276122,-252.08742946747,304.076436401535,-51.9890070325657,-1.96258963731559,7.81549529248411,-5.85290566074356
1.434,886.179886971656,2287.18251812909,49.992948004526,49.9927196719297,1748.60166075594,640.56450662796,326.074051872864,326.534575920428,-303.174658729869,253.691315290616,49.4833433774662,-4.30306550433632,8.12688572685623,-3.82382022702665
1.435,885.767519792744,2287.64684411451,49.9929512860397,49.9927181939342,1749.21139795557,639.992963376788,326.073868951704,326.534633074753,-324.799597563023,178.162250720082,146.637346808952,-6.22584744032385,7.64384733272312,-1.41799989585864
1.436,885.259244706015,2288.20387668435,49.9929553307644,49.9927164208445,1748.88693075883,640.371801767114,326.073966291863,326.534595190914,-313.922255710426,84.7120650474664,229.210190645141,-7.53858176432826,6.41126104202287,1.12732071976818
1.437,885.047587213538,2288.4476303512,49.9929570150812,49.9927156449525,1748.29934146337,640.960116790324,326.074142568651,326.534536359411,-273.438086189923,-16.2435388297222,289.681625003486,-8.11176969726138,4.55358647601007,3.55818321941225
1.438,884.926599541034,2288.61560559301,49.9929579778705,49.9927151102707,1747.85714837825,641.41861710516,326.074275226577,326.53449050938,-205.762008329782,-115.820929679279,321.582937980886,-7.89367731973106,2.25033087931005,5.64334643898173
1.439,885.722584862429,2287.85090761701,49.9929516436206,49.9927175443799,1746.71955048141,642.625006869943,326.074616505946,326.534369870403,-117.893936084687,-203.963171391235,321.857107424214,-6.90068932373933,-0.277869688176532,7.17855901054543
1.44,887.13214071326,2286.47114069336,49.9929404267315,49.9927219363144,1747.04687784059,642.312996668825,326.074518307738,326.534401071424,-18.6857493739908,-271.970121722775,290.655871011888,-5.23367186053399,-2.77364983293217,8.00732169183215
1.441,887.84317802739,2285.8267903701,49.9929347684763,49.9927239873452,1747.86305903823,641.512517048479,326.074273453379,326.534481119386,82.8209950982702,-313.746038391495,230.925043169156,-3.05575057385719,-5.00001287880011,8.05576345045915
1.442,888.099840889715,2285.63310819686,49.9929327260182,49.9927246038547,1748.47718062318,640.946281420152,326.074089216903,326.534537742948,176.161252664458,-324.831797344088,148.670544514052,-0.576615515640409,-6.73843795230446,7.31505346493813
1.443,887.472252566108,2286.26056454077,49.9929377202074,49.9927226065992,1748.93931132012,640.517502712558,326.073950577694,326.534580620819,252.01379555711,-303.57750453275,51.5637087712298,1.95841541913512,-7.8136465097653,5.85523108666093
1.444,887.249154213318,2286.53792837383,49.9929394955676,49.9927217237227,1748.6917293867,640.780078272916,326.074024852274,326.534554363263,303.447611947242,-253.58761260817,-49.8599995769704,4.30146011194438,-8.12848516549882,3.82702504856211
1.445,886.874750992955,2286.93385461924,49.9929424749738,49.9927204634503,1748.27221071528,641.236789723627,326.074150707876,326.534508692118,325.372593483869,-178.472721021085,-146.899872725911,6.22344952485624,-7.64464571525455,1.4211961844194
1.446,887.175978720231,2286.67654907274,49.9929400778797,49.9927212824793,1747.60086973812,641.95274225042,326.074352110169,326.534437096865,314.424414033253,-85.1531605639078,-229.271253746782,7.53710162291315,-6.41388274189507,-1.12321888785596
1.447,887.92924663069,2285.9483933726,49.9929340835642,49.9927236002708,1747.26963109719,642.292449234472,326.074451481761,326.534403126167,273.551016150724,15.5670728170447,-289.118089246522,8.11219041578898,-4.55626405953506,-3.55592636373639
1.448,888.697421850889,2285.21081345725,49.99292797062,49.9927259480606,1747.00033044197,642.57459521063,326.074532271958,326.534374911569,205.527835636176,115.194209501597,-320.722045405022,7.8930211040291,-2.25277006965598,-5.64025104222106
1.449,888.958916620653,2285.00317575529,49.9929258897107,49.992726608992,1747.02763065321,642.588269688648,326.074524081894,326.534373544122,117.406234210381,204.049357288904,-321.455591743529,6.90309983614544,0.272963877265606,-7.17606372130785
1.45,889.554901011709,2284.43303449485,49.9929211470176,49.992728423808,1746.88372631075,642.750697768761,326.074567253197,326.534357301313,18.0983277064847,271.774173893633,-289.872501812148,5.23644110427038,2.77003336053917,-8.00647447243745
1.451,889.578111338733,2284.42693212885,49.9929209623157,49.9927284432324,1746.80915194269,642.831746697582,326.074589625508,326.534349196421,-83.0655131580586,314.094041027796,-231.02852804347,3.05831234235193,4.99612865590802,-8.05444100532844
1.452,890.157881487784,2283.89868906371,49.9929163486515,49.9927301246823,1746.67725601274,643.008817698175,326.074629194287,326.534331489321,-176.391265857893,325.368262245864,-148.976996521051,0.579026535124262,6.73633739589257,-7.31536393729178
1.453,890.643507661888,2283.42520479961,49.9929124841611,49.9927316318295,1746.76730255624,642.945483059794,326.074602180323,326.534337822784,-251.781440544413,304.058993340393,-52.2775528895726,-1.95537329388737,7.81291385095573,-5.85754056239113
1.454,891.051745349197,2283.05413015602,49.9929092355089,49.9927328129968,1746.91782347024,642.807153187567,326.074557024049,326.534351655772,-302.901048870635,253.741548457572,49.1595003540534,-4.29813671202068,8.12809596364304,-3.82995925592137
1.455,891.431334453195,2282.72862204,49.9929062148347,49.9927338491213,1747.62641980836,642.130773631932,326.074344445148,326.534419293727,-324.974323416763,178.36324011799,146.611083265504,-6.2224770003481,7.64757494116913,-1.42509794412627
1.456,891.20463588502,2282.99515770517,49.9929080188446,49.9927330007119,1747.90057607835,641.895507802501,326.074262198267,326.53444282031,-314.013935498389,85.1537577930035,228.860177687464,-7.53583009333233,6.41700669454535,1.11882339635357
1.457,890.593845643379,2283.62482797445,49.9929128793589,49.9927309964092,1747.87423064308,641.918913235063,326.074270101897,326.534440479767,-273.487337367276,-15.8632748184071,289.350612170492,-8.11142200802453,4.5599713114621,3.55145069479545
1.458,890.619729864966,2283.60554956246,49.9929126733788,49.9927310577743,1747.02503983045,642.787458944306,326.074524859141,326.534353625196,-205.984162421181,-115.390110274676,321.374272669821,-7.89368913728414,2.25579712274037,5.63789201316617
1.459,891.502224337705,2282.78903915434,49.992905650711,49.9927336568077,1746.44046498036,643.421858709221,326.074700231596,326.534290185219,-117.758140882367,-204.052518459191,321.810659292636,-6.9055860014528,-0.270165521601372,7.17575152174581
1.46,892.82279366836,2281.46656923563,49.9928951419541,49.9927378663602,1746.1845289781,643.673586925356,326.074777012397,326.534265012398,-18.9791320536376,-271.756505569661,290.735637541579,-5.2391912359894,-2.76606894464489,8.00526017906816
1.461,893.913367963294,2280.41663850807,49.9928864634396,49.9927412083935,1746.54116711526,643.342165798159,326.074670020956,326.534298154511,82.5333799592088,-313.65786773322,231.1244876535,-3.061582219989,-4.99415026145425,8.05573247932043
1.462,894.68871430495,2279.69653285039,49.9928802934295,49.992743500561,1747.1860251777,642.741875219624,326.074476563537,326.534358183568,175.898019002317,-324.964376877167,149.06635771328,-0.582215602217345,-6.73512256033104,7.31733815962728
1.463,894.621977974773,2279.79030971352,49.9928808245003,49.9927432020599,1747.96466962712,641.966153030382,326.074242970202,326.534435755787,251.615679412572,-303.803417094415,52.1877374792882,1.95026438311212,-7.8121971441403,5.86193275714201
1.464,893.571898282132,2280.86807531771,49.992889180769,49.9927397714255,1748.30305941991,641.650405479409,326.074141453264,326.534467330542,303.135153868809,-253.66421832211,-49.4709357854422,4.29437725945879,-8.1278373308537,3.83346006645838
1.465,892.461026779783,2282.0099216467,49.9928980208036,49.9927361368157,1748.20902765973,641.764724303008,326.074169662792,326.53445589866,325.418985531029,-178.689365529208,-146.72962027022,6.21855851945029,-7.64795102042552,1.42939249499589
1.466,892.080810551912,2282.42779238972,49.9929010464682,49.9927348066918,1747.14822881583,642.863845534232,326.074487902446,326.534345986537,314.513260444661,-85.6965271008947,-228.816733629875,7.53453789424736,-6.41976182555578,-1.11477607561147
1.467,892.783100234992,2281.72764909108,49.9928954578244,49.9927370353172,1746.20243025743,643.81895300298,326.074771642013,326.53425047579,273.81105961046,15.243764621174,-289.054824521288,8.11100888507363,-4.56308400533932,-3.54792488738237
1.468,893.598294150325,2280.9247626949,49.9928889707174,49.9927395909839,1746.09902184526,643.929856993391,326.074802664537,326.534239385391,205.908340867463,115.218479876793,-321.126821022905,7.8950007107685,-2.26028616152231,-5.63471455732859
1.469,894.233357007593,2280.34627946676,49.9928839170477,49.9927414323532,1746.32172531564,643.765913672382,326.074735853496,326.534255779723,117.591932570735,203.890663381527,-321.482596207519,6.90641925887568,0.267199560222952,-7.17361882727587
1.47,895.111156004874,2279.45439154062,49.9928769317453,49.9927442713207,1746.35216610393,643.724276333849,326.074726721259,326.534259943457,18.1970081740634,272.182450839854,-290.379459235229,5.24086654605606,2.7628309473274,-8.00369750130981
1.471,896.00139129885,2278.62049168894,49.9928698474779,49.9927469257063,1746.4360367906,643.667379327544,326.074701560053,326.534265633158,-82.7030718757717,313.912820209259,-231.209748513822,3.06434172589789,4.99244620726123,-8.0567879405128
1.472,896.539234280506,2278.13595682419,49.9928655674594,49.9927484680287,1747.12321655341,643.0055728888,326.074495406124,326.534331813801,-176.282499321904,325.512299929849,-149.229800743914,0.586851107778837,6.73271149527591,-7.31956260956979
1.473,896.460944125701,2278.22867403438,49.9928661904727,49.9927481729007,1747.79653291667,642.360748742286,326.074293411215,326.534396296216,-251.689691753798,304.475754266057,-52.7860626054706,-1.94872363663724,7.81205548711971,-5.863331855976
1.474,895.869714715981,2278.84845559241,49.9928708953268,49.9927462000747,1748.1002062474,642.058910811453,326.074202309216,326.534426480009,-302.605161755637,253.854520913373,48.7506407870857,-4.29157716225003,8.12817699414382,-3.83659983628129
1.475,895.116569541309,2279.62551287488,49.9928768886657,49.9927437266246,1748.15884344024,642.028895171666,326.074184718058,326.534429481573,-324.83931313271,178.448859721418,146.390453384257,-6.21668779546708,7.64895177287012,-1.43226398070897
1.476,894.666035033477,2280.09933490525,49.9928804739054,49.9927422184022,1747.56019160611,642.655511661855,326.074364313609,326.534366819924,-314.101980988395,85.2603357986551,228.84164517927,-7.53261951550632,6.42073839737061,1.11188111577914
1.477,894.859403284201,2279.92362392963,49.9928789351298,49.9927427777076,1746.00968165936,644.203266279221,326.074829466593,326.534212044462,-273.650741773931,-15.5067267313793,289.157468497036,-8.11119488526469,4.56561372207915,3.54558116155048
1.478,896.06666158763,2278.73100019442,49.9928693280734,49.9927465739468,1745.30490765283,644.925757313055,326.075040898795,326.534139795359,-206.039021699821,-115.292506099435,321.331527778668,-7.89658597274242,2.26362708284914,5.63295888867439
1.479,897.633104975824,2277.19173452434,49.992856862713,49.9927514735817,1745.28604385207,644.983035009189,326.075046557935,326.534134067589,-118.076867302828,-203.767899295879,321.84476655262,-6.90773001249129,-0.263134014551516,7.17086402589007
1.48,898.706747166921,2276.13663055389,49.9928483189399,49.9927548320819,1745.92615500785,644.345058651101,326.074854524588,326.534197865225,-18.8472763845828,-272.295158695965,291.142434998956,-5.24490843604319,-2.75995535042953,8.00486378503218
1.481,899.301047566406,2275.56466382131,49.9928435896476,49.9927566527086,1747.01229645955,643.269908028092,326.074528682153,326.534305380288,82.4063850883977,-313.770661124997,231.364275912764,-3.0675145987637,-4.98843152770187,8.05594612441333
1.482,899.222760027483,2275.69595719086,49.99284421264,49.9927562347888,1747.83231449873,642.474613091153,326.074282676741,326.534384909781,175.798779776117,-324.981458868081,149.182678923413,-0.590396201156386,-6.73011944327386,7.32051564150415
1.483,898.222825198661,2276.70266386328,49.9928521698686,49.9927530303419,1748.66770198102,641.65271071735,326.074032060496,326.534467100019,251.709902923759,-304.236779868495,52.5268767336524,1.94417321337871,-7.81000215490502,5.86582893755517
1.484,896.851313900033,2278.10801478306,49.9928630840087,49.992748556971,1748.0567222161,642.265089308856,326.074215354426,326.53440586216,303.115064779014,-253.997658743697,-49.1174062837126,4.28778957515019,-8.12829690916483,3.84050732892669
1.485,896.377648846131,2278.5847502065,49.9928668533155,49.992747039475,1746.9582645117,643.389422762451,326.074544891737,326.534293428814,325.598003796499,-178.84554247079,-146.752461602157,6.21390071517251,-7.64991590675503,1.43601518541064
1.486,896.9240481309,2278.05646588737,49.9928625052081,49.9927487210562,1745.50333571247,644.882382099715,326.074981370377,326.53414413288,314.699629573741,-85.9041171892474,-228.795512677204,7.53135189651084,-6.42258289190672,-1.10876901172673
1.487,897.917581562733,2277.08591434697,49.9928545989203,49.9927518104177,1744.42596955765,645.945484585359,326.075304580223,326.534037822632,273.969785258082,14.8299716487269,-288.799757201715,8.11107132802196,-4.56935869550857,-3.54171264035652
1.488,899.195896348515,2275.80831862077,49.9928444264144,49.9927558771312,1743.81641017859,646.56927921073,326.075487448037,326.533975443169,206.052018087153,114.754364702012,-320.806383072094,7.89640158093995,-2.26639873850501,-5.63000285069365
1.489,900.965484532752,2274.08934585742,49.9928303444791,49.9927613487915,1744.36205803868,646.070092148917,326.075323753679,326.534025361875,117.995440707514,203.577672124906,-321.573113090411,6.91092506810529,0.259191551877446,-7.17011662831059
1.49,901.973642825047,2273.10055106435,49.9928223218103,49.9927644962231,1746.11936033223,644.312678650664,326.074796562991,326.534201103225,18.5477958045203,271.829444374747,-290.377240401872,5.24779448839339,2.75609103104453,-8.00388552748092
1.491,901.725552261348,2273.37653107836,49.9928242960523,49.9927636177514,1747.97735028494,642.457610444519,326.074239166005,326.534386610046,-82.8251474108969,314.104890578812,-231.279743348022,3.07230847932018,4.9848095862147,-8.05711807296882
1.492,900.595125560233,2274.55447627319,49.9928332917021,49.9927598682354,1748.649533515,641.815506464103,326.074037511036,326.534450820444,-176.034405837372,325.547728854612,-149.5133231513,0.593414880606187,6.72868017410808,-7.3220950612699
1.493,899.590890249538,2275.55413203471,49.9928412831528,49.9927566862323,1748.04657795875,642.431006644101,326.074218397703,326.534389270426,-251.311553012017,304.478836922961,-53.1672839994236,-1.94064551877398,7.80947088903313,-5.8688253757446
1.494,898.901359564959,2276.26540224683,49.9928467702637,49.9927544221889,1747.67362108031,642.815744581831,326.074330284766,326.534350796632,-302.733575506576,254.037886075217,48.6956893837711,-4.286152456836,8.12830032401489,-3.84214787149634
1.495,898.315606692954,2276.86162334909,49.9928514315369,49.9927525243582,1746.22833797218,644.265874525185,326.074763869699,326.534205783638,-325.020458230921,178.979960876113,146.040497338837,-6.21154029030157,7.65171542751822,-1.440175140379
1.496,899.043253775493,2276.14362523763,49.9928456411054,49.9927548098171,1744.7200465219,645.815085749095,326.075216357134,326.534050862515,-314.364567149134,85.6034469027175,228.761120250278,-7.53014792045862,6.42487310757042,1.10527481075874
1.497,900.631620046658,2274.56184779928,49.9928330012882,49.9927598447711,1743.61639504698,646.913329684825,326.075547452576,326.533941038122,-273.795964726468,-15.4665676058058,289.26253234135,-8.11080937919631,4.57102948979863,3.53977988807809
1.498,902.626111612196,2272.58819722777,49.9928171296287,49.992766127096,1743.80068937234,646.725793150242,326.075492164279,326.533959791775,-206.500868184498,-115.071845026694,321.572713210161,-7.89878684318252,2.27089501131105,5.62789183105493
1.499,904.424873303996,2270.84075612007,49.9928028155379,49.9927716893738,1745.1091865402,645.459178924042,326.075099615128,326.534086453198,-118.429515356963,-203.313754430683,321.743269762601,-6.91322588727581,-0.25544250947685,7.16866839607772
1.5,904.680663605115,2270.58550517973,49.9928007800234,49.9927725018628,1746.89336528945,643.659432461543,326.074564361504,326.534266427844,-19.4832830341002,-271.331263696455,290.814546669859,-5.2506130323118,-2.75123974329327,8.00185277469835
1.501,903.367058552599,2271.93028969248,49.9928112333602,49.9927682212807,1748.29252873451,642.270415816852,326.07414461247,326.534405329509,82.1146014870356,-313.756690628851,231.642089037848,-3.0752732457066,-4.98224670096219,8.05751994518254
1.502,902.007418560369,2273.32180779193,49.9928220530315,49.992763791941,1748.75209383184,641.83948857906,326.074006742941,326.534448422232,175.725609339185,-324.927320150981,149.201710661247,-0.598045214304428,-6.72568012345071,7.32372533540015
1.503,900.555255005903,2274.78173395595,49.9928336089819,49.9927591448517,1748.30521114997,642.315593131148,326.074140807745,326.534400811777,251.522958333473,-304.108744819033,52.5857862927363,1.93850279710088,-7.80867129986131,5.87016849935579
1.504,899.146885735901,2276.18260246919,49.9928448164285,49.9927546857487,1746.32878387834,644.251816341493,326.074733735927,326.534207189456,303.053268579856,-254.123847773181,-48.929421036803,4.28077736174194,-8.12736611827528,3.84658875201398
1.505,899.679503875571,2275.65868338659,49.992840577988,49.992756353435,1743.69247199409,646.926284932581,326.075524629492,326.533939742597,325.53122535134,-179.207938655804,-146.32328695457,6.20996670812379,-7.65284092595844,1.44287421222971
1.506,902.328456124291,2273.02384212863,49.9928194982958,49.9927647403952,1742.12054649947,648.530451687029,326.075996207141,326.533779325922,314.709127698454,-85.8566732524157,-228.852454722595,7.52920054150827,-6.42775305013577,-1.10144749793736
1.507,905.408232564547,2269.95103815537,49.9927949902136,49.992774521434,1742.46141339008,648.180916778372,326.075893947073,326.533814279413,274.13854063091,14.7104449897002,-288.848985900844,8.11034665645871,-4.57416970654146,-3.53617695722341
1.508,907.099085286026,2268.3102527161,49.9927815348351,49.9927797442163,1744.30594947961,646.331571861829,326.075340586247,326.533999213904,206.500680951327,114.314804507204,-320.815485728787,7.90067988614302,-2.27506340219047,-5.62561649170882
1.509,907.620987726734,2267.84311009011,49.9927773816675,49.9927812311774,1746.69653992858,643.987550811511,326.074623409112,326.534233616009,118.069178229081,203.447890614214,-321.517069090619,6.91603310721264,0.251092343348033,-7.16712545842986
1.51,906.532108787439,2268.93652388325,49.9927860466908,49.9927777507333,1748.60410861391,642.08095258553,326.074051138506,326.534424275832,19.046975207099,271.864469029917,-290.91144445083,5.25358189384495,2.74918756509918,-8.00276946657923
1.511,904.603766911054,2270.90094483331,49.9928013919478,49.9927714977872,1749.57651575774,641.104033748914,326.073759416363,326.534521967715,-82.5529559712629,313.93647802947,-231.38352223104,3.0796605536744,4.97916335377394,-8.05882391452632
1.512,902.72030690438,2272.79980330198,49.9928163800463,49.9927654535329,1749.12461758362,641.598472347835,326.073894985815,326.534472523856,-175.753857096566,325.44976455965,-149.695907591416,0.601127821972223,6.72402488950672,-7.32515271773017
1.513,901.450502892152,2274.06052875834,49.9928264848256,49.9927614405192,1747.39539672287,643.321950829016,326.074413752074,326.534300176007,-251.32564324063,304.766355636783,-53.4407124802594,-1.93287217216699,7.80678814787652,-5.87391598093948
1.514,901.479787196559,2274.02898883101,49.9928262517885,49.9927615409139,1745.25887496775,645.463176270419,326.0750547086,326.534086053463,-302.775152880133,254.203822458205,48.5713303773098,-4.27879960813555,8.12816006809787,-3.84936046407116
1.515,902.623360081578,2272.89468498097,49.9928171515246,49.9927651515152,1743.59424958001,647.145343560132,326.075554096216,326.533917836734,-324.834652922604,179.179618717489,145.655034191467,-6.20762340590841,7.65454009046148,-1.44691668754951
1.516,904.990923381878,2270.53931257883,49.9927983110545,49.9927726488984,1742.57562952535,648.185877863588,326.075859682233,326.533813783304,-314.196482111486,85.8812979212581,228.315184193845,-7.52724853140118,6.43034397920853,1.0969045501897
1.517,907.294590140682,2268.2386912066,49.9927799790569,49.9927799720036,1743.58560090033,647.176650915369,326.07555669082,326.533914705999,-273.843159971802,-15.3890565465959,289.232216523801,-8.10969980506983,4.57738594671408,3.53231385709728
1.518,908.499766082663,2267.07059412133,49.9927703885715,49.9927836901722,1745.0541827054,645.702789990528,326.075116116279,326.534062092091,-206.436526371431,-114.834624179551,321.271150543844,-7.90030780220709,2.27746928089141,5.6228385204837
1.519,908.394470426709,2267.22345835829,49.9927712264877,49.9927832035902,1746.93032535713,643.862579290788,326.074553273483,326.534246113161,-118.847513234685,-202.880884010708,321.728397213432,-6.91686596112899,-0.247717687739332,7.16458364811139
1.52,906.760784097641,2268.85196221916,49.9927842269505,49.9927780199014,1748.33304294572,642.451046600534,326.074132458207,326.53438726643,-19.5274762338181,-271.271278354489,290.798754521251,-5.25559315589427,-2.7453158958118,8.0009090506712
1.521,904.671942320742,2270.94938436358,49.9928008494252,49.9927713435993,1747.85743804702,642.931191424137,326.074275139676,326.534339251948,81.799926702767,-313.480287871023,231.680361059688,-3.08122719430782,-4.97685672809824,8.05808392077379
1.522,903.631669941698,2272.02345388533,49.9928091276497,49.9927679247299,1746.60996602028,644.195497742386,326.074649381284,326.534212821316,175.144023953331,-324.876691381974,149.732667276073,-0.605414269946269,-6.72259608331527,7.32801035077293
1.523,903.668665281442,2271.96878689364,49.9928088332502,49.9927680987403,1745.45030318899,645.369866377922,326.074997280134,326.534095384453,251.203716376845,-304.271128299858,53.067411727615,1.92981467615972,-7.80591963431075,5.87610495463212
1.524,904.26431454374,2271.37771344888,49.9928040932239,49.9927699801855,1743.89909674955,646.919694815691,326.075462642066,326.533940401609,303.029642006154,-254.197717101834,-48.8319251374496,4.27596675453574,-8.12804319686214,3.85207643769798
1.525,905.677508430246,2269.9662385748,49.9927928473843,49.9927744730496,1742.54071363002,648.292192837235,326.075870157001,326.533803151807,325.358013663282,-179.462737558595,-145.895276366611,6.20471209755005,-7.65498845494115,1.45027635168002
1.526,908.093444063485,2267.57953084316,49.9927736219794,49.9927820701762,1742.51350629139,648.339601631955,326.075878319203,326.533798410927,314.855017895941,-86.7314205162354,-228.123597658547,7.52664388292625,-6.43299109565611,-1.09365279393513
1.527,909.947505151943,2265.72842091838,49.9927588678301,49.9927879624422,1743.84665644835,647.005073210582,326.075478374156,326.533931863769,274.224488223116,14.501345615878,-288.725834120622,8.10926495422447,-4.58030600548414,-3.52895895613409
1.528,910.272046112033,2265.41531444705,49.9927562852151,49.992788959091,1745.46959249867,645.37207820229,326.074991493341,326.53409516327,206.782791974125,114.197180714285,-320.979972959028,7.89997770663989,-2.28082141998849,-5.61915629447463
1.529,910.078418092811,2265.66483449195,49.992757826058,49.992788164844,1746.93280807949,643.953803232739,326.074552528667,326.534236990767,118.422108501613,202.877292302283,-321.299401051304,6.91863605216724,0.244907714928253,-7.16354377500977
1.53,908.942002017584,2266.80431609117,49.9927668693698,49.9927845377614,1748.00091023881,642.884914128067,326.074232098019,326.534343879678,19.325473853039,271.44560464544,-290.771078713503,5.25848174650718,2.74280391723474,-8.00128567141166
1.531,907.629435693495,2268.14390731824,49.9927773144407,49.9927802737101,1748.44674476362,642.427791756461,326.074098347661,326.534389591915,-82.1670329795522,313.784605154237,-231.617572349507,3.08652557737315,4.97280845787181,-8.05933404235976
1.532,905.906640671696,2269.89346572562,49.9927910240079,49.9927747046928,1747.50403361513,643.400687618466,326.074381161006,326.534292302329,-175.599322214935,325.428361845282,-149.829039762194,0.608793926873595,6.72001297929529,-7.32880691246915
1.533,905.528028082515,2270.24766574745,49.9927940369111,49.9927735772391,1746.10479432544,644.812816835828,326.074800932793,326.534151089407,-250.896000647517,304.488243067776,-53.5922425105324,-1.92608638191988,7.80466668788741,-5.87858031128
1.534,905.982840784347,2269.78363289017,49.9927904176266,49.9927750543015,1744.44989745012,646.465814168841,326.075297401855,326.533985789674,-302.622114087378,254.39837190233,48.223742131807,-4.27324209149376,8.12785079963137,-3.85460871237911
1.535,907.746811220393,2268.0293147419,49.9927763803959,49.9927806384696,1742.61863800322,648.293188979799,326.075846779689,326.533803052192,-325.020269091975,179.623345488095,145.396923578133,-6.20272098007378,7.65709763272686,-1.45437665584598
1.536,910.177861370986,2265.62686992981,49.9927570347135,49.992788285689,1742.48967476844,648.456036410587,326.07588546866,326.533786767449,-314.539036013423,86.2076083425734,228.331427660985,-7.52571574912001,6.43552758000923,1.09018816683634
1.537,911.652028816702,2264.17855676331,49.9927453036617,49.992792895813,1744.54696048668,646.392310330769,326.075268282944,326.533993140057,-274.176940453018,-14.6564378576807,288.833378302881,-8.11000334937561,4.58472803774477,3.52527531005255
1.538,911.275035797135,2264.56563441051,49.9927483036768,49.9927916637066,1746.83329291223,644.105701788831,326.074582383217,326.534221800911,-206.98597594083,-114.442119219786,321.42809514046,-7.90193781028416,2.28504994484737,5.6168878642564
1.539,909.8178761296,2266.0629718366,49.992759899385,49.9927868975335,1748.09727328895,642.873137931295,326.074203189104,326.534345057297,-118.974659485337,-203.18672035269,322.161379792371,-6.92058713878107,-0.240747171820607,7.16133430947448
1.54,908.017675624043,2267.85230934842,49.9927742249255,49.9927812018953,1747.88772680321,643.071317555811,326.074266053049,326.534325239335,-20.0141549674284,-271.09719882546,291.111353712313,-5.26146457375056,-2.73832242920998,7.99978700154059
1.541,906.190979691632,2269.69035889532,49.9927887613098,49.9927753512019,1746.73635403183,644.222333154037,326.074611464881,326.534210137775,81.5616933068437,-313.303014199592,231.741320770905,-3.08901662311772,-4.97042335185136,8.05943997294415
1.542,906.044159018095,2269.84649372413,49.9927899296716,49.9927748542093,1744.64283612361,646.343570788202,326.075239520253,326.533998014012,175.232528673928,-324.961002086292,149.728473246825,-0.612085932152998,-6.71808845033137,7.33017437960249
1.543,907.569636759345,2268.30032641083,49.9927777903055,49.9927797758127,1743.16518498203,647.838779067158,326.075682815596,326.533848493184,251.163623883048,-304.206755760436,53.0431316704566,1.92373627182105,-7.80405662180833,5.88032034608126
1.544,909.319048635503,2266.56177838876,49.9927638689281,49.9927853097829,1742.84240372746,648.150111969995,326.075779649972,326.533817359893,302.922690822318,-254.429158711142,-48.4935323535301,4.26997472176104,-8.12838002951872,3.85840530276505
1.545,910.85649424708,2265.0429307493,49.9927516343247,49.9927901444251,1742.96483990173,648.029096278067,326.07574291912,326.533829461463,325.110471799975,-179.787908383979,-145.322563684589,6.2003016609765,-7.65825363807526,1.45795197106214
1.546,912.140844283505,2263.77719510377,49.9927414137918,49.9927941733868,1743.87456191491,647.140507659826,326.075470002516,326.533918320324,314.94058321493,-86.8304808525099,-228.110102645234,7.52293025050967,-6.43738794894274,-1.08554230850516
1.547,912.824638573375,2263.10692013484,49.9927359723298,49.9927963069383,1745.51693392913,645.496296888251,326.074977290912,326.534082741402,274.361267794418,14.0678833177768,-288.429151395257,8.10950982753123,-4.58703805633342,-3.52247177880277
1.548,912.556230284303,2263.39499769958,49.992738108255,49.9927953899589,1746.68098282308,644.328974347252,326.074628076243,326.534199473656,206.712968522917,113.954755227336,-320.667724020136,7.9028411478679,-2.28854578290563,-5.61429537293213
1.549,911.254260145717,2264.7293709139,49.9927484690042,49.9927911425171,1747.41342208294,643.627893536884,326.074408344465,326.534269581737,118.530665292749,202.938072671302,-321.46873820809,6.92235408903082,0.236556898825225,-7.15891099585056
1.55,909.543886575257,2266.42667353322,49.9927620797246,49.992785739835,1747.15041248449,643.880260733058,326.074487247345,326.534244345017,19.6491915447874,271.402526078348,-291.051717831497,5.26398610528459,2.73499702543888,-7.99898313839683
1.551,908.211624061644,2267.75028565143,49.9927726815329,49.9927815266468,1745.8159595855,645.210447987723,326.074887583215,326.534111326292,-81.704649578444,313.638850835458,-231.934201422633,3.09177355968535,4.96737684366808,-8.05915041038978
1.552,908.58499600918,2267.40932255566,49.9927697103333,49.9927826119661,1744.21680839511,646.837906672278,326.075367328572,326.533948580423,-175.251260922373,325.483246601832,-150.231985800426,0.615994052976102,6.71636643663627,-7.33236049575922
1.553,910.034592467882,2265.93771543405,49.9927581748112,49.992787296237,1743.05695749622,648.001776705045,326.075715283842,326.53383219342,-250.560489908057,304.48746680506,-53.9269769780299,-1.91960967472256,7.80317381036793,-5.88356414075038
1.554,911.872441039478,2264.09344792254,49.992743549677,49.9927931667228,1742.51554676186,648.533294181999,326.075877707062,326.533779041672,-302.350693130784,254.524965987202,47.8257270947675,-4.26631892684385,8.12805507032288,-3.86173614751524
1.555,913.690079201049,2262.3061385374,49.9927290853721,49.9927988559053,1743.52725442714,647.543169762308,326.075574194762,326.533878054114,-324.692443906551,179.614212520022,145.078231359276,-6.19846255491918,7.65981306199437,-1.46135051012221
1.556,914.396886787561,2261.63446777701,49.992723460776,49.9928009938997,1745.60123073025,645.497057017451,326.074952001871,326.534082665389,-314.2762457977,86.4834948706186,227.792750908636,-7.52256046239708,6.43934464854469,1.08321581161541
1.557,913.653719145986,2262.40686979309,49.9927293747162,49.9927985352678,1747.4412599253,643.635703501349,326.074399993113,326.53426880074,-274.335548415549,-14.4297304953198,288.765278887359,-8.10970520271354,4.59135673209898,3.51834846892735
1.558,911.355747804571,2264.71030101495,49.9927476613911,49.9927912032185,1748.78109790703,642.301649521418,326.073998041718,326.534402206138,-206.961039666255,-114.169618085896,321.130657709628,-7.90353548104796,2.29233161029312,5.61120386929581
1.559,909.11450057941,2266.97016082284,49.9927654966698,49.9927840098613,1748.22949070959,642.882130816476,326.074163523878,326.534344158009,-118.984968983845,-203.01861893245,322.003587843126,-6.92419331699006,-0.233017547871883,7.15721086328119
1.56,908.17367038113,2267.87388254955,49.9927729835587,49.9927811332257,1746.28880449376,644.810202021835,326.074745729742,326.534151350888,-20.5820403082125,-271.018655956951,291.600696152464,-5.26640051262028,-2.73142372787349,7.99782423845296
1.561,908.228859940383,2267.82719749677,49.9927725443741,49.9927812818288,1744.04291115875,647.057344751542,326.075419497743,326.533926636615,81.1808764120845,-313.025991655179,231.845115086471,-3.09518821227038,-4.9652628565383,8.06045106601457
1.562,910.086332423273,2265.98474806315,49.9927577630777,49.9927871465275,1741.89878517413,649.214572309081,326.076062735538,326.533710913859,174.631524221935,-324.800298487824,150.168774065082,-0.619579354362028,-6.71440595249646,7.33398530309356
1.563,913.021872599024,2263.02584366075,49.9927344027912,49.9927965650127,1741.71930403055,649.406137761193,326.076116579881,326.533691757314,250.909564479462,-304.29666818478,53.3871034624642,1.91602241380195,-7.80165781971362,5.88563540104469
1.564,915.132332416473,2260.93702004888,49.9927176082856,49.9928032139448,1742.87319677277,648.244968773969,326.075770412059,326.533807874213,302.735118255194,-254.674097717056,-48.0610208156521,4.26419086819761,-8.12887095587903,3.86468008167748
1.565,915.815296084277,2260.28655512802,49.9927121734335,49.992805284439,1745.08447852139,646.032800431572,326.075107027534,326.534029091047,325.470925493744,-180.182883953822,-145.288041841773,6.19507914087311,-7.66123321051833,1.46615406257992
1.566,914.894858929916,2261.22968333817,49.9927194980396,49.9928022823686,1747.19875347851,643.948018772662,326.074472745047,326.534237569213,314.960934209662,-87.0840511391545,-227.876883383074,7.52006231821576,-6.44074664886014,-1.0793156773032
1.567,913.003577393934,2263.12598998803,49.9927345483799,49.9927962462371,1748.26879308585,642.861625490081,326.074151733165,326.534346208541,274.464571585167,13.9084725827825,-288.373044476375,8.10775538210957,-4.59268346026923,-3.51507193040059
1.568,910.337716697609,2265.79296693645,49.9927557626252,49.9927877569858,1747.62819822053,643.481777062574,326.074343911624,326.534284193384,207.166200099797,113.595564547766,-320.761764937591,7.90410558144629,-2.29573219187871,-5.60837339840536
1.569,909.161107436089,2266.98633724649,49.9927651257842,49.9927839583701,1746.05985156141,645.099767292239,326.074814415622,326.534122394361,118.847606332564,202.594827894032,-321.442434486381,6.92611086898301,0.229464365717284,-7.15557524345309
1.57,909.078906876716,2267.04606826843,49.9927657799155,49.9927837682404,1744.16357154203,646.976069937029,326.075383299628,326.533934764097,20.0814432537847,271.071000932826,-291.152444407079,5.27029254544836,2.72809766710337,-7.99839022087002
1.571,910.281066892976,2265.84175058521,49.99275621343,49.9927876017026,1742.35701873285,648.776510377573,326.075925265471,326.533754720053,-81.7257052124615,313.756134997759,-232.030429960444,3.09940252009768,4.96121425657134,-8.06061678424375
1.572,912.101246945489,2264.02780250723,49.9927417288974,49.9927933756787,1740.97767418652,650.194819767289,326.076339068834,326.533612889114,-175.004237862262,325.766528004569,-150.762290271241,0.622035003367677,6.71198882493836,-7.33402383489847
1.573,914.971514799468,2261.14866624111,49.9927188880316,49.992802540254,1741.49656089921,649.67742186815,326.076183402821,326.533664628904,-250.566874019981,304.691924425857,-54.1250504921497,-1.91289579868366,7.80126983808045,-5.88837404486689
1.574,916.946044065934,2259.21608723399,49.9927031752269,49.9928086918441,1743.40375372443,647.764184305078,326.075611244973,326.53385595266,-302.271588392257,254.617314757421,47.6542735839697,-4.26101784612967,8.13000479391152,-3.86898695209539
1.575,916.601570634031,2259.59468710227,49.9927059164594,49.9928074867233,1746.42434263901,644.748172607197,326.074705068299,326.53415755383,-324.607854533988,180.057182376298,144.550672130942,-6.19289167061785,7.66297522961765,-1.47008356223619
1.576,915.021981449208,2261.21548259111,49.9927184864307,49.992802327571,1748.85040650279,642.349825809066,326.07397724914,326.534397388509,-314.540803056889,86.7304713622885,227.810331677284,-7.51959399668689,6.44505238622579,1.07454160811199
1.577,912.697193296034,2263.54234369889,49.992736986507,49.9927949209421,1749.4306896712,641.758003839982,326.073803164189,326.534456570706,-274.32541179599,-14.2248703200948,288.550282092924,-8.10882187581489,4.5969178289719,3.51190404508998
1.578,910.657635370241,2265.56543721704,49.9927532167933,49.9927884812354,1748.25567636891,642.923624059538,326.07415566818,326.534340008684,-207.41059022235,-113.875429164812,321.28601934308,-7.90465272085166,2.2992348779227,5.60541784142072
1.579,909.699468674544,2266.53217604634,49.9927608416416,49.9927854040101,1745.84921443224,645.365711882138,326.074877606761,326.534095799902,-119.704826721868,-202.30855383136,322.013380475221,-6.9277217405101,-0.225926027935816,7.15364776679945
1.58,910.131332902527,2266.06951189028,49.9927574049753,49.9927868767159,1743.85683767021,647.341964085531,326.075475319789,326.533898174682,-20.5735295962975,-271.147065438401,291.720594914206,-5.27296125559735,-2.72432394239558,7.99728519584313
1.581,911.435632095792,2264.7733904283,49.9927470256921,49.9927910023986,1742.74099706236,648.454803906122,326.075810071972,326.5337868907,80.8388599390989,-313.1711933214,232.332333214397,-3.10300016978651,-4.95891437033169,8.06191453715226
1.582,913.44487338782,2262.77720269079,49.9927310366579,49.9927973564615,1742.52718352175,648.687360051396,326.075874216034,326.533763635085,174.596127527589,-325.107160107198,150.511032363842,-0.627341058097329,-6.70915388826515,7.33649494234548
1.583,914.942261232491,2261.27078413401,49.9927191208241,49.9928021515407,1743.20236432067,648.031886762876,326.075671661794,326.533829182414,250.650798212781,-304.163483199725,53.512684727769,1.90931374015818,-7.79968534160376,5.89037159624901
1.584,915.608735016442,2260.62104260049,49.9927138171942,49.9928042197323,1744.93797155298,646.28683407968,326.075150979624,326.534003687682,302.747928858275,-254.701180854348,-48.046748298699,4.25811620218184,-8.12926020856028,3.87114399998076
1.585,915.553443297341,2260.71073461226,49.9927142571917,49.9928039342337,1746.50188551655,644.713128570747,326.074681805435,326.534161058233,325.175535947237,-180.371168210051,-144.804368056576,6.19098629829002,-7.66480755876156,1.47382125296209
1.586,914.39305163365,2261.88033905179,49.9927234912952,49.9928002112672,1747.73365732262,643.516654618615,326.074312273894,326.534280705629,314.980577760945,-87.262884585143,-227.717693505238,7.51739511646375,-6.4455469871769,-1.07184813770985
1.587,912.773105244194,2263.49688306517,49.992736382419,49.9927950656477,1747.5197116931,643.713663529524,326.074376457582,326.534261004737,274.745388855915,13.588637077113,-288.334026257477,8.10775857700507,-4.59878776153701,-3.50897082451438
1.588,911.794938045635,2264.47689401463,49.9927441664262,49.992791946176,1746.59911478029,644.631115014548,326.074652636656,326.534169259589,207.134504639147,113.375842221219,-320.510347164352,7.90535375451233,-2.30222623538883,-5.60312752843807
1.589,911.402309100194,2264.89144321722,49.9927472908681,49.9927906266249,1745.07075081276,646.184467405029,326.075111145847,326.53401392435,119.286219094979,202.363919271659,-321.650138637549,6.93086831251071,0.221811785600709,-7.15268010730857
1.59,912.224168830506,2264.02573530213,49.9927407507161,49.9927933822588,1743.69698276023,647.547181659627,326.075523276262,326.533877652924,19.9051707064133,271.058685916094,-290.963856851329,5.2746409725289,2.72078609035212,-7.99542707159208
1.591,913.009043189917,2263.24281980855,49.9927345048844,49.9927958743562,1742.91160310982,648.32138074355,326.075758890157,326.533800233016,-81.3446641844396,313.511096103195,-232.166432100324,3.10597532141914,4.95508197711714,-8.0610573064448
1.592,914.344724200518,2261.92962625741,49.9927238758727,49.9928000543811,1742.90489029566,648.362388553548,326.075760904002,326.533796132235,-174.85386491362,325.687576258692,-150.833711479181,0.629787174538524,6.70795358872573,-7.33774077013594
1.593,915.778629050177,2260.50734302821,49.9927124652204,49.9928045816492,1743.72927698209,647.543636314766,326.075513587996,326.533878007459,-250.562519617026,304.914857774252,-54.3523382477901,-1.90591076264546,7.80010873530754,-5.89419797836337
1.594,916.189253074459,2260.08973209961,49.9927091975783,49.9928059109461,1745.25794064026,646.003497812798,326.075054988898,326.534032021309,-302.052518566038,254.894349108736,47.1581694027899,-4.25413576247359,8.12885894959642,-3.87472319162915
1.595,915.613860243859,2260.70126615051,49.9927137764089,49.9928039643728,1746.7395726622,644.519452394858,326.074610499292,326.534180425851,-324.72857444822,179.950966847456,144.777607570214,-6.18789872165272,7.66468071800473,-1.47678199975446
1.596,914.105403194049,2262.23243000799,49.9927257803287,49.9927990905268,1747.15920315507,644.134598102367,326.074484610144,326.53421891128,-314.541958214324,86.9882754715731,227.553682721595,-7.51684782925163,6.44838091069543,1.06846691605549
1.597,912.72765630699,2263.6099360293,49.9927367440901,49.992794705789,1746.79157909996,644.471078554914,326.07459489736,326.534185263235,-274.601042750247,-13.8521715321461,288.453214255092,-8.10746150005759,4.60340541619745,3.50405608196373
1.598,911.534592851158,2264.79560761616,49.9927462381874,49.9927909316791,1745.56611339469,645.708723623412,326.074962537072,326.534061498728,-207.594020802872,-113.474227202075,321.068247956631,-7.90686890705495,2.30591697761724,5.60095192778713
1.599,912.315955889784,2264.02123467976,49.9927400202979,49.9927933965847,1743.82725444404,647.489455297313,326.075484194757,326.533883425561,-119.851831640614,-202.299394369413,322.151225927942,-6.93129362954183,-0.219506693853963,7.15080032160828
1.6,913.827739472332,2262.48274118955,49.9927279899064,49.9927982937616,1742.90547843648,648.383315690457,326.075760727559,326.533794039521,-20.6232883268256,-271.04579669787,291.669084899755,-5.27819649386206,-2.71772277348737,7.99591926505612
1.601,915.117408685934,2261.20623721143,49.9927177270449,49.992802357,1743.0453573919,648.238585318266,326.075718763873,326.533808512559,80.6236396115413,-312.964263590503,232.340623806834,-3.10934267632555,-4.95276393919379,8.06210661240674
1.602,916.115451361961,2260.23863782225,49.9927097848736,49.9928054369645,1743.7402726103,647.568314732034,326.075510289307,326.533875539617,174.335754976391,-324.980779876994,150.645024680983,-0.634189965189004,-6.70584951528104,7.34003947630849
1.603,916.723019700475,2259.62166310134,49.9927049499984,49.992807400856,1745.46746287664,645.852041030631,326.074992132227,326.534047166987,250.310965204094,-304.471207357879,54.1602418882657,1.90148672770628,-7.79784190079159,5.89635516773451
1.604,915.942242635606,2260.41977755197,49.9927111632249,49.9928048603788,1747.41216033381,643.896346554687,326.07440872299,326.534242736435,302.295088915164,-254.773201376901,-47.5218878439605,4.25054606614991,-8.12886590195718,3.87831982920952
1.605,913.774739037853,2262.61107175496,49.9927284116705,49.9927978852727,1747.99305077316,643.30538207739,326.074234455858,326.534301832883,325.251967108696,-180.57053045846,-144.681436984909,6.18568573444149,-7.66641829199791,1.48073254977098
1.606,911.952128161071,2264.43632725843,49.992742915547,49.992792075304,1747.10707019226,644.223038593415,326.074500250033,326.534210067231,314.978595607958,-87.4783390832575,-227.500256873381,7.51437951320837,-6.45015239847867,-1.06422712352259
1.607,911.172328372375,2265.19826326763,49.9927491209965,49.9927896499864,1744.99397255329,646.316707091228,326.075134179324,326.534000700381,275.015968512092,13.0008297633384,-288.01679862122,8.10777577603175,-4.60555160254299,-3.50222418299856
1.608,911.827501612653,2264.53625132903,49.9927439072936,49.9927917572358,1743.42334476415,647.892639523027,326.075605367661,326.533843107138,207.667474219611,113.0080138437,-320.675488390062,7.90775109156409,-2.30936315942166,-5.59838794199822
1.609,913.416426166937,2262.96460067487,49.9927312630337,49.9927967599552,1742.9622292346,648.388284751372,326.07574370232,326.533793542615,119.348682794772,202.092862290536,-321.441545379148,6.93379341001506,0.214785111888588,-7.14857853169991
1.61,914.729339782547,2261.6294867805,49.9927208151991,49.9928010097547,1743.19643148166,648.130908102377,326.075673441646,326.53381928028,20.381111985749,271.333531329877,-291.714643565905,5.28086267588172,2.71436441028101,-7.9952270955033
1.611,915.637720529472,2260.74403067197,49.9927135865348,49.9928038282491,1744.09291697853,647.229979920696,326.075404495997,326.533909373098,-80.8206024075436,313.277891053312,-232.457288846247,3.11326936883164,4.94994699918925,-8.06321637655753
1.612,916.118349851973,2260.2876143623,49.9927097618082,49.9928052810673,1745.31743888091,646.031641156642,326.075037139426,326.534029206975,-174.436825309801,325.514854998547,-151.078029838453,0.638034533370353,6.70323025280771,-7.34126479364456
1.613,915.521403472861,2260.87446257132,49.9927145121565,49.9928034130714,1746.60980635117,644.745852242518,326.074649429185,326.534157785866,-250.301958248362,304.860496992581,-54.5585388450209,-1.8983172345565,7.79690059254588,-5.89858336421708
1.614,914.668171589236,2261.73439936693,49.9927213019601,49.9928006758076,1746.9431139627,644.387671926063,326.074549436902,326.534193603898,-301.906345366097,255.23817354672,46.6681717598264,-4.24725409572094,8.12966556388943,-3.88241147309977
1.615,913.643914555,2262.76830048642,49.9927294527386,49.9927973847981,1746.64016627606,644.698159296942,326.074640321208,326.534162555161,-324.756318975996,180.443730672696,144.312588273412,-6.18264800975729,7.66641093634343,-1.4837629302883
1.616,912.746256558378,2263.6714365413,49.992736596074,49.9927945100268,1745.50369982711,645.860663442129,326.074981261142,326.534046304746,-314.81266991768,87.4657785379192,227.346891363788,-7.51354090260836,6.45277790663594,1.06076299330909
1.617,912.708721455618,2263.69307113859,49.9927368947689,49.9927944411617,1744.41590773158,646.926747008828,326.075307598771,326.533939696389,-274.868530830558,-13.5330588695513,288.401589680636,-8.1068167130271,4.60837654807105,3.49844016302394
1.618,913.461632306077,2262.95165167171,49.9927309032947,49.9927968011732,1743.26269183863,648.086986643158,326.075653563539,326.533823672426,-207.768563717673,-113.174153427073,320.942717105266,-7.90885015276979,2.31299453227018,5.59585561891778
1.619,914.454660261495,2261.97941092488,49.9927230010293,49.9927998959116,1743.54929517333,647.833766063022,326.075567582538,326.533848994484,-119.993356412815,-202.195061967759,322.18841830692,-6.93630857947461,-0.210850157911792,7.14715873573833
1.62,915.297698640456,2261.12668710499,49.992716292343,49.9928026102158,1744.33840426799,647.031678967576,326.07533084981,326.533929203194,-21.2446871279445,-270.360353805764,291.605040814628,-5.2845793820694,-2.71066373333927,7.99524311328446
1.621,915.033583157158,2261.39545310704,49.9927183941073,49.9928017547071,1745.2815658728,646.068572013754,326.075047901329,326.534025513889,80.4074811593146,-313.141352565958,232.733871236171,-3.11716551009231,-4.94626621354933,8.06343172068019
1.622,914.671495876698,2261.77237738447,49.9927212755063,49.9928005549198,1745.67527601366,645.700173934424,326.074929788286,326.534062353697,173.998123554316,-325.05458146722,151.056457690157,-0.642281476544771,-6.70039740702451,7.34267887949661
1.623,914.255028440773,2262.18665257058,49.9927245896489,49.9927992362409,1746.34681878268,645.040787995874,326.074728325456,326.534128292291,250.126252754731,-304.515653236294,54.3894002091218,1.89420814572469,-7.79559905264728,5.90139090157071
1.624,913.360823480791,2263.08276687363,49.9927317055058,49.9927963838205,1745.75042176275,645.61937244683,326.074907244562,326.534070433846,302.546260086347,-255.464231523885,-47.0820288765027,4.2450451650048,-8.12961824176645,3.88457307007724
1.625,913.09405936458,2263.33736350601,49.9927338283472,49.9927955734143,1744.46973848404,646.910444689982,326.075291449545,326.533941326621,325.2474479887,-180.71189165032,-144.535556682172,6.1805906046441,-7.66707517112699,1.48648455854263
1.626,913.976415623064,2262.46027111253,49.9927268067792,49.9927983652861,1743.89155219862,647.51759757127,326.075464905431,326.533880611333,315.154257958555,-87.9913021327479,-227.162956183522,7.51210803448028,-6.45417048972458,-1.05793755375225
1.627,914.807269887055,2261.64656311965,49.9927201950511,49.9928009553991,1744.3219510885,647.060417952219,326.075335785764,326.533926329295,275.186757756853,12.7794890549551,-287.966247166906,8.10776260134479,-4.6123898099473,-3.49537280114582
1.628,915.15400717053,2261.30098298939,49.9927174358034,49.9928020554148,1744.85828973993,646.532347448993,326.075174884168,326.533979136345,207.955529054825,112.626299815678,-320.581829206531,7.90987190174136,-2.31602280472924,-5.59384910713078
1.629,915.219615551506,2261.25389565316,49.9927169137085,49.9928022052984,1745.47790155663,645.932582129406,326.074989000623,326.534039112877,119.592379798917,202.229988256756,-321.822368358572,6.93799521952039,0.207049529965237,-7.14504475955805
1.63,914.8949274042,2261.58024471668,49.9927194974947,49.9928011664971,1746.35309557263,645.048351675352,326.074726442419,326.534127535923,20.7184872719863,271.096985769922,-291.815473302405,5.28723392859638,2.70770422246046,-7.99493816068922
1.631,913.990144619714,2262.49949036718,49.9927266975273,49.9927982404473,1746.69619861081,644.697939386959,326.074623511507,326.534162577152,-80.7529768924985,313.268003872339,-232.51502719066,3.12036169134768,4.94391915844743,-8.06428085863705
1.632,913.087314943128,2263.4037333212,49.9927338820176,49.9927953621526,1746.10522007952,645.306868091993,326.074800805067,326.534101684281,-174.037530084181,325.719760439378,-151.682230513663,0.645238340790938,6.69903219355606,-7.34427054211899
1.633,913.202542062758,2263.26464862369,49.9927329650693,49.9927958048729,1745.32906287135,646.087907072555,326.075033652229,326.534023580383,-249.768649736643,304.954589207714,-55.1859395801231,-1.89021679097688,7.79390203346497,-5.90368524900981
1.634,913.508872306685,2262.97003126692,49.9927305273707,49.9927967426691,1744.87606439982,646.534698841126,326.07516955177,326.533978901206,-301.856882640792,255.382084251027,46.4747983230901,-4.2413752279919,8.12957766663034,-3.88820244384603
1.635,913.870292178895,2262.59802156493,49.9927276512827,49.9927979268128,1744.31340945584,647.102263611162,326.075338348254,326.533922144729,-324.772798890267,180.698874148227,144.073924704849,-6.17845951481355,7.6686512143831,-1.49019170353005
1.636,914.829993095232,2261.64976997714,49.9927200142255,49.9928009451913,1744.03135699351,647.401160181926,326.075422963992,326.533892255072,-314.897337732792,87.6270667575378,227.270270953161,-7.51047766053902,6.45696041840168,1.05351723923128
1.637,915.748553605494,2260.73177096788,49.9927127045532,49.9928038672729,1744.2684904274,647.142406971672,326.075351823962,326.533918130393,-274.992581780023,-13.181795551745,288.174377307465,-8.10685611913312,4.61499204921272,3.49186406777442
1.638,916.048000313254,2260.43772954557,49.992710321632,49.9928048032358,1745.43069750398,645.987967969559,326.075003161839,326.534033574293,-208.016812302508,-112.970670360674,320.987482620021,-7.90963369744551,2.31950051839025,5.59013317729097
1.639,915.110378208797,2261.41789259954,49.9927177829917,49.9928016832799,1746.75757282708,644.683270833273,326.074605099242,326.534164044007,-120.079175758806,-202.197369902762,322.27654558424,-6.94067163419581,-0.202517486224012,7.14318911861691
1.64,913.787144435223,2262.72853260749,49.9927283129515,49.9927975113832,1747.63318793662,643.792801885654,326.074342414709,326.534253090902,-21.4145915837701,-270.009353141754,291.423944602597,-5.29046992918517,-2.70294001693525,7.99340994386079
1.641,912.483582563764,2264.01142184617,49.9927386863672,49.9927934278199,1747.02110434667,644.401232541586,326.074526039786,326.534192247836,80.233073164653,-313.056118889078,232.823045548907,-3.12259454855287,-4.94059027716664,8.06318482262987
1.642,911.629386192104,2264.88888522035,49.992745483846,49.9927906347673,1745.31699368235,646.131342911334,326.075037272986,326.534019236799,173.794651394005,-325.126131437062,151.331479813293,-0.648058039621505,-6.69763402253862,7.3456920579475
1.643,912.152583198676,2264.33362490579,49.9927413203765,49.9927924022157,1744.02017506921,647.425477916452,326.07542631857,326.533889823299,250.174568488905,-304.947789192017,54.7732204217586,1.88716997100817,-7.793325917122,5.90615594059228
1.644,912.922564401441,2263.57506555673,49.9927351930608,49.9927948167851,1743.52519138915,647.914923039583,326.075574813674,326.533840878786,302.488818442149,-255.143844967447,-47.3449738000484,4.23885174723946,-8.12980119199285,3.89094943785666
1.645,913.997575261332,2262.49651265287,49.9927266383962,49.9927982499257,1742.90941717221,648.532456977033,326.075759545939,326.533779125393,325.27577123781,-181.178509220163,-144.097262374793,6.176383080881,-7.67010177771326,1.49371868862535
1.646,915.511116148107,2260.99238388587,49.9927145940205,49.9928030377162,1743.07412502646,648.388377376862,326.075710133582,326.533793533353,315.248544584483,-88.4024912446265,-226.846053712886,7.50897625312559,-6.45910192551876,-1.0498743369293
1.647,916.156144878254,2260.35873621153,49.9927094610449,49.9928050546794,1744.78754357053,646.645814254713,326.075196108019,326.533967789665,275.299358087558,12.5387239707346,-287.83808242911,8.10614595708079,-4.61854634127974,-3.48759962592635
1.648,915.824325572267,2260.69125318263,49.9927121015791,49.992803996245,1745.98310157245,645.4652071619,326.074837440619,326.534085850374,208.122205246439,112.311415422187,-320.433621019763,7.91077894303045,-2.32279491203744,-5.58798404152304
1.649,915.056191479847,2261.50624150792,49.992718214196,49.9928014020566,1747.10492274545,644.358770607819,326.074500894267,326.53419649403,119.815436827075,201.654521561988,-321.469958705995,6.9431996064539,0.198923015849182,-7.1421226328004
1.65,913.365908965169,2263.16578478547,49.9927316650368,49.9927961195663,1747.65111485299,643.800698352647,326.074337036635,326.534252301255,21.0961613703413,270.9319578327,-292.028119475692,5.29185186648662,2.70014641200925,-7.99199828854543
1.651,911.751202948375,2264.78163084514,49.992744514459,49.9927909761685,1746.71619705638,644.72347803464,326.074617511973,326.534160023287,-80.4679645001558,313.224786291466,-232.756822011886,3.12697400554852,4.9375659391848,-8.0645399539667
1.652,911.24959554744,2265.30216288132,49.9927485061239,49.9927893192636,1745.42394634342,646.029019684264,326.075005187187,326.534029469122,-174.043610833646,325.774794087806,-151.731183419772,0.653750668978187,6.69473394854221,-7.34848462564213
1.653,911.792069644782,2264.73284023528,49.9927441892522,49.9927911314739,1743.96773973808,647.508283097016,326.075442049169,326.533881542781,-250.123622971053,305.364097586557,-55.2404747292849,-1.88446602564911,7.79283423863182,-5.90836821980109
1.654,912.662224179804,2263.8538347819,49.9927372647824,49.9927939294351,1743.12700216372,648.333356674085,326.075694270441,326.533799035423,-302.073864307269,255.720149920386,46.3537143171904,-4.23535703594846,8.13006579853696,-3.894708768036
1.655,914.278108926347,2262.25625382637,49.9927244059802,49.9927990146933,1743.41636209052,648.057782891,326.075607462463,326.533826592801,-324.764729812105,180.865331385697,143.899398388259,-6.17475549737606,7.67249579501264,-1.49774030177873
1.656,915.381360499104,2261.17367720102,49.9927156265831,49.9928024606417,1744.50368154797,646.987440443015,326.075281266626,326.533933627046,-314.78177721922,87.927401415606,226.854375781666,-7.508346026222,6.46229542179373,1.04605060139634
1.657,915.409463948431,2261.14807792118,49.992715402943,49.9928025421267,1745.84813479929,645.613204306843,326.074877930651,326.53407105066,-274.914010018594,-13.1233104267306,288.037320421805,-8.10609592038668,4.62140494934793,3.48469096881012
1.658,914.621200523791,2261.94674613471,49.992721675744,49.9927999998868,1746.80036495548,644.661497485436,326.074592261604,326.534166221342,-208.064206093366,-112.799618562212,320.863824612898,-7.91221549094682,2.32795507900965,5.58426041012313
1.659,913.333495182483,2263.24942622208,49.9927319229775,49.9927958533273,1747.2787505517,644.213114545893,326.074448745925,326.534211059636,-120.19830252451,-201.97193846683,322.170240913275,-6.94363002376826,-0.195354100638898,7.13898412256597
1.66,912.529186675193,2264.02772783176,49.9927383234613,49.9927933759164,1746.68196004336,644.804299015451,326.074627783077,326.534151941189,-21.5603146073047,-270.718386142007,292.278700623678,-5.29401461324877,-2.69765689520275,7.99167150614349
1.661,912.291236795494,2264.2619336186,49.9927402170062,49.9927926304162,1745.37610170068,646.095570470911,326.07501954058,326.534022814043,79.6388593727487,-312.685849792117,233.046990238449,-3.13011917318044,-4.93496527390422,8.06508444391636
1.662,912.717428366386,2263.85223069274,49.9927368254815,49.9927939345411,1744.96434192556,646.529400536337,326.075143068513,326.533979431037,173.334478881461,-324.924995281407,151.590516160928,-0.656562866037309,-6.69279899151124,7.34936185319836
1.663,913.400359194159,2263.15897345374,49.9927313908906,49.9927961412474,1744.83183267636,646.669927481305,326.075182821287,326.533965378342,249.901320320589,-304.80405519217,54.9027345814175,1.88027007466471,-7.79176306190997,5.91149298153203
1.664,913.262171383649,2263.28179564976,49.9927324905543,49.9927957502923,1744.86864852351,646.605507665092,326.075171776533,326.533971820324,302.263071861258,-255.500731988744,-46.7623402056705,4.23092123251186,-8.12869048784577,3.89776924821977
1.665,913.306820628065,2263.25849502105,49.9927321352469,49.9927958244605,1744.88341122202,646.604086292485,326.075167347724,326.533971962461,325.231320380338,-181.412921427475,-143.818399316634,6.17152055745093,-7.67360632805825,1.50208576217985
1.666,913.667082200499,2262.91068598174,49.9927292683764,49.992796931571,1745.4650104802,646.04409600325,326.074992867946,326.53402796149,315.474234097418,-88.5728773257552,-226.901357150925,7.50642443623514,-6.46437356785308,-1.04205087791773
1.667,913.859252270924,2262.71793824549,49.9927277391355,49.9927975451061,1745.70737661031,645.787233194916,326.074920158107,326.534053647771,275.299237872631,12.309166938071,-287.608405187358,8.10582821845921,-4.62393038693308,-3.48189784185344
1.668,913.532765502411,2263.05557575482,49.9927303372347,49.9927964703725,1746.40084055571,645.103011656375,326.074712118924,326.534122069925,207.883961182392,112.360736549581,-320.244698088277,7.91287418972812,-2.33028339690938,-5.58259080353718
1.669,912.998759329771,2263.61066048868,49.9927345867208,49.992794703483,1746.59279206851,644.922801861606,326.07465453347,326.534140090904,120.362273448573,201.238864277951,-321.601138047297,6.94609349487036,0.191649395085221,-7.13774290062318
1.67,912.52647663672,2264.04924193714,49.9927383450271,49.9927933074348,1746.53237595832,644.984269652264,326.074672658303,326.534133944125,21.311866207136,270.465507685208,-291.777374165513,5.29714220796336,2.69391727253764,-7.99105949067965
1.671,912.141270204397,2264.44334205727,49.9927414104024,49.9927920529752,1745.9890261639,645.511837020857,326.074835663241,326.534081187388,-79.9601113861551,313.016744676013,-233.056633507773,3.1333158466927,4.93232657782973,-8.06564243382284
1.672,912.038975340113,2264.5626235776,49.9927422244391,49.9927916732903,1745.27352455372,646.237537058118,326.075050313724,326.534008617385,-173.677066301096,325.469322425346,-151.792256285287,0.660742859292498,6.6903208279009,-7.35106369531396
1.673,912.648798478502,2263.91187391884,49.9927373716208,49.9927937446908,1744.54273317397,646.986503002329,326.075269551138,326.53393372079,-249.743416207431,305.17903405311,-55.4356179527799,-1.87702318860315,7.78975916072148,-5.91273597886942
1.674,913.7506999243,2262.81706214823,49.9927286029677,49.9927972295849,1744.31519585028,647.203254302105,326.075337812335,326.53391204566,-301.506086787243,255.68203831588,45.82404841005,-4.22981015554047,8.12992865966715,-3.90011850944333
1.675,914.469464234609,2262.12053442498,49.992722883223,49.9927994467015,1745.14265459,646.362612877447,326.075089574713,326.533996109803,-324.534783942127,180.832047966604,143.702735946933,-6.16864074830393,7.67463868616481,-1.50599794181559
1.676,914.324517967008,2262.2798264946,49.9927240366688,49.9927989396591,1745.75410163714,645.782215793196,326.074906140599,326.534054149511,-314.944125836277,88.0554344771369,226.888691347047,-7.50514140427776,6.4664968410082,1.0386445604707
1.677,913.99853278455,2262.60185068727,49.9927266307764,49.9927979146243,1746.80920279946,644.707235319694,326.074589610251,326.534161647558,-275.264916684859,-12.7253786628309,287.99029533414,-8.10559867074924,4.62665933475421,3.47893933403124
1.678,912.89757713323,2263.71517956034,49.9927353919031,49.9927943707884,1747.40698794735,644.097171332046,326.074410274706,326.534222653957,-208.576979772539,-112.41658310003,320.993562839451,-7.91410933615759,2.33537087465492,5.57873845997024
1.679,911.611235406294,2265.00474537354,49.9927456282854,49.9927902659729,1746.66440594791,644.879735033661,326.074633049306,326.534144397587,-120.734137630312,-201.417836780654,322.151974341681,-6.94683388753067,-0.189367337959455,7.1362012239323
1.68,911.254598987096,2265.35018101639,49.9927484663078,49.9927891664171,1745.71734015662,645.808382752219,326.074917169043,326.534051532815,-21.7149164301158,-270.425653008752,292.140569320522,-5.300913425457,-2.6904272636964,7.99134068711516
1.681,911.308735800961,2265.29135504644,49.9927480355007,49.992789353666,1744.83059272273,646.678801766009,326.075183193274,326.533964490914,79.1944268060918,-312.630871137389,233.4364441557,-3.13762351557624,-4.92846366609035,8.06608717873732
1.682,912.001442325618,2264.59918996804,49.9927425231174,49.9927915568959,1744.49717351922,647.042707434962,326.075283219035,326.533928100347,173.11565654918,-324.984238889599,151.868582105481,-0.663613219737455,-6.68809672082958,7.35170993642242
1.683,912.82836479937,2263.76985093116,49.9927359426774,49.992794196764,1744.40960058781,647.134050179837,326.075309490914,326.533918966072,249.463256812097,-304.858675164973,55.3954180613619,1.87337787399136,-7.78972642728366,5.91634854772461
1.684,913.369437413524,2263.23481099542,49.9927316369583,49.992795899849,1744.78176876919,646.753055252218,326.07519784046,326.533957065565,302.102705643059,-255.528682600626,-46.5740233827621,4.22618346920282,-8.13045839356535,3.90427491729262
1.685,914.021094010325,2262.59614876143,49.9927264512399,49.9927979327741,1745.35555264119,646.167938872451,326.075025705298,326.534015577203,325.079023290714,-181.35499144418,-143.724032222291,6.16588196044798,-7.67599115504494,1.51010918609179
1.686,913.507899551364,2263.12885580526,49.9927305351116,49.9927962371149,1746.6025176348,644.95123179706,326.0746516158,326.534137247911,315.420219884427,-88.7673240108912,-226.652896268041,7.50322779649712,-6.46921308092253,-1.03401472530932
1.687,912.533990918053,2264.09801017289,49.9927382852303,49.9927931522007,1747.00552673009,644.535561409513,326.074530713071,326.534178814949,275.309757213585,12.0513346463904,-287.3610922538,8.10544748301792,-4.62967553115941,-3.47577196249166
1.688,911.975728849736,2264.63105923811,49.9927427277387,49.9927914554529,1746.4972279831,645.032579524897,326.074683202695,326.534129113138,208.50629924453,111.799084364923,-320.305383984158,7.9133679010793,-2.33744808908063,-5.57591982310927
1.689,911.565770613791,2265.07165860648,49.9927459900827,49.9927900529815,1746.03624890751,645.522784319922,326.074821496418,326.534080092658,120.424327389046,201.33945837716,-321.763786104604,6.94940488361589,0.184892165327169,-7.13429706006116
1.69,911.420006948052,2265.17254278265,49.9927471500331,49.9927897318572,1745.59398094595,645.941887916614,326.074954176807,326.534038182299,21.8366090893542,270.105788197058,-291.942397576142,5.30337829014393,2.6852508616213,-7.9886291624238
1.691,911.467926121387,2265.15559863556,49.9927467687044,49.9927897857921,1745.54505737257,645.999208409077,326.074968853879,326.534032450249,-79.8058101765869,313.094823221987,-233.289013277418,3.14029222444699,4.92727180720853,-8.06756404143626
1.692,911.855649854644,2264.76752125204,49.992743683297,49.9927910210808,1745.3574994187,646.199399098697,326.075025121265,326.534012431181,-173.498257676423,325.536923420593,-152.038665916132,0.667150718373833,6.68620667331788,-7.35335740026342
1.693,911.922205553604,2264.69914860913,49.9927431536635,49.9927912387177,1745.21521222809,646.354171776384,326.075067807422,326.533996953913,-249.853154693479,305.579057697859,-55.7259031195604,-1.87015946665366,7.78914342500388,-5.91898396550014
1.694,912.310572337921,2264.3076806688,49.9927400631389,49.9927924847988,1745.3530747339,646.180960802747,326.07502644867,326.53401427501,-301.423233761939,255.678034945978,45.7451987496709,-4.22133880679323,8.13019212991941,-3.90885332877333
1.695,912.222570869598,2264.39178018978,49.9927407634323,49.9927922171017,1745.29695039079,646.24499820739,326.075043285973,326.53400787127,-324.762947856476,181.403094513852,143.359853312277,-6.16353655858889,7.67642335799743,-1.51288680361522
1.696,912.778763336441,2263.84468704149,49.9927363373933,49.9927939585533,1745.47725814558,646.095118188863,326.074989193647,326.534022859271,-315.073967459294,88.2835782719776,226.790389176812,-7.50199843934868,6.47046047979222,1.03153795659146
1.697,912.902261841048,2263.73759834302,49.9927353546234,49.9927942994272,1746.36419246697,645.186886609881,326.07472311335,326.534113682429,-275.424135167814,-12.2270279169039,287.65116307484,-8.10598592707202,4.63344201295613,3.47254391206967
1.698,912.056668537038,2264.57044251868,49.9927420836411,49.9927916484019,1746.52770335091,645.020734516229,326.074674060085,326.534130297639,-208.707677509925,-112.233442784764,320.941120266555,-7.9149025906932,2.3412060854501,5.57369650369704
1.699,911.651749047126,2264.99808622866,49.992745305888,49.9927902871697,1746.10856093537,645.463100639872,326.07479980281,326.534086061026,-121.239374343807,-201.039691974763,322.279066254915,-6.95148710449903,-0.181204481753647,7.13269158474103
1.7,911.37092323218,2265.23464867125,49.9927475406289,49.992789534168,1745.91106212833,645.647867104826,326.074859052452,326.53406758438,-22.0603836806834,-270.28068988742,292.341073455586,-5.30514087271968,-2.68287767180454,7.98801854257469
1.701,910.96225718864,2265.67516305782,49.9927507926899,49.9927881319672,1745.48575881911,646.06119616847,326.074986643445,326.534026251474,79.1814122069324,-312.451738588528,233.270326212019,-3.14420780578327,-4.92357303433779,8.0677808373101
1.702,910.820857647016,2265.81347611373,49.9927519179117,49.992787691703,1745.27266899775,646.302071021106,326.075050570391,326.534002163988,173.064109668569,-325.18460037331,152.120490475368,-0.670606742888385,-6.68464075670674,7.35524749558681
1.703,911.548857948868,2265.07204515622,49.9927461246694,49.9927900517511,1745.48985534102,646.089054978318,326.074985414488,326.534023465593,249.510140824222,-305.003766947376,55.4936258331827,1.86594516437208,-7.7873661568186,5.9214209870005
1.704,911.402990521178,2265.24976444727,49.9927472854455,49.992789486053,1745.93661515649,645.619163107996,326.074851386543,326.53407045478,301.990201911258,-255.851900272659,-46.1383019817519,4.21935585726932,-8.13190236436686,3.91254650009527
1.705,911.317920366268,2265.32794996661,49.9927479624123,49.9927892371808,1746.08641236668,645.487216445665,326.07480644738,326.534083649446,325.152376418466,-181.698173561356,-143.454203240113,6.16154427027252,-7.67814352142618,1.51659924263152
1.706,910.884141770984,2265.76547854259,49.9927514143127,49.9927878444841,1746.05524089715,645.552297864928,326.074815798821,326.534077141304,315.636027015935,-89.0292667619156,-226.606760659218,7.50079556398333,-6.47215473953818,-1.02864083429318
1.707,910.706796590129,2265.93583624225,49.9927528255808,49.9927873022187,1745.76873147352,645.799359436155,326.074901751648,326.534052435147,275.836354058726,11.5242587990464,-287.360613264757,8.10391501657899,-4.63563066334868,-3.46828436407149
1.708,910.544122232097,2266.0891107803,49.9927541201022,49.9927868143307,1745.15836312577,646.410549391157,326.075084862153,326.533991316151,208.638711475179,111.683564780545,-320.322276645245,7.91573259970669,-2.34483630049792,-5.57089631060911
1.709,911.269761019903,2265.38078233604,49.9927483456522,49.9927890690101,1745.05709386303,646.535809448184,326.075115242931,326.533978790146,120.990173977994,201.113426138741,-322.103600470532,6.95320824093414,0.177603473265456,-7.13081172567219
1.71,912.028323712986,2264.62325829432,49.9927423092021,49.992791480284,1745.27433329523,646.29835349796,326.075050071102,326.534002535741,21.9873203562112,270.061014911253,-292.048335571065,5.31049576366126,2.67936707739142,-7.98986285210124
1.711,912.061281699062,2264.59589847903,49.9927420469307,49.992791567373,1745.80036219972,645.783666308473,326.07489226243,326.53405400446,-79.5501904679053,313.130264751937,-233.580074528901,3.14703244991313,4.92096645352405,-8.06799891361559
1.712,912.071465028737,2264.59501951052,49.9927419658944,49.9927915701709,1746.49520657474,645.099229505164,326.074683809118,326.53412244814,-173.283369004534,325.574558326775,-152.291189504553,0.675054298495163,6.68187774523002,-7.35693205267954
1.713,911.833133026733,2264.81880627022,49.9927438624802,49.9927908578355,1746.92896343275,644.678173595541,326.074553682061,326.534164553731,-249.354170419848,305.541496174139,-56.1873258765625,-1.86269693431421,7.78640693539448,-5.92371000856995
1.714,910.882597888144,2265.78563863866,49.9927514265985,49.9927877803125,1747.38736531765,644.200028715946,326.074416161495,326.534212368219,-301.802373010901,256.41042386081,45.3919490809022,-4.2168074188199,8.1309441412568,-3.91413672835572
1.715,909.801347346215,2266.87413929728,49.9927600309169,49.9927843155073,1746.91836113036,644.664232230827,326.074556862751,326.534165947867,-324.480378247303,181.531484463853,142.948893753368,-6.15894694769376,7.67964989089966,-1.52070294760198
1.716,909.598191765883,2267.07234803478,49.9927616475777,49.9927836845893,1745.68467093095,645.91512567278,326.074926969811,326.534040858523,-314.945614172471,88.8247418643264,226.120872300803,-7.49875878697942,6.47531158432657,1.02344719958741
1.717,910.123344882227,2266.51517005676,49.9927574685419,49.9927854581419,1744.68584979111,646.913579555334,326.075226616153,326.533941013135,-275.660886278451,-12.0258237984634,287.686710072427,-8.10346933929208,4.63787107275062,3.46559826447995
1.718,910.768635371387,2265.87840200083,49.9927523334834,49.9927874850375,1744.3412517118,647.237940589765,326.075329995577,326.533908577031,-209.027718026398,-111.749697942172,320.777415946734,-7.91691465145457,2.34828785412205,5.56862679584472
1.719,911.578455550471,2265.0807256031,49.9927458891392,49.9927900241204,1743.91249224908,647.694995661407,326.075458623416,326.533862871524,-121.274836304472,-201.136010165455,322.410846413228,-6.95518417306822,-0.174197985535092,7.12938215720201
1.72,912.559864304613,2264.0741264803,49.9927380793364,49.9927932282249,1744.87522182566,646.706940210922,326.075169804543,326.533961677069,-22.6445845309402,-269.603253604949,292.247838030549,-5.31187201159872,-2.67486139819209,7.98673340799217
1.721,912.673609880963,2263.98501864733,49.9927371741779,49.9927935118639,1746.19823279834,645.386560076363,326.074772901251,326.534093715083,78.656934396,-312.596869649213,233.939935090155,-3.15080194139419,-4.91791279291788,8.06871473167521
1.722,911.92373049976,2264.75334299819,49.9927431415284,49.9927910662116,1747.6338500931,643.969169353376,326.074342216062,326.534235454155,172.878796507858,-325.228290751939,152.349494020515,-0.678249304166734,-6.67984132611513,7.35809062645444
1.723,910.344372944792,2266.33089550597,49.9927557096565,49.992786044706,1747.9371188818,643.657006659578,326.074251235426,326.534266670424,248.877738629235,-305.015596946261,56.1378580329948,1.85821402523829,-7.78552593744809,5.92731190694911
1.724,908.807910517536,2267.85560515536,49.992767936436,49.9927811914044,1746.85410418577,644.729646770541,326.074576139835,326.534159406413,301.9722482648,-256.167246302886,-45.8050022991634,4.21323236429332,-8.13009328680105,3.91686091569239
1.725,908.48887488753,2268.16670249494,49.9927704752409,49.9927802011508,1745.20441501955,646.390709750992,326.075071046585,326.533993300115,325.057026971136,-181.998914098344,-143.058113250615,6.157027792995,-7.68019845305168,1.52317065171705
1.726,909.555552118433,2267.10311770679,49.9927619868932,49.9927835866464,1744.47931731508,647.133438528869,326.075288575896,326.533919027238,315.680030180646,-89.2081552823219,-226.471875300361,7.49809424914731,-6.47753007950578,-1.02056417932584
1.727,911.080724282361,2265.58161510855,49.9927498499587,49.9927884297395,1744.56335511431,647.030170352298,326.075263364556,326.533929354055,275.915248908425,11.2093461520715,-287.124595465906,8.10427341068051,-4.64269391258899,-3.46157950879996
1.728,911.514204904425,2265.15230202698,49.9927464004296,49.9927897962855,1745.72004103671,645.869056133829,326.074916358779,326.534045465477,208.886725507966,111.389355212571,-320.276081109314,7.91807078718639,-2.35258531430281,-5.56548548418703
1.729,911.186228183,2265.5047010604,49.9927490103854,49.9927886745646,1746.54997320442,645.065864015292,326.074667379129,326.534125784689,121.318083475109,200.617637201704,-321.935721030304,6.95766578966714,0.170035387125189,-7.12770118819777
1.73,910.826734454806,2265.83828812497,49.9927518711456,49.992787612724,1747.14500122104,644.453795084041,326.074488870724,326.534186991582,21.9243507743527,269.986034493658,-291.910385571386,5.31461947430349,2.67235935562688,-7.98697884093305
1.731,910.199629692553,2266.45746940189,49.9927568614867,49.9927856418088,1746.73433072269,644.853339822705,326.074612071874,326.534147037108,-79.0479903499315,313.008293784719,-233.960303678781,3.15336298660884,4.91423569183348,-8.06759868858641
1.732,909.69419021896,2266.98030304532,49.9927608836462,49.9927839775776,1746.32124677405,645.290056872205,326.074735997058,326.534103365403,-172.803235545984,325.563624256545,-152.760388891936,0.681486422586105,6.6781714042608,-7.35965783576846
1.733,909.693887382082,2266.98192214923,49.9927608860561,49.9927839724238,1746.23318308101,645.383540217013,326.074762416166,326.534094017069,-249.210218684422,305.502357459397,-56.2921388961499,-1.85482080933482,7.78492861958309,-5.9301078177056
1.734,909.1416229605,2267.54615988699,49.9927652808368,49.9927821763993,1746.78516661581,644.829364973205,326.074596821106,326.534149434593,-301.438303445986,256.396519197335,45.0417841804579,-4.21044932628629,8.13152329546961,-3.92107397507119
1.735,908.800334715373,2267.87192022803,49.9927679967223,49.9927811394719,1746.43842161018,645.167440470635,326.074700844607,326.534115627043,-324.610741324631,181.716318864967,142.894422431001,-6.15369741340667,7.68054115713484,-1.52684374808997
1.736,909.037505083721,2267.64586650422,49.9927661093805,49.9927818590233,1745.36306127815,646.2662071104,326.075023452707,326.534005750379,-314.835838230162,88.7365539150922,226.099284310342,-7.49642766369922,6.47948400969817,1.01694365097873
1.737,909.774709274063,2266.89721726025,49.992760242896,49.9927842420478,1745.01385111446,646.59771437949,326.075128215756,326.533972599652,-275.654076466562,-11.7041964868055,287.35827295398,-8.10333177173779,4.64483405217277,3.4584977175759
1.738,910.708218850542,2265.96300357445,49.9927528142628,49.9927872157424,1745.46891861132,646.142386562976,326.074991695507,326.534018132434,-208.991128892358,-111.768121312674,320.759250190957,-7.91862684129687,2.35536408213437,5.56326275779171
1.739,911.023416689308,2265.67304172242,49.9927503059981,49.9927881387196,1746.39102400479,645.240647553331,326.074715063889,326.534108306335,-121.439604408996,-200.93814512295,322.377749485651,-6.95911390712327,-0.166182039329237,7.12529594522843
1.74,910.870568690537,2265.81904908646,49.9927515223238,49.9927876739637,1746.97308288662,644.651920596097,326.074540446224,326.534167179031,-22.9220596617764,-269.508305147146,292.430364715021,-5.31710798630941,-2.67012289342001,7.98723087816586
1.741,909.912977476223,2266.76948907109,49.9927591425926,49.9927846486193,1747.08070505115,644.519368382772,326.074508159575,326.534180434252,78.5446280953964,-312.40377485051,233.859146604277,-3.15819771974148,-4.9106808590218,8.06887857640926
1.742,909.208814188445,2267.48592020878,49.992764746146,49.9927823681482,1747.5424673685,644.085209288925,326.07436963088,326.534223850161,172.679884839226,-325.211637802027,152.531752751037,-0.685850547078022,-6.6752915623059,7.36114210587406
1.743,908.045393130394,2268.63248684795,49.9927740043566,49.9927787185132,1746.91082174299,644.705002876851,326.074559124567,326.534161870803,249.283892478286,-305.276401621735,55.9925088715401,1.85046911705679,-7.78247074789455,5.93200162591445
1.744,907.564048019215,2269.11140710785,49.9927778347793,49.9927771940627,1745.87652766608,645.729741405866,326.074869412791,326.53405939695,301.79251882859,-256.259923486229,-45.5325956671176,4.20619832119353,-8.13019263090291,3.92399430324911
1.745,907.776536984597,2268.89189163721,49.9927761438458,49.9927778928021,1745.04871637138,646.559942229598,326.075117756179,326.533976376867,325.129050130252,-182.135027642144,-142.994022854014,6.15149107997572,-7.68223010625,1.53073901830172
1.746,909.146850979205,2267.51717742193,49.9927652392335,49.9927822686534,1743.74446122647,647.885574672021,326.075509032722,326.533843813623,315.489939235202,-89.6547247527563,-225.835214872387,7.49454702794091,-6.48134255551495,-1.01320448173936
1.747,911.071747083764,2265.59935284038,49.992749921397,49.9927883732786,1744.13702063287,647.481077821421,326.075391264901,326.533884263308,276.018955686094,11.1896996711347,-287.208655752388,8.10419547186961,-4.64803713849845,-3.45615834371699
1.748,911.577757786268,2265.09324372624,49.9927458946918,49.9927899842739,1745.63642769614,645.96987029759,326.074941442782,326.534035384061,209.120021480946,110.948621418927,-320.06864328024,7.91895863713455,-2.35943635473834,-5.55952229336065
1.749,911.210657722115,2265.49654047786,49.9927488159813,49.9927887005405,1747.39239592851,644.25100495861,326.074414652312,326.534207270595,121.523838763958,200.529500734331,-322.053339846835,6.96109790475625,0.163365597519021,-7.124463513383
1.75,909.952688246142,2266.74068096839,49.9927588265843,49.9927847403183,1748.61691754952,643.012775409755,326.074047295826,326.534331093549,22.3725968587217,269.681110318632,-292.053707481582,5.31951526359963,2.66636365113829,-7.98587892552599
1.751,908.087664235854,2268.60923984457,49.9927736679738,49.9927787925107,1748.04993908052,643.557236136152,326.074217389366,326.534276647477,-78.8210412156109,312.803225680405,-233.982184713584,3.16071008589652,4.90872442020298,-8.06943451613624
1.752,907.172184431566,2269.53852663614,49.9927809531306,49.992775834499,1746.7676336481,644.84698806489,326.074602080996,326.534147672284,-172.780876026226,325.915068602706,-153.134192764078,0.690742077441423,6.67387988730847,-7.36462197366462
1.753,907.734786786421,2268.96940976143,49.9927764760833,49.9927776460543,1745.48036081883,646.154747083575,326.074988262845,326.534016896382,-248.906602742847,305.785981402509,-56.8793787871664,-1.84780598863694,7.7831275229766,-5.93532154186312
1.754,908.48762253357,2268.20447759215,49.9927704852068,49.992780080909,1744.7820055168,646.850958284345,326.075197769435,326.533947275262,-301.543969426592,256.646816872628,44.8971524803315,-4.20438579063975,8.1308174622885,-3.92643167764378
1.755,909.392935857037,2267.29109460424,49.9927632809523,49.9927829882973,1744.4508381399,647.168479568612,326.075297119648,326.533915523134,-324.516279763404,181.968629950885,142.547649780348,-6.1483773935446,7.68364223479217,-1.53526484572837
1.756,910.497631130237,2266.19967526338,49.9927544900666,49.992786462393,1745.16203117882,646.488305974977,326.075083761737,326.533983540493,-315.0424203423,89.1860971869225,225.856323148404,-7.49353477334732,6.48421862953533,1.00931614068257
1.757,910.993001715179,2265.69884859869,49.9927505480327,49.9927880565738,1746.69797392384,644.938070193269,326.074622978913,326.534138564071,-275.987814994165,-11.3729529060225,287.360767898913,-8.10243436472257,4.65032593163418,3.45210843100653
1.758,910.111530687744,2266.60742013233,49.9927575625563,49.9927851645008,1748.43126493212,643.186256048823,326.074102991611,326.534313745486,-209.454868116261,-111.199030245153,320.65389834524,-7.92101960468486,2.36374854161379,5.55727106162239
1.759,908.493814457261,2268.234436217,49.992770435933,49.9927799855477,1748.72292908644,642.921812048212,326.074015492364,326.534340189886,-121.869382114886,-200.585834484109,322.455216549316,-6.96231318182786,-0.158891362852656,7.12120454337923
1.76,907.323682370577,2269.38160578471,49.9927797475483,49.9927763339936,1747.83222645377,643.800069081706,326.074282703154,326.534252364182,-23.3287552203182,-269.260370838698,292.589125960682,-5.32282486573834,-2.66209821553354,7.98492307962137
1.761,906.154054042559,2270.53049890669,49.9927890551548,49.9927726769532,1746.68653047363,644.937511202864,326.074626411948,326.53413861997,78.2316517196975,-312.378087666894,234.146435790032,-3.16331919199179,-4.90517797207749,8.06849716160621
1.762,906.172998685655,2270.51730118258,49.9927889043981,49.9927727189628,1745.0381564376,646.597649331916,326.075120924159,326.533972606157,172.153996268762,-324.928934701585,152.774938212392,-0.692866007750223,-6.67127729946005,7.3641433035509
1.763,907.472627212161,2269.20763140267,49.9927785622829,49.9927768877712,1743.95844147584,647.682177317501,326.075444838648,326.533864153359,248.862489812815,-305.144348092803,56.2818579957684,1.84479946206214,-7.78137435103404,5.93657488384012
1.764,909.241607477426,2267.42128944494,49.9927644851853,49.9927825738743,1743.86363898107,647.768259096815,326.075473279396,326.533855545181,301.698343849769,-256.385162356272,-45.3131818347374,4.20094876643534,-8.1303847330652,3.92943595987891
1.765,910.506475203054,2266.18649887596,49.9927544196877,49.9927865043347,1744.87241015006,646.755004531888,326.075170648045,326.533956870637,325.049637128977,-182.353238509163,-142.696399005327,6.14753924993083,-7.68585432777115,1.53831506948283
1.766,910.701767680318,2266.01494673607,49.9927528655996,49.9927870504021,1746.67164920697,644.971536655655,326.074630876328,326.534135217425,315.876146431548,-89.9351391908355,-225.941007653484,7.49212587773949,-6.48714946404033,-1.00497642349529
1.767,909.552859426527,2267.16341280785,49.992762008321,49.9927833947211,1747.84261220768,643.772977618409,326.074279587428,326.534255073329,276.156216709296,10.9625706956548,-287.118787824191,8.10207903790655,-4.65515612727066,-3.44692292155327
1.768,907.739617518393,2268.968712014,49.9927764376416,49.9927776482753,1748.10888177642,643.5110912755,326.074199706557,326.534281261963,209.351037527641,110.793923319312,-320.144961252422,7.92080470434623,-2.36585268421381,-5.55495203174029
1.769,907.094815811327,2269.63015784496,49.9927815688105,49.9927755428278,1747.32382386549,644.324977387198,326.074435223931,326.534199873352,121.693900964349,200.182386140832,-321.876287476908,6.96529399399949,0.155363997257813,-7.12065800305601
1.77,907.555824037695,2269.13443543535,49.9927779002236,49.9927771207612,1746.00709009264,645.616580517575,326.074830244063,326.534070713039,22.5815449261056,269.586607825019,-292.1681530726,5.3262994696675,2.65800431615947,-7.98430379728949
1.771,908.525213930454,2268.16213970381,49.992770186064,49.9927802156746,1745.35913390916,646.26106139841,326.075024630918,326.534006264951,-78.6184510401357,312.894266526865,-234.275815747589,3.16753448305033,4.90281088513875,-8.07034537882885
1.772,909.326378726056,2267.37972853863,49.9927638105971,49.9927827061667,1745.67254810073,645.970012973056,326.07493060666,326.534035369793,-172.821344843471,325.891833280302,-153.070488631962,0.696668862773868,6.66962117915437,-7.36629005134468
1.773,909.75954518156,2266.93498317416,49.992760363568,49.9927841218352,1746.51229231115,645.138686241245,326.074678683397,326.534118502466,-248.446622774887,305.693045840724,-57.246423195076,-1.84115542242028,7.78009704318948,-5.93894162867097
1.774,909.302950760692,2267.40611642886,49.9927639970309,49.9927826221715,1747.22301004712,644.39347826795,326.074465468076,326.534193023264,-300.982352422888,256.479489422853,44.5028629303019,-4.19641119580917,8.13110328451778,-3.9346920949432
1.775,908.55145865535,2268.15882515752,49.9927699772151,49.9927802262252,1747.38147310984,644.244904872501,326.074417929157,326.534207880603,-324.738728645411,182.375283463038,142.363445158767,-6.14421420865459,7.68660990299382,-1.54239569891071
1.776,907.677867272121,2269.04466186612,49.9927769290344,49.9927774065194,1747.68826404904,643.963327980137,326.074325891876,326.534236038292,-315.413594386923,89.7550429945946,225.658551398393,-7.48989061796485,6.48854750368511,1.00134311120429
1.777,906.745489390469,2269.96180225463,49.9927843486619,49.9927744871708,1747.05606712833,644.576658445262,326.074515550952,326.534174705246,-276.073062454666,-11.2721589869583,287.345221456343,-8.10197135499252,4.65706814093594,3.44490321216383
1.778,906.231463123926,2270.4628280993,49.9927884391529,49.992772892356,1746.32218313494,645.304169735275,326.07473571615,326.534101954117,-209.565884114383,-111.31996612325,320.885850239721,-7.92148549485015,2.36971852145438,5.55176697225365
1.779,906.529282582089,2270.18483795121,49.992786069181,49.9927737772262,1745.27818353925,646.38533155263,326.075048916029,326.533993837935,-122.097957553811,-200.248293571822,322.346251095099,-6.96672383806134,-0.152766366702985,7.11949020386744
1.78,907.754185240099,2268.94104979117,49.9927763217153,49.9927777363268,1744.42627974569,647.212881859634,326.075304487167,326.533911082904,-23.5581172902561,-269.00088594153,292.55900315055,-5.32880483148816,-2.6554506904172,7.98425552071402
1.781,908.683143672778,2268.01047889241,49.992768929299,49.992780698426,1744.52646466473,647.10435410864,326.075274431691,326.53392193568,77.8846042226559,-312.302426502137,234.417822135002,-3.17145509355379,-4.89967845378712,8.07113354533866
1.782,909.070585418086,2267.65245364291,49.9927658461356,49.9927818380558,1745.6316515693,646.016858792554,326.07494287562,326.534030685211,171.891137968045,-324.964962590866,153.073824409702,-0.701315309628077,-6.66726739203407,7.36858269841261
1.783,908.916114255151,2267.79289663658,49.992767075378,49.9927813910118,1746.84103796963,644.818631654423,326.074580059699,326.534150507925,248.765868096759,-305.512903229206,56.7470348493172,1.83664523148491,-7.77863579552539,5.94199055922265
1.784,908.365740786017,2268.34945017351,49.9927714551109,49.9927796194469,1747.6914981788,643.951841698071,326.074324921637,326.534237186921,301.403705154702,-256.508138119599,-44.8955673810319,4.19398373657001,-8.13070360222995,3.93671985909698
1.785,907.769333182408,2268.94731955818,49.9927762011718,49.9927777163695,1747.73919037437,643.910147042089,326.074310613978,326.534241356386,325.207225861653,-182.407192088815,-142.80003416855,6.1422036489197,-7.68716446580674,1.54496080857298
1.786,907.119913696573,2269.61636497209,49.9927813690879,49.9927755867319,1747.19008816803,644.477158507098,326.07447534464,326.53418465524,315.776624485184,-90.4397665921636,-225.336858320343,7.48977238697638,-6.49120473694144,-0.998567659932923
1.787,906.849892153816,2269.87273702818,49.9927835178511,49.9927747706743,1746.46205893295,645.185451972556,326.07469375341,326.534113825893,276.190031791855,10.6706146985248,-286.860646927526,8.10217153417001,-4.66040088585315,-3.44177065947255
1.788,907.516643360692,2269.19539558161,49.9927782120136,49.992776926719,1745.93172858799,645.717465395021,326.074852852514,326.534060624551,209.614300364794,110.561707869864,-320.176008659289,7.92295771990575,-2.3729662892871,-5.54999144258135
1.789,907.715089007097,2269.0135460619,49.9927766328333,49.992777505564,1746.19388833513,645.464745408877,326.07477420459,326.53408589655,122.157334982257,200.131793015563,-322.289128389009,6.9687197334714,0.14734685193611,-7.11606659764464
1.79,907.716495319206,2268.98204080041,49.9927766216422,49.9927776058484,1746.46117176104,645.180373015057,326.074694019562,326.534114333789,23.0551916799593,269.441895998578,-292.497088019878,5.33158099872269,2.65041130205634,-7.9819923127409
1.791,906.979899288723,2269.73979901659,49.9927824832872,49.9927751938291,1746.57183140689,645.063760216089,326.074660821668,326.534125995069,-78.3222675681792,312.934914202213,-234.612646912558,3.17476466747351,4.89709272880488,-8.07185740745039
1.792,907.226687910008,2269.49043461069,49.9927805194057,49.9927759875806,1746.20917915241,645.453883437632,326.074769617345,326.534086982747,-171.949377219508,325.501137546975,-153.551760536873,0.704045690188029,6.66495610011866,-7.36900180024747
1.793,907.640013816302,2269.06692654087,49.9927772302627,49.9927773356487,1746.25495594583,645.411821880445,326.074755884307,326.534091188902,-248.691801134545,305.938287728805,-57.2464867344153,-1.83363395618022,7.77802830873126,-5.94439436093687
1.794,907.669131172934,2269.03970700119,49.9927769985541,49.9927774222912,1746.43243177243,645.217393209722,326.074702641559,326.534110631769,-300.964485647621,256.724570186869,44.2399153839611,-4.19112404743726,8.13063900213907,-3.93951496135367
1.795,907.794975720213,2268.930784272,49.992775997115,49.992777769003,1746.40189320008,645.247318874966,326.07471180313,326.534107639203,-324.443138330683,182.490173056027,141.952965247869,-6.14008457205622,7.6895950015471,-1.54951043439797
1.796,907.723967858989,2269.00845782989,49.9927765621776,49.9927775217604,1746.60008202763,645.071841400695,326.074652346482,326.53412518695,-315.557571990707,89.9706547212615,225.586917275487,-7.48755003314242,6.49315033656263,0.994399693261309
1.797,907.746149352842,2268.95906105858,49.9927763856629,49.9927776789952,1746.47073636871,645.1809980785,326.07469115018,326.534114271283,-276.447650729355,-10.7992488375049,287.246899583724,-8.10058082890525,4.66238418310035,3.43819664376103
1.798,907.619731058645,2269.09501370094,49.9927773916677,49.9927772462445,1746.18381353293,645.450281414779,326.07477722703,326.534087342949,-209.815166803879,-110.780492824187,320.595659633696,-7.92430212948415,2.37775957834622,5.54654254992784
1.799,907.835168035088,2268.89289262507,49.9927756772747,49.9927778896159,1746.04790395479,645.626209982557,326.074817999904,326.534069750092,-122.449216710237,-200.05978902632,322.509005710242,-6.97035267917289,-0.14483162016901,7.11518429844109
1.8,907.949495410278,2268.77379224942,49.9927747674864,49.9927782687241,1746.09212399278,645.574529442794,326.074804733893,326.534074918146,-23.7065114863169,-269.025922429455,292.732433839643,-5.33390005611249,-2.64947140019451,7.98337145516363
1.801,907.623214440528,2269.10720511338,49.9927773639479,49.992777207438,1746.12107864857,645.518675402199,326.074796047496,326.53408050355,77.6824322109268,-312.224310965392,234.541878615127,-3.17910399121326,-4.89314005174036,8.07224404104106
1.802,907.66856983586,2269.06129605523,49.9927770030211,49.9927773535711,1746.03916544968,645.626455557458,326.074820621456,326.534069725535,171.890725997402,-325.227117897342,153.336391690854,-0.708302212585849,-6.66247202187032,7.37077423131909
1.803,908.327038760985,2268.3821348762,49.9927717630919,49.9927795154083,1746.02032232897,645.662634127779,326.074826274392,326.534066107678,248.300454320291,-305.149535173511,56.849080571297,1.83035090517338,-7.77669045216206,5.94633954227529
1.804,908.452029760363,2268.27069209281,49.9927707684451,49.9927798701417,1746.99863379702,644.659919718062,326.074532780951,326.534166379119,301.330357921567,-256.685805089973,-44.6445531800158,4.18753750048429,-8.13112988292358,3.94359237593738
1.805,907.559965815002,2269.15689827814,49.9927778672644,49.9927770492598,1747.46732928351,644.187789001158,326.074392172305,326.53421359219,325.143312299124,-182.830838260914,-142.312474441946,6.13701390944291,-7.68934072067114,1.55232680289831
1.806,907.071194731744,2269.65954304162,49.9927817567811,49.9927754492918,1746.90120744853,644.775400448276,326.074562008856,326.534154831046,315.961420499331,-90.4373976656828,-225.52402327428,7.48630616380955,-6.49514525519602,-0.991160918639098
1.807,907.046959854167,2269.67464248257,49.9927819496361,49.9927754012288,1746.6722330663,644.983576315238,326.074630701171,326.534134013459,276.461434075506,10.132551449806,-286.59398597989,8.1018872109513,-4.66638834625646,-3.43549887610479
1.808,907.213236648131,2269.50460175035,49.9927806264474,49.9927759424852,1746.51151893678,645.132782366747,326.074678915409,326.534119092854,209.806077407468,110.195243641923,-320.00132149479,7.92451337320348,-2.3806701805607,-5.54384320497985
1.809,907.368297757787,2269.36647341379,49.9927793925104,49.9927763821614,1746.41301040328,645.26458153271,326.074708467969,326.534105912937,122.393808578451,199.745291281464,-322.139100273369,6.97219250847487,0.140620726522825,-7.11281324771414
1.81,907.2255211678,2269.48395587665,49.9927805286904,49.9927760082031,1746.71884357472,644.93938433612,326.074616718018,326.534138432657,23.4349314734827,269.327418093616,-292.762349930033,5.33709726128759,2.64423300005872,-7.98133027385925
1.811,906.942605668439,2269.7841373127,49.9927827800604,49.9927750526959,1746.74028947651,644.920294746333,326.074610284247,326.534140341616,-78.0383541163418,312.483945081302,-234.445591263114,3.18105288622753,4.89157269965815,-8.07262559764041
1.812,906.948719093129,2269.78660277613,49.9927827314113,49.9927750448481,1746.40657463528,645.264688262682,326.0747103987,326.534105902264,-172.105821781807,325.766726227496,-153.660904671544,0.711680236516849,6.66103651907821,-7.37271676610887
1.813,907.057914738354,2269.66093802439,49.9927818624599,49.9927754448514,1746.59197976652,645.08714982554,326.07465477716,326.534123656108,-248.573072803042,306.039129943371,-57.466057294502,-1.82618436617673,7.7757946707206,-5.94961031346712
1.814,907.092371571286,2269.64009098782,49.9927815882612,49.9927755112096,1746.59714354588,645.065145315716,326.074653228027,326.534125856559,-301.30975932897,257.385508919584,43.9242503210567,-4.18490404365047,8.13200434016989,-3.94710030365627
1.815,907.279320024577,2269.44847327001,49.9927801005727,49.9927761211477,1746.64669610686,645.017947757798,326.074638362258,326.534130576315,-324.38506932966,182.814164562656,141.570904731241,-6.13467033182581,7.69129136257242,-1.55662103607935
1.816,907.44763088696,2269.29015041539,49.9927787611974,49.992776625105,1746.65852322126,645.021415240087,326.074634814124,326.534130229566,-315.523628298141,90.2382803283468,225.285347968503,-7.48433095830281,6.49751826005022,0.986812694570187
1.817,907.489715856275,2269.23584887493,49.9927784262958,49.9927767979522,1746.64338448156,645.017921981737,326.074639355746,326.534130578892,-276.369033642912,-10.6788258665576,287.04785952006,-8.10020564620227,4.66970842913897,3.43049721470826
1.818,907.161154643203,2269.56139604251,49.9927810409029,49.9927757617034,1746.98442129438,644.685865052302,326.074537044702,326.534163784585,-210.21440429728,-110.324985751802,320.53939004873,-7.92509215772096,2.38341472317933,5.54167743305826
1.819,907.079027664117,2269.66650406022,49.9927816944486,49.9927754271342,1747.32009229517,644.387302737902,326.074436343402,326.534193640817,-122.737750731984,-199.956388141461,322.694138840383,-6.97376022736652,-0.138388984603274,7.11214921081683
1.82,906.874347855494,2269.85051237781,49.9927833232388,49.9927748414175,1747.12261873356,644.531438024741,326.07449558547,326.534179227288,-24.0568858888001,-269.141346659694,293.198232464993,-5.34080780052667,-2.63981605134789,7.98062385048462
1.821,906.670162411533,2270.05839646902,49.9927849480949,49.9927741797019,1746.93248729302,644.7365126123,326.074552624902,326.534158719829,77.549169768173,-311.88275746196,234.333587547257,-3.18429670492197,-4.88810836189368,8.07240506465443
1.822,906.739049596541,2269.99720580189,49.9927843999081,49.9927743744778,1746.69688763856,644.985659733604,326.074623304799,326.534133805117,171.411193775286,-325.051371139949,153.640177148336,-0.715346098299381,-6.6586792557798,7.37402535069146
1.823,906.484073220574,2270.23808179422,49.9927864289456,49.9927736077457,1746.9179633079,644.77802584603,326.074556982098,326.534154568506,248.677286918857,-305.826902064108,57.1496148599634,1.82347809142583,-7.77454121751391,5.95106312114593
1.824,906.857995063781,2269.8810737376,49.9927834533702,49.9927747441377,1746.48312925775,645.192978094394,326.074687432313,326.534113073281,301.371767146108,-257.212040472069,-44.1597270225224,4.18235663437981,-8.13233648122408,3.94997984016814
1.825,906.70576790422,2270.0168424265,49.9927846647554,49.9927743119725,1746.49871618627,645.173349861039,326.074682756234,326.534115036104,325.038547827096,-182.994703276454,-142.04384494941,6.13185996895306,-7.69182473892414,1.5599647615486
1.826,906.923381214055,2269.81185044589,49.9927829330437,49.9927749644823,1746.33763991901,645.354143061021,326.074731079115,326.534096956784,315.888471648702,-90.721551968966,-225.166920111359,7.48351359705401,-6.49968559754607,-0.983828009519754
1.827,907.224745480608,2269.48251704225,49.9927805348631,49.992776012783,1746.30671679022,645.354856206126,326.074740356053,326.53409688547,276.862429695608,9.88977828390976,-286.752208421777,8.0998550340322,-4.67199045842378,-3.42786458689376
1.828,907.398138638255,2269.32001478936,49.9927791550442,49.9927765300438,1746.78435109055,644.877746980674,326.074597065763,326.534144596392,210.112640532891,110.121242862485,-320.233883826557,7.926126125409,-2.3873403142416,-5.53878582327985
1.829,907.237211606839,2269.51088560785,49.9927804356608,49.9927759224831,1747.3149639148,644.38117999651,326.074437881916,326.534194253091,122.788948767683,199.299788846774,-322.088738013337,6.97670069362321,0.133374257512063,-7.1100749635468
1.83,906.803169960751,2269.92334035453,49.9927838896545,49.9927746095989,1747.8168104025,643.854504096343,326.07428732797,326.534246920681,23.7590582487469,268.86742904228,-292.626487639998,5.34264992335287,2.63709014727434,-7.97974008278313
1.831,905.755381553217,2270.9780857683,49.9927922276897,49.9927712522399,1747.31963374416,644.353603060149,326.074436480967,326.534197010784,-77.7846350980255,312.513765424006,-234.729130612279,3.1872732202265,4.88597788251011,-8.07325111411082
1.832,905.793632196589,2270.94342814122,49.9927919233007,49.9927713625586,1746.38169473298,645.294910859116,326.07471786267,326.534102880004,-171.817980888135,325.865010458113,-154.047029787167,0.719928561830685,6.65620411249171,-7.37613268447335
1.833,906.012084770697,2270.69569560368,49.9927901849104,49.9927721511158,1745.794426598,645.879329242702,326.074894043111,326.534044438166,-248.22777896127,306.165417633921,-57.9376388209719,-1.81852749221224,7.77259829026074,-5.95407080665278
1.834,906.652158159861,2270.06071880849,49.9927850913682,49.9927741723097,1745.13875791152,646.526999109524,326.075090743717,326.533979671179,-300.902977567478,257.193836683163,43.7091407995464,-4.17860024249764,8.1317144814773,-3.95311424585362
1.835,907.854023862902,2268.85203662923,49.9927755272248,49.9927780196645,1745.27274538177,646.4037424864,326.075050547476,326.533991996842,-324.388729155196,183.041238732965,141.347490387382,-6.12981903298128,7.69287800823014,-1.5630589803802
1.836,908.048412990797,2268.70434159868,49.9927739803253,49.9927784897924,1746.65567110775,645.036873270644,326.074635669758,326.534128683763,-315.571512013018,90.5169397752701,225.054572235562,-7.48281712614026,6.50296067398444,0.979856448610329
1.837,907.489801465105,2269.23216614121,49.9927784256146,49.9927768096747,1747.1371078372,644.528658619496,326.074491238739,326.534179505228,-276.504108341405,-10.3028776017956,286.806985951172,-8.09961094855352,4.67524767972076,3.42436326655216
1.838,906.957479087625,2269.76816293555,49.9927826617015,49.9927751035439,1747.77652143962,643.883397290605,326.074299414659,326.534244031361,-210.385333074135,-110.333646936194,320.718980005836,-7.92717459855308,2.39157572511249,5.53559887197346
1.839,905.919294492115,2270.8279642061,49.992790923312,49.9927717300917,1747.79583342616,643.890631842217,326.074293621063,326.534243307906,-122.871408587107,-199.645814049754,322.517222597899,-6.9782568201345,-0.129530350438863,7.10778716938162
1.84,905.605603456448,2271.10800586868,49.9927934195859,49.9927708386914,1746.82873375846,644.856231498444,326.074583750963,326.534146747941,-24.3610652060397,-269.024035984903,293.38510110003,-5.34410460219085,-2.63565734709564,7.97976194780401
1.841,905.826267752066,2270.89580023094,49.9927916635952,49.9927715141629,1746.08050131846,645.57825462158,326.074808220695,326.534074545628,77.0699110524328,-312.118897439161,235.048986231049,-3.19165632569219,-4.88239585318965,8.07405217657646
1.842,906.45630433357,2270.26918596066,49.9927866499234,49.9927735087381,1745.80052609057,645.88423561224,326.074892213263,326.534043947529,171.133009625449,-325.246463985784,154.113454134007,-0.722496271152391,-6.65440363154468,7.37689989911674
1.843,906.917162366677,2269.81698402267,49.9927829825317,49.9927749481416,1746.48327642674,645.210953564446,326.074687388162,326.534111275734,248.240956135194,-305.687833668438,57.4468772367829,1.8155641504777,-7.77302412421053,5.95745996855707
1.844,906.445950198818,2270.27789090873,49.992786732319,49.9927734810294,1746.84236123776,644.833589480905,326.074579662719,326.534149012142,301.210975249473,-256.889945308829,-44.3210303001735,4.17446798042648,-8.13030386451297,3.9558358771451
1.845,906.236635672781,2270.49331102966,49.9927883979911,49.9927727953258,1746.26735042755,645.395444573483,326.074752165962,326.534092826633,325.087666380559,-183.802414303375,-141.285252487653,6.12760278546084,-7.69525772782258,1.56765493364807
1.846,906.764690844638,2269.96487850934,49.9927841958616,49.9927744773788,1745.6677731902,646.031307888489,326.074932039133,326.534029240302,316.165350188756,-91.1126441264005,-225.052706505707,7.480868918647,-6.50380927083737,-0.977059658134983
1.847,907.305247041657,2269.42033317529,49.992779894252,49.9927762107204,1745.99222748379,645.679067952543,326.074834702845,326.534064464295,276.83338066555,9.40696018446196,-286.240341303999,8.09977839502532,-4.67837996592841,-3.42139844071105
1.848,907.189762777999,2269.54638099424,49.9927808132466,49.9927758094978,1746.49184587693,645.170649538773,326.074684817327,326.534115306137,210.299777382568,109.745566718783,-320.045344543828,7.92844379679673,-2.39531042517063,-5.53313338407666
1.849,906.902427128493,2269.86526248593,49.992783099791,49.9927747944665,1746.55433935318,645.13223958077,326.074666069284,326.534119147132,122.540787155752,199.426572611191,-321.967360176766,6.98106227727054,0.12473422546817,-7.10579651549124
1.85,906.524890649869,2270.21493541965,49.9927861041309,49.9927736814229,1746.4542992366,645.236212825388,326.074696081319,326.534108749808,23.9363239179794,269.064863692494,-293.001187970309,5.34784767608906,2.63104470533883,-7.97889239392799
1.851,906.404718558109,2270.31784542507,49.99278706043,49.9927733538502,1746.2890854175,645.390564211611,326.074745645465,326.534093314669,-77.5562406422154,312.461678640909,-234.905438294869,3.19410526658237,4.87892074648589,-8.07302602478393
1.852,906.475807794658,2270.2600771027,49.9927864947198,49.9927735377325,1745.93810098008,645.748211815534,326.074850940796,326.534057549909,-171.25564575949,325.937849533312,-154.682203999377,0.725682436328593,6.65295743967065,-7.37863988647656
1.853,907.226702006007,2269.4990270375,49.9927805192935,49.9927759602301,1745.59817221231,646.103827706648,326.074952919427,326.53402198832,-248.066351091852,306.214806108913,-58.1484551735995,-1.81265615471461,7.77159993660459,-5.95894379080091
1.854,907.11325342279,2269.62032080928,49.9927814220887,49.99277557414,1746.03449236933,645.632513533106,326.07482202338,326.534069119737,-301.021611098984,257.617236740765,43.4043742641943,-4.17115065619503,8.13144033044428,-3.96028968142469
1.855,906.942474484472,2269.78703700692,49.9927827811043,49.9927750434659,1746.67406910648,645.009534188253,326.074630150358,326.534131417672,-324.275118303629,183.136971314441,141.138146944467,-6.12463946908781,7.69539451814142,-1.57075505449073
1.856,906.53837897955,2270.20948284606,49.9927859967941,49.992773698779,1746.80072892932,644.897745590206,326.074592152412,326.534142596531,-315.535877173815,90.7568077082554,224.779069452747,-7.47920870001282,6.5066944589677,0.972514237184565
1.857,906.113458398143,2270.63060338304,49.9927893782047,49.9927723583107,1746.80239910671,644.875337286201,326.074591651358,326.534144837362,-276.507113119096,-10.0041988329659,286.511311949549,-8.0991416954176,4.68136415082981,3.41777754198636
1.858,905.525257317651,2271.19760972827,49.9927940589602,49.9927705534735,1746.31338023956,645.357351177273,326.074738357019,326.534096635973,-210.373271695901,-110.046860175901,320.420131857538,-7.92804860178432,2.39760019246395,5.53044840753262
1.859,905.882522845638,2270.86186899673,49.9927912159314,49.9927716221694,1745.51647861799,646.181923349456,326.074977427505,326.534014178755,-123.301139513926,-199.275150840345,322.576290306692,-6.98228470566946,-0.122611349497961,7.10489605366354
1.86,907.183821484534,2269.53192643425,49.9927808605259,49.9927758555081,1745.22398546827,646.464049784327,326.07506517545,326.533985966112,-24.8606091691282,-268.764947322247,293.625556393329,-5.35053540265332,-2.62790126063753,7.9784366615178
1.861,907.915545108951,2268.79383856218,49.9927750376543,49.9927782049147,1745.73053589914,645.936387452203,326.074913210321,326.534038732345,76.5001769355784,-311.907383611951,235.407206516094,-3.19779159821078,-4.87537638662354,8.07316798227521
1.862,907.923498244582,2268.83080198101,49.9927749743653,49.9927780872565,1746.76840057157,644.921164164476,326.074601850919,326.534140254674,170.894754006293,-325.111677221639,154.216922986724,-0.730546770610805,-6.65115529668761,7.38170206351566
1.863,907.463886153563,2269.27409509401,49.9927786318421,49.9927766762107,1747.90672673702,643.787637842052,326.074260353069,326.534253607306,247.799452338585,-305.599550993323,57.8000983587076,1.80796322992247,-7.77009696598658,5.96213373074368
1.864,906.585287114288,2270.15354979831,49.9927856235111,49.9927738768194,1748.23933925106,643.447701874093,326.074160569315,326.534287600903,301.085147867039,-257.54075938194,-43.5443888426867,4.16958743952017,-8.13159803932207,3.96201059277577
1.865,905.707076931345,2271.03919267189,49.9927926120857,49.9927710577306,1747.66547613152,644.010767746441,326.074332728251,326.534231294316,325.100905101988,-183.682884923616,-141.418020585971,6.12246872382611,-7.69718672988597,1.57471799731645
1.866,905.28462924628,2271.46082932089,49.9927959738175,49.9927697156195,1746.97521065326,644.726327886948,326.074539807894,326.534159738302,316.056416918275,-91.2314620600192,-224.82495529754,7.47725671383131,-6.50855297367075,-0.968703750467517
1.867,905.308197782438,2271.42868738778,49.9927957862651,49.9927698179304,1746.27207506224,645.427535047846,326.074750748572,326.534089617586,277.067912508841,9.35780527428033,-286.425718233737,8.09961599555635,-4.68334935452614,-3.41626665259268
1.868,905.752412192157,2270.96558779468,49.9927922513191,49.9927712920222,1745.72815636403,645.947634253066,326.074913924181,326.534037607665,210.630632887152,109.386971778467,-320.01760510494,7.92938927642375,-2.40150469360067,-5.5278845952007
1.869,906.695320650794,2270.05521509513,49.992784747892,49.9927741898285,1746.17889328373,645.522745523907,326.074778703105,326.534080096538,123.160645454834,199.040328652226,-322.200974513643,6.9843250853093,0.118247270865047,-7.10257236884243
1.87,906.843093541394,2269.89096028243,49.9927835719527,49.9927747126678,1746.37132703729,645.30587206693,326.074720972979,326.534101783884,24.0549516275846,269.080788607874,-293.135740591254,5.35445981330987,2.62314071075911,-7.97760053646837
1.871,907.053334152327,2269.68851567337,49.9927818989111,49.992775357069,1746.44062824429,645.237289011469,326.074700182617,326.534108642189,-77.0376933356257,312.255297860605,-235.217604817261,3.2016598632109,4.87336896032598,-8.07502883514068
1.872,906.971904724747,2269.77108469879,49.9927825469059,49.9927750942437,1746.37464560957,645.321657490609,326.074719977408,326.534100205341,-170.904096961121,325.5934286764,-154.689331938042,0.733342687027989,6.64796194790468,-7.38130464529633
1.873,907.020917283282,2269.71171405186,49.9927821568763,49.9927752832263,1746.5397406733,645.157932627792,326.074670448888,326.534116577828,-247.75682925541,306.186031096718,-58.4292019949039,-1.80405721467513,7.76855817780639,-5.96450097193331
1.874,906.804241120913,2269.92969240513,49.9927838811304,49.9927745893797,1747.28510693032,644.402033596304,326.074446839011,326.534192167731,-300.471157591426,257.58266833099,42.8884891701765,-4.16557451994262,8.13143842177896,-3.96586390890084
1.875,906.28382105699,2270.4631518788,49.9927880225017,49.9927728913254,1747.51714885597,644.15702430143,326.074377226434,326.53421666866,-324.197003771197,183.482361356594,140.714642374631,-6.11965775946608,7.6983293304483,-1.57867157629672
1.876,905.630667698653,2271.11138440141,49.992793220131,49.9927708279372,1746.80271701067,644.891656202137,326.074591555987,326.53414320547,-315.764201201574,91.1157698223601,224.648431372335,-7.47528630912859,6.51068285639961,0.964603449008941
1.877,905.754936523379,2270.97787107201,49.9927922312311,49.9927712529233,1746.06285152498,645.625920295444,326.074813515633,326.534069779061,-276.795071993371,-9.79331742387036,286.588389421553,-8.09915751588651,4.68666276772255,3.41249474572332
1.878,906.370825623435,2270.34987722393,49.9927873301414,49.9927732518898,1745.6626225532,646.026601632882,326.074933584324,326.534029710927,-210.993212409815,-109.532434993337,320.52564739611,-7.93026062179957,2.40414095056448,5.52611966962759
1.879,907.127182146602,2269.62530410687,49.9927813112474,49.9927755582777,1746.10714281863,645.588596037546,326.074800228245,326.534073511487,-123.461456744229,-199.235745060559,322.697201764708,-6.98611915595147,-0.114362477354156,7.10048163200033
1.88,906.982355861709,2269.74838567806,49.9927824637384,49.9927751664969,1746.02803142637,645.654866002888,326.074823961663,326.53406688449,-24.9424308740027,-268.362761793974,293.305192577448,-5.3566204882366,-2.61973964911812,7.97636013579296
1.881,906.731904628018,2270.00985156476,49.992784456766,49.9927743342251,1746.52013687378,645.166515869584,326.074676330028,326.534115719503,76.5668430692043,-311.94446384183,235.377620618561,-3.20491452330503,-4.87075914775352,8.07567366870978
1.882,906.672085404321,2270.08350516637,49.9927849327922,49.9927740997784,1747.01963277465,644.677309868183,326.074526481258,326.534164640104,170.894645535795,-325.064900789436,154.170255029032,-0.737786437133302,-6.6455903788082,7.38337681234965
1.883,906.183755893259,2270.56268504785,49.992788818795,49.9927725745015,1746.92964063586,644.779897877428,326.0745534789,326.534154381303,247.884992126138,-305.932919923842,58.0479275026961,1.8016255276166,-7.76866559461358,5.96704006182477
1.884,905.971712007573,2270.76826193343,49.9927905061866,49.9927719201299,1746.86031057451,644.830473647731,326.074574277918,326.534149323726,301.19592686402,-257.483544188658,-43.7123830349102,4.16254148200656,-8.13169710393002,3.9691556149845
1.885,906.080900084593,2270.66498760494,49.9927896372955,49.9927722488623,1746.6615658626,645.024598885615,326.074633901332,326.534129911202,324.937473162086,-184.099866586212,-140.837606987024,6.1177906282821,-7.70005941742353,1.58226878041815
1.886,905.98488004126,2270.76618688848,49.9927904013987,49.992771926735,1746.84630950702,644.856817183904,326.074578478238,326.534146689372,316.306852855615,-91.6744682060232,-224.632385093388,7.47415330521669,-6.51343143340283,-0.960721882162662
1.887,905.942148154774,2270.79472427415,49.9927907414483,49.9927718358977,1747.14295324742,644.552098886903,326.074489485116,326.534177161202,277.191547580514,9.02200272110569,-286.213550752632,8.09840751971196,-4.68981020879959,-3.40859732253143
1.888,905.649907212473,2271.08049682472,49.9927930670278,49.9927709262554,1746.66576827451,645.022354231674,326.074632640608,326.534130135667,210.579988555459,109.24193045708,-319.821919448637,7.9305440493782,-2.4076874576121,-5.5228566041706
1.889,905.942423935972,2270.80288252267,49.9927907392537,49.9927718099292,1746.39091070432,645.314085505612,326.074715097879,326.53410096254,123.182233748552,199.051161302447,-322.233395451414,6.98733051241208,0.111133883556274,-7.09846440860827
1.89,906.342665588486,2270.39647068827,49.9927875542318,49.9927731035782,1746.51406714624,645.181432042672,326.074678150947,326.534114227886,24.3650748275953,268.939122759809,-293.304197936006,5.35992721395929,2.61703164097451,-7.9769588672491
1.891,905.886567291469,2270.85517214347,49.9927911837468,49.9927716434862,1747.14163730034,644.545152776686,326.0744898799,326.534177855813,-76.8094943928389,312.463711289287,-235.654217181584,3.20836555731895,4.86736531015873,-8.07573087895211
1.892,905.893634724775,2270.87446094083,49.9927911275059,49.992771582088,1747.23989729773,644.455980843288,326.074460401901,326.534186773006,-171.015589867433,325.752257803915,-154.736668152634,0.741925054942066,6.64433219644097,-7.38625726159016
1.893,905.554655489399,2271.17860438397,49.992793825017,49.9927706139694,1746.92081053908,644.778093487238,326.074556127929,326.534154561742,-247.617508788701,306.226484596103,-58.6089759548537,-1.79686102559894,7.76596144758769,-5.96910043062078
1.894,905.450618764142,2271.29065101044,49.9927946529149,49.9927702573139,1746.21499169641,645.477081661451,326.074767873581,326.534084662924,-300.519437365585,257.855869043314,42.6635682368815,-4.16007789106417,8.1322265720169,-3.97214868784526
1.895,905.966450254379,2270.76301475362,49.9927905480583,49.9927719368322,1745.65098205215,646.044562287597,326.074937076475,326.534027914862,-324.218563002131,183.685499436827,140.533063528935,-6.11488653302557,7.70011733241415,-1.58523080454416
1.896,906.675124901635,2270.0624068602,49.9927849086047,49.9927741669364,1746.15739610847,645.554652422909,326.074785152258,326.534076905848,-315.954171546121,91.4289583869828,224.525213154774,-7.47299020271207,6.51455429423983,0.958435904889823
1.897,906.933392865657,2269.80320100901,49.9927828533735,49.9927749920143,1746.36357495136,645.326405072269,326.074723298605,326.534099730583,-276.969220928046,-9.40633193051155,286.375552865069,-8.09825501395323,4.69338086843772,3.40487414319068
1.898,906.390855565196,2270.34581615935,49.9927871707482,49.9927732648166,1746.88275792865,644.798333653449,326.074567543712,326.534152537725,-210.820089923252,-109.381116285182,320.201206204131,-7.93136696435769,2.41161657647836,5.5197503863743
1.899,905.820538672182,2270.9269956674,49.9927917091858,49.9927714148648,1746.31285593866,645.391032651224,326.074738514309,326.534093267825,-123.816352131538,-199.084675339147,322.901027435036,-6.98902684384394,-0.107817529965458,7.09684437260782
1.9,905.54637225545,2271.17634748528,49.9927938909328,49.9927706211533,1745.61053230975,646.073590918546,326.074949211397,326.534025011999,-25.3164158965711,-268.652129247467,293.968545060156,-5.36202978988888,-2.61338750159469,7.9754172900477
1.901,906.398791742525,2270.32657694327,49.9927871075941,49.9927733260569,1745.21811192753,646.454621399847,326.075066937512,326.53398690895,76.2287883435673,-311.892351028183,235.663562540285,-3.2121382394636,-4.86442895609255,8.07656719337787
1.902,907.300977604396,2269.44392163266,49.9927799282271,49.992776135636,1745.4677735664,646.228300769423,326.07499203902,326.534009541013,170.503321702618,-325.086448714153,154.583126800532,-0.744849703987042,-6.64190370210372,7.3867534027363
1.903,907.61232968566,2269.11637617435,49.992777450566,49.9927771782456,1745.99221336354,645.695058555047,326.074834707081,326.534062865235,247.463617894967,-305.834363715297,58.3707455418526,1.7925088503843,-7.76482312667763,5.97231427144296
1.904,907.712758684496,2269.02344472339,49.9927766513774,49.9927774740556,1746.42613613703,645.262962079803,326.074704530249,326.534106074882,300.779872808321,-257.529110818414,-43.2507623298974,4.15661460177939,-8.1320593640087,3.97544475570038
1.905,907.368438856083,2269.36065216884,49.9927793913875,49.992776400691,1746.92394187574,644.769117369372,326.074555188528,326.534155459353,324.900717068972,-183.884630593852,-141.016086864304,6.11261159509653,-7.70075092803611,1.58813932471533
1.906,907.182162271404,2269.56735612367,49.9927808737295,49.9927757427319,1747.15974047363,644.53976210468,326.074484448948,326.53417839488,316.232832687334,-91.9381532200898,-224.294679888159,7.4718132229914,-6.51799799586806,-0.953815236891462
1.907,906.379434382476,2270.38238696959,49.9927872616351,49.9927731484081,1747.7553931021,643.935033829072,326.07430575316,326.534238867707,277.077196106408,8.77387305669888,-285.851069595435,8.09892622656547,-4.69692781662284,-3.40199842095139
1.908,904.901233703876,2271.8549741664,49.9927990247823,49.9927684610175,1747.19898509378,644.476169315455,326.074472675562,326.534184754159,211.037254157837,108.523078575549,-319.560333155565,7.93302554962799,-2.41640268469108,-5.51662287676265
1.909,904.786305843778,2271.96672971999,49.9927999393492,49.9927681052885,1746.38221096672,645.333294976016,326.0747177078,326.534099041593,123.577359169849,198.765174204875,-322.342533765729,6.99107491051289,0.104026043971186,-7.09510096661719
1.91,905.464424507394,2271.27734743006,49.9927945430523,49.9927702996605,1745.66466467704,646.035671675842,326.074932971687,326.534028803923,24.8827362582018,268.719199033006,-293.601935633154,5.36521719474437,2.61057750263008,-7.97579470926942
1.911,906.919765985886,2269.80092297475,49.9927829618128,49.9927749992655,1745.24978472678,646.437713278996,326.075057435672,326.533988599762,-76.5789108875971,312.350982281372,-235.772071674751,3.21467529891834,4.8611436082598,-8.07581891831968
1.912,907.649434048347,2269.10900903234,49.9927771552988,49.992777201696,1745.9474823961,645.750342108808,326.074848126372,326.53405733688,-170.702272089836,325.72673196273,-155.024460086417,0.749296327914407,6.63956450951715,-7.3888608473847
1.913,907.484479249701,2269.26203165028,49.9927784679674,49.9927767146098,1747.10879927139,644.594029658003,326.074499731309,326.534172968125,-247.362146469745,306.517976591567,-59.155830267421,-1.78974075186092,7.76456603887404,-5.97482529545962
1.914,906.738420239438,2270.01477615754,49.9927844049164,49.9927743185497,1747.60398951067,644.084418882498,326.074351174237,326.534223929202,-300.635678858929,258.223579017237,42.4120997583109,-4.15269442118644,8.131659972177,-3.97896555774711
1.915,906.059755832494,2270.68134197838,49.9927898055561,49.9927721968048,1747.53287708027,644.16311403243,326.074372507966,326.534216059687,-324.443427331082,184.04593479945,140.397492498297,-6.10988926092702,7.70249953419733,-1.59261027831549
1.916,905.528520744127,2271.2251900916,49.9927940329906,49.9927704656824,1747.6760108796,644.048168056971,326.074329567827,326.534227554285,-315.821518403541,91.7468256434323,224.074692759689,-7.47059347411761,6.51923657566274,0.951356894977528
1.917,905.332476247492,2271.39751774602,49.9927955930632,49.9927699171465,1747.29179335204,644.398544088365,326.074444833085,326.534192516682,-277.347396641869,-8.9718136319421,286.319210285848,-8.09693683895599,4.69839895269578,3.39853788405246
1.918,905.391936847943,2271.32839007246,49.9927951198908,49.9927701371867,1746.23050714038,645.445369006696,326.074763218948,326.53408783419,-211.253135737031,-109.171697848761,320.424833588096,-7.93297153990443,2.41875016654353,5.51422137199633
1.919,906.309464351779,2270.43839856917,49.9927878184389,49.9927729701176,1745.51615301728,646.191100697134,326.074977525185,326.534013261021,-124.066146484839,-198.578075093456,322.644221550372,-6.99358536664614,-0.100038393233125,7.09362375884972
1.92,907.295781369659,2269.43871422862,49.9927799695774,49.9927761522117,1746.00389118157,645.693914628629,326.074831203736,326.534062979628,-25.4298076804544,-268.227053448073,293.656861052773,-5.36784994748139,-2.60685111818018,7.97470106442876
1.921,907.77625787395,2268.96274217454,49.9927761460669,49.9927776672778,1746.49424642216,645.19139556556,326.074684097164,326.534113231534,75.8830607126462,-311.82470383047,235.941642981494,-3.21849246061442,-4.85900993714128,8.07750239580017
1.922,907.578465145727,2269.17846520755,49.9927777200514,49.9927769806101,1747.00896051138,644.683290987204,326.074529682937,326.534164041992,170.320041518927,-325.303926912263,154.98388519006,-0.752654381836437,-6.63705829008408,7.38971266879886
1.923,906.897651003266,2269.84990529614,49.9927831377982,49.9927748433499,1747.44371014994,644.265188081177,326.074399258045,326.534205852282,247.458599543251,-305.970433207301,58.5118333919214,1.78688330220741,-7.7635962341617,5.97671292733324
1.924,906.482264221,2270.25984666526,49.9927864433412,49.992773538466,1747.08216152465,644.60292578196,326.074507722633,326.534172078512,300.6298231202,-257.640416111104,-42.9894073458013,4.14898622707495,-8.13127475261373,3.98228851921281
1.925,906.280836245109,2270.47137042279,49.9927880462541,49.992772865165,1747.13093544668,644.571368581862,326.074493090456,326.534175234232,325.023542000783,-184.603022068871,-140.420520321184,6.10884827376799,-7.70472893341107,1.59588065156885
1.926,906.167540437467,2270.59912676114,49.9927889478335,49.9927724585039,1747.37013566023,644.346369995706,326.074421330392,326.534197734091,316.428438183752,-92.1289334399018,-224.299505168665,7.468928029451,-6.52240648407028,-0.946521555074195
1.927,905.866718924871,2270.87152766686,49.992791341695,49.9927715914249,1747.07025044378,644.61589631345,326.074511295957,326.534170781459,277.381543565888,8.47086405614671,-285.852408061264,8.09669571411295,-4.70198926563739,-3.39470645949293
1.928,905.639403801992,2271.10640556692,49.9927931506113,49.9927708437853,1746.22830650532,645.460479045409,326.074763879139,326.534086323186,211.140377551333,108.507929155553,-319.64830713802,7.93465720411134,-2.42258108467607,-5.51207613134946
1.929,905.929315240212,2270.82116435515,49.9927908435694,49.9927717517363,1745.72923656777,645.978253184528,326.07491360012,326.534034545772,124.008056795721,198.396525089007,-322.404582285726,6.99469810056555,0.0963479263500033,-7.09104603920462
1.93,906.671232911266,2270.05341509674,49.9927849395761,49.9927741955581,1745.40240458877,646.295592495255,326.075011649714,326.534002811841,25.2110137955496,267.936314102389,-293.147328251283,5.36998661513185,2.603073098259,-7.97305972550102
1.931,906.770507680558,2269.95608035955,49.9927841495726,49.9927745053842,1745.66134500332,646.013230126735,326.074933967589,326.534031048078,-76.1434834707871,312.160561751666,-236.017078572191,3.22252109027419,4.85484473280234,-8.0773658344741
1.932,907.112999442553,2269.64169509035,49.9927814241098,49.9927755061036,1746.17598775749,645.516006980788,326.074779574763,326.534080770392,-170.80404177694,325.887329577974,-155.083288023065,0.756519963252631,6.63579654052239,-7.39231651399841
1.933,907.211048021963,2269.51750851019,49.992780643864,49.9927759014017,1746.75481694651,644.948926167567,326.074605926006,326.534137478474,-247.00414784425,306.605654088297,-59.6015063961442,-1.78315513695877,7.76224708310681,-5.97909195485124
1.934,906.944716817206,2269.80206883754,49.9927827632604,49.9927749956181,1747.4091144218,644.279139066301,326.074409636764,326.534204457184,-300.038639764473,257.939057941774,42.0995817351509,-4.14630841383854,8.13189258281978,-3.98558417596338
1.935,906.498929797369,2270.25714058897,49.9927863107208,49.9927735470797,1747.7630511213,643.935089926728,326.074303455754,326.534238862098,-324.124823753882,184.263351398195,139.861472319915,-6.10618920143545,7.70578623778381,-1.59959704157697
1.936,905.712637174986,2271.04640571637,49.9927925678386,49.9927710347708,1747.4148140339,644.291394383438,326.07440792688,326.534203231652,-315.864095243568,91.9223803463257,223.941714895134,-7.46695228422029,6.52418454888978,0.942767731713483
1.937,905.135702864678,2271.61665618001,49.992797158936,49.9927692196072,1746.63274542152,645.05442387333,326.074642547464,326.534126928703,-277.389803183045,-8.90028043645045,286.29008362942,-8.09686776811479,4.70567570165417,3.39119206414076
1.938,905.247348839691,2271.47141857164,49.9927962704856,49.9927696819128,1745.58323299131,646.10113758334,326.074957401193,326.534022257332,-211.392149002094,-108.914464567349,320.306613569331,-7.93433983076123,2.42544699241618,5.508892836881
1.939,906.825868157723,2269.91238354786,49.992783709028,49.9927746444755,1745.13772281594,646.564974629131,326.075091054246,326.533975873627,-124.743665455567,-198.101315576284,322.844981000216,-6.99703491332435,-0.0925030400434027,7.08953795223624
1.94,908.018769394727,2268.69857353597,49.9927742162215,49.9927785081527,1745.79435151142,645.899473818575,326.074894065637,326.534042423709,-25.7364347735667,-268.033738931551,293.770173625583,-5.37293002348227,-2.59902387752498,7.97195389966288
1.941,908.460246055375,2268.27780110977,49.9927707030619,49.992779847513,1746.86595998284,644.823429721702,326.074572583096,326.534150028118,75.5909005250341,-311.671418628462,236.08051796329,-3.224242352228,-4.85381762379044,8.0780599739463
1.942,907.919016814738,2268.85343564874,49.9927750100273,49.9927780152113,1747.39060060108,644.313714640602,326.07441519091,326.534200999626,170.103953893918,-325.167893582122,155.063939480866,-0.759164423973582,-6.63430216544827,7.39346658618039
1.943,907.310697907343,2269.44575084293,49.9927798508754,49.9927761298135,1747.8757261379,643.823018900192,326.074269653249,326.5342500692,247.22897384953,-306.023703612356,58.7947294876822,1.77853118595986,-7.76156723812956,5.98303604743081
1.944,906.417226563434,2270.33471954014,49.9927869608944,49.9927733001382,1747.96068110953,643.717573493541,326.074244166758,326.534260613741,300.63391661319,-258.298703917582,-42.3352130328404,4.1427256065601,-8.13194639426371,3.98922078128144
1.945,906.068378299586,2270.68137296749,49.9927897369407,49.9927721967061,1747.33003858939,644.35421211007,326.074433359514,326.534196949879,324.967934217211,-184.751325537063,-140.216609068283,6.10276501344944,-7.70686606805585,1.60410104647348
1.946,905.790563896934,2270.96656719538,49.9927919477175,49.9927712889047,1746.75167568523,644.960792387977,326.074606868385,326.534136291852,316.320230237066,-92.4461038090991,-223.874126849252,7.46583604029063,-6.52618543673703,-0.939650613258297
1.947,905.833367554171,2270.91027939252,49.9927916070968,49.9927714680743,1746.22996920608,645.463392209973,326.074763380329,326.534086031869,277.600913818995,8.02939204115859,-285.630306294249,8.09666645964093,-4.70802349610788,-3.38864297451203
1.948,906.453464861651,2270.28688239343,49.9927866725192,49.9927734524086,1745.64828910839,646.030705675699,326.074937884358,326.534029300523,211.408076944001,108.109646336729,-319.517723705553,7.93642347476942,-2.4301364998843,-5.50628698671389
1.949,906.761570165712,2269.99725838067,49.9927842206951,49.9927743743105,1745.88433122745,645.828821556274,326.074867071722,326.534049488935,124.267733604446,198.156768589349,-322.424502588727,6.99916123398077,0.0887893016940767,-7.0879505478395
1.95,906.982661684108,2269.754184276,49.9927824613047,49.9927751480394,1746.15186038573,645.543049398966,326.074786812975,326.53407806615,25.3382957429153,267.847071381667,-293.185367473729,5.37586228705954,2.59531993026228,-7.97118222929241
1.951,906.434715027008,2270.28987456791,49.9927868217257,49.9927734428842,1745.97357928652,645.709525973105,326.074840297304,326.534061418493,-76.0539513569856,312.103302654341,-236.049351587015,3.22775044070834,4.84940366800423,-8.07715411998374
1.952,906.78903240789,2269.95935364247,49.9927840021575,49.992774494965,1745.75788171595,645.940690724384,326.074905006576,326.534038302018,-170.013715485643,325.651363051001,-155.637647788381,0.763199146782801,6.63164739554915,-7.39484655246401
1.953,907.021693618698,2269.7181577023,49.9927821506985,49.9927752627155,1746.16750534024,645.542848057253,326.074782119488,326.534078086285,-246.992234088907,306.615377346792,-59.6231434121424,-1.77630342323154,7.76079390409376,-5.98449048951577
1.954,906.472560304179,2270.26228333588,49.9927865205625,49.9927735307098,1746.03489518955,645.648446300923,326.074821902534,326.53406752646,-300.622329243706,258.607669534516,42.0146596194249,-4.14057646741602,8.13167554150436,-3.9910990810558
1.955,906.691995122846,2270.03990239452,49.9927847743557,49.9927742385704,1745.43973973278,646.249774643579,326.075000449171,326.534007393626,-324.302868990844,184.328339202381,139.974529751688,-6.10107403297981,7.70772177400001,-1.60664774625084
1.956,907.276405944848,2269.46540523375,49.9927801237622,49.9927760672516,1745.49166523962,646.216791479065,326.074984871518,326.534010691942,-315.789585589094,92.222277211281,223.567308378895,-7.46452669569384,6.52847527570801,0.936051416379908
1.957,907.714820452654,2269.03721253354,49.9927766349704,49.9927774302313,1746.08232811751,645.618099361167,326.074807672655,326.534070561154,-277.385551367084,-8.47167401996107,285.857225405359,-8.0975987593678,4.71135826965207,3.38624048747015
1.958,907.633679103178,2269.12853393122,49.9927772806727,49.9927771395463,1746.90859320399,644.776067290384,326.074559793129,326.534154764361,-211.432883271961,-108.613564424036,320.046447709125,-7.93761131231577,2.43396028863553,5.50365102238536
1.959,906.753838214435,2270.01739766787,49.992784282224,49.9927743102051,1747.23540399248,644.474352652277,326.074461749893,326.534184935825,-124.496571982568,-198.302673522227,322.799245489825,-7.0004855823792,-0.0846985690822043,7.08518415060353
1.96,905.936222003243,2270.79738943422,49.9927907886071,49.9927718274142,1746.87658103969,644.812502536968,326.074569396778,326.534151120837,-25.9906903681925,-267.970490769681,293.96118107636,-5.37838195209323,-2.59147567199651,7.96985762311074
1.961,905.884713448705,2270.84894565526,49.9927911984992,49.9927716633057,1746.38297443895,645.295761773766,326.074717478759,326.534102794913,75.4114733872186,-311.768071262402,236.356597752921,-3.23227398896209,-4.84592020499891,8.07819419231848
1.962,905.830794574279,2270.91868049445,49.9927916275719,49.9927714413328,1745.75087268241,645.94340208601,326.074907109286,326.534038030882,169.74493040841,-325.361760477945,155.616829878347,-0.766836416231705,-6.62907644491738,7.39591285836737
1.963,906.472279433834,2270.25681795049,49.9927865227976,49.9927735481067,1745.3992281387,646.308612793654,326.075012602649,326.534001509811,247.230181093637,-306.416475682964,59.1862943254677,1.77250617262404,-7.75935816450939,5.98685198759035
1.964,907.126070493426,2269.61487100082,49.9927813200937,49.9927755914873,1745.34759413611,646.34674106072,326.07502809285,326.533997696984,300.667095099288,-258.549463693272,-42.1176317385635,4.13799448077414,-8.13241851513465,3.99442402830796
1.965,907.472784376585,2269.27311908759,49.9927785610323,49.9927766793174,1745.57675779751,646.104959221054,326.074959343751,326.534021875168,324.822949596707,-184.700895602013,-140.122054384233,6.09779801414847,-7.70936344774088,1.61156542571133
1.966,908.021681664665,2268.73516076512,49.9927741930464,49.992778391692,1746.26685635592,645.447609988141,326.074752314184,326.534087610092,316.468829662662,-92.5115196016837,-223.957310489849,7.46321222491139,-6.53118674794566,-0.932025486562987
1.967,907.967187504265,2268.79391163543,49.9927746266972,49.9927782046821,1747.35118416098,644.34124041705,326.074427015842,326.534198247049,277.806136379046,7.8710943928368,-285.677231218515,8.09654258477249,-4.71529215407744,-3.38125044171897
1.968,906.755115577506,2270.01340708166,49.9927842720591,49.9927743229076,1748.26643002928,643.416050720525,326.074152442082,326.534290766018,211.506144399547,107.792628125164,-319.298772965014,7.93788708006046,-2.4377058095525,-5.50018128252189
1.969,905.834471060506,2270.93470551283,49.9927915983154,49.9927713903236,1747.82235492408,643.893636426152,326.074285664613,326.534243007448,124.485417170908,197.837155053337,-322.322572636146,7.00240298593874,0.0812305281102134,-7.08363352651497
1.97,904.991279229788,2271.74404146784,49.9927983082228,49.9927688141272,1747.05487410822,644.650464468539,326.074515908858,326.534167324644,25.4492172187297,268.026538460045,-293.475756043259,5.37988936984045,2.58946419954818,-7.96935358173372
1.971,905.081193033958,2271.66327195141,49.9927975927115,49.9927690712246,1745.9749704915,645.705915636656,326.074839879943,326.534061779527,-75.6463986901616,312.124628351554,-236.478229963731,3.23558540615683,4.84396334820476,-8.07954876602932
1.972,905.458374650508,2271.28667140579,49.9927945911955,49.9927702699813,1745.28170909525,646.417154704294,326.075047858362,326.53399065562,-169.912995665257,325.710822910168,-155.797827476227,0.77065534985978,6.62654676497429,-7.39720212533607
1.973,906.60488988916,2270.11790877656,49.9927854675172,49.9927739902683,1744.95295323195,646.757188268541,326.075146485121,326.533956652264,-246.836235635013,306.773113223583,-59.9368777479803,-1.76891365310414,7.75820373679948,-5.98929009266045
1.974,907.811092665966,2268.9004858912,49.9927758688604,49.9927778654457,1744.93909053961,646.75564642565,326.075150643929,326.533956806448,-300.283022669934,258.417549566014,41.8654730108381,-4.13455842539597,8.13097219686952,-3.99641377868453
1.975,908.864825868863,2267.85894850291,49.992767483518,49.9927811807622,1745.50284763147,646.174407583323,326.074981516801,326.534014930332,-324.359768495099,184.918579009529,139.441189447276,-6.09603021587817,7.71017820352562,-1.6141479930567
1.976,909.366704968277,2267.3981956644,49.9927634896911,49.9927826473841,1746.79042410719,644.911819870163,326.074595243858,326.534141189103,-315.814621652622,92.4680429697957,223.34657868212,-7.46223817336848,6.5342029506058,0.928035219030727
1.977,908.461263462078,2268.30518263454,49.9927706949656,49.9927797603549,1748.10096693109,643.576726948971,326.074202081011,326.534274698396,-277.61216313799,-8.09273335172505,285.704896504918,-8.09584146068054,4.71837515758271,3.37746630074731
1.978,906.562727386036,2270.19788084325,49.9927858030357,49.9927737357093,1748.18637865104,643.493099386857,326.074176457495,326.534283061152,-211.90972952597,-108.293997940198,320.203727473729,-7.93860081739729,2.44050195366511,5.49809886232238
1.979,905.578085070845,2271.18623150291,49.9927936385703,49.9927705896915,1747.6098513704,644.099277293725,326.074349415679,326.534222443361,-124.768958615684,-198.020841205278,322.789799798396,-7.00410599792914,-0.0783740651626199,7.08248006208958
1.98,905.357874338883,2271.39892347324,49.9927953909516,49.9927699126719,1746.31908084746,645.376820147872,326.074736646836,326.534094689076,-26.4705286703638,-267.521591529657,293.992120128128,-5.38474412593163,-2.58560831064077,7.97035243540379
1.981,905.620373506904,2271.11405761837,49.9927933020496,49.9927708194281,1745.29221667249,646.387318619519,326.075044706089,326.533993639228,74.9087787648003,-311.251197460876,236.342418560545,-3.23901955604178,-4.84030475713435,8.07932431128341
1.982,906.835958206443,2269.91641358995,49.9927836287339,49.9927746316474,1744.79756730527,646.897049556266,326.075193100899,326.533942666135,169.424425868821,-325.077682787985,155.653256712136,-0.774985997292669,-6.62460762395599,7.39959361814747
1.983,907.660337406668,2269.07552645868,49.9927770685327,49.9927773082743,1745.38401101697,646.32713353235,326.075017167785,326.533999657737,246.779255397146,-306.367904446437,59.5886487683999,1.76545039073022,-7.75687061131,5.99142021589928
1.984,907.806246515009,2268.91329477163,49.9927759074249,49.9927778246738,1745.9196735395,645.760797168366,326.074856469029,326.534056291374,300.465559242743,-258.271379627902,-42.194179964309,4.12980997927632,-8.13056681095088,4.00075682518629
1.985,907.874356729728,2268.86575923116,49.992775365421,49.9927779759841,1746.52807388679,645.154786825728,326.074673948924,326.534116892408,325.011943801917,-184.960871246202,-140.051072962171,6.0935968039372,-7.71180046932391,1.61820365703697
1.986,907.897526189427,2268.86263481258,49.9927751810443,49.9927779859295,1747.28922021323,644.423951369306,326.074445605026,326.534189975953,316.71420148064,-93.1508202929388,-223.563381633134,7.46092469476476,-6.53531569696682,-0.925609007882698
1.987,907.306132995079,2269.44453175685,49.9927798872018,49.992776133694,1747.47185037789,644.22127312638,326.074390815977,326.534210243778,277.891058595575,7.51733506146448,-285.408394119506,8.095402616779,-4.72002164619355,-3.37538098210425
1.988,907.170191761005,2269.58245482006,49.9927809689878,49.9927756946712,1747.68335152083,643.994093161487,326.074327365634,326.534232961774,211.881281889974,107.621764203151,-319.503046549024,7.94007703611967,-2.44437976315273,-5.49569728547759
1.989,906.843967455707,2269.92024487711,49.9927835649983,49.9927746194521,1747.63969357977,644.072248280523,326.074340463016,326.534225146262,124.591150270177,197.751976571372,-322.343127267764,7.00610659861942,0.074026470564052,-7.08013308213833
1.99,906.00049061797,2270.74360247395,49.9927902771737,49.9927719986234,1747.36448988978,644.326931927368,326.074423024123,326.534199677898,25.8432389717914,268.189662481336,-294.032901831572,5.38715803777077,2.58156769754156,-7.96872574813463
1.991,905.686487440561,2271.05561727119,49.9927927759316,49.9927710054495,1746.48339680936,645.204135250014,326.074687352048,326.534111957565,-75.130451101217,311.718775144798,-236.588324358483,3.24158666125267,4.83830253399134,-8.07988920737197
1.992,906.300585114149,2270.45920754787,49.9927878890976,49.9927729038806,1745.90318646545,645.78852315029,326.074861415151,326.534053518775,-169.96838463989,325.848284604687,-155.879900206894,0.778677506636282,6.62247867237936,-7.40115618994972
1.993,907.14691036409,2269.58888759352,49.9927811542553,49.9927756741951,1745.3460173809,646.351527792531,326.075028565876,326.533997218311,-246.496795905948,306.567639756955,-60.0708440175146,-1.76063725561634,7.75541643739453,-5.9947791911274
1.994,907.536998202446,2269.20282091545,49.9927780500349,49.9927769030835,1745.88760100825,645.803491536145,326.074866090788,326.534052021937,-300.016688824647,258.708197346781,41.3084913824794,-4.12724581446221,8.13152698989848,-4.00428118295552
1.995,906.984350362307,2269.75199503071,49.9927824478667,49.992775155008,1746.25660013516,645.430267417365,326.07475539105,326.534089344349,-324.17310677472,184.889500303268,139.283606435017,-6.09042933460573,7.71184565223622,-1.62141632324948
1.996,906.686373163041,2270.07048895078,49.9927848190939,49.9927741412103,1746.51275358358,645.205388366533,326.074678545015,326.534111832254,-316.091205987423,92.8404161159725,223.250789875544,-7.45929739430098,6.53715015993183,0.922147230533177
1.997,906.281148348728,2270.46397040721,49.9927880437705,49.99277288872,1746.6512466586,645.054014682391,326.074636997093,326.534126969622,-277.678757574952,-7.96840583477492,285.647163430919,-8.09457474904169,4.72206609887184,3.37250864780825
1.998,906.013752828613,2270.72207270075,49.9927901716364,49.9927720671548,1745.87146648938,645.799619685724,326.074870931144,326.534052409122,-212.126643481133,-107.959569900175,320.086213395796,-7.9395728575323,2.44725159986301,5.49232125632608
1.999,906.644297527117,2270.10401983002,49.9927851539211,49.9927740344782,1744.92729721413,646.782417486818,326.075154181926,326.533954129342,-125.322087107406,-197.808428002071,323.130515093399,-7.00848585582339,-0.0708616676875696,7.07934752262881
2,907.999945292502,2268.72911948099,49.992774366019,49.992778410922,1745.25937215612,646.43841368828,326.075054559444,326.533988529722,-26.5907173819724,-267.491401434309,294.082118750108,-5.38968322958588,-2.57881994045991,7.96850316902771
