0,0,0,50,50,0,0,326.59863237109,326.59863237109,0,0,0,0,0,0
0.001,3.95060816586419,2.18572827796459,49.9999685620591,49.9999930426108,-0.127724169348999,0.30232363573175,326.598670688341,326.598602138727,148.35954931218,-502.968952584012,354.60940327185,0.551587696577408,-2.25954974332877,1.70796204675132
0.002,18.8879834827423,9.74878719632707,49.9998496942032,49.9999689686466,2.12237084035548,2.50093922868234,326.597995659838,326.598382277168,191.710769701573,-287.824617668016,96.113847966453,1.68162913706835,-4.23076622917963,2.54913709211185
0.003,41.5772255506448,18.6100547725832,49.9996691389517,49.9999407623558,6.70087708030955,6.26953698200084,326.596622107966,326.598005417392,269.764303957786,-310.031101783413,40.2667978256249,3.06594941658708,-5.55316521880342,2.48721580221748
0.004,66.0909055009373,26.4547365823689,49.9994740652848,49.9999157919581,16.748623041972,10.3310693940034,326.593607784178,326.597599264151,310.716325736509,-242.996965955855,-67.7193597807612,4.36233711294966,-5.84328823997974,1.48095112703108
0.005,90.7673883597277,34.0528832019438,49.9992776960735,49.9998916063062,29.5264714486981,15.1758476535533,326.589774429656,326.597114786325,326.91383298534,-163.595103371534,-163.318729613443,5.4485904483093,-5.46340552084835,0.0148150725411628
0.006,114.960281062755,41.3144276472004,49.9990851751505,49.9998684920924,44.4619907162918,20.0538503911032,326.585293773875,326.596626986051,310.430180233354,-68.1343271631878,-242.29585306758,6.15306303878427,-4.50126545327349,-1.65179758549822
0.007,138.070898734785,48.5371965534664,49.9989012666985,49.9998455013049,60.5971190489953,24.8902010164696,326.580453235376,326.596143350989,264.700346823197,33.5353531699233,-298.235699987188,6.35759775894535,-3.07049023922623,-3.28710751967625
0.008,160.14785800734,55.6624506924579,49.9987255838386,49.9998228209166,77.9719252912721,28.9707807797955,326.575240793503,326.595735293012,192.019153396739,132.648745480684,-324.667898867617,6.00511281437411,-1.31923851751312,-4.68587429676889
0.009,181.19902580677,62.862046935691,49.998558063968,49.9997999038899,95.680949241258,32.7835318885598,326.569928086318,326.595354017902,100.840345302743,217.955436560218,-318.795781848337,5.10968841141709,0.575114687320683,-5.68480309857881
0.01,200.755984102457,70.7060180870976,49.9984024346387,49.9997749357543,113.335134978195,36.4244587571391,326.564631830597,326.594989925215,0.268463112945629,282.623927902144,-282.892390996315,3.74137474649405,2.41995095492981,-6.16132570118174
0.011,219.485090732541,78.7571386923384,49.9982533931437,49.9997493082415,130.348182413499,40.3815772483764,326.559527916366,326.594594213366,-100.9242049925,319.513657905435,-218.589452891392,2.02801718310211,4.03315508709873,-6.06117226987888
0.012,237.624371882087,86.9079025548781,49.9981090453308,49.9997233635543,146.964743038666,44.42575658685,326.554542948179,326.594189795432,-192.042644207919,324.759321783886,-132.716677552078,0.125569397737739,5.25858589075497,-5.38415528809867
0.013,254.834768841975,95.5308068262805,49.9979720893434,49.9996959159975,163.483738138788,48.1845084845894,326.549587249649,326.593813920242,-263.655200189163,298.025904404671,-34.3707041874898,-1.77837043556091,5.96757709885145,-4.18920666282321
0.014,271.590777582935,104.26141517933,49.9978387492625,49.999668125608,178.814333618247,52.7993866831564,326.544988071005,326.593352432422,-309.734536584164,242.722533270321,67.012003345983,-3.50358900029761,6.09638044910925,-2.59279144826303
0.015,287.7889058085,113.242175545778,49.9977098486537,49.9996395389599,193.783560680028,57.4815492706594,326.540497302886,326.592884216163,-326.228352405976,163.333638673344,162.894713768605,-4.88347880688652,5.63025333954984,-0.746774532029256
0.016,303.503266312622,122.36780687742,49.9975847977461,49.9996104911732,208.03785833257,62.6091903467164,326.536221013591,326.592371452056,-309.891656482395,67.7487499713582,242.142906549787,-5.78104066494402,4.61062344250024,1.17041722316095
0.017,318.591597382407,131.824773429046,49.9974647286225,49.9995803887137,221.864322923639,67.8662521715955,326.532073074213,326.591845745873,-264.014168993621,-34.1099106652668,298.124079699587,-6.11175169932395,3.14304011290436,2.96871158720915
0.018,333.964261746401,140.71723832177,49.9973423968464,49.9995520831189,235.633883954849,72.9492779818175,326.527942205904,326.591337443292,-191.945306694903,-132.90501175541,324.850318492605,-5.84426837025662,1.36758310728661,4.47668526382146
0.019,348.987638929221,149.663592166415,49.9972228446093,49.9995236059901,247.989288416798,79.2269735356078,326.524235584565,326.590709673737,-101.045041002912,-218.326835004152,319.371876050114,-5.00270418268986,-0.543414759314417,5.54611894290657
0.02,363.904064737441,158.4010417643,49.9971041434643,49.9994957938243,259.676168080586,85.8983351236252,326.520729520666,326.590042537578,-0.786116707173692,-282.193928894113,282.98004564398,-3.67201609698068,-2.39786652237494,6.06988262029284
0.021,378.835630484175,166.853128426285,49.9969853218395,49.9994688899968,271.291846956985,92.4227961128445,326.517244817003,326.589390091479,100.155792541849,-318.847520881478,218.69172838091,-1.98236252443235,-4.01898123177972,6.00134375716506
0.022,394.233578380571,174.556970819388,49.9968627888634,49.9994443679049,282.719424343179,98.9436950167247,326.513816543787,326.588738001589,191.886740856286,-324.182126052367,132.295385234943,-0.0957980364128097,-5.24854976703599,5.34434780439654
0.023,409.612165196776,181.955172049716,49.9967404099579,49.9994208186989,293.558437642537,105.796319547156,326.510564839798,326.588052739136,263.692565602321,-297.725851078973,34.0332855118199,1.79764233937208,-5.96049999516474,4.16285765671256
0.024,424.989260579835,189.100538274704,49.9966180429209,49.9993980742918,304.864046316482,111.964856089946,326.507173157195,326.587435885481,310.310060930256,-242.625648776587,-67.6844121227538,3.51624218836988,-6.09198957283365,2.57574738533303
0.025,440.792385366355,195.551516851955,49.9964922856496,49.9993775401893,316.276343755116,117.811650989346,326.503749467964,326.586851205991,327.007984522944,-163.938116772045,-163.069867724409,4.8913474486703,-5.62755223497323,0.736204787104219
0.026,456.418437548081,201.880081049497,49.9963679374773,49.9993573957438,327.670564992671,123.489734935555,326.500331201593,326.586283397597,310.244190618753,-68.1200757149775,-242.124114881494,5.786542777146,-4.609037463151,-1.17750531327314
0.027,471.541442515293,208.444359472149,49.9962475924276,49.9993365009966,339.292720567674,128.670326628755,326.49684455492,326.585765338428,264.291434815918,33.423266437341,-297.714701234652,6.11595231796487,-3.14358717564963,-2.97236514167726
0.028,486.345687345138,215.055105681095,49.9961297839904,49.9993154583379,351.376475023626,133.228164207191,326.493219428583,326.58530955467,191.848426811003,132.407011032081,-324.255437827247,5.84677355330832,-1.36715722119915,-4.47961633155213
0.029,501.284799298347,221.279450769947,49.9960109023147,49.9992956456321,363.801153719538,137.241598953342,326.489492024975,326.584908211195,100.718739324971,218.234549093566,-318.953288404381,5.00523659444143,0.543153670547105,-5.54839026450191
0.03,515.347206956768,228.074820893026,49.9958989972302,49.9992740152972,376.372597644762,140.85935367585,326.485720591797,326.584546435723,0.642278059342648,282.255275338353,-282.897553384064,3.67377413333188,2.39711164788398,-6.07088578078393
0.031,528.38006863256,235.676169072517,49.9957952850123,49.9992498194545,388.731454909142,144.508701994975,326.482012934618,326.584181500891,-100.608049749658,319.268860668888,-218.660810904837,1.98382589733518,4.01880429874319,-6.00263019568118
0.032,540.768696878609,243.6578712664,49.9956966994411,49.9992244129073,401.012471790266,148.056145602937,326.478328629553,326.58382675653,-191.938099946156,324.830512022012,-132.89241205895,0.0975109096003743,5.24796326818792,-5.34547417740072
0.033,552.313180407762,252.201518389568,49.9956048313602,49.9991972176339,413.102671732076,151.563174761912,326.474701569571,326.583476053614,-263.458763895643,298.319529659851,-34.860765742689,-1.79548396666417,5.96032207280517,-4.16483810573199
0.034,563.093335772664,261.280894164539,49.9955190456095,49.9991683170832,425.02483890316,155.048935734467,326.471124919419,326.583127477517,-309.694046350586,242.885223294617,66.8088230845334,-3.51400708187659,6.09189021197384,-2.57788312962627
0.035,573.905886965793,270.091290696122,49.995433002061,49.99914027272,435.957978490471,159.351703238643,326.467844977543,326.582697200767,-326.336432370261,163.566753711128,162.769678695862,-4.89025853367087,5.6275523522121,-0.737293817966649
0.036,584.368385815632,278.985761847704,49.9953497441405,49.999111960739,446.67117974965,163.686302394289,326.464631017166,326.582263740851,-309.709432236923,67.788286804968,241.921145476301,-5.78528755085285,4.6099596067332,1.17532794482548
0.037,594.778690462454,287.693685750547,49.9952669015684,49.9990842425563,457.120244071188,168.068248918414,326.461496297869,326.581825546199,-264.229390771968,-34.0217069941396,298.251097817904,-6.11519020207471,3.14351895942658,2.97167124350073
0.038,605.19951313321,296.149015376555,49.9951839752964,49.9990573284062,466.957196486148,172.885472544888,326.458545212145,326.581343823836,-192.047676579014,-132.884815202044,324.932491839649,-5.84619978972155,1.36884418034084,4.47735561038667
0.039,614.790266737699,305.220378001713,49.9951076545042,49.9990284533622,476.167800117267,178.179533896704,326.455782031055,326.580814417701,-101.260519206583,-217.917243259429,319.177762529764,-5.00519258217606,-0.54187491019932,5.54706749353104
0.04,624.604521759702,313.803094161327,49.9950295551442,49.9990011337281,485.609405721534,183.012694571034,326.452949549374,326.580331101633,-0.91575239869132,-282.13300104966,283.048753514751,-3.67477605669001,-2.39601402457587,6.07079008255026
0.041,633.951579580436,322.630831528006,49.9949551736214,49.9989730341674,494.40752657535,188.322994166722,326.450310113118,326.579800071674,100.388424447844,-319.046882339468,218.658457958297,-1.98471697314291,-4.01688397435089,6.00160094887391
0.042,643.591999826594,330.973043253381,49.9948784575947,49.9989464800827,502.845133971311,193.845543534415,326.447778830899,326.579247816737,191.475079094864,-324.401089322475,132.926010291932,-0.0991930492786335,-5.24746340539938,5.34665645611207
0.043,653.341812698448,338.946247598948,49.994800871049,49.9989211005851,511.888661051809,198.572250119624,326.445065772775,326.578775146078,263.591096852135,-297.858498382453,34.2674015896318,1.79491636989772,-5.96073924243627,4.16582287397715
0.044,662.39547205168,347.393984054638,49.9947288243171,49.9988942106048,520.460598300085,203.589537855496,326.4424941916,326.578273417305,310.088573157886,-242.607705532962,-67.4808675724362,3.51295389032941,-6.09153460518704,2.57858071625061
0.045,671.962857479758,355.122281797631,49.9946526894829,49.998869610669,529.108508711599,208.368415338433,326.439899818477,326.577795529557,327.028032924657,-163.984818026617,-163.043214853504,4.88902379146629,-5.62750887882569,0.738485088662627
0.046,681.939732791333,362.216759161218,49.9945732960318,49.9988470282462,537.879862926536,212.863712188741,326.437268412212,326.577345999872,310.272564365821,-68.3797628966006,-241.892801433406,5.78457968516639,-4.61067561213553,-1.17390407185378
0.047,691.148959101097,369.865934593009,49.9945000113373,49.9988226801646,546.432830816013,217.393062491011,326.434702521846,326.576893064841,263.72692197013,33.5878746988505,-297.314796641767,6.11464920155818,-3.14430330484296,-2.97034589569125
0.048,700.189227286618,377.48324551364,49.9944280711689,49.9987984335108,555.557788401152,221.186917122768,326.43196503457,326.576513679378,192.357687673119,132.113954143704,-324.471641797189,5.84742431795899,-1.37058396462962,-4.476840352471
0.049,708.875716177863,385.253381132255,49.9943589462866,49.998773700401,564.728283120039,224.81439656944,326.429213886154,326.576150931433,100.992020934737,217.793544471024,-318.785565391319,5.00621908467865,0.540147770728603,-5.54636685471049
0.05,717.578171687198,392.778169232427,49.9942896943461,49.9987497482566,573.736454858366,228.390955839708,326.426511434633,326.575793275506,0.483277770811103,282.435574507854,-282.918852267014,3.67635787222658,2.3943094376713,-6.07066730933713
0.051,725.19084970708,401.188083289048,49.9942291145792,49.9987229786687,582.712902909236,231.864054631073,326.423818500218,326.575445965627,-100.65058386976,319.271464399668,-218.620880519218,1.98577792259829,4.01583804983868,-6.0016159719818
0.052,732.599697288236,409.646474220739,49.9941701568435,49.9986960547742,591.75539738863,235.129003626863,326.421105751874,326.575119470728,-191.600801376072,324.812784365797,-133.211982972805,0.101186125615799,5.24647118310534,-5.34765730831576
0.053,739.36360371614,418.492581228773,49.9941163313863,49.998667896741,601.421621184191,237.600749094977,326.418205884735,326.574872296181,-263.411153525251,298.184461453201,-34.773307909921,-1.79244844326799,5.95908074882131,-4.16663230514368
0.054,744.948564950291,428.351389395503,49.994071887677,49.9986365151799,610.516850296017,240.490728880064,326.415477316002,326.574583298202,-309.707976531033,243.060647486288,66.6473290620028,-3.51153483583369,6.09169941606685,-2.5801645798264
0.055,750.839752225294,437.713152016769,49.9940250070982,49.998606715764,618.86556289197,243.991095511605,326.412972702223,326.574233261539,-326.089460904542,163.685446594095,162.404014330059,-4.88765089997004,5.62777585670951,-0.740124956326401
0.056,756.423996097663,447.185570843975,49.9939805690974,49.9985765641184,626.958448286884,247.598164932394,326.410544836604,326.573872554597,-309.769339223796,68.061114986667,241.708224264749,-5.78391968136603,4.6119511850309,1.17196849679285
0.057,761.571177260672,456.90328740278,49.9939396091311,49.9985456316659,634.819985195062,251.274908658525,326.408186375532,326.573504880225,-264.06625987277,-33.9430271577911,298.009287073124,-6.11418458122366,3.14568546444283,2.96849911736539
0.058,765.724214101936,467.432511162304,49.993906560314,49.9985121161057,642.321031694791,255.176503278859,326.405936061582,326.573114720762,-192.035040577563,-132.683866336576,324.718906973639,-5.84670562747759,1.37166362330691,4.47504200496898
0.059,770.311144621526,477.361480424116,49.9938700586807,49.998480511215,649.538980648094,259.236397538257,326.403770676896,326.572708731337,-101.417738740943,-217.705160701271,319.122899517649,-5.0073304515292,-0.538006032932811,5.54533648553636
0.06,775.042321384202,486.920608131594,49.9938324091723,49.9984500835665,656.629835040418,263.249114342837,326.401643420578,326.572307459656,-1.01615561969507,-281.93779773678,282.953953444636,-3.67706726901131,-2.39197013548917,6.06903740587166
0.061,779.328675967677,496.792031502025,49.9937982994463,49.99841866185,664.033743297007,266.824863603879,326.399422248101,326.57194988473,99.9315064801225,-318.648718274364,218.717211890728,-1.98842156537327,-4.01443198619456,6.0028535532182
0.062,783.553187815774,506.536988197951,49.9937646818492,49.9983876426894,670.495373597979,271.23039011832,326.397483759011,326.571509332079,191.361381534677,-324.230173409039,132.868791974565,-0.102264269008197,-5.24487974164914,5.34714401253853
0.063,788.056753337502,515.80749439809,49.9937288436135,49.9983581337517,676.904520975594,275.520833275867,326.395561014798,326.571080287763,263.482617814646,-298.117309660242,34.6346919452479,1.7909443691001,-5.95900779731938,4.16806343026553
0.064,792.257991898786,525.23435303152,49.9936954112193,49.9983281271287,683.597266654799,279.403156450299,326.393553191094,326.570692055445,310.183548701373,-243.049599716679,-67.1339488911077,3.51020030713584,-6.09252675669616,2.58232645168688
0.065,796.939984829919,533.99279405865,49.9936581531033,49.998300248145,690.235764708988,283.215282591876,326.391561641678,326.570310842831,326.786189395045,-163.91774882372,-162.868440488839,4.88604931879948,-5.62806731952572,0.742018002834637
0.066,801.077007813163,543.128138896486,49.9936252317205,49.9982711694393,696.47161903908,287.297074534935,326.389690885379,326.569902663637,310.17589461549,-68.6830051512164,-241.492889397061,5.78255327373854,-4.613038677279,-1.16951459446999
0.067,805.2899430886,552.01458603179,49.9935917062468,49.9982428829995,703.374990770241,290.568605247256,326.387619873859,326.569575510566,264.51231522804,33.3584855798401,-297.870800758694,6.1138157094749,-3.14724134352036,-2.96657436417964
0.068,809.738720048155,560.514763339801,49.9935563040046,49.9982158260948,710.392504515104,293.606595593803,326.385514619736,326.569271711531,192.023436760975,132.189425644231,-324.212862374719,5.84713383777125,-1.37339980607531,-4.47373403021149
0.069,813.392450173436,569.663035371063,49.9935272285441,49.9981867062405,717.361930211307,296.5956034407,326.383423792027,326.568972810746,101.244059767589,217.706854448128,-318.950914203673,5.00761922182257,0.536888285547595,-5.54450750622615
0.07,816.604636917147,579.068452988472,49.9935016667741,49.9981567678664,724.276797834679,299.463361683164,326.38134933174,326.568686034922,0.373494677783801,282.459470828691,-282.832965510875,3.67870306500946,2.39064039189513,-6.06934345612695
0.071,818.896366245743,589.23317611677,49.9934834297716,49.9981244125477,730.8180323205,302.613910837173,326.379386961394,326.568370980007,-100.406992098253,319.119848966898,-218.712856885297,1.98876506277977,4.01271296768854,-6.00147803004641
0.072,821.766578646903,598.705449105551,49.993460589347,49.9980942613664,736.960614063978,306.047195176745,326.377544186871,326.568027651573,-191.659681685941,324.810894074702,-133.151212412161,0.104435518293374,5.24409107433346,-5.3485265925154
0.073,824.561151876458,608.041621805528,49.9934383508399,49.9980645434057,743.117283611002,309.326598725017,326.375697186007,326.567699711218,-263.033371519237,298.397830631459,-35.3644591365425,-1.78864493087446,5.95757429405598,-4.16892936330445
0.074,827.144268145032,617.47909805967,49.9934177950537,49.9980345029858,749.585079392321,312.198337246216,326.373756847273,326.567412537366,-309.610230421058,242.796695257935,66.8135351441478,-3.50910176132199,6.09202196444272,-2.58292020337843
0.075,829.471733853359,627.023609385692,49.9933992736701,49.9980041218626,756.110376450793,314.877422222768,326.371799258155,326.567144628868,-326.125661341509,163.801796331212,162.323865002277,-4.88491403038517,5.63004882601329,-0.745134795907426
0.076,831.617063784428,636.572637776024,49.993382201677,49.9979737263612,763.177803658253,316.927669779491,326.369679029993,326.566939604112,-309.845221338084,68.144105109081,241.701116236361,-5.7818130942088,4.61382735690343,1.16798573711934
0.077,833.097912257792,646.639762752797,49.9933704174592,49.9979416817072,769.861934039922,319.210013531691,326.367673790878,326.566711369737,-264.104677881024,-33.5905183620819,297.695196268946,-6.11326328694667,3.14884775080384,2.96441553615598
0.078,834.323960958444,656.849032529671,49.9933606608737,49.9979091845922,776.547626507582,321.399614557481,326.365668083138,326.566492409635,-192.642288700475,-132.362632070966,325.004920817946,-5.84841850900097,1.37569327818885,4.47272523111463
0.079,835.285653758463,667.169643736003,49.9933530079655,49.9978763330664,783.058127147121,323.675785872491,326.363714932946,326.566264792503,-101.675880415288,-217.572719107994,319.248599590201,-5.00879847310935,-0.534335734265965,5.54313420803518
0.08,835.911467552262,677.669859412018,49.9933480278976,49.9978429098418,789.220777422826,326.150460043485,326.361866137864,326.566017325086,-1.33003483844429,-281.932725610578,283.262760533386,-3.68018449928364,-2.38895102374967,6.06913552408025
0.081,835.820098288433,688.756476873778,49.9933487549911,49.9978076200424,795.235007712836,328.684617542398,326.360061868777,326.565763909336,99.9097361823002,-318.629261497856,218.719525413415,-1.99092170854218,-4.01143141332915,6.00235312329697
0.082,835.884081529419,699.563481988564,49.9933482458286,49.9977732202767,800.697934640292,331.671716696747,326.358422990698,326.565465199421,191.219186725883,-324.227928690295,133.008742070774,-0.10693765967872,-5.24207406069127,5.34901172213164
0.083,835.844346853179,710.308773118006,49.9933485620271,49.9977390169527,806.469927051177,334.230473236958,326.356691392975,326.565209323767,263.454719823496,-298.202374353625,34.7476546398387,1.78670722651382,-5.95725995977599,4.17055273529192
0.084,835.916260662122,720.827339983397,49.9933479897552,49.9977055353145,812.169863197864,336.760086602462,326.354981412131,326.56495636243,310.286728069458,-242.970683117686,-67.3160448452634,3.50608436200274,-6.09136673372813,2.58528237393065
0.085,835.615184868349,731.599707452546,49.9933503856403,49.9976712458039,817.347724659396,339.719752965707,326.353428053693,326.564660395794,326.746125145487,-163.95962576881,-162.786499279431,4.8836967362572,-5.62981081097629,0.746114076987498
0.086,835.421900201717,742.114644871517,49.9933519237508,49.9976377757186,821.822954317564,343.280946483742,326.352085484795,326.564304276442,310.417261457469,-68.7491358390748,-241.668125534038,5.78133744525238,-4.61575018808577,-1.1655872549477
0.087,835.116753640144,752.610249642869,49.99335435203,49.997604367171,826.548767681684,346.474030046667,326.350667740786,326.563984968086,264.42263622801,32.9822793452715,-297.404915504084,6.11360975598251,-3.15078170436169,-2.96282804954703
0.088,834.582308556107,763.213473334196,49.9933586050088,49.9975706160617,831.058070828916,349.796207401754,326.349314949842,326.56365275035,192.256572054892,132.125282224467,-324.381854226669,5.84820549162201,-1.37747945673852,-4.47072603303353
0.089,834.64609683735,773.092668430877,49.9933580973978,49.997539169607,835.731583442872,352.876275764936,326.347912896058,326.563344743514,101.292760310287,217.500482421975,-318.793242695532,5.00920169000156,0.532335048825303,-5.54153673725525
0.09,834.654380968812,782.893787069386,49.9933580314748,49.9975079716774,840.442481527926,355.78850574377,326.346499626632,326.563053520516,0.747088809133716,282.15796095342,-282.905049739793,3.68083377723604,2.38703764326055,-6.06787141922886
0.091,834.292511925556,792.945521396755,49.9933609111371,49.9974759760133,845.26973085744,358.492485569893,326.345051451833,326.562783122533,-100.328722262776,319.394978245913,-219.066255971011,1.99304238526719,4.00958121576964,-6.00262360006734
0.092,834.45656884956,802.381544836854,49.9933596056136,49.9974459402179,850.110191835566,361.11672360345,326.34359931354,326.56252069873,-191.040878016408,324.619258369133,-133.578380346538,0.108478001048251,5.24144720310594,-5.34992520344721
0.093,834.274585908942,812.003688845262,49.9933610537878,49.9974153119822,855.521077243535,363.05274885898,326.341976047917,326.562327096205,-263.121807253108,298.488632660146,-35.366825400721,-1.78490305640438,5.95695351932364,-4.17205046240625
0.094,834.02455956627,821.590674637616,49.9933630434343,49.9973847956587,860.917237570062,364.89966422684,326.340357199819,326.562142404668,-309.594873930792,242.979851161388,66.6150227813425,-3.50351595194358,6.09154351962186,-2.58802756726804
0.095,832.796192534429,832.052927801449,49.9933728184685,49.9973514932725,866.322761227192,366.679803783915,326.338735542722,326.561964390712,-326.353671435684,164.210474487552,162.143196970613,-4.88201338941563,5.63085120438014,-0.748837814555221
0.096,831.583697042506,842.36485624852,49.9933824672011,49.9973186693848,871.92172224808,368.182752978437,326.337055854416,326.561814095793,-310.011642954499,68.5397068431643,241.471936147827,-5.78060516656262,4.61635245025751,1.16425271681252
0.097,829.706630354267,853.223765426312,49.9933974044231,49.9972841044034,877.214570036452,369.87055270444,326.335468000079,326.56164531582,-264.247258610629,-33.5268364883048,297.774095154878,-6.11275730853017,3.15187512346618,2.96088218577228
0.098,827.498074775547,864.313765440561,49.99341497955,49.997248803837,882.30587506298,371.688245677621,326.333940608571,326.561463546523,-192.514661695391,-132.198871098545,324.713532871258,-5.84833349979838,1.3792558935042,4.46907760730126
0.099,825.129223818679,875.470179183338,49.993433830267,49.9972132918691,887.499462502853,373.337860585156,326.33238253234,326.561298585032,-101.994036527108,-217.440576521597,319.434613146181,-5.01132757328396,-0.529885959378724,5.54121353403402
0.1,822.83051206916,886.414219787751,49.9934521228339,49.9971784559059,891.829033557673,375.736531118691,326.331083661023,326.561058717979,-1.29955971995181,-281.755080725337,283.05464055958,-3.68292541988136,-2.38516185224532,6.06808727388524
0.101,820.434668082548,897.354012059035,49.9934711883545,49.9971436334656,895.829160763117,378.384263887121,326.329883622861,326.560793944702,99.37468220944,-318.309644160357,218.934962077292,-1.99526546590756,-4.00749108612064,6.00275655415712
0.102,817.944969674392,908.305727387626,49.993491000745,49.997108773073,900.000116673241,380.796825772658,326.328632336088,326.560552688513,190.959958052964,-324.277691409905,133.317733489613,-0.111216820483751,-5.23961232102946,5.35082914395822
0.103,815.447969498913,919.115459051697,49.993510871241,49.9970743646284,903.752448847232,383.532714585061,326.327506636436,326.560279099632,262.953936696922,-298.016289215696,35.0623526503963,1.78286093565602,-5.95572844743163,4.17286751444604
0.104,813.095843575808,929.703391443325,49.9935295888644,49.9970406621929,907.51887208916,386.174536052676,326.326376709464,326.560014917485,310.113619963023,-243.036921626356,-67.076698212212,3.5027493572898,-6.0916769029168,2.58892754841087
0.105,810.750617911819,940.197977801253,49.9935482515772,49.997007256887,911.516088341459,388.509016526673,326.325177544588,326.559781469438,326.706716840834,-164.11912550017,-162.587591228669,4.88070837499312,-5.6311269046504,0.750418532435222
0.106,808.219339058387,950.752527610513,49.9935683948543,49.9969736607115,915.339539125342,390.95332888853,326.324030509353,326.559537038202,310.464580063016,-68.8423748792131,-241.622205087976,5.77952228843726,-4.61776390781801,-1.16175837796163
0.107,805.877845064616,961.007744701432,49.9935870278715,49.9969410173416,919.194257383401,393.254035199325,326.322874093875,326.55930696757,264.735802304738,32.7072267602353,-297.443028987616,6.11305398356925,-3.15443840796724,-2.95861557316396
0.108,803.610673852012,971.117192190712,49.9936050694468,49.9969088379708,923.340093193534,395.216617928154,326.321630343132,326.559110709298,192.701073275799,131.525520768189,-324.226593985522,5.84942567273919,-1.38142028412934,-4.46800538646703
0.109,800.933077431018,981.542523634979,49.9936263770821,49.9968756531102,927.514223054965,397.076063526693,326.320378104174,326.558924764738,101.547172910252,217.271258504201,-318.818431373145,5.01210285747337,0.527483441854013,-5.53958629752431
0.11,798.540374596256,991.567145689654,49.9936454176062,49.9968437437471,931.110310289366,399.417210618225,326.319299278004,326.558690650029,1.1728340083661,282.004842480309,-283.177676461024,3.68551635774466,2.38331254627412,-6.06882890256203
0.111,795.932111266826,1001.70189354172,49.9936661735063,49.9968114838428,935.763158493558,400.639518876938,326.317903423542,326.558568419203,-100.146785687026,319.138800018444,-218.992014312815,1.9972463268404,4.00535782005889,-6.00260414575981
0.112,793.310183005449,1011.78583663575,49.9936870381485,49.996779385655,940.495533602544,401.723544040414,326.31648371101,326.558460016686,-191.112310486615,324.802457977268,-133.690147475508,0.112993982096627,5.23828175505286,-5.35127573626739
0.113,790.190497531658,1022.24280540814,49.9937118638167,49.9967461000896,944.614549148956,403.313221011431,326.315248006346,326.558301048989,-262.899533875302,298.4466753034,-35.5471414105845,-1.78037636502276,5.95483648115228,-4.17446011541976
0.114,786.780046536593,1032.9132475975,49.9937390033234,49.9967121350172,948.25963081312,405.325857358771,326.314154481846,326.558099785354,-309.381906752461,243.426094560674,65.9558122171769,-3.5005364481942,6.09129505980565,-2.59075861097189
0.115,783.579450209387,1043.28962444487,49.9937644728597,49.9966791059839,952.417628196091,406.763810007552,326.312907082632,326.55795599009,-326.33681213845,164.255401802634,162.081410373873,-4.87921008356558,5.63122165938167,-0.752011575138514
0.116,780.229759292945,1053.72184222132,49.9937911288531,49.9966458992033,956.543015090383,408.169778201371,326.311669466563,326.55781539327,-310.116213578843,68.7682306841116,241.347982949443,-5.77903078057493,4.61891552810184,1.16011525329488
0.117,777.214594430898,1063.71564106385,49.9938151227727,49.9966140879536,960.373169302684,409.771454237842,326.3105204203,326.557655225667,-264.421831050819,-33.4904925793304,297.912323703815,-6.11266082197273,3.15556188417568,2.95709893885843
0.118,774.21067134516,1073.64666312261,49.9938390272331,49.9965824765286,964.396149600645,411.127917762611,326.30931352621,326.557519579314,-192.754426784394,-131.658026098769,324.412452976122,-5.8503179829186,1.38397907476474,4.4663389095273
0.119,770.135963467094,1084.556928426,49.9938714527281,49.9965477480755,968.403437519363,412.452536302573,326.308111339835,326.55738711746,-102.003727148851,-217.164331281903,319.16805854164,-5.01355470697194,-0.524639423675269,5.53819413237554
0.12,765.341548516461,1096.05512117162,49.99390960547,49.9965111481913,972.0904597783,414.01348364847,326.307005233157,326.557231022726,-1.72209607047321,-281.719161260159,283.4412574562,-3.68555082358596,-2.38047044282121,6.06602126849991
0.121,760.723294031672,1107.32154908625,49.9939463563715,49.9964752860374,975.263560951239,416.011499368407,326.306053302805,326.557031221154,99.3736576680623,-318.593043346971,219.219385814481,-1.99900324037114,-4.00372631241427,6.00272955521609
0.122,756.251791935863,1118.38378323833,49.9939819394546,49.9964400738525,978.125292689527,418.296676557112,326.305194783284,326.556802703435,190.759995705504,-324.01645972872,133.256464163419,-0.114775728267885,-5.2374919850884,5.35226771606545
0.123,751.673496678553,1129.42679494975,49.9940183723706,49.9964049228545,980.684539797502,420.788821885984,326.304427009151,326.556553488902,263.229137011683,-298.421088588789,35.1919517169794,1.77912522079276,-5.95485140098264,4.17572618309821
0.124,747.276954206359,1140.22931150997,49.994053358944,49.9963705373763,982.889901476203,423.564141665839,326.303765400648,326.556275956924,309.823187099356,-243.313534799431,-66.5096521659542,3.4984490825769,-6.09149896792655,2.59304988836208
0.125,743.194887142651,1150.63323219425,49.9940858430015,49.9963374206682,984.930117187149,426.468793096835,326.303153335934,326.555985491781,326.821374646821,-164.293857454517,-162.527517068672,4.8774156062436,-5.63137098332776,0.753955380097226
0.126,739.544479745969,1160.51844125991,49.9941148920206,49.9963059550705,986.802794731336,429.473964273395,326.302591532671,326.555684974663,310.505416208313,-68.9366599286442,-241.568756170906,5.77793305360149,-4.62005769138818,-1.15787535930039
0.127,736.378222342036,1169.83917915994,49.9941400882965,49.9962762862403,988.73064160379,432.340168191695,326.302013178609,326.555398354271,264.681517484165,32.5896838114789,-297.27120120521,6.11211240088499,-3.15700539229254,-2.95510700588225
0.128,733.51495182426,1178.79406694047,49.9941628734793,49.9962477819472,990.90776802668,434.912753266167,326.301360040682,326.555141095764,192.585257447616,131.501181106246,-324.086438482869,5.84986762724419,-1.38503627453951,-4.46483135028079
0.129,730.766534860727,1187.56903300028,49.9941847446865,49.9962198503627,993.637286983098,436.893509381327,326.300541184995,326.554943020152,101.904608500426,217.120810300684,-319.025418748978,5.01418463562898,0.523806528747353,-5.53799116229483
0.13,727.881786448711,1196.37583013079,49.994207700785,49.9961918174568,996.546320487094,438.593045096339,326.299668474944,326.554773066581,1.31999647272529,281.994440036267,-283.314436472998,3.68802968809788,2.37843854748741,-6.06646823386986
0.131,724.487686845285,1205.6267853904,49.9942347101715,49.9961623707516,999.971498177199,439.7432599794,326.298640921637,326.554658045092,-99.8451026715968,319.008063335096,-219.162960639288,2.0008266062882,4.00222101237891,-6.00304761730391
0.132,721.667300515998,1214.26526857661,49.9942571540928,49.9961348736056,1003.8329341329,440.414131575329,326.297482490851,326.554590957933,-190.940885751695,324.800767723214,-133.859881953921,0.117034428197852,5.23688026721029,-5.35391469434863
0.133,718.631628831816,1223.00128492314,49.9942813112005,49.9961070660019,1007.64514845301,441.049237683785,326.296338826554,326.554527447322,-262.656860290581,298.558927938904,-35.9020676318152,-1.77638273831248,5.95410084617464,-4.17771810703251
0.134,715.117381216522,1232.17408388812,49.9943092766944,49.996077868076,1011.19012483185,441.90148998757,326.295275333641,326.554442222092,-309.396403423006,243.200225208467,66.1961782360981,-3.49685014026192,6.0919271158382,-2.59507697487961
0.135,711.081993385892,1241.79211136118,49.9943413892905,49.9960472529437,1014.85630169741,442.611290078994,326.294175480581,326.554371242082,-326.155319769431,164.26502845891,161.890291342483,-4.87671287305313,5.63254882805694,-0.755835954330406
0.136,706.69582648585,1251.68059675378,49.9943762932976,49.9960157769171,1018.77839255891,442.987522555512,326.292998853323,326.554333618835,-310.01495861593,68.9033503932305,241.111608270006,-5.77629435499023,4.62147327041013,1.15482108534411
0.137,701.900119082331,1261.91398939133,49.9944144563246,49.9959832030166,1023.07311317301,442.932985084472,326.291710437138,326.554339072582,-264.379552874534,-33.309079629822,297.688632570289,-6.11220119304552,3.15874125068193,2.95345994332603
0.138,696.694650472806,1272.49396230119,49.9944558801276,49.9959495259169,1025.93454203933,444.256949625419,326.290852008479,326.554206676128,-193.178063153422,-131.333549977473,324.511613216681,-5.85027551154641,1.38740704489476,4.46286846790043
0.139,691.773996465269,1282.72135302361,49.994495037448,49.9959169711211,1028.76089987216,445.588466859027,326.290004101129,326.554073524404,-102.104366438195,-217.348780640225,319.453147183328,-5.01497820468871,-0.521104220500518,5.53608242678342
0.14,686.850332830657,1292.87417288564,49.9945342187183,49.9958846536918,1031.11178040915,447.331171539836,326.289298836968,326.553899253936,-1.93199474319954,-281.565034752764,283.497029617005,-3.6887657131403,-2.37784534412368,6.06661105922662
0.141,681.991623164555,1302.89332060314,49.9945728831013,49.9958527617541,1033.0797791357,449.380285759831,326.28870843735,326.553694342514,99.2551170944034,-318.324913069919,219.069796108295,-2.0024077130572,-4.00094948081842,6.00335719619178
0.142,677.279823595511,1312.73140991546,49.9946103784109,49.9958214461432,1034.48997435196,451.972969426339,326.288285378785,326.553435074148,190.77334129737,-324.343911097453,133.570569938761,-0.119471149498736,-5.23483430360464,5.35430545572247
0.143,672.931534654512,1322.0988628036,49.9946449809949,49.9957916286146,1036.38220148495,454.019291245933,326.287717710645,326.553230441966,263.102022759107,-298.074126771692,34.972104150648,1.77438883725319,-5.95303176955895,4.17864293514287
0.144,668.592056921523,1331.41528791084,49.9946795134614,49.9957619735124,1037.94681673241,456.345863760195,326.287248326071,326.552997784714,309.661012736162,-243.403904879173,-66.2571077254693,3.4961329179827,-6.09126800268847,2.59513508765586
0.145,664.807582564825,1340.12929280306,49.9947096293515,49.9957342359734,1039.50678535854,458.625871001455,326.286780335483,326.55276978399,326.619503842883,-164.666710872524,-161.952792850701,4.87552209924823,-5.63412539011258,0.758603293812543
0.146,661.656696962798,1348.1266520196,49.9947347033024,49.9957087795883,1041.52938912266,460.405732231272,326.286173554354,326.552591797867,310.600034005038,-69.4681280919049,-241.131905809375,5.77617108008342,-4.62296716940951,-1.15320390784034
0.147,657.37703510953,1357.20094224678,49.9947687597694,49.9956798952255,1044.2389419258,461.435121098173,326.285360688513,326.552488858981,264.832990199049,32.4543997797818,-297.287389893479,6.11229935132649,-3.16088149609956,-2.9514178526084
0.148,653.666642868279,1365.63789778476,49.9947982861327,49.9956530395619,1046.43437327173,462.934884104554,326.284702059109,326.55233888268,193.047587090594,131.185393356066,-324.232980380342,5.85021392952563,-1.38863823057031,-4.46157569662978
0.149,649.951814442609,1374.04429337107,49.994827847798,49.9956262811737,1048.28143152012,464.748691683845,326.284147941634,326.552157501922,101.884386531155,217.093268704784,-318.977655187139,5.01638051429307,0.519680564827103,-5.53606107713548
0.15,646.952509668214,1381.65341440991,49.994851715507,49.9956020605891,1050.22497315323,466.405862756994,326.283564879144,326.551991784815,1.32071024243976,281.836182311138,-283.15689251901,3.69087320072851,2.37585377829352,-6.06672697738882
0.151,643.567866632022,1389.58853858155,49.9948786496405,49.9955768023044,1052.16786847251,468.011363704049,326.282982010549,326.55183123472,-99.6451722370719,318.958229937983,-219.313057676153,2.0045889075053,3.99923052390028,-6.00381943009925
0.152,640.366635687904,1397.31913359928,49.994904124227,49.9955521950562,1054.9502354261,468.760404679219,326.282147300463,326.551756330622,-190.715317133803,324.82585594635,-134.110538792217,0.121714259931363,5.23401677500556,-5.35573103390155
0.153,636.799508642698,1405.31030047826,49.9949325105221,49.995526758382,1057.3963392838,469.788251348979,326.281413469305,326.551653545956,-262.337763948454,298.363741254637,-36.0259772863241,-1.77318718874633,5.95294575029791,-4.17975856071355
0.154,633.185160157977,1413.31674651152,49.9949612725934,49.9955012730728,1060.16901951032,470.430376014777,326.280581665237,326.551589333489,-309.554309971626,243.481691365694,66.0726186303419,-3.49338531741119,6.09149764092132,-2.59811232278346
0.155,629.549274628195,1421.29268763971,49.9949902060512,49.9954758848636,1062.92371529949,471.071335419956,326.279755256501,326.551525237548,-325.997542941743,164.329004535127,161.668538440199,-4.87337348881922,5.63376279819211,-0.760389308662703
0.156,625.115703492159,1430.00305082636,49.9950254872892,49.9954481589165,1065.31110532375,472.039344432065,326.279039039493,326.551428436647,-310.227625867919,68.8303217819485,241.397304132326,-5.77495208762231,4.62326445644374,1.15168763196753
0.157,620.567291059852,1438.78348897517,49.9950616824053,49.9954202099138,1067.54273383803,473.1009270478,326.278369550939,326.551322278386,-264.412549020844,-32.8288282488135,297.241377331227,-6.11198964572959,3.16265099254391,2.9493386541406
0.158,615.9087364566,1447.60701945117,49.995098754005,49.995392123744,1069.65117378265,474.258746496225,326.277737018956,326.551206496441,-192.769030414497,-131.64967239673,324.418702889019,-5.85061038226213,1.39065266885298,4.45995771460069
0.159,611.759527626506,1455.89014820115,49.9951317723597,49.9953657577263,1071.08453696837,476.063569860682,326.27730701,326.551026014104,-102.46593649179,-216.987084482481,319.453021067829,-5.01702796833911,-0.518016349688763,5.53504431950336
0.16,608.149944295776,1463.56196735731,49.9951604965112,49.9953413375675,1072.6643556525,477.655271629485,326.276833064395,326.550866843927,-2.08388023481364,-281.293957044237,283.377837387518,-3.6920252071706,-2.37383418149463,6.06585939045119
0.161,603.992830369202,1471.73993423122,49.9951935777727,49.9953153062904,1074.09387710554,479.355652118545,326.276404207959,326.550696805879,98.9447490875171,-318.345431493948,219.400682526662,-2.00678359904162,-3.99715981619001,6.00394341732925
0.162,599.852308509607,1479.86774934487,49.9952265269988,49.9952894346514,1075.34017385182,481.23669440518,326.276030318935,326.55050870165,190.499375520705,-324.202511080281,133.703135688056,-0.122383158992331,-5.23298020561499,5.3553633669881
0.163,596.320803446779,1487.29600089842,49.9952546298231,49.9952657897923,1076.04186824876,483.594309540551,326.275819810616,326.550272940136,262.817174891518,-298.269419808879,35.4522450510782,1.7716576271234,-5.95273189576115,4.18107427125986
0.164,592.949158736042,1494.53498395016,49.9952814605193,49.9952427473936,1077.19812168532,485.448994380882,326.275472934585,326.550087471652,309.909831369731,-243.744804487288,-66.165026748303,3.49191270682165,-6.09164666192866,2.59973395790951
0.165,590.337288140708,1500.99564221042,49.9953022451251,49.9952221824797,1078.41138784107,487.22742270296,326.275108954738,326.54990962882,326.692731106876,-164.984106862486,-161.708624114493,4.87275435861004,-5.63621637266678,0.763462016960744
0.166,587.422583851905,1507.66207584905,49.9953254396048,49.9952009625623,1080.64390631451,487.963667035954,326.274439199196,326.549836004387,310.46227454278,-69.5035776919435,-240.9586967293,5.77432927016489,-4.62462973571372,-1.14969953153115
0.167,584.657199311484,1514.16135437461,49.9953474458358,49.9951802747163,1082.34817115999,489.166960064319,326.273927919742,326.549715675084,264.922085872035,32.2355392561389,-297.157625018996,6.11237218042225,-3.16362477488878,-2.94874740268832
0.168,581.513052765404,1520.98488692003,49.995372466159,49.9951585547376,1084.43483552089,489.956525385172,326.273301920434,326.549636718552,193.04484282426,130.939969094705,-323.984811824372,5.85155499552952,-1.39269871169606,-4.4588562811471
0.169,578.17041060686,1527.97999778733,49.9953990660601,49.9951362886081,1086.47135321821,490.770807271184,326.272690965125,326.549555290363,101.820864952754,216.925615618437,-318.746480491284,5.01814370736121,0.515514092770197,-5.53365779767005
0.17,575.171182758201,1534.54827053367,49.995422933157,49.9951153811466,1087.99697578995,492.037263733178,326.272233278353,326.549428644717,1.54600674006249,281.703226012315,-283.249232684359,3.69302224432523,2.37255090636653,-6.06557314848243
0.171,572.093523568876,1541.17648567531,49.9954474243907,49.9950942828826,1089.16993522171,493.6264331593,326.271881390524,326.549269727774,-99.4152852726828,319.01823256353,-219.602947232508,2.00783399398732,3.99686975455477,-6.00470374658488
0.172,568.588575087336,1548.20280982602,49.9954753158845,49.9950719173981,1091.09043964468,494.457210679872,326.271305239197,326.549186650022,-190.484136624979,324.723497174299,-134.239360497051,0.125442341105077,5.2314942425809,-5.3569365819577
0.173,564.990989585868,1555.23060557557,49.9955039445603,49.9950495472295,1092.93632541472,495.31103451375,326.270751473466,326.549101267639,-262.617009620634,298.690334044125,-36.0733243724415,-1.76901509831528,5.95153704420549,-4.18252194434051
0.174,561.561522764204,1562.07925070148,49.9955312353901,49.995027747315,1094.60606113314,496.303877733259,326.27025055275,326.549001983317,-308.717074941405,243.37413252237,65.3429424732742,-3.49054945279338,6.09159967076828,-2.60105021653399
0.175,558.226704862282,1568.79399958221,49.9955577730278,49.9950063736055,1095.93404543265,497.617126642296,326.269852157461,326.548870658426,-326.225607181081,164.660265919237,161.565341323531,-4.87146734568315,5.63532767653384,-0.763860329437262
0.176,554.952398587365,1575.3869001107,49.9955838291292,49.9949853877513,1097.09377260777,499.071095533074,326.269504239308,326.548725261537,-310.417274861415,69.446456528085,240.970818406517,-5.77431940305814,4.62552591975149,1.14879348477946
0.177,551.864425551889,1581.77011501336,49.9956084024378,49.9949650693472,1098.12129158392,500.604051024977,326.269195983615,326.548571965988,-264.649579787178,-32.4797680382733,297.129347913191,-6.11257664909502,3.16520082092214,2.94737582979083
0.178,549.061447298874,1587.80898426808,49.9956307078301,49.9949458470294,1099.07599246771,502.176653703658,326.26890957335,326.54841470572,-193.279867686634,-131.329641011197,324.6095088015,-5.85191094057436,1.39481312058633,4.45709782182466
0.179,545.94853848202,1594.13005950649,49.9956554795713,49.994925726422,1100.22981783088,503.547072072733,326.268563425741,326.548277663883,-102.446694969886,-216.988959264737,319.435654354186,-5.0186310099981,-0.513881397928867,5.53251241003614
0.18,543.138824463168,1600.08407274143,49.9956778385651,49.9949067742092,1101.40178540759,504.827462292883,326.268211835468,326.548149624861,-2.28574560284795,-281.186567113824,283.472312850177,-3.69494787275358,-2.36912996609601,6.0640778412572
0.181,539.959727449964,1606.39565859574,49.9957031370153,49.9948866838075,1102.2410408914,506.437964004158,326.267960058823,326.54798857469,98.9879695545118,-318.025086037381,219.037116626973,-2.00866763696981,-3.99557585983385,6.00424349950549
0.182,537.448636062171,1612.00706144624,49.9957231196456,49.9948688221574,1102.48140118085,508.61542416769,326.267887950736,326.547770828674,190.36555441449,-324.286000348622,133.920446083682,-0.12631957478686,-5.23115309588331,5.35747267363219
0.183,535.408215021925,1617.0741200525,49.9957393568004,49.994852693209,1103.15402179897,510.319068801805,326.267686164551,326.54760046421,262.639828100388,-298.291471808345,35.6516438549117,1.76810060121613,-5.95160411248272,4.18350351440854
0.184,532.876308454097,1622.61567460935,49.9957595050727,49.994835053893,1104.31106679157,511.495100109393,326.267339051053,326.547482861079,309.498523641107,-243.525000805599,-65.9735226962925,3.48849119142327,-6.09176771575664,2.6032765275496
0.185,530.788237290538,1627.6876025728,49.995776121415,49.9948189094448,1105.5674897706,512.570560546654,326.266962124159,326.547375315036,326.422583740227,-164.566687154386,-161.855896458029,4.8708168806006,-5.63684654706607,0.766029669651074
0.186,529.009193304648,1632.3971736499,49.9957902785972,49.9948039184145,1106.62915984301,513.814691731153,326.266643623137,326.547250901917,310.510920819906,-70.0240251358608,-240.486895569889,5.77388218873375,-4.62715149849746,-1.14673068717276
0.187,526.979087066589,1637.32677538058,49.9958064336694,49.9947882270048,1107.58139039513,515.10105543184,326.266357953972,326.547122265547,264.958262066581,31.8770839090297,-296.835345876722,6.11223737342979,-3.16761027390004,-2.94462709666437
0.188,524.804213522702,1642.3564935858,49.9958237407631,49.9947722169145,1108.37058478989,516.552198843897,326.266121195653,326.546977151206,192.84147701721,131.193030301955,-324.034507235192,5.85246774632569,-1.39639998327157,-4.45606776044138
0.189,523.034759816612,1646.95712159627,49.9958378216283,49.9947575726608,1109.33456859191,517.819567402806,326.265832000513,326.54685041435,102.289194227937,216.627301585691,-318.916495743342,5.01971455858698,0.512857846602484,-5.5325724028583
0.19,521.571977216319,1651.19969435789,49.9958494620824,49.9947440681322,1110.30337713105,519.018746099583,326.265541357951,326.54673049648,2.01885183403591,281.712230899507,-283.731082674257,3.6960024018682,2.36942178448927,-6.06542418431146
0.191,519.983110355371,1655.5461564898,49.9958621058831,49.9947302329136,1111.73259887796,519.720848300363,326.265112591427,326.54666028626,-99.102848941541,319.069420540392,-219.966571546719,2.01180635771573,3.99302268856854,-6.00482904449747
0.192,518.017265285769,1660.25381618346,49.9958777495811,49.9947152479673,1113.79147605111,519.807931439496,326.264494928275,326.546651577946,-190.294289938592,324.839770075309,-134.545480086286,0.128578289388438,5.22998338378341,-5.35856167159046
0.193,515.728987873861,1665.21594540337,49.9958959591142,49.9946994530195,1115.73684580972,519.956722722486,326.263911317347,326.546636698818,-262.226756383726,298.470518627131,-36.2437621884122,-1.7656414731409,5.95080142737601,-4.18515995277669
0.194,513.103979786673,1670.49802359857,49.9959168482648,49.9946826396424,1116.96311673266,520.789740158782,326.263543436071,326.546553397074,-309.360198666263,243.626438061867,65.7337606716417,-3.48737969803255,6.09163867150601,-2.60425897202532
0.195,510.571713302507,1675.66329584852,49.9959369994013,49.9946661980702,1117.5889958896,522.219912080785,326.263355672323,326.546410379882,-326.255026384318,164.974346496753,161.280679972453,-4.86945585327082,5.63708436538245,-0.767628510546165
0.196,508.486253464899,1680.3244625549,49.9959535949633,49.9946513611157,1118.2766039244,523.569714374731,326.263149389913,326.546275399653,-310.281930537968,69.5473394051128,240.734591241513,-5.7732515704198,4.62804725062807,1.14520432160019
0.197,506.314648274202,1685.04975032201,49.9959708760484,49.9946363200576,1118.88440605878,524.946245310702,326.262967049273,326.546137746559,-264.849976645202,-32.7602881198225,297.610264902291,-6.11163709650723,3.16770176760948,2.94393533108377
0.198,504.092577452172,1689.7914619093,49.9959885587261,49.9946212267209,1118.83273456076,526.955554767844,326.262982550722,326.545936815614,-193.438435609659,-131.023966907618,324.462402682021,-5.8531587948756,1.39822754291136,4.45493125462495
0.199,502.241560445929,1694.14290836412,49.9960032886514,49.9946073756366,1119.05938652897,528.693857144289,326.262914555132,326.545762985376,-102.638607736404,-216.839450347046,319.478058273383,-5.02075128653853,-0.510483986381785,5.53123527610444
0.2,501.265379739619,1697.56808427623,49.9960110568507,49.9945964729631,1118.90240507217,530.765668772649,326.262961649569,326.545555804213,-2.49384757232567,-281.309004458986,283.802852241625,-3.69754519991904,-2.36764817629697,6.06519337992892
0.201,500.613090194249,1700.64548533423,49.996016247606,49.9945866772912,1118.97353359034,532.570845949946,326.262940311013,326.545375286495,98.6408270340496,-318.293982217724,219.653155406743,-2.01319830687013,-3.99246560803055,6.00566391909292
0.202,499.790830745715,1703.88234993483,49.9960227909387,49.9945763740312,1119.78456620954,533.648177661654,326.262697001228,326.545267553324,190.040219025479,-324.346394260142,134.30617546191,-0.130275371481654,-5.22897138666009,5.35924676271545
0.203,498.834558298208,1707.18059631827,49.9960304007131,49.9945658753869,1120.59522105302,534.678800188007,326.262453804775,326.545164491072,262.482198334388,-298.318619101932,35.8364209906798,1.76427924652993,-5.94966404053113,4.18538479882267
0.204,496.967367596938,1711.38170509372,49.9960452593446,49.9945525028424,1121.21621726158,535.868242535047,326.262267505912,326.545045546837,309.586340552472,-243.659812882543,-65.9265274591365,3.48532584141879,-6.09095293948573,2.60562710298185
0.205,495.979652528686,1714.69884543463,49.9960531193314,49.9945419440567,1121.77967703743,537.117775214227,326.262098467979,326.544920593569,326.707915679819,-165.402008483617,-161.305907004029,4.86897870704627,-5.6376916271227,0.768712924924375
0.206,495.223233670018,1717.73332264982,49.9960591387214,49.9945322850157,1122.34658043683,538.335028536798,326.261928396959,326.544798868237,310.548698878363,-69.6739508512377,-240.874747857597,5.7727987339066,-4.62937170712933,-1.14342702214112
0.207,495.281180568428,1719.91793668769,49.9960586775946,49.9945253311733,1122.65748431939,539.767174351889,326.261835125795,326.544655653655,264.746423304395,32.1703303737463,-296.916753533362,6.11199633752395,-3.16957178157884,-2.94242455164151
0.208,494.800027116706,1722.63723292514,49.9960625064921,49.9945166753845,1123.20514874702,540.948569285519,326.261670826466,326.544537514162,193.250696927121,130.796182212487,-324.046879019014,5.85394556710355,-1.39965412643829,-4.45429143677857
0.209,493.962165547609,1725.68321242002,49.9960691739826,49.9945069797307,1124.55268755588,541.340630689332,326.261266564824,326.544498308021,102.344266163235,216.587671384432,-318.931937447362,5.02230174195488,0.50878109424792,-5.53108283277161
0.21,493.29024606736,1728.50163411338,49.996074520948,49.9944980084158,1125.53640063427,542.018016435039,326.2609714509,326.544430569447,2.10620760891498,281.316264241711,-283.42247176451,3.6992185619876,2.36427546880168,-6.0634940277953
0.211,491.951525155586,1731.97850216638,49.9960851741505,49.994486941201,1126.57947898089,542.644295439775,326.260658527396,326.544367941546,-99.144738139473,318.687573903121,-219.542835684946,2.01444706004538,3.9904760526967,-6.00492311012094
0.212,490.55868763065,1735.51226957216,49.9960962579993,49.99447569287,1127.36648046401,543.522821264695,326.260422426951,326.544280088964,-190.330024838147,324.936978039438,-134.606953121989,0.131631354265966,5.22815822921941,-5.3597895811353
0.213,489.228687752881,1738.91566687788,49.9961068418021,49.9944648595199,1128.12130970513,544.390697012398,326.260195978179,326.544193301389,-262.452490915659,298.831302425914,-36.3788114230708,-1.76254794482084,5.95026838065832,-4.187720433629
0.214,487.342229842341,1742.86592009066,49.9961218537572,49.9944522854734,1128.26867554688,545.843526266027,326.260151768426,326.544048018464,-309.339333541102,243.969891409472,65.3694422332397,-3.484713781753,6.09177318202023,-2.60705939806001
0.215,486.240117883637,1746.01087228164,49.9961306240855,49.9944422747797,1127.87865820349,547.82821771035,326.260268773629,326.543849549319,-326.349557911369,165.275769114074,161.073788918508,-4.86760434775537,5.63812665846366,-0.770522308362506
0.216,485.619921854563,1748.63473854627,49.9961355594487,49.994433922754,1127.70465203586,549.577034699037,326.26032097548,326.543674667621,-310.170026142786,69.3908094768352,240.779216808183,-5.77169577510269,4.63019188117681,1.14150389653155
0.217,485.692901207446,1750.53931953118,49.9961349786974,49.9944278602844,1126.99496419703,551.824049569301,326.260533881831,326.543449966133,-264.723540750106,-32.2407951399336,296.964336050035,-6.1117004333917,3.17061979464779,2.94108064167617
0.218,485.554104020079,1752.63758652895,49.9961360832103,49.9944211812931,1126.88102753292,553.451879250741,326.26056806283,326.543287183165,-193.77677078107,-130.885373473776,324.662144431153,-5.85405524890975,1.40187413349309,4.4521811187
0.219,485.947331868305,1754.1913135465,49.9961329540025,49.9944162356264,1127.36128501111,554.506449653863,326.260423985587,326.543181726125,-102.795527114544,-216.414772746574,319.210300050643,-5.02300455671409,-0.507112834694515,5.53011739504373
0.22,486.550983413047,1755.4784073273,49.9961281502962,49.9944121386797,1127.84034402537,555.488867263507,326.260280267883,326.543083484364,-2.75336831199966,-281.062508887651,283.815877396237,-3.7000020377782,-2.36370584309797,6.0637078848226
0.221,487.119567408164,1756.79510927352,49.9961236256485,49.9944079474872,1127.9500905195,556.84256038852,326.260247343935,326.542948115052,98.6552803971854,-318.247494127157,219.592213927661,-2.01554682022543,-3.99004847855061,6.00559530295901
0.222,487.641952755827,1758.15591655387,49.996119468638,49.9944036159031,1128.33233911948,557.928046394014,326.260132669355,326.542839566451,189.805225249339,-324.209390621924,134.40416556494,-0.132827495292251,-5.22772532999367,5.36055282960744
0.223,488.028437798897,1759.59572860154,49.9961163930877,49.994399032839,1129.04630532889,558.631160236076,326.259918479492,326.542769255067,262.246379768287,-298.443948450412,36.1975688627758,1.76154677663099,-5.95002405223503,4.1884772799467
0.224,488.250078233091,1761.2064913177,49.9961146293292,49.994393905622,1129.55380112535,559.53788639048,326.259766230753,326.542678582451,309.511959380338,-243.86432689063,-65.6476323261517,3.48468535384159,-6.09296922955476,2.60828387995186
0.225,488.415720753059,1762.82372461235,49.9961133111879,49.9943887578086,1129.66993919649,560.813009613765,326.259731389331,326.542551070129,326.663006345618,-165.462254937759,-161.200751265455,4.86581039559657,-5.63788842564885,0.772078034067589
0.226,488.910796484326,1764.11236227744,49.9961093715004,49.9943846559475,1130.43567988724,561.431491480513,326.259501667124,326.542489221942,310.537550678887,-70.1250725722198,-240.412477987882,5.77147707899419,-4.63207185392505,-1.13940522138165
0.227,489.367490272811,1765.40012582268,49.9961057372467,49.9943805568688,1131.40209701747,561.810028048126,326.259211741985,326.542451368286,265.047468434519,31.7705231911691,-296.817991531158,6.1120056221931,-3.17346519064496,-2.93854042827057
0.228,490.211248351568,1766.28098639531,49.9960990228333,49.9943777530025,1132.10405520203,562.451384505109,326.25900115453,326.54238723264,193.476123311739,130.772163355441,-324.248286595141,5.85449998488452,-1.40308511666562,-4.45141486539986
0.229,490.373698351627,1767.8350407397,49.9960977300973,49.9943728062939,1132.44365404953,563.45522247052,326.258899274876,326.542286848843,102.804915927239,216.211869669725,-319.016785543799,5.02339677521591,0.505327311623523,-5.52872408448821
0.23,490.303514467664,1769.59671285646,49.9960982886029,49.9943671987174,1132.88169212019,564.317459269527,326.258767863454,326.542200625163,1.98505615504059,281.621528863657,-283.60658497848,3.70184303904319,2.36260734333745,-6.0644503804669
0.231,489.876133651212,1771.68578023127,49.9961016895913,49.9943605490094,1132.62602860507,565.85932938561,326.258844562509,326.542046438152,-98.8024723652827,318.601432815612,-219.798960416159,2.01776162005266,3.98861861710591,-6.0063802356088
0.232,489.954039450678,1773.26093460913,49.9961010696367,49.9943555351373,1132.54954774747,567.233456263478,326.258867506766,326.541909025464,-190.293616157355,324.849962203639,-134.556346011014,0.134763734837884,5.22649261764021,-5.36125635118633
0.233,490.365848773707,1774.45932952557,49.9960977925622,49.9943517205278,1132.80591363208,568.227207386539,326.258790597001,326.541809650352,-262.119761562057,298.821763489634,-36.7020018843675,-1.75934779277392,5.94923846104053,-4.18989066710707
0.234,490.431094003459,1776.004948,49.9960972733572,49.9943468006714,1132.26238763689,570.004522394575,326.258953654799,326.541631918851,-308.89189820975,243.960320758662,64.9315775084476,-3.48240509004487,6.09275023382557,-2.61034514261796
0.235,490.932995327908,1777.07757444702,49.9960932793533,49.9943433863954,1131.70248730866,571.804226824326,326.259121624898,326.541451948408,-326.060358032747,165.002340206099,161.058017903193,-4.86474022064424,5.63856364444128,-0.773823422495792
0.236,491.802583472854,1777.76005341378,49.9960863593908,49.9943412139974,1131.51725578655,573.20910420257,326.259177194354,326.54131146067,-310.652381061045,69.9820456172843,240.67033554284,-5.77037211932506,4.63193005185648,1.13844206902945
0.237,493.475531710235,1777.63199165611,49.9960730464917,49.9943416216306,1131.03766571944,574.865742909052,326.259321071375,326.541145796799,-265.171435037097,-31.7677653837178,296.939200543513,-6.11220034414866,3.17453005337684,2.93767029269092
0.238,495.095489378811,1777.53347142402,49.9960601552782,49.9943419352302,1131.19662628673,575.880795584346,326.259273383204,326.541044291532,-194.090343368089,-130.6007893494,324.691132862443,-5.85468838279649,1.40433275387592,4.45035563126076
0.239,496.585773629894,1777.55067939475,49.9960482959729,49.9943418804556,1131.00329791991,577.262745209599,326.259331381714,326.540906096569,-103.099099348912,-216.455066232615,319.554165745825,-5.02412069760994,-0.504129181403612,5.52824988179811
0.24,498.076305947945,1777.53838682968,49.9960364346936,49.994341919584,1131.38068065048,578.015897971782,326.259218166895,326.540830781293,-2.89218387388594,-280.917555015351,283.809739067397,-3.70266503072229,-2.36082754329707,6.06349257723079
0.241,499.078637670525,1778.0047896528,49.9960284583912,49.9943404349777,1131.37080327566,579.15239680514,326.259221130108,326.54071713141,98.4849371957023,-318.144508189519,219.659571179275,-2.01938682242367,-3.98714402660122,6.00653085260169
0.242,500.366650748323,1778.17749129604,49.9960182087088,49.9943398852513,1131.1908984092,580.472325337396,326.259275101568,326.540585138557,189.719304189076,-324.236283296667,134.516979292546,-0.136371341800986,-5.22555283951958,5.3619241851653
0.243,502.098107707431,1777.85835913565,49.9960044302121,49.9943409010805,1131.77912355466,580.985734081441,326.259098634024,326.540533797682,262.415548589959,-298.730210452176,36.31466203653,1.75814555055092,-5.9495024069026,4.1913568603244
0.244,503.717237847668,1777.65764242577,49.9959915455838,49.9943415399817,1132.73472435519,581.108463029958,326.258811953784,326.540521524787,309.770720589466,-244.167299375172,-65.6034210574974,3.48047352781147,-6.09271996679897,2.61224644292877
0.245,504.649745938216,1778.13711820878,49.9959841249202,49.9943400137628,1133.23826559036,581.697542436919,326.258660891413,326.540462616847,326.518598995263,-165.462856804601,-161.055742056162,4.86404917387544,-5.63973555777028,0.775686387653566
0.246,505.225230406707,1778.93322180405,49.9959795453603,49.9943374796864,1133.57044600411,582.440155361703,326.258561237289,326.540388355554,310.878743621757,-70.4121789442732,-240.466564568474,5.77029760248433,-4.63356760486911,-1.13672999416875
0.247,506.328640143576,1779.17435634775,49.9959707647046,49.9943367121313,1133.53248623373,583.518533290251,326.25857262522,326.540280517761,265.580709240476,31.34999785592,-296.93070701343,6.11151783828925,-3.17515694639158,-2.93636088886466
0.248,507.170643850428,1779.68203755113,49.995964064252,49.9943350961318,1134.22538439458,583.86194019609,326.258364755772,326.540246177071,193.753618506729,130.429449789907,-324.18306823774,5.85513014450869,-1.40604246317708,-4.4490876787721
0.249,507.418763613083,1780.77876702021,49.9959620897777,49.9943316051335,1134.47912300404,584.654700032916,326.258288634189,326.540166901087,102.532622033959,216.631235210278,-319.163857204189,5.02569496312654,0.502262589822074,-5.52795755087472
0.25,508.192391349822,1781.30213108284,49.9959559334438,49.994329939214,1133.87950369511,586.251322814128,326.258468519982,326.540007238809,2.71439732177896,281.187797225864,-283.902194519262,3.70466239268482,2.3592424593847,-6.06390485043582
0.251,509.627376447333,1781.16174281782,49.9959445141952,49.9943303860837,1133.82382759375,587.31057613616,326.258485222812,326.539901313477,-98.7008384264567,318.462145048892,-219.761306598085,2.02080788943324,3.98664575765402,-6.00745364580458
0.252,511.133872255399,1780.94870775002,49.9959325258824,49.9943310641954,1133.45602614275,588.680729119768,326.258595563248,326.539764298178,-190.046186384214,324.823247161071,-134.777060748458,0.138003416947741,5.22468735149754,-5.36269076739248
0.253,512.212760672682,1781.10486497714,49.9959239403612,49.9943305671315,1132.68048864532,590.421902449013,326.258828224497,326.539590180845,-262.257953205705,298.916494082915,-36.6585408370866,-1.75639568251063,5.94827234870539,-4.19187666522783
0.254,513.960011158618,1780.61797717442,49.9959100361836,49.9943321169435,1132.15529336122,591.901660292666,326.258985783082,326.539442205061,-309.093806879095,244.270947229544,64.8228597077265,-3.47985957708825,6.09328195384832,-2.61342237572845
0.255,515.882013437883,1779.92894539461,49.9958947413755,49.9943343101998,1131.90429119828,593.109937793977,326.259061083731,326.539321377311,-325.931234055729,165.048447011585,160.882787124813,-4.86280289087442,5.64033306806743,-0.777530175954032
0.256,517.685300172757,1779.32675264945,49.9958803912756,49.9943362270388,1131.32514819144,594.639467511299,326.259234826633,326.539168424339,-310.381655054452,69.988482968632,240.393172191495,-5.76926717126873,4.63413597573344,1.1351311971028
0.257,519.68875396999,1778.52293020291,49.9958644482968,49.9943387856851,1131.10732395626,595.76249444028,326.259300173904,326.539056121646,-264.771533329031,-31.8892777677769,296.660811227829,-6.1112285379427,3.17671458392289,2.93451395600644
0.258,521.595041905719,1777.79446154296,49.9958492785394,49.9943411044729,1130.32494918169,597.446220433409,326.259534886336,326.538887749047,-194.206729810997,-130.579871860807,324.786601825762,-5.85587634352364,1.40789072459955,4.44798562138021
0.259,524.3061138379,1776.26602441255,49.9958277045145,49.9943459696394,1129.66132290586,599.038658407661,326.259733974219,326.53872850525,-103.206042310366,-216.261189820236,319.467232302501,-5.02615930540944,-0.501260728416394,5.52742003675424
0.26,527.173187739068,1774.54800157757,49.9958048890653,49.9943514382759,1129.41894049197,600.150790271768,326.259806688943,326.538617292063,-3.11056580606105,-280.880354428188,283.990920417258,-3.70632151053601,-2.35755488425317,6.06387639814417
0.261,529.706906796756,1773.1482821138,49.9957847263697,49.9943558937213,1130.25459068172,600.189753620012,326.259555993886,326.538613395728,98.1294766536543,-318.226446684044,220.096970216664,-2.02252922851074,-3.9847877934423,6.00731702564427
0.262,531.845483008767,1772.15054336748,49.9957677081209,49.9943590696224,1130.86278509647,600.46037158146,326.259373535561,326.538586333932,189.694267549604,-324.207498529671,134.51323116188,-0.140146133704802,-5.22350467175899,5.36365080936862
0.263,534.06852987978,1771.01711106906,49.995750017676,49.9943626774495,1131.52520931302,600.650620826638,326.259174808297,326.538567309008,262.276188525095,-298.662927021081,36.386738669088,1.75497543087426,-5.94811078551355,4.19313535863086
0.264,536.159569037126,1770.0402619804,49.9957333777151,49.9943657868567,1132.03824153798,600.975779907797,326.259020898629,326.5385347931,309.39044301946,-244.107476046087,-65.2829668147136,3.47837704209579,-6.09353364878171,2.61515661064
0.265,538.249588811529,1769.04068123962,49.9957167458662,49.994368968621,1133.33572219166,600.517699469462,326.258631654433,326.538580601143,326.592674065641,-165.461093905384,-161.131580019866,4.8617506713527,-5.64135474370156,0.779604076144799
0.266,539.82340539948,1768.5439637649,49.9957042218317,49.9943705497218,1134.40071262936,600.282145203185,326.258312157302,326.53860415657,310.87937965193,-70.7545939540503,-240.124785577804,5.76894183305279,-4.63652048599955,-1.13242134351664
0.267,540.708400462538,1768.69899458545,49.9956971792648,49.9943700562434,1134.77446061748,600.718154197401,326.258200032905,326.538560555671,265.757210455256,31.0928615343309,-296.850071889613,6.1105488565143,-3.17790003852528,-2.93264881478599
0.268,541.268797340971,1769.1903414315,49.9956927197681,49.9943684922378,1134.46027889654,601.833561748822,326.258294287421,326.538449014915,193.534485233919,130.553969291022,-324.088454442727,5.85630293616147,-1.40950937631456,-4.44679355701545
0.269,542.572066831096,1768.93455664408,49.995682348679,49.9943693064261,1134.32242655061,602.784135155687,326.258335643125,326.538353957575,103.073890778403,216.087645464413,-319.161536176037,5.02805578024054,0.498588906305271,-5.52664468408847
0.27,543.965303343463,1768.54393051235,49.9956712616551,49.9943705498277,1133.59718012608,604.280262138984,326.258553217053,326.538204344876,2.85586405005202,281.211457805893,-284.067321800814,3.70723039790587,2.35582167505379,-6.06305207086084
0.271,545.642972397841,1767.87265753659,49.995657911189,49.9943726865559,1133.03603729111,605.606397125526,326.258721559903,326.538071731378,-98.1374756424525,318.481316585732,-220.343840892892,2.02492828766743,3.983034629568,-6.00796291543732
0.272,547.54816981954,1766.96837697252,49.9956427501096,49.9943755649704,1132.41871449137,607.005802879118,326.258906756743,326.537931790802,-189.683870706333,324.967627916106,-135.283757156669,0.142002023619049,5.22232981710068,-5.36433183912552
0.273,549.718874675108,1765.75524867009,49.9956254761892,49.9943794264777,1131.47390178242,608.702433112716,326.259190200556,326.537762127779,-262.061223786322,298.895012491007,-36.833788641891,-1.7530074043737,5.94756578378189,-4.19455837789612
0.274,551.992509165626,1764.45987532022,49.9956073831808,49.9943835497791,1131.15748418798,609.756195725517,326.259285125834,326.537656751518,-308.963184923834,244.123008986999,64.8401760152107,-3.47690714117489,6.09350385088879,-2.61659670815214
0.275,554.417222182055,1763.00062447488,49.9955880879277,49.9943881947188,1130.93520077549,610.71991451238,326.259351810858,326.537560379639,-326.00746023704,165.564700298949,160.442760036301,-4.86131781510856,5.64228447879321,-0.780966661945885
0.276,556.669651214528,1761.68875132842,49.995570163667,49.9943923705407,1131.13138713414,611.263816401064,326.25929295495,326.53750598945,-310.549102607784,70.0918262321756,240.457276497074,-5.76885341829447,4.63710537294051,1.13174804738419
0.277,558.742520658018,1760.53649643404,49.9955536682961,49.994396038282,1130.77419921827,612.311183204234,326.259400111325,326.53740125277,-265.335633140929,-31.5953320211649,296.930965307268,-6.11132963423695,3.18013928022705,2.93119035642273
0.278,561.025044386923,1759.17582593726,49.9955355045494,49.9944003694307,1130.41248161511,613.383311690839,326.259508626606,326.537294039921,-193.698627978428,-130.631329905617,324.329958050815,-5.85700943548792,1.41133624032742,4.44567319800717
0.279,563.271109748099,1757.84598641479,49.9955176309291,49.9944046024414,1129.81340357022,614.694314807338,326.259688350019,326.53716293961,-103.388843057758,-216.17236742247,319.561210663718,-5.02824337426058,-0.497287099553371,5.52553047710028
0.28,566.111527951827,1755.88674136657,49.9954950275993,49.994410838912,1128.81605920878,616.357307464095,326.259987553328,326.536996640344,-3.24139574035361,-280.777658933177,284.019054866231,-3.70887499165399,-2.35403623420759,6.06291122953961
0.281,568.994484163379,1753.89412407588,49.9954720857627,49.9944171816099,1128.46385979834,617.395643201282,326.260093213151,326.53689280677,98.0150759674121,-318.272114118889,220.257038345794,-2.0255217894833,-3.98249178362149,6.00801357708192
0.282,571.864416225878,1751.91492136243,49.995449247569,49.9944234816078,1128.46050925456,618.080032147834,326.260094218314,326.536824367876,189.566055632873,-324.386017366363,134.819961920729,-0.143558235887339,-5.22194683220175,5.36550507223883
0.283,574.636230442324,1749.99143947641,49.9954271901723,49.9944296042408,1128.50012015323,618.695069233967,326.260082335044,326.536762864167,262.086586723137,-298.960286405184,36.8736998535746,1.75123364870259,-5.9477131412178,4.1964794966833
0.284,577.499078171232,1747.98641544669,49.9954044083539,49.9944359864305,1128.75813537285,619.084523358186,326.260004930479,326.536723918755,309.019555045281,-244.112100780158,-64.9074541156267,3.4748135790716,-6.09322652383849,2.61841294879253
0.285,579.818225801825,1746.51320924254,49.9953859531634,49.9944406757915,1129.38796061837,619.108578575317,326.259815982905,326.536721513233,326.770020385896,-165.887508657809,-160.882511604695,4.85959716823966,-5.64218962330181,0.782592458797474
0.286,582.081517276983,1745.08573107348,49.9953679424621,49.9944452195956,1129.65032591963,619.490202410134,326.259737273314,326.536683350849,311.100723032025,-70.7078255125025,-240.392897422918,5.76786071211836,-4.63847053690963,-1.12939017187907
0.287,584.441999023438,1743.54781057983,49.9953491583452,49.9944501149486,1130.04512265795,619.720304534419,326.259618834293,326.536660340637,265.547347560932,31.0525245816678,-296.599872070922,6.11200969242847,-3.1816263527826,-2.93038333679102
0.288,586.986590699659,1741.80899747916,49.9953289091281,49.9944556497626,1130.35763124812,620.023662158734,326.259525081716,326.536630004874,193.823612549575,130.027153897413,-323.850766396409,5.85701128302102,-1.41287358523673,-4.44413769542693
0.289,588.653737315153,1740.95870185577,49.9953156423968,49.9944583563376,1130.27292985531,620.738441945394,326.259550492134,326.536558526896,103.287488889423,215.869711207854,-319.157200063436,5.02968283325894,0.495017898513051,-5.52470072989007
0.29,590.297254379417,1740.09275610529,49.9953025637036,49.9944611127286,1130.35440883567,621.238537754289,326.25952604844,326.536508517315,2.89602673442574,280.863856560755,-283.759883272023,3.71087250700752,2.35132913280118,-6.06220163834965
0.291,592.000244433865,1739.17742229813,49.9952890117393,49.9944640263266,1130.29782164784,621.90733097008,326.259543024596,326.536441637993,-98.1919137947869,318.421739535381,-220.229825719956,2.02724462659581,3.98100210379578,-6.00824672926131
0.292,593.950686250287,1738.01044779083,49.9952734906165,49.9944677409218,1130.14139170859,622.670151945378,326.259589953578,326.536365355896,-189.520003114651,324.901597392593,-135.381594250882,0.145410892999496,5.22091872937845,-5.36632962144564
0.293,595.93697152646,1736.76920629304,49.9952576842605,49.9944716919162,1130.07987946673,623.303669817439,326.25960840725,326.536302004109,-261.568687696005,298.858643571219,-37.2899558341903,-1.74895622479347,5.94660259411148,-4.19764636843131
0.294,597.496778151457,1735.95737759691,49.9952452717138,49.9944742760472,1129.65803725125,624.290460534653,326.259734959915,326.536203325037,-309.16814093498,244.419601796159,64.7485392004081,-3.47301925109631,6.09298387448361,-2.61996462238912
0.295,599.622703528446,1734.59131556142,49.9952283541372,49.9944786243577,1129.0725038346,625.457999585054,326.25991061994,326.536086571132,-326.108479630427,165.719287750009,160.389191966739,-4.85931319301557,5.64371233046414,-0.784399136192053
0.296,601.777920747313,1733.16013079829,49.9952112034635,49.9944831799603,1128.6347469799,626.470915979695,326.260041946996,326.535985279492,-310.483851468337,70.1279093483727,240.355942233334,-5.7671819971871,4.63919819929946,1.12798379952381
0.297,603.586415205408,1732.07152414332,49.9951968119219,49.9944866451029,1128.10367641401,627.539861999509,326.260201268166,326.53587838489,-265.462363812168,-31.7509398109375,297.213303763002,-6.11117871996508,3.18282604003943,2.92835268202857
0.298,605.913114964516,1730.46717953997,49.9951782966335,49.9944917518904,1127.04686562399,629.135178826689,326.260518311403,326.535718853208,-194.188851129759,-130.337187778478,324.526039070948,-5.85875633458525,1.41553191245277,4.4432244247401
0.299,608.656526789038,1728.43624966348,49.9951564652558,49.9944982165409,1126.6168304781,630.13981909196,326.260647321947,326.535618389181,-103.776674815325,-215.934748089238,319.711423084416,-5.03078672989629,-0.493758147546693,5.52454488054283
0.3,612.160129313971,1725.61869754114,49.9951285844728,49.9945071850879,1126.0506774656,631.214585466327,326.260817167851,326.535510912544,-3.32719549172065,-280.810311320586,284.137507001397,-3.71159532008553,-2.35115307372042,6.06274839733486
0.301,615.199208381004,1723.2705185935,49.99510440025,49.9945146595736,1125.37103882218,632.409248457602,326.261021059444,326.535391446245,97.85087317384,-318.012724419052,220.161851435039,-2.03007109611443,-3.97888689862387,6.00895799858581
0.302,618.093288859789,1721.06936653816,49.9950813698893,49.9945216660582,1125.53690280228,632.78269536777,326.26097130025,326.535354101554,189.281785837264,-324.484730771614,135.202945115934,-0.147698372240196,-5.21972284268705,5.36742121895206
0.303,621.005212826661,1718.8130294714,49.9950581975346,49.9945288482022,1126.28628326955,632.537765315257,326.260746486109,326.535378594559,262.179575677135,-299.005016540141,36.8254410260918,1.74705453412425,-5.94640814659146,4.19935361649559
0.304,623.52267967997,1716.96294231423,49.99503816417,49.9945347372125,1126.72266830488,632.609769649257,326.260615570599,326.535371394125,309.56329050248,-244.562151914316,-65.0011384498379,3.47213138962731,-6.09336812402811,2.62123673825429
0.305,625.986707698672,1715.16217291168,49.995018556058,49.9945404692395,1127.26347500895,632.564140844529,326.260453328588,326.535375957006,326.674889846494,-165.902065521436,-160.772824215442,4.85722083626747,-5.64388883045934,0.78666799771301
0.306,628.275210465414,1713.51167497416,49.9950003447316,49.9945457229377,1127.49647471005,632.84232954553,326.260383428677,326.535348138136,310.937314857958,-70.7255891412305,-240.211725636629,5.76618345425765,-4.64033987202949,-1.12584357916227
0.307,630.620657420606,1711.81301445129,49.9949816802578,49.994551129942,1128.31879428744,632.495656744043,326.260136732804,326.535382805416,265.600612048371,30.7608707862176,-296.361482781922,6.11166860203902,-3.1848732169191,-2.92679538258213
0.308,632.351994764398,1710.71411336342,49.994967902713,49.9945546278528,1129.04466776084,632.248189673222,326.259918970762,326.535407552123,194.260250901417,129.554380151821,-323.814631023455,5.85864899539795,-1.41699332221327,-4.44165567119574
0.309,633.514973999473,1710.18345338727,49.9949586480183,49.994556316996,1129.42748081657,632.356961139107,326.259804126845,326.535396674976,103.318022452339,215.737367011934,-319.055389450576,5.03167565801706,0.491086213699071,-5.52276187024301
0.31,634.278244612934,1710.0307441636,49.9949525741037,49.9945568030845,1129.10537552659,633.140151835112,326.259900758432,326.535318355907,2.87141831807607,281.224275840663,-284.095694152373,3.71336397748269,2.34912275949056,-6.06248673593193
0.311,635.788328186086,1709.11974396865,49.9949405572405,49.9945597028882,1128.60932012706,634.09841301389,326.260049575052,326.535222529789,-98.104360081392,318.442968521024,-220.338608431585,2.03109452809414,3.97782342758757,-6.00891795494453
0.312,637.267256816286,1708.25628955247,49.9949287883004,49.994562451349,1127.83812179364,635.334701370981,326.260280934552,326.535098900953,-189.693444250514,325.007036159444,-135.313591889981,0.149413957154208,5.21852987937789,-5.36794383594086
0.313,639.140263736974,1706.95850901136,49.9949138833849,49.9945665823128,1126.64816480227,636.977953739915,326.26063792165,326.534934575716,-261.603284125665,299.237418448835,-37.6341342854094,-1.7460978270586,5.94652194529045,-4.20042411761448
0.314,641.420645906009,1705.27515380201,49.9948957366801,49.9945719405988,1125.91415435332,638.158020520411,326.260858124784,326.534816569038,-308.915602979335,244.576859452072,64.3387435897702,-3.47127012821644,6.09469567872122,-2.62342554969243
0.315,644.018999899078,1703.25546876652,49.9948750596361,49.994578369456,1125.68146218096,638.825290768687,326.260927932436,326.534749842014,-325.985563729967,165.755315913437,160.230247907267,-4.85626270042094,5.64518498909782,-0.788922287520542
0.316,646.661294377171,1701.18397133158,49.9948540329247,49.9945849632371,1125.22558958942,639.734993894141,326.261064694214,326.534658871701,-310.711329209652,70.5172152063918,240.194114124875,-5.76645148945536,4.64238037989839,1.12407111118
0.317,649.442460914379,1698.95491802747,49.9948319011046,49.9945920585341,1124.80133283826,640.576567301766,326.261191971239,326.53457471436,-265.375498339716,-31.1830972434254,296.558595733831,-6.11097474898294,3.18640170506507,2.92457304608944
0.318,651.912239102654,1697.03514810118,49.9948122472342,49.9945981693516,1125.05044955005,640.747807443852,326.261117236225,326.534557590346,-194.182405932587,-130.227606351642,324.410012459509,-5.85885998187025,1.41864727478685,4.44021270983076
0.319,654.933960060414,1694.57112101884,49.9947882011429,49.9946060125934,1125.12687667125,641.108507314748,326.261094308089,326.534521520359,-104.049681307349,-215.605332613382,319.655014113469,-5.03266064700341,-0.489795986327777,5.52245663662513
0.32,657.656125418465,1692.38464392723,49.9947665388393,49.9946129723661,1125.62471380206,640.998393976416,326.26094495695,326.534532531693,-3.49325267485047,-280.640962144551,284.134215020271,-3.71505071804793,-2.34691155367108,6.06196227547393
0.321,660.288169012289,1690.30092252178,49.9947455937018,49.9946196050574,1126.12873600768,640.900487106886,326.260793750288,326.53454232238,97.3936833353645,-317.962988950493,220.56930581454,-2.0336534629736,-3.97637182824952,6.01002529530476
0.322,662.193581946314,1688.9379886694,49.9947304309075,49.9946239434106,1126.52839616711,640.923135870495,326.26067385224,326.534540057503,189.301251927981,-324.293750998777,134.992499259081,-0.151523463771613,-5.21762724716988,5.36915071518378
0.323,663.615999799342,1688.01505349483,49.9947191116659,49.9946268812045,1126.94673395449,640.892092707963,326.260548350904,326.53454316182,261.751637611325,-298.704071224693,36.9524337825947,1.74337429136557,-5.945295605502,4.20192131835927
0.324,665.092440602942,1687.06110980995,49.9947073625233,49.9946299177015,1127.08393978318,641.139708387714,326.260507189155,326.534518400252,309.26150023124,-244.349995134082,-64.9115049537201,3.46854472535474,-6.09386892882761,2.62532420749889
0.325,666.203280391458,1686.46482193332,49.9946985227411,49.9946318157448,1127.24571998539,641.375599629003,326.260458655095,326.534494811128,326.61328495272,-166.170097702897,-160.443187137376,4.8551809484681,-5.64592995652407,0.790749011723009
0.326,667.834763349996,1685.33803151643,49.9946855398122,49.9946354024301,1127.59619189462,641.4290545362,326.260353513522,326.534489465637,311.164865683486,-70.7265355114768,-240.438330092477,5.76565575772532,-4.64325932261073,-1.12239643194188
0.327,668.870602200677,1684.79666200132,49.9946772968685,49.9946371256628,1127.62917044398,641.759505140757,326.260343619957,326.534456420576,265.790785161303,30.3707235669184,-296.161508680394,6.11127278192138,-3.18812895623088,-2.92314382310336
0.328,669.811399141292,1684.34181900562,49.9946698102444,49.994638573473,1127.21722461737,642.54261459686,326.260467203705,326.534378109631,194.355745022726,129.729274023627,-324.085019026296,5.85938436182938,-1.42058072239162,-4.43880363747452
0.329,671.134836634802,1683.51966357853,49.9946592786634,49.994641190475,1126.47646186479,643.67540984591,326.260689432531,326.534264830106,103.759603661133,215.669144145203,-319.428747807175,5.03438315270229,0.487296468145104,-5.52167961948811
0.33,672.882887705299,1682.24147360277,49.994645368115,49.99464525908,1126.20443834295,644.296725678852,326.260771039587,326.534202698523,3.3679736553235,280.842643261763,-284.210616931569,3.71705001157958,2.34506169702881,-6.06211170778603
0.331,675.028601690068,1680.56014002235,49.9946282930656,49.994650610931,1126.22594880242,644.63603185762,326.26076458645,326.534168767905,-98.1386187252458,318.333925606043,-220.195306899156,2.0349881994882,3.9744539379305,-6.00944213701701
0.332,676.96044204147,1679.11107490172,49.9946129199686,49.9946552234486,1125.73626730317,645.494147825273,326.260911490899,326.534082956308,-189.317096145435,324.989431409742,-135.672335276145,0.152877854970826,5.21712443688044,-5.37000229171265
0.333,679.414086625206,1677.0887582584,49.9945933944854,49.9946616606824,1125.22842258169,646.346572748537,326.261063844316,326.533997713816,-261.492567308712,299.186647847867,-37.6940805372697,-1.74208824975451,5.94480357799611,-4.20271532819116
0.334,682.100357078646,1674.87383681166,49.9945720178243,49.9946687109963,1124.95732920573,646.956090671741,326.261145172329,326.533936762023,-308.829481030885,244.553032285019,64.2764487684854,-3.4678309079533,6.09462357900421,-2.62679267091724
0.335,684.454340979099,1672.98366207994,49.9945532854156,49.9946747276094,1124.51602510896,647.737260222112,326.261277563558,326.533858645068,-326.318058069197,166.063046946008,160.255011171266,-4.85423214584188,5.64689433806332,-0.792662191844643
0.336,686.957325609535,1670.91745535258,49.9945333672968,49.9946813045497,1124.31940782891,648.287052552394,326.261336548742,326.533803665835,-310.520360915429,70.7315907869959,239.788770202662,-5.76470152803894,4.64496548032094,1.11973604846565
0.337,689.325994722079,1668.98682033331,49.9945145180269,49.9946874499518,1124.6344928579,648.295097416604,326.261242023233,326.533802861349,-265.606742238208,-31.1756849500858,296.782427288268,-6.11160301388466,3.19002399254363,2.92157902254175
0.338,690.836493828469,1667.89846000235,49.9945024978569,49.9946909143103,1125.03059371203,648.217692368647,326.261123192977,326.533810601854,-194.766821398585,-129.782966171067,324.549787691837,-5.85993213879679,1.42310369719489,4.43682844329408
0.339,692.640755214914,1666.54704261382,49.994488140001,49.9946952160055,1125.55506274321,648.038830360159,326.260965852267,326.533828488054,-104.149190239806,-215.624570662225,319.773761040662,-5.03594663507195,-0.484903328331359,5.52084996557323
0.34,693.904738076235,1665.66946274386,49.994478081545,49.9946980094289,1126.08312971217,647.816755949228,326.260807432177,326.533850695495,-3.74539844364371,-280.566720960559,284.312119551962,-3.71754662707383,-2.34229604979872,6.05984267945857
0.341,695.611304486541,1664.38144867037,49.994464501121,49.9947021093051,1126.52373568898,647.691543435536,326.260675250384,326.533863216747,97.5252630172237,-318.078569526649,220.553306657884,-2.03642738505885,-3.97299457881887,6.00942196677469
0.342,696.898078716589,1663.54029080695,49.9944542612971,49.9947047867937,1126.65527784235,647.882844142236,326.260635787738,326.533844086676,189.015859749035,-324.56343575706,135.547576148493,-0.155910795314033,-5.21607159846673,5.37198239685018
0.343,697.941486408785,1662.8743074117,49.9944459581225,49.9947069066847,1127.58387977807,647.270825518119,326.260357207157,326.533905288539,261.594331621333,-298.855567015087,37.2612355190413,1.74008882331543,-5.94439898104083,4.20431016081208
0.344,698.834850452641,1662.3758227672,49.9944388489573,49.9947084934106,1127.95151192627,647.190394379026,326.260246917513,326.533913331653,309.215033558158,-244.594670605394,-64.6203628489812,3.46473293825944,-6.09310825186952,2.62837531655714
0.345,699.375421881099,1662.26166354356,49.9944345472265,49.9947088567907,1127.56675036029,647.889874087971,326.260362345982,326.533843383682,326.591187645017,-166.470938076854,-160.120249490264,4.85356606987652,-5.64781273308327,0.794246665868306
0.346,700.277028585587,1661.75613481632,49.9944273724684,49.9947104659386,1127.39058110422,648.376044422577,326.260415196759,326.533794766648,311.149745448811,-71.5752922452971,-239.574453154644,5.76455956387199,-4.6468385883438,-1.11772097327507
0.347,701.139509748749,1661.27280832518,49.9944205090613,49.9947120044146,1127.16256516786,648.890385826317,326.26048360154,326.533743332508,266.061535007834,30.4963162263981,-296.557851215186,6.11138125160441,-3.19207283991688,-2.91930840994302
0.348,702.160422649507,1660.63966711182,49.9944123848946,49.9947140197657,1126.5845805705,649.756796252626,326.260656996919,326.533656691465,194.26659826345,129.579973440271,-323.846571711574,5.86138178739676,-1.42541258058644,-4.43596920562892
0.349,703.436423323299,1659.74507056679,49.9944022308039,49.9947168673549,1125.8308251915,650.822865191603,326.260883123533,326.533550084571,103.514543559708,215.691353149273,-319.205896741057,5.0364356650252,0.483060228557819,-5.51949589297392
0.35,704.942749989778,1658.58662138028,49.9943902438371,49.9947205548132,1125.20106540924,651.716610327113,326.261072051468,326.533460710058,3.79101264365321,280.59448107762,-284.385493773632,3.71974543259037,2.34110857468965,-6.0608540072317
0.351,706.863895538013,1657.04009623997,49.9943749558466,49.9947254775556,1124.98243202801,652.214631720316,326.261137641482,326.533410907918,-97.9222244992364,318.4598493209,-220.53762488539,2.03910604379435,3.97133221081212,-6.01043825505267
0.352,708.10697087973,1656.17307167343,49.9943650637673,49.9947282373805,1124.5244573982,652.959753333167,326.261275033871,326.533336395757,-189.194221159928,325.022221042773,-135.827999947711,0.157527205451812,5.21449517628706,-5.37202238255676
0.353,709.561705780456,1655.05965306682,49.9943534873548,49.9947317815021,1123.93834882396,653.822812105218,326.261450866443,326.53325008988,-261.304818850408,299.365806428982,-38.0609876352106,-1.73830887965812,5.94440169215086,-4.20609281352433
0.354,711.573919935658,1653.39470677469,49.9943374746634,49.9947370811907,1123.9223685,654.094077088006,326.26145566054,326.533222963382,-308.876022025416,245.060867144584,63.8151548414571,-3.46342003712125,6.09406256851628,-2.63064253246134
0.355,713.828708557979,1651.51010758792,49.9943195316256,49.9947430800562,1124.52326166809,653.760969858781,326.26127539259,326.533256274105,-326.135904073534,166.163518048958,159.972386009859,-4.85156210818235,5.64874331802936,-0.797181210763476
0.356,715.353238925278,1650.31767721148,49.9943073997984,49.99474687568,1125.02952333447,653.529826778007,326.26112351409,326.533279388413,-310.828293272305,70.9872742464641,239.841019041439,-5.76288417896084,4.64700922596145,1.11587495240563
0.357,717.056767702933,1648.95866328267,49.9942938435471,49.9947512015557,1125.63908517431,653.168831291326,326.260940645538,326.533315487961,-265.659250091275,-30.9210738564452,296.580323995749,-6.11130268571744,3.1934522115541,2.91785047403725
0.358,718.435755218254,1647.91681165347,49.9942828699132,49.9947545178724,1126.30921335824,652.747733546284,326.260739607083,326.533357597736,-194.588902149096,-129.62359775149,324.212499979243,-5.86159831735648,1.42694951026039,4.43464880753245
0.359,719.264155653415,1647.43940687182,49.9942762777119,49.994756037499,1127.25110352655,652.078233849479,326.260457040032,326.533424547705,-104.296286090314,-215.596537558615,319.892823753097,-5.03836568684036,-0.480663464896585,5.51902915277068
0.36,719.711528072877,1647.29899416888,49.9942727176354,49.9947564844466,1127.78530055497,651.785314479425,326.260296780924,326.533453839642,-4.10883132610081,-280.31008476603,284.418916213964,-3.72082925439031,-2.33923253949967,6.06006179548863
0.361,719.912645301708,1647.42501547624,49.9942711171953,49.9947560833083,1128.13452957596,651.677655329688,326.260192012218,326.533464605557,97.1636613169597,-317.863117889813,220.699456702796,-2.04085000990487,-3.96991002160073,6.01076003357712
0.362,720.345718108728,1647.33790507309,49.9942676709114,49.9947563605893,1128.43464361249,651.645710287793,326.260101978007,326.533467800062,188.816533448505,-324.349770854085,135.533237533233,-0.159368197405462,-5.21427704413209,5.37364524394072
0.363,721.258688748973,1646.7204011396,49.9942604057219,49.9947583261654,1128.69953103035,651.616087956273,326.260022511781,326.533470762295,261.61193248371,-299.008707311914,37.3967749432936,1.73593617901185,-5.94382092801643,4.2078847515626
0.364,721.440915054662,1646.85463310241,49.994258955611,49.9947578988918,1129.20680939786,651.330232084128,326.259870328271,326.533499347882,309.099269016363,-245.040604125635,-64.0586647972627,3.46074983616789,-6.09429090717417,2.63354107352495
0.365,721.350423045721,1647.26487839489,49.9942596757235,49.9947565930404,1129.15162056891,651.634571036232,326.25988688492,326.533468913987,326.770230334146,-166.496725258803,-160.273505009925,4.85004615308181,-5.64912846498419,0.799082314192589
0.366,721.764185850493,1647.14395150608,49.9942563831038,49.9947569779627,1128.75580004578,652.285070340303,326.260005631077,326.533403864056,311.094090810532,-71.6311805430694,-239.462910234041,5.76226714405201,-4.64813867749888,-1.11412846465701
0.367,722.414839530919,1646.8020154742,49.9942512053663,49.9947580663789,1128.50558695898,652.751102376102,326.260080695003,326.533357260853,265.955596217909,30.0394319283997,-295.995028145517,6.11159012234745,-3.19544422316217,-2.91614589781053
0.368,722.732413985954,1646.77882169158,49.9942486781891,49.994758140207,1128.22624957301,653.251792615825,326.260164496218,326.533307191829,194.678175123857,129.348026717846,-324.026201871183,5.86209796218817,-1.42914106869119,-4.43295689271917
0.369,723.436334312416,1646.37700211504,49.9942430765691,49.9947594192384,1127.66857134869,654.050407086463,326.260331799686,326.533227330382,104.18609507868,215.326597077237,-319.512692211463,5.03933658294715,0.478602629631633,-5.51793921241642
0.37,724.347381507133,1645.74565835439,49.9942358266859,49.994761428868,1127.26156150892,654.672116217116,326.260453902638,326.533165159469,3.41221421037129,280.762869781281,-284.175084067986,3.72328830813635,2.33749570627547,-6.06078401484772
0.371,725.33091138063,1645.03805621906,49.9942280000038,49.9947636812356,1127.15578565767,654.98732874109,326.260485635393,326.533133638216,-97.3812494040159,318.326438271436,-220.945188954955,2.04303155818248,3.96813059468415,-6.01116215382272
0.372,726.220651034792,1644.45234246858,49.9942209196806,49.9947655456203,1126.9158026274,655.458156474887,326.260557630302,326.533086555443,-189.046437908818,324.884392606055,-135.837954784959,0.161927564187823,5.21237581446719,-5.37430337999623
0.373,727.396645839195,1643.5358976709,49.9942115614113,49.9947684627547,1126.50375180193,656.073175000389,326.26068124555,326.53302505359,-261.215997329505,299.457889809295,-38.2418925565775,-1.73336871594175,5.94341265387542,-4.2100439394825
0.374,728.503291076836,1642.70565411317,49.9942027550083,49.9947711055021,1125.94430576809,656.841049086695,326.26084907936,326.532948266182,-308.714681803444,244.798298329827,63.9163834174957,-3.46048242820572,6.09474150680114,-2.63425908015026
0.375,729.903022436791,1641.56898149231,49.9941916163001,49.9947747236434,1125.90616149113,657.089204560774,326.260860522643,326.532923450634,-326.093730753828,166.400168088639,159.693562637374,-4.84827883300824,5.64891047246974,-0.800631640819494
0.376,731.348739762188,1640.39107443521,49.9941801116471,49.994778473038,1126.42197600204,656.788074049821,326.26070577829,326.532953563685,-310.580970864296,70.8556212329536,239.725349635712,-5.76163924941324,4.64970736801258,1.11193188041917
0.377,732.595205286622,1639.41885759116,49.9941701925897,49.9947815677003,1127.05533313669,656.349514833262,326.260515771149,326.532997419607,-265.834697111847,-30.5617352564024,296.396432406287,-6.11180838261765,3.19720221407992,2.91460616807111
0.378,733.325285715391,1638.94598255184,49.9941643827942,49.9947830729083,1128.43952751774,655.155925529812,326.260100512835,326.533116778537,-194.712364056088,-129.643951172898,324.356315298882,-5.86275283260823,1.43124562824429,4.43150720450111
0.379,733.59100676918,1638.955457815,49.9941622682532,49.9947830427476,1129.39572136734,654.420000730155,326.25981365468,326.533190371017,-104.495294610538,-215.383675441462,319.878970148597,-5.04015055237585,-0.477189469204661,5.51734002235154
0.38,733.695537307881,1639.10734796599,49.9941614364256,49.9947825592663,1129.85887238927,654.135714977001,326.259674709374,326.533218799593,-4.06697285937053,-280.385204273981,284.452177248488,-3.72518269338227,-2.33567023253614,6.06085292728743
0.381,733.326786400591,1639.72675016009,49.9941643708521,49.9947805876478,1130.08127046535,654.100516390461,326.259607989951,326.533222319451,96.8200764906106,-317.805060711542,220.98498434494,-2.04549260680333,-3.96648041775773,6.01197302643171
0.382,733.212896950733,1640.09851437001,49.9941652771556,49.9947794042856,1129.93257774973,654.465340950982,326.259652597765,326.533185836995,188.731195312975,-324.718963739109,135.987768548466,-0.16384180366036,-5.21128041001491,5.37512221590132
0.383,733.22308301636,1640.31756520578,49.9941651960974,49.9947787070251,1129.6896336479,654.887528014257,326.259725480996,326.533143618289,261.248470670085,-299.317662109553,38.0691915533852,1.73178687703694,-5.9427509613584,4.21096408673843
0.384,733.214710240742,1640.5833869358,49.9941652627259,49.9947778608883,1129.4495278368,655.312766576457,326.259797512739,326.533101094433,308.973421224743,-244.912089349822,-64.0613317784776,3.45828528953635,-6.09505498508442,2.63676969798302
0.385,733.130289670878,1640.90511888101,49.9941659345234,49.9947768367837,1129.30894861546,655.636083420524,326.259839686506,326.533068762748,326.72090822966,-167.007205841851,-159.713702315961,4.84700964192865,-5.65046809748644,0.803458457831802
0.386,733.459581276893,1640.80124852216,49.9941633141041,49.9947771674133,1128.86926323316,656.273515782575,326.25997159212,326.533005019512,310.996554335274,-71.9161450084368,-239.080409285098,5.76032923329589,-4.65137483172466,-1.10895439962461
0.387,734.023809887252,1640.47026297646,49.9941588241155,49.994778220973,1128.84722810282,656.463345325449,326.25997820266,326.532986036558,265.757001903685,30.2028230214372,-295.959824916128,6.111202821762,-3.19905871244017,-2.9121441078475
0.388,734.874715514381,1639.8471942541,49.9941520528236,49.9947802042624,1128.65222140405,656.827510083207,326.260036704669,326.532949620082,194.6174549827,129.317517002218,-323.934972007706,5.86366664412278,-1.43359864444589,-4.43006799877401
0.389,735.674266086287,1639.2919134762,49.9941456902023,49.994781971776,1129.31366482009,656.369503734723,326.259838271644,326.532995420717,104.32392148883,215.175596457394,-319.499517996743,5.04154117452038,0.474541999931537,-5.51608317416377
0.39,736.117889099883,1639.07329029749,49.9941421599626,49.9947826676752,1130.16937686936,655.679019810614,326.25958155803,326.533064469109,3.55606601444469,280.718482564195,-284.274548650627,3.72656249187266,2.33440369865843,-6.06096619084689
0.391,736.400805989178,1638.99769334819,49.9941399085815,49.9947829083078,1130.67466257602,655.326758113234,326.259429972318,326.533099695279,-97.2353545499772,318.393534960419,-221.158180495212,2.04732574090692,3.96453256025496,-6.01185830201001
0.392,736.468650779708,1639.17645432211,49.9941393686898,49.9947823392939,1131.18589080172,655.009095206683,326.25927660385,326.53313146157,-188.869330959497,325.079865190191,-136.210534319637,0.165996557984344,5.21043369688339,-5.37643025613206
0.393,736.44680481372,1639.39549070899,49.9941395425345,49.9947816420794,1131.64038375463,654.70657112724,326.259140255964,326.533161713978,-261.144835438943,299.668329253728,-38.5234938991695,-1.72905479363195,5.94206054565721,-4.21300575355964
0.394,736.511075616439,1639.54721414293,49.9941390310837,49.9947811591287,1131.80868044187,654.707435368486,326.259089766958,326.533161627554,-308.630006070759,245.546198928506,63.0838070708817,-3.45674366262569,6.09481483396087,-2.63807117297387
0.395,736.311267717326,1639.97298262879,49.9941406211044,49.9947798038656,1131.80163632817,654.878889060878,326.259091880192,326.533144482184,-326.314815703237,166.737826524944,159.576989126893,-4.84580742392812,5.65138779112374,-0.805580368766755
0.396,735.795768456005,1640.69457801303,49.9941447233172,49.9947775069561,1132.21257257266,654.637786373821,326.258968599319,326.533168592453,-310.986631537071,71.6230977488192,239.363533762171,-5.76013288106436,4.65341751717893,1.10671536254404
0.397,735.063019715577,1641.63057300985,49.9941505543464,49.9947745275915,1132.66545605892,654.346357366898,326.258832734273,326.533197735354,-265.961124339774,-30.3716440044026,296.332768345942,-6.11088849685038,3.2006811178714,2.91020737800529
0.398,734.09163816127,1642.80570690524,49.9941582843552,49.9947707870241,1132.6141886044,654.543606850913,326.258848114509,326.533178010405,-195.022858766937,-129.331962194029,324.354820990189,-5.8635025743664,1.43534053107853,4.42816204278012
0.399,733.512587502499,1643.59397700093,49.994162892294,49.9947682778825,1131.78021961009,655.556781718562,326.259098305207,326.533076692919,-104.716745002802,-215.204610448108,319.921355504985,-5.04287028696175,-0.472245154961918,5.51511544193264
0.4,733.433105200086,1643.85687707382,49.994163524794,49.9947674410456,1131.04307437224,656.43300077201,326.259319448779,326.532989071013,-4.6302225467292,-279.992307373611,284.622529995029,-3.72813223459805,-2.3312520084676,6.05938424359756
0.401,733.621302765798,1643.86407709621,49.9941620271654,49.9947674181272,1130.61693486185,657.005448310846,326.259447290632,326.532931826259,96.8831261394892,-317.887482805171,221.004356754051,-2.04948986258831,-3.96332760014143,6.01281746374237
0.402,734.145169036334,1643.55029608291,49.99415785837,49.9947684169232,1130.16697132644,657.619702175699,326.259582279692,326.532870400873,188.448538531628,-324.379619222316,135.93108078442,-0.168545537101489,-5.20877049875365,5.37731603725962
0.403,734.659419323452,1643.20234104648,49.9941537660963,49.9947695244985,1129.98667100687,657.945830659424,326.259636369788,326.532837788024,261.354999692779,-299.162166506842,37.8071669032272,1.72735145146303,-5.94112005448899,4.21376860468912
0.404,735.438356535274,1642.62405540007,49.9941475675109,49.9947713652388,1129.86793328881,658.19150762258,326.259671991104,326.532813220328,309.146369296695,-245.232648421759,-63.9137207986719,3.45433764884176,-6.09579059627386,2.64145294919229
0.405,736.161689180962,1642.09352539176,49.9941418114126,49.9947730539683,1130.20621280934,658.0132968127,326.259570507248,326.532831041409,326.585560287795,-166.753505174317,-159.832055057087,4.84469563448092,-5.65213590261124,0.807440269820029
0.406,736.690638272247,1641.7498528573,49.9941376021695,49.994774147912,1130.82835074346,657.541173533713,326.259383865867,326.532878253737,311.400592608075,-71.9493600599657,-239.451232515987,5.75966827401088,-4.65471621479239,-1.10495205775483
0.407,736.916125189535,1641.70620720249,49.9941358078016,49.9947742868404,1131.88907234441,656.612003690952,326.259065649387,326.532971170721,266.136392505401,29.5532465975217,-295.689639097131,6.1108845794882,-3.20308189862108,-2.90780267975695
0.408,736.213609768628,1642.58019241097,49.9941413982417,49.9947715048591,1133.22674820274,655.414808204845,326.25866434663,326.53309089027,194.576218078595,129.049094247407,-323.625312346069,5.86377691043189,-1.43727221736173,-4.42650469240403
0.409,735.231432391862,1643.76072917409,49.9941492141609,49.9947677470938,1133.89048518032,654.897163719822,326.258465225536,326.533142654718,104.606015572832,214.889730307246,-319.495745922483,5.04420286261175,0.470260926945138,-5.51446378937751
0.41,734.717967078384,1644.43503351263,49.9941533001881,49.9947656007165,1133.63744246966,655.28325794929,326.258541138349,326.533104045295,4.34105059804898,280.255247940513,-284.596298598127,3.72937083868311,2.33010609383451,-6.05947693281745
0.411,734.424224789214,1644.89613647234,49.9941556377149,49.9947641329802,1133.73988511519,655.299467096811,326.258510405556,326.533102424381,-97.0330241052363,318.305834623726,-221.272810588235,2.05184496721428,3.96098862459699,-6.01283359253547
0.412,734.104532608353,1645.41318051404,49.9941581817445,49.9947624871779,1134.50941555479,654.683386035418,326.258279546424,326.533164032487,-188.608072844707,325.057253319274,-136.449180546276,0.17098885476441,5.20799949297114,-5.37898834878562
0.413,733.835437089564,1645.82227418517,49.9941603231386,49.9947611849923,1135.15460440383,654.170444330424,326.258085989769,326.533215326657,-261.020433441247,299.533368598143,-38.5129352239582,-1.72510090427464,5.94062172402422,-4.21552082100224
0.414,733.240556490945,1646.59193999924,49.994165057048,49.9947587350699,1135.66938147206,653.776228750057,326.257931556649,326.533254748215,-308.588205689919,245.283089751689,63.3051158828683,-3.45234840569064,6.09493603326363,-2.64258762889089
0.415,732.406429211984,1647.61197365682,49.9941716948219,49.9947554882019,1136.08671491741,653.491728637486,326.257806356615,326.533283198227,-326.030612270172,166.84840049289,159.18221173965,-4.84402440026201,5.65362246662895,-0.809598067607156
0.416,731.581422820391,1648.58869375297,49.9941782600142,49.9947523792053,1136.23414479479,653.488203680128,326.257762127652,326.533283550722,-310.775289724833,71.5080199324699,239.267269777715,-5.75843326203735,4.65585602246508,1.10257723854755
0.417,730.519471056776,1649.81358453558,49.9941867107578,49.9947484802568,1136.3021276004,653.538960861546,326.25774173281,326.533278475004,-266.289032898488,-30.3420830961705,296.631116005576,-6.11068477976488,3.20453415214402,2.90615062693652
0.418,730.209383643797,1650.27868473467,49.9941891783551,49.9947469997969,1135.73811790704,654.216557661081,326.257910935718,326.533210715324,-195.118730579294,-129.086812985989,324.205543600978,-5.86502725761604,1.43957618544301,4.42545107191634
0.419,729.659972161518,1650.99846543578,49.9941935504327,49.9947447086638,1134.91481789325,655.180933758445,326.258157925722,326.533114277715,-105.07957242598,-214.886904304958,319.966476787612,-5.045393070875,-0.467795506902319,5.51318857798842
0.42,729.095358099707,1651.70352945435,49.9941980434887,49.9947424643753,1133.77913273405,656.426856007403,326.25849863127,326.53298968549,-4.7991850188295,-280.121572207642,284.920757297524,-3.73158257385911,-2.32751845698982,6.05910103150793
0.421,729.087741223877,1651.85534655027,49.9941981041018,49.9947419811265,1133.45563677309,656.871169580706,326.258595680058,326.532945254132,96.7375365784063,-317.77905255978,221.041516059433,-2.05327185874602,-3.9598260254109,6.01309788519518
0.422,729.767773598886,1651.34635040823,49.9941926925761,49.9947436013115,1133.40508569679,657.049514672579,326.258610845381,326.532927419623,188.258171419027,-324.466538407695,136.20836706552,-0.172756884685857,-5.20688955645489,5.37964644244986
0.423,729.713614356296,1651.53125468653,49.9941931235617,49.9947430127429,1133.66169568182,656.905304701938,326.258533862386,326.53294184062,261.240582228049,-299.365128904305,38.124546743676,1.72334021297049,-5.94057763907942,4.21723742755115
0.424,730.113725871838,1651.27801006232,49.9941899395754,49.9947438188456,1133.82380195445,656.839682006402,326.258485230504,326.53294840289,308.873129278869,-245.132663572145,-63.7404656556783,3.45051712092336,-6.09538093427919,2.64486381477897
0.425,730.058529870169,1651.4927112613,49.9941903788112,49.9947431354305,1134.3611269805,656.4309095405,326.258324032996,326.532989280136,326.749976040229,-167.228145820138,-159.521830190658,4.84246240571477,-5.65415055544981,0.811688150991161
0.426,729.521676567648,1652.16222574878,49.9941946509541,49.9947410042996,1135.19595806758,655.726233682871,326.25807358367,326.533059747722,311.420872003026,-72.0544471922651,-239.366424806008,5.75776520302517,-4.65645539143671,-1.10130981062959
0.427,728.653893464282,1653.17911150174,49.9942015565526,49.9947377674518,1136.00234334607,655.006160610918,326.257831668087,326.533131755029,266.420952088969,29.5945429945931,-296.015495104065,6.11081788895714,-3.20702410330141,-2.90379378509417
0.428,727.617893821587,1654.34795142256,49.9942098007758,49.9947340469188,1136.76889711725,654.350634890919,326.257601701955,326.533197307601,195.014046777647,128.673894066018,-323.687940887217,5.86537180844272,-1.44173512820608,-4.42363668013114
0.429,726.470219047969,1655.64620320561,49.9942189336815,49.994729914455,1137.06279171582,654.184090300398,326.257513533576,326.53321396206,104.773709255836,214.651947768076,-319.425657087985,5.04633528973443,0.466146244367801,-5.51248153446879
0.43,725.766633653016,1656.47824384315,49.9942245326361,49.9947272659874,1136.95822796639,654.386921615683,326.2575449027,326.533193678929,4.02363970874918,280.661986626258,-284.685626416192,3.73323883012002,2.32551618622869,-6.0587550171825
0.431,724.809234921571,1657.55583360418,49.9942321513732,49.9947238359126,1137.13554052366,654.30744014393,326.257491708933,326.533201627076,-97.0164868699339,318.166967867721,-221.150481088488,2.05511676718931,3.95771767313345,-6.01283444156947
0.432,724.397193374949,1658.12830604351,49.9942354302956,49.9947220136763,1136.70515716796,654.854270312639,326.25762082394,326.533146944059,-188.364116339481,325.198247398197,-136.834131150351,0.174909795786249,5.20570070733296,-5.38061050467769
0.433,723.685056316814,1658.95631403994,49.9942410973023,49.9947193780449,1136.52232338431,655.133465258021,326.257675674075,326.533119024565,-261.033606679097,299.70456320887,-38.6709566140419,-1.72066766595,5.94000575592541,-4.21933809171133
0.434,723.667658682068,1659.10523332532,49.9942412357483,49.9947189040201,1136.04122401811,655.716834461761,326.257820003885,326.533060687644,-308.332092907406,245.650318908354,62.6817739297227,-3.44968490725075,6.09624960681924,-2.64656470132889
0.435,723.780435339002,1659.13068604311,49.9942403383001,49.9947188230016,1136.35489974403,655.515027804801,326.257725901167,326.53308086831,-326.243270563895,166.91635672175,159.326913793861,-4.84078498952238,5.65470026191815,-0.813915274024601
0.436,723.157488585328,1659.87682989305,49.9942452955529,49.994716447952,1137.01811646828,654.958342066058,326.25752693615,326.533136536884,-310.962449481263,71.9657240428891,238.996725415944,-5.75689710081406,4.65828813749433,1.09860896196772
0.437,722.083010924274,1661.07361085107,49.9942538459744,49.9947126384799,1137.40558434685,654.660942586535,326.257410695786,326.533166276832,-266.462771200442,-29.6110528715242,296.073824076838,-6.11093061523502,3.2081462731256,2.90278434115549
0.438,721.820468170762,1661.4538844446,49.9942559352233,49.9947114280314,1137.3405061101,654.81985200885,326.257430219257,326.533150385889,-195.379282729331,-129.03574334277,324.415026103196,-5.86581104441809,1.44321720823531,4.42259383570684
0.439,721.053372857808,1662.36094768717,49.9942620395738,49.9947085407595,1137.47314454117,654.797095151766,326.257390427728,326.533152661575,-105.290770189723,-214.859259985178,320.150030228189,-5.04793051236541,-0.463631427898296,5.51156194029748
0.44,720.783059309351,1662.73662014375,49.9942641906607,49.9947073449569,1137.43680985648,654.912768623128,326.257401328133,326.533141094228,-5.03181059535791,-280.109018729729,285.140829394242,-3.73519253066059,-2.32336665415668,6.05855918533842
0.441,720.703257057357,1662.93639169832,49.9942648257068,49.9947067090643,1137.4183236558,655.022805938593,326.257406873994,326.533130090497,96.1579507247439,-317.692263432864,221.534312785432,-2.0573341873944,-3.9564869910506,6.01382117938143
0.442,720.284085033572,1663.48590780568,49.9942681613718,49.9947049599002,1137.66817102221,654.883428938146,326.257331919784,326.533144028197,188.065426746287,-324.428126164255,136.362699494446,-0.177060184401459,-5.20412178751215,5.38118197315166
0.443,720.14181577736,1663.72636213637,49.9942692935146,49.9947041945103,1138.61067257378,654.022659159323,326.257049169318,326.533230105174,261.205993264452,-299.418471970973,38.2124787730629,1.7186164896633,-5.93949058318755,4.22087409491426
0.444,719.444662133994,1664.54165249784,49.994274841287,49.9947015993605,1139.34643428866,653.373351998448,326.256828440804,326.533295035891,308.571161628783,-245.682573842689,-62.8885877372036,3.44730414978612,-6.09563570776932,2.6483315593595
0.445,718.493930637586,1665.62627750681,49.9942824069679,49.9946981468918,1139.98972142,652.825448412633,326.256635454664,326.533349826249,326.740711060396,-167.384874786959,-159.355836247835,4.83947154912438,-5.65557172024866,0.81610017232445
0.446,717.119838692162,1667.09802582838,49.9942933416441,49.9946934621714,1140.30135362593,652.619004983018,326.256541965003,326.533370470592,311.514613290258,-72.2491346653366,-239.265478626331,5.7558596586882,-4.65895210954482,-1.09690754826272
0.447,715.612296261406,1668.71158568765,49.9943053382856,49.9946883260509,1139.8636121599,653.119578356272,326.256673287442,326.533320413255,266.52674535629,29.360018629208,-295.886764015018,6.11006049728734,-3.21047806030654,-2.89958243653352
0.448,714.930806124861,1669.5027941369,49.9943107614118,49.9946858075561,1139.87724678291,653.197490801944,326.256669197055,326.53331262201,195.244488067283,128.440245081429,-323.684733204611,5.86700784735065,-1.44566049461614,-4.42134735279161
0.449,713.997118443804,1670.55785484642,49.9943181914623,49.9946824491936,1139.60625648159,653.57659576132,326.256750494146,326.533274711514,104.714504567252,214.746544176298,-319.461048821043,5.04884463000249,0.461726539996525,-5.5105711705806
0.45,712.652859094206,1671.98352613201,49.9943288887383,49.994677911141,1139.18312094527,654.066679472463,326.256877434807,326.533225703143,4.50489061436225,280.16584445431,-284.670735161763,3.73629386445076,2.32090038660394,-6.05719425213024
0.451,711.634973393036,1673.11769683207,49.9943369888154,49.9946743009635,1139.24371436949,654.083936049328,326.25685925678,326.533223977485,-96.4016718138053,318.09259922816,-221.690927514999,2.05989260429741,3.95487685818839,-6.01476946397767
0.452,710.977937903549,1673.89282588781,49.9943422173377,49.9946718336511,1139.26573583698,654.166046318364,326.256852650339,326.533215766459,-188.178667782909,324.985341221506,-136.806673537934,0.179686025610983,5.20337722673345,-5.383063254134
0.453,710.530626056777,1674.41617359002,49.9943457769322,49.9946701677836,1139.32023264769,654.187903696703,326.256836301296,326.533213580721,-260.475207351842,299.668538578711,-39.1933313160717,-1.71701391290321,5.93843718206314,-4.22142327109666
0.454,709.896794939903,1675.16371628175,49.9943508208,49.9946677882813,1139.47434796442,654.109937952225,326.256790066701,326.533221377295,-308.535922794446,245.550455829762,62.9854668934708,-3.44644208381696,6.0965679506337,-2.65012586873423
0.455,709.391044978297,1675.78575430621,49.9943548454303,49.9946658082728,1139.58292005604,654.0859826765,326.256757495074,326.533223772823,-326.178923434675,167.356612114867,158.822311272631,-4.83847979396725,5.65697282333469,-0.818493031100694
0.456,708.606712639326,1676.66909053201,49.9943610869488,49.9946629965263,1140.07301523412,653.683011861557,326.25661046652,326.533264069904,-311.097362005065,72.0140277180398,239.08333426743,-5.75626451066824,4.66216588634199,1.09409862292408
0.457,708.408583906158,1676.95134849794,49.9943626636071,49.9946620980712,1140.11053722005,653.721948056569,326.256599209924,326.533260176285,-266.520041179178,-29.8018995056158,296.321940693832,-6.11050537450813,3.21182739835897,2.89867797519263
0.458,707.978601740539,1677.48048765744,49.9943660852965,49.994660413769,1140.84891185315,653.049529851387,326.256377697534,326.533327418105,-195.24203404993,-128.834429349452,324.076463435426,-5.86738653173845,1.4483827120824,4.41900381921695
0.459,707.114008747898,1678.4444860947,49.9943729655089,49.9946573452667,1141.21950634476,652.776629417542,326.256266519187,326.533354708149,-105.290835682399,-214.78117003953,320.07200578071,-5.04942226013401,-0.45986940924083,5.50929166947637
0.46,706.271356913787,1679.37780125352,49.9943796711192,49.9946543744322,1141.43252626539,652.622621726157,326.256202613211,326.533370108918,-4.90199474469975,-279.869549122981,284.771543942714,-3.73846870633278,-2.31925158560642,6.05772029255195
0.461,704.773351345867,1680.9644034128,49.9943915918687,49.9946493241207,1141.50055038192,652.61036822766,326.256182205976,326.533371334268,96.3499303093386,-317.755055543646,221.405125317591,-2.06246921852442,-3.95255927145687,6.01502849102695
0.462,704.178457765928,1681.66140881129,49.9943963258814,49.9946471054836,1141.18491977917,653.026390888485,326.256276895157,326.533329732002,187.795750952249,-324.414364509044,136.61861363893,-0.181299748917929,-5.20203410098159,5.38333385125785
0.463,703.563000858492,1682.33577366541,49.9944012235318,49.9946449589136,1141.06803308449,653.211522485915,326.256311961165,326.533311218842,261.006597928932,-299.70237647468,38.6957786155896,1.71539740045541,-5.93796383557628,4.22256643662475
0.464,702.978253723595,1683.02795507615,49.9944058768017,49.9946427556318,1140.77919310407,653.564492865715,326.256398613159,326.533275921804,308.365835431043,-245.623496164758,-62.7423392168912,3.44442168522497,-6.09634667850094,2.65192499474092
0.465,702.070827392636,1684.02935228044,49.994413097871,49.9946395680855,1141.01340164273,653.401228758372,326.256328350598,326.533292248215,326.721505207794,-167.619326084252,-159.102179100439,4.83668883927107,-5.65711681851956,0.820427980497338
0.466,701.355088177971,1684.82411953888,49.9944187935427,49.9946370382627,1141.07364626765,653.424576547236,326.25631027721,326.533289913436,311.683193193816,-72.5258814678311,-239.157311732135,5.75499750566131,-4.66236969437464,-1.09262781040541
0.467,700.999789772989,1685.27220863996,49.9944216209176,49.9946356119508,1140.92167278638,653.6333552357,326.256355869254,326.533269035567,266.706813568495,29.1626538419927,-295.869467445792,6.11066390202253,-3.21411701315937,-2.8965468884584
0.468,700.338746568237,1686.00592665114,49.9944268813322,49.9946332764538,1141.35400794263,653.267939423413,326.256226168708,326.533305577148,195.417515689122,128.215263961935,-323.632779712884,5.86761845345528,-1.44986579407834,-4.41775265951006
0.469,699.781055808249,1686.66921953014,49.9944313192943,49.994631165127,1141.74667358658,652.95431385091,326.256108369014,326.533336939705,105.191161469199,214.363562519939,-319.554724072069,5.05174715160884,0.4569523570345,-5.50869950932199
0.47,698.621565208326,1687.91174078634,49.9944405462273,49.994627210059,1141.72875469551,653.032455695455,326.256113744682,326.533329125521,4.86078339258913,280.066027200074,-284.926810688222,3.74064221959171,2.31777031350751,-6.05841253426874
0.471,697.499624683346,1689.09987392088,49.9944494743463,49.9946234281138,1141.49716492645,653.32307410489,326.256183221612,326.53330006368,-96.1419284217055,318.046062293132,-221.904133971072,2.06336391981459,3.95129057676896,-6.01465449814146
0.472,696.640647214294,1690.06136154755,49.9944563098719,49.9946203676036,1141.18916963854,653.711839297242,326.256275620199,326.533261187161,-187.980295937971,324.966400725754,-136.986104882411,0.183921554903209,5.20082724445063,-5.38474880116208
0.473,695.745033698281,1691.01896274066,49.9944634369378,49.9946173194644,1141.20577409393,653.767317868333,326.256270638862,326.533255639304,-260.788940009183,299.967441789576,-39.1785018610753,-1.71372647297254,5.93840119689617,-4.22467472581793
0.474,695.443660662627,1691.40114400066,49.9944658351882,49.9946161029436,1141.02825358232,653.99072001974,326.256323895016,326.533233299088,-308.433594621958,245.967745503126,62.4658490595171,-3.44225876155603,6.09671059983843,-2.65445184008864
0.475,695.596467153017,1691.33608792972,49.9944646191928,49.9946163100235,1141.52588492956,653.564461540931,326.256174605612,326.533275924936,-326.068677480752,167.482607630204,158.586069817915,-4.83568131120524,5.65816801854424,-0.822486708891186
0.476,695.171572748131,1691.83333746448,49.994468000395,49.9946147272291,1142.13298696223,653.02628068065,326.255992475002,326.533329743022,-311.250407383685,72.4258372854387,238.824570095556,-5.75430245815714,4.66452053591744,1.08978192108413
0.477,694.46831679325,1692.59589349227,49.9944735967281,49.9946122999379,1142.56552865427,652.640500309812,326.255862712494,326.533368321059,-266.890768288549,-29.4680102551099,296.358778570981,-6.10960850995691,3.21555172706854,2.89405678223567
0.478,693.817440244424,1693.32814854336,49.9944787762391,49.9946099690977,1143.26728834663,651.993184278595,326.255652184586,326.533433052663,-195.528598060098,-128.522411497947,324.051009612484,-5.86874031959266,1.45239906402901,4.4163412554717
0.479,693.136618613198,1694.09571497487,49.9944841940455,49.9946075258578,1143.87899191124,651.464769230542,326.255468673517,326.533485894167,-105.662490322272,-214.492081523622,320.154571921569,-5.05246811063396,-0.455210249302403,5.50767836040778
0.48,692.607444481479,1694.69848064215,49.9944884050794,49.9946056071951,1144.60952873006,650.773994348238,326.255249512471,326.533554971656,-5.55313814641297,-279.415320650994,284.968458885612,-3.74244506460282,-2.31491547514191,6.05736054072017
0.481,690.7685580746,1696.60505651343,49.9945030384725,49.9945995383756,1145.03239127655,650.410695068413,326.255122653707,326.533591301584,95.9005277785749,-317.420226224667,221.51969853754,-2.06550652933628,-3.94984386655555,6.01535039725957
0.482,689.429974653541,1698.03217623571,49.9945136905809,49.9945949957125,1144.86696938284,650.648769070719,326.255172280276,326.533567494183,187.64996720212,-324.431883547003,136.781916430146,-0.186057762702443,-5.1997179649993,5.3857757293127
0.483,688.436112749106,1699.07841458797,49.9945215994827,49.9945916654324,1144.85908342372,650.713544310572,326.255174646063,326.533561016659,260.563281537316,-299.558773508632,38.9954920417988,1.71105246500428,-5.93790879287091,4.22685632954945
0.484,687.793468462465,1699.78879724929,49.9945267134834,49.9945894042141,1145.27893432315,650.356413023177,326.255048690793,326.533596729788,308.50442244949,-245.765567325392,-62.7388550764201,3.44077992825852,-6.09620150217357,2.65542157549065
0.485,686.836531154774,1700.822322961,49.9945343285485,49.9945861143996,1145.69484730128,649.984274907091,326.2549239169,326.5336339436,326.509491544923,-167.659984860188,-158.849506665444,4.83392970494865,-5.65862851840357,0.824698814752216
0.486,686.04188045468,1701.67209648496,49.9945406521779,49.9945834094865,1145.42884654091,650.319961855704,326.255003717128,326.533600374905,311.64368322327,-72.7033576594288,-238.940325574977,5.75317636376854,-4.66487677122192,-1.08829959167132
0.487,685.520717140715,1702.25627264737,49.9945447994638,49.994581549996,1145.20054098333,650.579931972256,326.255072208795,326.533574377893,266.621868718596,28.8248070347296,-295.446675793841,6.10983921227511,-3.21770868108802,-2.89213053082966
0.488,684.467322815952,1703.37742198468,49.9945531821094,49.9945779812668,1145.27244965583,650.555081631064,326.255050636194,326.533576862927,195.887997164845,127.907022507619,-323.795019738777,5.86970375709451,-1.4547387112418,-4.41496504605762
0.489,683.465180341832,1704.45288203454,49.9945611569059,49.9945745579711,1145.00824302807,650.905129520806,326.255129898182,326.533541858138,105.253962972226,214.33262743959,-319.586590496947,5.05306407038851,0.45354338785714,-5.50660745899989
0.49,682.616481694925,1705.34700877844,49.9945679106351,49.9945717118773,1144.19033303824,651.748828221997,326.255375271179,326.533457488268,5.10291464281294,279.89151166093,-284.994426398775,3.74273812255027,2.31367290818889,-6.05641103196647
0.491,682.189855464424,1705.83093611766,49.9945713056188,49.9945701714888,1143.19952699159,652.783217404589,326.255672512993,326.53335404935,-96.0410195465243,318.024993189676,-221.983973739098,2.06739929382256,3.94802056411536,-6.01541985951636
0.492,681.865965115298,1706.24635152639,49.9945738830563,49.9945688491804,1142.75652915381,653.291914725621,326.255805412344,326.533303179618,-187.854719365994,325.145088808347,-137.290369528447,0.187790171740748,5.19929618369049,-5.38708635720394
0.493,681.878666743437,1706.27345634741,49.99457378198,49.9945687629031,1142.5169956372,653.581130101704,326.255877272399,326.53327425808,-260.587390402241,299.890798879318,-39.3034085418053,-1.70907844962768,5.93720440827424,-4.22812596041827
0.494,681.578843428583,1706.64777327918,49.9945761678981,49.9945675714153,1142.65443072221,653.48995309891,326.255836041874,326.533283375781,-308.162610307953,245.91560796451,62.2470023097574,-3.43860496046168,6.0970129390914,-2.65840798018286
0.495,681.192687237444,1707.10032594626,49.9945792408314,49.9945661308954,1143.18127696471,653.013561067924,326.255677988001,326.533331014984,-325.914316618025,167.607797779697,158.306518838381,-4.83250136815448,5.65970513700432,-0.827203769996785
0.496,680.210641167291,1708.13440009961,49.9945870557057,49.9945628393352,1143.5823418698,652.674273121491,326.255557668529,326.533364943778,-311.340915889249,72.4271308186788,238.913785106275,-5.7529183677915,4.66681476473252,1.08610360245786
0.497,680.008666277988,1708.3942757763,49.9945886629708,49.9945620121252,1143.5051965791,652.788123391945,326.255580812117,326.533353558751,-266.92476654865,-29.1505493599212,296.075315977205,-6.11065587755054,3.21925201825357,2.8914038593321
0.498,680.172033774346,1708.28315292122,49.9945873629336,49.9945623658402,1143.30300077113,653.029740974135,326.255641470859,326.533329396993,-196.167953432366,-127.995868193074,324.163821720821,-5.86956030273596,1.4558557270646,4.4137045763641
0.499,679.748024834882,1708.77849246721,49.9945907370895,49.9945607891255,1143.51532372616,652.886878348827,326.255577773973,326.533343683256,-105.804409441632,-214.230918813209,320.035328368602,-5.05475003988967,-0.451050941021935,5.50580098221635
0.5,679.544555459615,1709.03076373816,49.9945923562474,49.9945599861211,1143.64508135019,652.800119358972,326.255538846685,326.533352359154,-5.57760218917592,-279.710675154552,285.288277465991,-3.74416756616364,-2.31286125370642,6.05702882168305
0.501,679.323773333987,1709.30082519521,49.9945941131757,49.9945591264888,1143.51015973138,652.947465329701,326.255579323171,326.533337624557,95.5337285153715,-317.632100553021,222.098372157959,-2.06993509845929,-3.94628823767969,6.01622333830894
0.502,679.01362624302,1709.68593670193,49.9945965812478,49.9945579006408,1143.97782094419,652.549653145626,326.255439024807,326.533377405776,187.489238153792,-324.83290387168,137.343665826419,-0.189987139871771,-5.19758436300882,5.38757150522539
0.503,678.726457627082,1710.02285455191,49.9945988664631,49.994556828198,1145.00708212916,651.568578824125,326.255130246452,326.533475513208,260.569391535981,-299.69643528295,39.1270438353828,1.70712855312946,-5.93729345732183,4.23016490652012
0.504,678.193670890286,1710.60796739953,49.9946031062452,49.9945549657259,1145.62362346028,650.979521943351,326.254945284052,326.533534418896,308.770909440615,-245.789502061894,-62.9814073168929,3.4367248733668,-6.09686034868167,2.66013547744086
0.505,677.415244885508,1711.44122215256,49.9946093007625,49.9945523133937,1146.00693324088,650.649654572304,326.254830291118,326.533567405633,326.712569879573,-167.99937694375,-158.713192905589,4.83129184316587,-5.65959905984565,0.828307218438735
0.506,676.474039801833,1712.42961241057,49.9946167906346,49.9945491672498,1146.44054103251,650.264852358281,326.254700208781,326.533605885855,311.876287394976,-73.3323590443234,-238.543928352793,5.75210822682127,-4.66826672986102,-1.08384149570243
0.507,676.320385817574,1712.63947028208,49.9946180133742,49.9945484992514,1146.87870991084,649.860888302882,326.254568758117,326.53364628226,266.679408282406,28.5789685702628,-295.258376884263,6.11028524604224,-3.22099719101162,-2.88928805435101
0.508,674.977546750577,1714.02680094969,49.9946286993479,49.9945440832407,1147.05530694852,649.718284299112,326.254515779006,326.53366054266,195.974835831681,127.744281170026,-323.719117056994,5.86986984416605,-1.45789614733449,-4.41197369674515
0.509,673.776527591646,1715.28549144464,49.9946382567547,49.9945400767045,1146.92601892105,649.91403259143,326.254554565414,326.533640967831,105.467486507741,214.161434969044,-319.628921548488,5.05517861295162,0.449316822274403,-5.50449543568786
0.51,672.888784215916,1716.21531164055,49.9946453211921,49.9945371169949,1146.77137906521,650.098409720273,326.254600957371,326.533622530118,5.10099887934364,280.044499108236,-285.145498067469,3.74607635909219,2.31071114422173,-6.0567875042347
0.511,671.842186538892,1717.30715447933,49.9946536497517,49.9945336415512,1146.56151037421,650.335430704407,326.254663917978,326.53359882802,-95.8451993621582,318.010506010017,-222.165306725805,2.07142426534131,3.94493029778051,-6.01635456436614
0.512,670.915902627927,1718.30802477123,49.9946610208849,49.9945304556821,1145.9983407406,650.949419366632,326.254832868868,326.533537429154,-187.841763122615,325.055681543768,-137.213918487722,0.192080429456397,5.19668975711492,-5.38877018797137
0.513,670.373968777337,1718.87579834161,49.9946653334575,49.9945286484027,1145.5252938991,651.462156166598,326.254974782921,326.533486155474,-260.446632271915,300.169540727577,-39.7229085040754,-1.70438265469153,5.93588184965392,-4.2314991963441
0.514,669.300239497458,1719.99558283312,49.9946738779236,49.9945250840179,1145.64802563864,651.367753939739,326.254937963399,326.533495595696,-307.91909406169,245.910377091851,62.0087169453815,-3.4340085140124,6.09609741807794,-2.66208890526307
0.515,668.798683318614,1720.55183381535,49.9946778691808,49.9945233134161,1145.28332449037,651.785035720794,326.255047373743,326.533453867518,-326.130585255724,167.656734846389,158.473850412063,-4.83059332551093,5.66101655572945,-0.830423231086585
0.516,668.688193447116,1720.70311971376,49.9946787484313,49.9945228318581,1144.52040212855,652.595605128504,326.255276250452,326.533372810578,-311.174128986105,72.5650679200836,238.609061096906,-5.75185511613832,4.66926196022874,1.08259315548267
0.517,668.367564400515,1721.07274780772,49.9946812999162,49.9945216552953,1143.9706499829,653.171524233766,326.255441176096,326.533315218667,-266.891640157302,-29.1001868532017,295.991827067487,-6.11053467087693,3.22272579422549,2.88780887673338
0.518,668.168083792128,1721.31857230289,49.9946828873324,49.9945208728116,1143.4045632214,653.764694187314,326.255611002124,326.533255901672,-196.045037124472,-128.074965044149,324.120002247249,-5.87120054217341,1.46035657669042,4.41084396609131
0.519,668.006705991504,1721.52277011912,49.9946841715362,49.9945202228298,1142.76122969555,654.462242648899,326.255804002182,326.533186146825,-106.000245270678,-214.145371079558,320.145616443882,-5.05678645499787,-0.446648185449157,5.50343464154829
0.52,668.485820965695,1721.07560043863,49.9946803588603,49.9945216462151,1142.59211361159,654.647513669721,326.255854737007,326.533167619723,-5.82468597792099,-279.377642205652,285.202328284326,-3.74842685398554,-2.30738908767452,6.05581594317142
0.521,668.13965899279,1721.46751189974,49.9946831135298,49.9945203987222,1142.6494501126,654.625638878831,326.255837536057,326.533169807203,95.0345634069662,-317.414565773347,222.38000246609,-2.07313432581035,-3.94396089218256,6.01709521979595
0.522,668.769685186292,1720.89927555007,49.9946780999406,49.9945222074747,1143.01182793123,654.305011437989,326.255728822711,326.533201869947,187.310350458627,-324.575615463432,137.265265095027,-0.194586865791265,-5.19571592019102,5.39030278793216
0.523,669.420698748051,1720.26143740073,49.9946729193393,49.9945242377765,1143.60629259506,653.750462665141,326.255550483312,326.533257324824,260.400581414294,-299.410828744893,39.0102474027654,1.70331082584926,-5.93508235335156,4.23177152943383
0.524,669.655360304223,1720.08004806216,49.994671051962,49.9945248151567,1143.82908249345,653.546852300857,326.255483646342,326.53327768586,308.481136326815,-245.983472130905,-62.4976641474465,3.4344334814387,-6.09741191880829,2.6629784391179
0.525,669.934870184522,1719.84546478185,49.994668827693,49.9945255618585,1144.09706732063,653.308138953117,326.255403250894,326.533301557195,326.750346045074,-168.445234030131,-158.305111993498,4.82930996335645,-5.66170153623807,0.832391574303059
0.526,670.2172278451,1719.59996578573,49.9946665807622,49.9945263433061,1144.77883127117,652.668838423674,326.255198721709,326.533365487248,311.771073997841,-73.5507968386917,-238.220277165727,5.75107082061848,-4.670900401826,-1.08017041780764
0.527,670.121354600108,1719.74958936999,49.9946673436972,49.9945258670394,1145.48277941882,651.991244895046,326.254987537265,326.533433246601,266.847481883302,28.4215327424404,-295.269014658944,6.110722015798,-3.22458218705531,-2.88613982826641
0.528,669.203077194219,1720.70534146744,49.9946746511166,49.994522824786,1146.14105214985,651.354194411365,326.254790055445,326.533496951649,196.320709834135,127.472895577704,-323.793605467344,5.87193581894242,-1.4628095394422,-4.40912627955483
0.529,668.354948524758,1721.60328726351,49.9946814003101,49.9945199665358,1146.88963496408,650.6709616283,326.254565480601,326.533565274928,105.614663162924,213.902117246993,-319.516780480197,5.05793098181245,0.445113221436587,-5.50304420380288
0.53,667.336412672145,1722.64503180101,49.9946895055609,49.9945166505599,1147.45725407809,650.110439986391,326.254395194867,326.533621327092,5.59025107081526,279.566936597998,-285.15718774496,3.75017219015795,2.30498997498477,-6.05516216610341
0.531,665.6821798084,1724.34562725384,49.9947026695278,49.9945112373965,1148.21157779067,649.392479332774,326.254168897753,326.533693123157,-95.7790283271746,318.016387120618,-222.237358866763,2.07507891263599,3.9425374340545,-6.01761634792791
0.532,664.680189658135,1725.39325396277,49.994710643112,49.9945079026971,1148.40421333642,649.24197121053,326.254111107089,326.533708173969,-187.379076662875,325.244454812997,-137.86537821206,0.196045520494199,5.19436438850773,-5.39040991036139
0.533,663.98621109418,1726.10528168756,49.994716165618,49.9945056362425,1147.93234420758,649.740113455615,326.254252667828,326.533658359745,-260.251348832311,300.050861803933,-39.7995130152073,-1.70136687313051,5.93493945940512,-4.23357258759183
0.534,663.495816794552,1726.63805270519,49.9947200680518,49.9945039403796,1147.18069807698,650.509970713103,326.254478161667,326.533581374019,-308.149418621719,245.971891791821,62.1775268101791,-3.43194282939064,6.09756359845678,-2.6656207701826
0.535,663.035373427905,1727.14672452674,49.9947237321437,49.9945023212269,1146.08968142799,651.63092905892,326.254805466662,326.533469278184,-326.274174618806,168.166229430706,158.107945195454,-4.82776901575039,5.66284395899726,-0.835074944023723
0.536,662.477666410807,1727.73642858164,49.9947281702351,49.9945004441406,1145.42777488322,652.342321270638,326.255004038625,326.533398138963,-311.400094338897,73.0840061897424,238.316088182875,-5.75008768767489,4.67228263047624,1.07780505686192
0.537,662.530338606701,1727.71347665512,49.9947277510831,49.9945005171989,1144.92694522191,652.861841851673,326.255154287524,326.533346186905,-266.958031081454,-28.6753412390441,295.633372378035,-6.11037007794866,3.2263602920808,2.88400978602281
0.538,662.898151760225,1727.37796134942,49.994724824119,49.9945015851773,1144.2356406106,653.574742977341,326.255361678907,326.533274896793,-196.501783161873,-127.622992801484,324.124776039678,-5.87237920511784,1.46403211794359,4.40834708782398
0.539,663.281121234052,1727.03478441774,49.9947217765448,49.9945026775434,1143.63283214944,654.223551892401,326.255542521446,326.533210015901,-106.153703102922,-213.949481078833,320.103184269851,-5.0591050760167,-0.443108282191197,5.50221335930521
0.54,664.310971521927,1726.02124595533,49.9947135812566,49.9945059037365,1142.90581362914,654.959340664181,326.255760627002,326.533136437024,-6.21660595708694,-279.159815574774,285.376421623376,-3.75147560498991,-2.30396470290359,6.0554403093441
0.541,665.11641497894,1725.25362032699,49.9947071717412,49.9945083471648,1143.12321701984,654.755459359959,326.255695405984,326.533156825154,95.4511267068515,-317.733362850626,222.282236229897,-2.07721770773187,-3.94052146755218,6.01773917695625
0.542,665.490353261964,1724.92829223394,49.9947041960349,49.9945093827162,1142.9917782908,654.930347829444,326.255734837603,326.533139336307,187.120339398422,-324.576144867833,137.455805541814,-0.197946402664474,-5.19330462488279,5.39125102928523
0.543,666.001491646191,1724.43166291514,49.9947001285249,49.9945109635365,1143.615601597,654.332932248658,326.255547690611,326.533199077866,260.419928340373,-300.084363732917,39.6644354440716,1.69921962755665,-5.93499627811973,4.23577665220203
0.544,666.218660194063,1724.25521558255,49.9946984003525,49.9945115251858,1144.58000054569,653.37821570554,326.255258370927,326.53329454952,308.240128078743,-246.429766743723,-61.8103613094401,3.43037063564649,-6.09761342423659,2.66724278997295
0.545,665.99711696906,1724.5205789041,49.9947001633375,49.9945106805081,1145.52621502557,652.46563526099,326.254974506583,326.533385807564,326.637081332317,-168.453643897142,-158.183437440301,4.82687617119714,-5.66367557796948,0.836799407755245
0.546,665.693562039039,1724.85828511478,49.9947025789509,49.9945096055558,1146.70112809884,651.323726671524,326.254622032661,326.533499998423,311.579727395977,-73.4680677070977,-238.111659724872,5.74945114662654,-4.67399718497452,-1.07545396118068
0.547,664.485455802707,1726.07465399085,49.9947121927548,49.9945057337334,1147.41177585731,650.630932139855,326.254408838333,326.533569277876,266.992778285287,28.4835894294377,-295.47636777878,6.10852843485752,-3.2271062532623,-2.8814221816981
0.548,663.095678671422,1727.50941901218,49.9947232522498,49.9945011667345,1147.76227707899,650.29476599892,326.254303687967,326.533602894491,196.482874630699,127.320003786308,-323.802878503558,5.87352777922006,-1.4664460933714,-4.40708168653222
0.549,662.135947679488,1728.50809622568,49.9947308895464,49.9944979878462,1147.70107546891,650.405611381848,326.25432204845,326.533591809952,106.159498726081,213.64364415697,-319.80314298512,5.06040245849768,0.440782745323604,-5.50118520503702
0.55,661.24714127035,1729.41434056133,49.9947379624431,49.9944951031809,1147.20019465751,650.912374105018,326.254472312693,326.53354113368,5.89325950695872,279.511354830364,-285.404614446081,3.753201701079,2.30188540850085,-6.05508711123362
0.551,660.668293676371,1730.02744552201,49.9947425687659,49.9944931516072,1146.5609510311,651.576776261202,326.254664085781,326.533474693464,-95.4040283373884,317.920491794194,-222.516463562661,2.07926234877109,3.93890442958298,-6.01816678030867
0.552,659.781964650674,1730.95070463657,49.9947496219482,49.9944902127822,1145.87113817203,652.30682657574,326.254871029639,326.533401688433,-187.369746182619,325.024380641305,-137.654634551984,0.199802497033259,5.19195778815559,-5.39176028727664
0.553,659.772288270869,1730.97401957399,49.9947496989503,49.9944901385684,1144.51047851341,653.678684541568,326.255279227536,326.533264502636,-259.928587382749,300.253753684043,-40.3251663741018,-1.69690267683405,5.93414729006383,-4.23724461526982
0.554,660.387244351442,1730.3823139204,49.9947448052853,49.994492022026,1144.08681695238,654.122935845179,326.255406326005,326.533220077506,-307.95007946846,246.371808070491,61.5782713517732,-3.42851526340866,6.09754536182373,-2.66903010023136
0.555,661.275298612738,1729.53709525868,49.9947377383741,49.9944947124406,1143.6318840118,654.595634024857,326.255542805887,326.533172807688,-325.989763079204,168.226257986028,157.763505077128,-4.82512593357436,5.66441202943965,-0.839286097303667
0.556,662.237382916227,1728.59404437581,49.9947300823504,49.9944977142648,1143.0966198424,655.174171459579,326.255703385138,326.533114953944,-311.383122697561,73.0969482945855,238.286174418172,-5.74877260964133,4.67454992240982,1.07422268629048
0.557,663.053267816523,1727.80968217537,49.9947235897447,49.9945002109672,1143.12032105612,655.148970673492,326.255696274774,326.533117474023,-267.087517789658,-28.6740509133323,295.761568747001,-6.11005189060369,3.22995277645724,2.88009911377472
0.558,663.585077878048,1727.2976582771,49.9947193577347,49.9945018407899,1143.25194393665,655.03298539014,326.255656787909,326.533129072551,-196.56948013422,-127.518866276635,324.08834647885,-5.87312377510902,1.46838661679277,4.40473715853055
0.559,664.572285814234,1726.34613300791,49.9947115017835,49.9945048695889,1143.75884863907,654.573906128329,326.255504716499,326.533174980478,-106.422955019367,-213.764654500429,320.187609604938,-5.06122033857062,-0.439205902442848,5.50042624177703
0.56,664.703137458321,1726.23845687487,49.9947104604992,49.9945052123327,1144.02852913569,654.29116127437,326.25542381235,326.533203254963,-6.4904027408797,-279.292539650725,285.782942486602,-3.75547271045116,-2.29952275723318,6.05499546891669
0.561,664.460433853571,1726.50052084421,49.9947123918732,49.9945043781571,1144.37666897558,653.96205185741,326.255319370398,326.533236165905,94.8691487816176,-317.309524628154,222.440375942397,-2.08149466767352,-3.93675451679209,6.01824918604696
0.562,664.085836449908,1726.91807901782,49.9947153728246,49.9945030490282,1145.26523231993,653.126523872582,326.255052801394,326.533319718703,187.044586560336,-324.674171641311,137.629585168685,-0.201174625710011,-5.19165067888024,5.39282530636905
0.563,663.96284579294,1727.04824199294,49.9947163515531,49.9945026347066,1145.80609333791,652.591019228001,326.254890543089,326.533373269168,260.058294828371,-299.668447594122,39.6101528363977,1.69497772427236,-5.9331836879878,4.23820596551987
0.564,663.102896826362,1727.9509492895,49.9947231948096,49.9944997613,1146.26251762955,652.152119251629,326.254753615802,326.533417159165,308.231623228175,-246.35180231235,-61.8798208688702,3.42748522004187,-6.09797709078022,2.67049187239234
0.565,662.202149901298,1728.87546845013,49.9947303627259,49.9944968184641,1146.47453712066,651.964022680381,326.254690009954,326.533435968822,326.605087425474,-168.47136472948,-158.133722678265,4.82368103736578,-5.66477983976967,0.841098803744762
0.566,661.777264415417,1729.31442947553,49.9947337438571,49.9944954212078,1146.71064667441,651.754863709895,326.254619177088,326.533456884719,311.843801904173,-73.5638963375446,-238.279905580184,5.74764027971619,-4.67566163634482,-1.07197864248075
0.567,661.493943921484,1729.63823103306,49.99473599845,49.9944943905154,1146.13115898521,652.34371804909,326.254793023395,326.533397999285,267.045154996407,28.0455673164481,-295.090722356702,6.11049344599859,-3.23160499996163,-2.87888844569073
0.568,661.181487449018,1729.96540694738,49.9947384848996,49.9944933490821,1145.35176672079,653.130513699191,326.255026841074,326.53331931972,196.445156244018,127.146488692674,-323.591645007158,5.87436656961553,-1.47104479827839,-4.40332177157788
0.569,660.841220645066,1730.33783104087,49.9947411926568,49.9944921636194,1144.83484862944,653.685510085372,326.255181916502,326.533263820082,106.370001692141,213.626793295076,-319.996795078141,5.06294681312667,0.436235525642263,-5.49918233958401
0.57,660.71013836991,1730.48107394962,49.9947422357764,49.9944917076631,1143.83371133958,654.699379615173,326.255482257689,326.533162433129,5.88913039368821,279.64120185659,-285.530332353653,3.7563979054079,2.29857986229125,-6.05497776902248
0.571,661.283392196878,1729.92974747238,49.9947376739674,49.9944934625898,1142.82033196958,655.725067693545,326.2557862715,326.533059864321,-95.2975040408099,317.594902953385,-222.297399019204,2.08292521006852,3.93601101194942,-6.0189362237364
0.572,661.988045658416,1729.25509539458,49.9947320665133,49.994495610074,1142.61305940025,655.956730820642,326.25584845327,326.533036698008,-187.023339330986,325.373896622684,-138.350557392356,0.20457663720251,5.18977527072009,-5.39435190988803
0.573,662.957687343243,1728.28740961889,49.9947243503499,49.9944986903135,1142.58186329653,655.989622569433,326.255857812101,326.533033408833,-260.116960098865,300.183199692337,-40.0662396799662,-1.69169685444928,5.93238232349308,-4.24068547108917
0.574,663.569194173771,1727.69351801164,49.9947194841332,49.9945005807292,1142.71952981265,655.876421667557,326.255816512147,326.533044728924,-307.825128636832,246.340791734069,61.4843368376272,-3.42569360922835,6.09760180386892,-2.67190819659299
0.575,664.185650295892,1727.10509588242,49.9947145785312,49.994502453735,1142.96405064677,655.64347784634,326.255743155896,326.533068023306,-325.959936698944,168.310618027109,157.649318633119,-4.82288141630687,5.66523721066794,-0.842355796057662
0.576,664.881680218901,1726.44141259206,49.9947090397011,49.9945045663045,1143.37795398962,655.25497390974,326.255618984893,326.533106873699,-311.409845307135,73.3527184007213,238.057126893889,-5.74811320601025,4.6781316631895,1.06998154150769
0.577,665.258880072775,1726.07376631606,49.99470603804,49.994505736559,1144.19734781494,654.445615548669,326.255373166746,326.533187809536,-267.135081237105,-28.6609156670022,295.795996916933,-6.10950330913714,3.2326286735451,2.87687463473828
0.578,664.982290681136,1726.38284395641,49.9947082390685,49.9945047527343,1145.15529536195,653.489580705494,326.255085782482,326.53328341302,-196.652103684923,-127.509384544826,324.161488264575,-5.87477056721438,1.47231735099933,4.40245321585451
0.579,664.254384600453,1727.14811578697,49.994714031561,49.9945023167984,1145.57166915147,653.109851077099,326.254960870345,326.533321385983,-106.839657605434,-213.348398799258,320.188056455905,-5.0645561097451,-0.43412187037537,5.49867798023751
0.58,663.760363826626,1727.63748913698,49.9947179628534,49.9945007590747,1145.60701713318,653.084718992318,326.25495026595,326.533323899191,-6.46869484898546,-279.37063794846,285.839332858027,-3.75737927948142,-2.29665265332471,6.05403193333905
0.581,663.208969303531,1728.21442248866,49.9947223507116,49.9944989226388,1145.06179406645,653.63385179446,326.25511383287,326.533268985911,94.7384524072098,-317.498898338638,222.760445993306,-2.08472825087333,-3.93469707215782,6.01942532387805
0.582,663.30484045596,1728.16905849961,49.9947215877932,49.9944990670368,1144.57455957634,654.151831333526,326.255260003217,326.533217187957,186.833127051231,-324.544780219571,137.711653223021,-0.206657779848653,-5.18954042587865,5.39619820675452
0.583,663.632902254464,1727.83785035695,49.9947189771604,49.9945001213051,1144.13406465161,654.601303407219,326.255392151695,326.53317224075,259.965058211126,-300.124895179624,40.1598370078668,1.69055770330936,-5.93263714148491,4.24207943922756
0.584,663.85747662813,1727.62146612893,49.9947171900543,49.9945008100775,1143.77414156388,654.96841849155,326.255500128621,326.533135529241,308.442757099636,-246.473809166372,-61.9689479155538,3.42286605202008,-6.09755514137551,2.67468909027198
0.585,664.642640502329,1726.86535149894,49.9947109419187,49.9945032168651,1143.40458819924,655.365405204205,326.255610994631,326.53309583057,326.446738682639,-168.619246518336,-157.827492172738,4.82165295693369,-5.66615373527264,0.844500778972003
0.586,665.240548459779,1726.28119578768,49.9947061839184,49.9945050762905,1143.50515652157,655.293906665753,326.255580824134,326.533102980424,312.174440917429,-74.0390400156588,-238.135400938519,5.74699305989536,-4.67845418279832,-1.06853887687064
0.587,665.690236734564,1725.84194987258,49.9947026054128,49.9945064744537,1143.75563128869,655.027281933395,326.255505681704,326.533129642897,267.859841609432,27.5605521827981,-295.420393856654,6.10927560187646,-3.23497701413353,-2.87429858801015
0.588,666.117896044259,1725.44490685836,49.9946992022081,49.9945077382808,1143.75633704753,655.038328313812,326.255505469976,326.533128538259,196.501299008279,127.021382939321,-323.522682036357,5.87543425486079,-1.47437405879381,-4.40106019686795
0.589,666.321220290823,1725.27043944699,49.9946975842052,49.9945082936278,1143.75672139285,655.069666692803,326.255505354673,326.533125404421,106.522135832648,213.128227259701,-319.650363199189,5.06543775392996,0.432163279799244,-5.49760103505209
0.59,666.412375500732,1725.17498632927,49.9946968588151,49.9945085974645,1143.66687475341,655.160676444248,326.255532308664,326.533116303446,6.25789812889124,279.3594128074,-285.617311053318,3.7592888234884,2.29435164540583,-6.05364047067142
0.591,666.017921764857,1725.5926548489,49.9946999977782,49.9945072679844,1143.49143172252,655.34123414739,326.255584941574,326.533098247676,-95.0525017228695,317.611075163021,-222.558573558769,2.08723015654478,3.93206668933854,-6.01929684800455
0.592,665.59337185715,1726.04651446313,49.994703376239,49.9945058233043,1143.55204838127,655.310639181998,326.255566756576,326.533101307172,-187.049062113691,325.32025362304,-138.271191620295,0.208214637461168,5.18782709682504,-5.39604173660693
0.593,665.838788474056,1725.80590734705,49.9947014232756,49.9945065891806,1143.08788955029,655.785585312266,326.255706004225,326.533053812559,-259.921412848395,300.531468773491,-40.6100560195536,-1.68953502601289,5.93261984322957,-4.24308481956844
0.594,666.288524007097,1725.36978652452,49.9946978443939,49.9945079773963,1142.80950918461,656.061365392624,326.255789518335,326.533026234551,-307.955914451576,246.648426741701,61.3074876391264,-3.4212302477529,6.0981331304039,-2.67690288485851
0.595,666.824365900758,1724.86663268895,49.9946935802996,49.9945095789847,1143.04362792562,655.859943301286,326.255719282713,326.53304637676,-326.106923126805,168.41379100878,157.693132075954,-4.82060181833534,5.66751756771048,-0.846915751274383
0.596,667.283681431152,1724.41331438527,49.9946899251828,49.9945110219416,1143.55051901721,655.368031951589,326.255567215385,326.533095567895,-311.576564880473,73.5960233988431,237.980541470601,-5.74530643504441,4.67967862825866,1.06562780533189
0.597,667.527272965337,1724.1814836044,49.994687986743,49.9945117598819,1143.34556399402,655.573187514778,326.255628701892,326.533075052339,-267.215330958475,-27.8486438935139,295.063974871116,-6.10904482860141,3.23626474229256,2.87278008539502
0.598,667.885545205642,1723.83821927428,49.994685135703,49.9945128525262,1143.59323124966,655.329990970284,326.255554401715,326.533099371993,-196.529717262732,-127.435633894831,323.965351203108,-5.87541166486456,1.47629268724034,4.3991189772939
0.599,668.166867088788,1723.59019839152,49.9946828970146,49.9945136420012,1144.04581561568,654.910426915805,326.255418626406,326.533141328399,-106.919761957627,-213.314423204338,320.234185228079,-5.06629080041407,-0.430445097587125,5.49673589824157
0.6,667.871977284545,1723.88736093927,49.9946852436731,49.9945126961035,1144.57581965437,654.380407882321,326.255259625194,326.533194330302,-6.73608146633004,-279.046303278726,285.782384825349,-3.76117476301492,-2.29254168897014,6.05371645273968
0.601,667.530489075884,1724.23923224268,49.99468796115,49.9945115760623,1144.64238083285,654.315320319575,326.255239656841,326.533200839058,94.6097600555883,-317.154560616986,222.544800646986,-2.0883280277094,-3.93083889241831,6.01916692129672
0.602,667.242174205261,1724.56808737841,49.9946902554868,49.9945105292839,1144.06159552383,654.926451439798,326.255413892433,326.533139725946,186.56412595686,-324.78982589588,138.225700020413,-0.209905492526465,-5.18758391703042,5.39748941100104
0.603,667.257034329785,1724.5480129052,49.9946901372337,49.9945105931829,1143.58702742721,655.402912007529,326.255556262862,326.53309207989,259.925268772875,-300.112895710254,40.1876270049332,1.68729134646934,-5.93137075620294,4.2440794112827
0.604,666.972764260442,1724.84693258933,49.994692399383,49.994509641692,1142.82099631708,656.180883874869,326.255786072195,326.533014282703,308.122441630403,-246.465824665084,-61.6566169192785,3.4203784340042,-6.0981216205648,2.67774318803336
0.605,667.488754238463,1724.35281016753,49.9946882932652,49.9945112145326,1142.50871172637,656.498926625171,326.255879757572,326.532982478428,326.545127895307,-168.669572222727,-157.875555653607,4.81879095396541,-5.6680587456448,0.849267792903848
0.606,668.215097424152,1723.6361500846,49.9946825132098,49.9945134957324,1141.86291071793,657.174638439812,326.256073497875,326.532914907246,312.158153165119,-74.1844177245107,-237.973735450896,5.74575662379489,-4.68116712461489,-1.06458949834833
0.607,669.051248011717,1722.81719110019,49.9946758593349,49.9945161025599,1141.71113216023,657.317403098149,326.256119031442,326.532900630781,267.611749146293,27.4210774317451,-295.032826616755,6.10979103751295,-3.23842403616368,-2.87136700100792
0.608,669.567737842245,1722.30389879861,49.9946717492394,49.99451773642,1141.37209972634,657.661348203116,326.256220741173,326.53286623627,196.701798178815,126.760160145425,-323.461958388166,5.8759065299565,-1.47800230292129,-4.3979042272324
0.609,670.645185637192,1721.25856949594,49.9946631751823,49.9945210638065,1141.61097000576,657.450743067783,326.256149080089,326.532887296784,106.403496232865,213.375828544162,-319.779324860449,5.06777469236558,0.428441165386994,-5.4962158584833
0.61,671.206877860994,1720.69990264861,49.9946587053776,49.9945228420983,1142.04081285452,657.01839220736,326.256020127234,326.53293053187,6.22391686966887,279.246322891828,-285.470239856727,3.76301548073823,2.29064326938347,-6.05365875132794
0.611,671.491493948627,1720.43714784827,49.9946564404747,49.9945236784728,1142.81117328779,656.247216877789,326.255789019104,326.533007649403,-95.1454258007756,317.8280186179,-222.682592915256,2.09138857091509,3.92889783182522,-6.02028640431631
0.612,671.25831674779,1720.70333300561,49.9946582960399,49.9945228311791,1143.6241102941,655.464902829463,326.255545138002,326.533085880807,-186.682597772778,325.201817293181,-138.519219612017,0.212721521546663,5.18578338749742,-5.39850491084691
0.613,670.972428980734,1720.9726087582,49.9946605710625,49.9945219740478,1143.32630587011,655.765196841736,326.255634479329,326.533055851406,-259.782317840673,300.715297249765,-40.9329794853098,-1.68550142200687,5.93082416731433,-4.24532274716839
0.614,671.046416047816,1720.92765742842,49.9946599822921,49.9945221171323,1142.97674775342,656.122712028438,326.255739346764,326.533020099888,-307.730143063555,246.704200801957,61.0259422082187,-3.41888318911695,6.09913307060857,-2.6802498832338
0.615,671.215591575042,1720.78394958264,49.994658636036,49.9945225745686,1142.91080308076,656.195946411223,326.255759130166,326.533012776449,-326.014813165098,168.443684475463,157.571128664304,-4.81768457923201,5.6691212921328,-0.851436714357759
0.616,671.350579584701,1720.64644232948,49.9946575618356,49.9945230122678,1142.79162053344,656.342659844423,326.25579488493,326.532998105106,-311.462857658564,73.9017750176282,237.561082646624,-5.74443440536418,4.68259514926815,1.06183925506611
0.617,671.471186841756,1720.52644986102,49.9946566020735,49.9945233942157,1142.63934887157,656.48116934792,326.255840566429,326.532984254156,-267.620181886248,-28.0321195129823,295.652301435417,-6.10853925908341,3.24023247738496,2.86830678119801
0.618,671.241565926926,1720.77483135847,49.9946584293387,49.9945226035928,1142.73159728245,656.401534910369,326.255812891906,326.532992217599,-196.858270786292,-127.170398994983,324.028669844301,-5.87658493737057,1.48007936918702,4.39650556826227
0.619,671.365191067165,1720.674914029,49.9946574455611,49.9945229216396,1142.49263957334,656.658673697306,326.255884579218,326.532966503721,-107.204515190506,-213.290421039526,320.494936313511,-5.06888914786978,-0.426094971476493,5.49498411999562
0.62,671.947818712645,1720.08562669564,49.9946528091576,49.9945247973994,1141.71303888142,657.442247276109,326.256118459426,326.532888146363,-6.83539190132512,-279.150765980446,285.986157977429,-3.76407002751354,-2.28913962542459,6.05320965409258
0.621,672.9582661085,1719.09799279656,49.9946447682727,49.9945279411357,1141.08723365864,658.062036528441,326.256306200993,326.532826167438,94.2635981237707,-317.22663614641,222.963038120932,-2.09324636804719,-3.92808660576718,6.02133297535804
0.622,673.871311810035,1718.21266889233,49.9946375024859,49.9945307592093,1141.1740973451,658.008997651081,326.256280141887,326.532831471325,186.610564168106,-324.898293605931,138.287729528136,-0.214303555017569,-5.18514329731071,5.39944685410571
0.623,674.830797662162,1717.23081562907,49.9946298671401,49.9945338845453,1141.11187351117,658.075328255687,326.256298809037,326.532824838265,259.591656129899,-299.960172488826,40.3685164278209,1.68351394416351,-5.92961044430396,4.24609650194693
0.624,675.038863656638,1717.03122025484,49.9946282114035,49.9945345198771,1141.60269097727,657.567951172501,326.256151563797,326.532875575973,308.459466820636,-247.08227661231,-61.377190168665,3.41553142375031,-6.09744556874841,2.68191414661621
0.625,674.960198943167,1717.14033317207,49.9946288373974,49.9945341725599,1142.31206871068,656.879752621297,326.255938750477,326.532944395828,326.705425443592,-169.253138687576,-157.452286750504,4.81671145678727,-5.66924233120624,0.85253087565588
0.626,675.196437793604,1716.91167696533,49.9946269574684,49.9945349003952,1142.42262916317,656.782484638504,326.255905582341,326.532954122627,312.141718908762,-74.4905197760893,-237.65119916251,5.74386887034591,-4.68407197408341,-1.05979689555786
0.627,675.858103985417,1716.26386128843,49.9946216920961,49.9945369624565,1142.52266792575,656.682002270778,326.255875570713,326.532964170863,267.634349020565,27.2163543791223,-294.850703462832,6.10949166768393,-3.24188551061161,-2.86760615699435
0.628,675.622938751069,1716.51049177279,49.9946235634816,49.9945361774073,1142.57065266879,656.637328842252,326.25586117529,326.532968638206,197.094925868381,126.488915747481,-323.583841707133,5.87733465290676,-1.48185839216543,-4.39547626132223
0.629,675.737065014841,1716.42444563123,49.9946226552936,49.9945364513007,1142.38642282751,656.842528297899,326.255916444242,326.532948118261,106.740635905948,213.128212799622,-319.868848816051,5.07020259055311,0.423790776629451,-5.49399336838818
0.63,675.431302458521,1716.7153817964,49.9946250884747,49.9945355252221,1142.29636427262,656.930097498057,326.255943461809,326.532939361341,6.50719138400041,279.048400771669,-285.555592273602,3.76584264873498,2.28639508215546,-6.05223773260791
0.631,675.527536500686,1716.64035809821,49.9946243226686,49.99453576403,1142.07748974334,657.155820884721,326.256009124167,326.532916789002,-94.6167072693682,317.572575907569,-222.955868752844,2.09437283195872,3.92687909245173,-6.02125192647799
0.632,675.53543261281,1716.65972511449,49.9946242598333,49.9945357023828,1141.51052690418,657.738945571953,326.256179213019,326.532858476533,-186.491349337075,325.252434005378,-138.761084769172,0.216799539866961,5.18360274159347,-5.40040228368694
0.633,675.773977195202,1716.40567082045,49.9946223615558,49.9945365110628,1140.87794755782,658.370188042039,326.256368986823,326.532795352286,-259.528680325773,300.529480728928,-41.0008004806525,-1.68050108986789,5.92950792905256,-4.24900684136323
0.634,675.82026034767,1716.36792332778,49.9946219932462,49.9945366312168,1140.34387245225,658.913136767603,326.256529209355,326.532741057414,-307.826136516571,246.892835940752,60.9333005288025,-3.41524388654301,6.09853118810851,-2.68328730349263
0.635,676.127222343885,1716.07671886996,49.9946195505203,49.9945375581493,1140.02952971983,659.237366649452,326.256623512174,326.532708634425,-326.259614177716,168.932315165569,157.327298999887,-4.81532813272085,5.67003568834762,-0.854707557123472
0.636,677.352056319506,1714.86729651404,49.9946098036012,49.9945414078603,1139.8229333346,659.455074808445,326.25668549109,326.53268686361,-311.680423190764,74.0425992713077,237.63782394242,-5.74372864142188,4.68599460188115,1.05773403861016
0.637,679.006168574352,1713.21942188491,49.9945966405941,49.9945466532081,1139.98507991639,659.286484860946,326.256636847115,326.532703722604,-267.220947634994,-27.7524577979154,294.973405488503,-6.1096068337354,3.24407130995913,2.86553552349132
0.638,679.90370289368,1712.3310497957,49.9945894982429,49.9945494809843,1140.6684264331,658.612148933527,326.25643184316,326.532771156197,-197.403608777058,-126.674449197162,324.07805805697,-5.87797085927919,1.48388157710396,4.39408928255522
0.639,680.638501284868,1711.61941343676,49.9945836509031,49.9945517461932,1141.4739767103,657.825530267016,326.256190178077,326.532849818064,-107.236209772815,-213.006751204281,320.242961078661,-5.07083823128098,-0.422220148372651,5.49305838065488
0.64,681.125032996375,1711.13615057233,49.9945797792068,49.9945532844667,1141.8491279152,657.435754609303,326.256077632716,326.532888795629,-7.35494847954367,-278.607506141312,285.962454730586,-3.76866682015175,-2.28431867143213,6.05298549309975
0.641,681.090491459608,1711.18017268365,49.9945800540796,49.9945531443399,1142.28883054531,657.008475082266,326.255945721927,326.532931523582,94.3443123060303,-317.154883798641,222.810571599564,-2.09654112442389,-3.92454024310423,6.02108136940072
0.642,680.700749711318,1711.58998361584,49.9945831555459,49.9945518398712,1143.01699378343,656.298067192452,326.255727272955,326.533002564371,186.342631774356,-324.855174633756,138.512542952801,-0.218730084908329,-5.18224463290613,5.40097471985231
0.643,680.567603165461,1711.7208267342,49.9945842150924,49.9945514233846,1143.64908875127,655.673840747632,326.255537644465,326.533064987016,259.654970401035,-300.149207225013,40.4942368938922,1.6798354048256,-5.93009447182091,4.25025906898766
0.644,680.254217582874,1712.04234918366,49.9945867089356,49.9945503999469,1144.17064222915,655.148986759222,326.255381178422,326.533117472414,308.32016462454,-246.96810735317,-61.3520572321555,3.41333346534185,-6.09887957732056,2.68554611371963
0.645,679.665192128588,1712.65194932495,49.9945913962513,49.9945484595294,1144.02084230976,655.308551162928,326.255426118397,326.533101515974,326.681901418379,-169.233356760175,-157.44854465391,4.81417531155746,-5.6712165099892,0.857041199741107
0.646,679.477037761374,1712.84882621959,49.9945928935362,49.9945478328508,1143.83929681757,655.506936008853,326.255480582045,326.53308167749,312.011324877004,-74.5221240445397,-237.489200863655,5.74301755634182,-4.68741029064154,-1.05560726495959
0.647,679.771362487354,1712.55404394224,49.9945905513744,49.9945487711719,1143.65175524036,655.691376481264,326.255536844518,326.533063233442,267.920413468396,26.9265519520041,-294.846965484254,6.10923608698947,-3.24540440049041,-2.86383168640691
0.648,679.5779039553,1712.75850439217,49.9945920908685,49.9945481203541,1143.26984398601,656.070298295296,326.255651417895,326.533025341261,197.030441707667,126.290025246457,-323.320467044683,5.87834551447626,-1.48622654963767,-4.39211896541127
0.649,679.419288474164,1712.93423538574,49.9945933530904,49.9945475609849,1142.64534044552,656.726881459644,326.255838768957,326.532959682944,107.049230671055,212.90468195785,-319.953912736537,5.07188473902341,0.420351139493062,-5.49223587970317
0.65,679.422250994886,1712.92704339048,49.9945933295154,49.9945475838778,1141.98502165092,657.375427297727,326.256036864595,326.532894828361,6.59696970692234,279.351446593803,-285.948416412997,3.76942418237304,2.28313117870558,-6.05255536274984
0.651,680.178501502388,1712.17436233514,49.9945873114651,49.994549979736,1141.29117662076,658.072664119821,326.256245018104,326.532825104678,-94.4516511385963,317.802192814315,-223.350541781433,2.09799993679171,3.92339299259729,-6.02139293136745
0.652,680.733441029956,1711.64846506097,49.9945828953966,49.994551653719,1140.76949005653,658.608783773361,326.256401524073,326.532771492713,-186.187159487259,325.391300847947,-139.20414144906,0.221021342352355,5.18145410091032,-5.40247544534384
0.653,681.229154033015,1711.13875816991,49.9945789506379,49.9945532761664,1140.69722975847,658.683252481692,326.256423202163,326.532764045842,-259.409838807416,300.672921068815,-41.2630823227427,-1.67699998778564,5.92901249001808,-4.25201250419904
0.654,681.956588522715,1710.42423143883,49.9945731618981,49.9945555505756,1140.63275187871,658.746853551486,326.256442545527,326.532757685735,-307.592877190396,246.989292252717,60.6035849100362,-3.41156456483686,6.0988489528002,-2.68728438960694
0.655,682.458595264938,1709.93747527617,49.9945691670554,49.9945570999686,1140.5262832741,658.85973206141,326.256474486108,326.532746397884,-326.089533776275,169.006168536669,157.083365249214,-4.81267102905208,5.6718816713837,-0.859210643474672
0.656,682.987728419585,1709.40966057895,49.9945649563475,49.994558780055,1140.52103584069,658.881956071543,326.256476060338,326.532744175483,-311.646080092336,73.955299817324,237.690780320901,-5.74168087762226,4.6877688059518,1.05391207115386
0.657,683.729589058258,1708.67163408444,49.9945590528082,49.9945611292663,1140.19693824428,659.195703460374,326.256573289617,326.532712800744,-267.496290226269,-27.8121921609274,295.308482465665,-6.10930181764858,3.24693728942246,2.86236452839879
0.658,684.29022310802,1708.1222569092,49.9945545914241,49.9945628779882,1140.41263287124,658.977366871376,326.256508581229,326.532734634403,-197.150524978301,-126.81679827663,323.96732335921,-5.87953482365606,1.48854266890995,4.39099215560615
0.659,684.705613484565,1707.72247035746,49.9945512858526,49.9945641505483,1141.05775169866,658.357833670827,326.256315045581,326.532796587723,-107.47768695239,-212.966800992131,320.44448806519,-5.07313998837308,-0.417924182914572,5.49106417276806
0.66,684.734129431864,1707.69013801217,49.9945510589299,49.9945642534653,1141.47856949434,657.929631366157,326.256188800242,326.532839407954,-7.20012061841079,-279.05514656455,286.255267308746,-3.77091492437003,-2.28099333531842,6.05190826166011
0.661,684.323706311728,1708.10322107894,49.9945543249733,49.9945629385811,1141.5702240447,657.833297994076,326.256161303877,326.532849041291,93.8735384870262,-317.082299838608,223.208761470968,-2.09998522923417,-3.92168818653336,6.02167341805334
0.662,684.42913100374,1708.03349425398,49.9945534860302,49.9945631605285,1141.38638825858,658.03309723128,326.256216454613,326.532829061367,185.981790608259,-324.690784965295,138.708994459021,-0.223275310070381,-5.18053137467859,5.40380668714158
0.663,684.763423351339,1707.69298345357,49.9945508258163,49.994564244408,1141.88645828888,657.542853501494,326.256066433604,326.53287808574,259.533521554512,-300.377312014491,40.8437905347112,1.67508054246959,-5.92926310040427,4.2541825602131
0.664,684.680152997266,1707.78882121256,49.9945514884607,49.9945639393469,1142.46576298316,656.955275508858,326.255892642195,326.53293684354,307.963929922476,-247.013517611457,-60.9504122703427,3.40896617752265,-6.09920815178377,2.69024197621457
0.665,684.788582574783,1707.68437483582,49.9945506256055,49.9945642718101,1142.49536973873,656.9455100594,326.255883760169,326.532937820084,326.623296619296,-169.452565391318,-157.170731225816,4.81123087343191,-5.67239293962693,0.86116206764075
0.666,684.588735646793,1707.89131055636,49.9945522159368,49.9945636131132,1142.49470752934,656.962067516166,326.255883958832,326.532936164339,312.218589403847,-75.0437764162571,-237.17481302457,5.74093731927407,-4.68918963917011,-1.0517476793061
0.667,683.904538352029,1708.57413657395,49.9945576606059,49.9945614396105,1142.47410084578,656.971253431702,326.255890140837,326.532935245747,267.648160875402,27.0163685650898,-294.664529513317,6.10835614042151,-3.24846715699277,-2.85988898335873
0.668,683.477483346684,1709.00052808753,49.9945610590017,49.9945600823642,1142.29585257407,657.14897372243,326.255943615318,326.532917473718,197.351690068623,126.030349861641,-323.382040032375,5.87934881169558,-1.48974911907764,-4.38959969328767
0.669,683.582291025117,1708.91952634553,49.9945602249687,49.9945603402007,1141.4397877155,658.029270160429,326.256200434776,326.532829444074,106.975994954107,212.942579099509,-319.91857417662,5.07424620436987,0.416335824876625,-5.49058203060058
0.67,683.93416202477,1708.55607874468,49.9945574248682,49.9945614970904,1140.54233936725,658.916958512499,326.25646966928,326.532740675239,6.96357872226566,279.086350582314,-286.049929437918,3.77228098989619,2.27958160728497,-6.0518625991103
0.671,684.181603029119,1708.31463852825,49.9945554557953,49.9945622656184,1139.77829698535,659.670323082456,326.256698881995,326.532665338782,-94.2482498343554,317.623871307333,-223.375621604603,2.10269274341598,3.91969963991494,-6.02239238566978
0.672,684.643245646628,1707.88376043437,49.9945517821601,49.994563637146,1139.37599420503,660.090261181995,326.256819572829,326.532623344972,-186.293648484067,325.387150298592,-139.093501932481,0.225411527170573,5.1792233578655,-5.40463488757955
0.673,685.587674074102,1706.91981588806,49.9945442666374,49.9945667054768,1138.67105606068,660.801123067742,326.257031054272,326.532552258784,-259.436074970086,300.974356177826,-41.5382813006094,-1.6736108931539,5.9285756782078,-4.25496478757185
0.674,686.547698973939,1705.9818796508,49.994536627002,49.9945696910206,1138.77513670601,660.685382873806,326.256999830079,326.532563832803,-307.462605631017,247.304250890165,60.1583546811456,-3.40725201660898,6.09986793539251,-2.69261592104704
0.675,687.143929177009,1705.3882648466,49.9945318823528,49.9945715805552,1139.00892712886,660.469303440646,326.256929692952,326.532585440746,-326.126749091552,169.312077103251,156.814671966619,-4.8098055520449,5.67326574658142,-0.863460196343587
0.676,687.961969639365,1704.57607337849,49.9945253725936,49.9945741658409,1139.6570825353,659.834093686706,326.25673524633,326.532648961722,-311.677719189796,74.3062890100898,237.371430196765,-5.74033361032433,4.69100056696811,1.04933304216011
0.677,688.613387530839,1703.92177094203,49.9945201887748,49.9945762485503,1140.20992310165,659.268206786503,326.25656939416,326.532705550412,-267.735023050182,-27.3598402468483,295.094863350094,-6.10849136362235,3.25053270446407,2.85795865866517
0.678,688.802327404793,1703.73749173495,49.994518685239,49.9945768351292,1140.84270251711,658.639616497175,326.256379560335,326.532768409441,-197.727258969508,-126.319696502446,324.046955554677,-5.88010918456958,1.49194100780192,4.38816817700062
0.679,689.328697973786,1703.2412338331,49.9945144965151,49.9945784147672,1141.41270116706,658.089538638824,326.25620856074,326.532823417226,-107.731130845487,-212.534744383662,320.265875332245,-5.07621618606389,-0.413769430959693,5.48998561793427
0.68,689.494808031437,1703.06223809084,49.9945131746533,49.9945789845283,1142.44648920513,657.055524494485,326.255898424329,326.532926818641,-7.20201155724819,-278.841468480614,286.043480149835,-3.77389044367947,-2.27755639492162,6.05144684007235
0.681,689.481475571948,1703.09287674342,49.9945132807496,49.9945788870024,1142.82312557709,656.673670193056,326.255785433417,326.532965004071,93.6288748284153,-316.797193697957,223.16831897823,-2.10372364883352,-3.91914458395721,6.02286823464964
0.682,688.929784343162,1703.66289611276,49.9945176709689,49.9945770725744,1142.91327671882,656.592753240936,326.255758388075,326.532973095766,185.92029158628,-324.750108773515,138.829817280516,-0.227371184639595,-5.17750639612932,5.40487758280382
0.683,688.175772988214,1704.40721142185,49.9945236712006,49.9945747033452,1142.73841235044,656.77343518444,326.255810847385,326.532955027572,259.294058150544,-300.174860027334,40.8808019441701,1.67119906650131,-5.92725834393684,4.25605927941623
0.684,687.595192456905,1704.99835926877,49.9945282913137,49.9945728216632,1142.5535261414,656.950829745575,326.255866313248,326.532937288116,307.897635095543,-247.318149139366,-60.5794859228483,3.40598601801509,-6.09988852050538,2.69390250419036
0.685,686.823857033789,1705.76784646912,49.994534429406,49.9945703723094,1142.44425370195,657.07732981766,326.25589909498,326.532924638109,326.310228551704,-169.455321106666,-156.854907450841,4.80826471229414,-5.67347020699086,0.865205495914898
0.686,686.797561909279,1705.80138142335,49.9945346386559,49.9945702655643,1141.77476807994,657.761076537266,326.256099940666,326.532856263437,312.125750691974,-75.0165427808746,-237.109207957681,5.73993419181599,-4.69193897165761,-1.04799521957935
0.687,686.771904477476,1705.82549748812,49.9945348428313,49.9945701888005,1141.26535996355,658.249580938113,326.256252763101,326.532807412997,268.043774251402,26.6307328529823,-294.674507189519,6.10870289554861,-3.25258795401866,-2.85611494169199
0.688,686.665075930949,1705.92676686371,49.9945356929459,49.99456986645,1140.36338746375,659.151672728545,326.256523354851,326.532717203818,197.3630327876,125.818343992293,-323.181376897433,5.88042699296055,-1.4942618175571,-4.3861651763379
0.689,686.869547094168,1705.75414563869,49.994534065816,49.9945704159204,1139.81066679941,659.735624566866,326.256689171051,326.532658808634,107.415173998993,212.800027984828,-320.21520212452,5.07735802950184,0.412050807139479,-5.48940883830539
0.69,687.711883733073,1704.90296631796,49.9945273627141,49.9945731253084,1138.92746885371,660.601983310105,326.256954130434,326.532572172759,7.16637925370922,278.67145100711,-285.837830414729,3.77639963861419,2.27532345663881,-6.05172309754209
0.691,688.473476973806,1704.14332155108,49.9945213021476,49.9945755433328,1138.18526550757,661.347370753272,326.257176791438,326.532497634015,-94.1163747252225,317.62449352281,-223.508118951944,2.10617060951958,3.91684991011887,-6.02302052239033
0.692,689.506220924915,1703.13136288543,49.9945130838324,49.9945787644972,1137.98908881524,661.553349314483,326.257235644446,326.532477036159,-186.097215378367,325.300937710329,-139.203722473901,0.229612801342769,5.17659188973549,-5.40620469408221
0.693,690.528182423836,1702.08243339627,49.9945049513211,49.9945821033435,1138.0762195921,661.467938369585,326.257209505213,326.532485577253,-259.440952599912,300.909967617174,-41.4690151353768,-1.66892501969068,5.92628472017953,-4.25735970350849
0.694,691.216979442173,1701.40592278376,49.9944994700486,49.9945842567437,1138.43282452815,661.107957301184,326.257102523732,326.53252157536,-307.445129822316,247.231410108238,60.213719628434,-3.4045475397452,6.09940783592237,-2.69486029897688
0.695,692.178827633422,1700.45140203758,49.9944918159039,49.9945872950776,1139.26308505131,660.287339692048,326.256853445575,326.532603637121,-326.14645634428,169.545085331368,156.601370965136,-4.80739703484571,5.67413985289172,-0.866742820414837
0.696,692.712153641385,1699.92907612295,49.9944875718304,49.9945889576926,1139.82095710748,659.734587493383,326.256686083958,326.532658912341,-311.807237131282,74.655509812188,237.151727310789,-5.73920809869291,4.69345043424677,1.04575766267434
0.697,692.800954688616,1699.84230368224,49.9944868651741,49.9945892338978,1140.74247378155,658.79883263466,326.256409628956,326.532752487827,-267.875108797999,-27.174329415818,295.049438242911,-6.10880358821289,3.25439420439824,2.85440938274584
0.698,692.530012207773,1700.12311312531,49.9944890212659,49.9945883400536,1141.55292136998,657.98729517332,326.256166494679,326.532833641573,-197.694458298115,-126.09876599248,323.793224351403,-5.88179248666438,1.49679480544108,4.38499768089486
0.699,692.020825241053,1700.64867600408,49.994493073247,49.994586667135,1142.22370976954,657.348745216165,326.25596525816,326.532897496569,-107.841443061064,-212.752810651909,320.594253796663,-5.07795482686129,-0.410120967263596,5.48807579450108
0.7,691.570130453927,1701.09016252858,49.9944966597622,49.9945852618398,1142.70895058603,656.852701504122,326.255819685915,326.53294710094,-8.10802210561563,-278.240393541641,286.348415743419,-3.77738029137192,-2.27357535632908,6.0509556486813
0.701,690.776681419958,1701.89614262933,49.994502973829,49.9945826963254,1142.87961107835,656.669079843248,326.255768487767,326.532965463106,93.4719192083123,-316.78117468899,223.309255577409,-2.10912339563073,-3.91456557908311,6.02368897614063
0.702,690.011085131007,1702.67093032714,49.9945090662507,49.9945802300996,1142.70428922927,656.870851419043,326.255821084322,326.532945285948,185.63726228382,-324.795064160253,139.157801961813,-0.231130359231243,-5.1756701198075,5.40680048071193
0.703,689.638924838793,1703.03800999738,49.9945120278082,49.9945790616487,1142.40839547545,657.174918655725,326.255909852448,326.532914879225,259.479429095692,-300.857057319853,41.377628287896,1.66822094507974,-5.92727541802073,4.25905447463936
0.704,689.395766624725,1703.28157325738,49.9945139627998,49.9945782863628,1141.65896652484,657.904875482538,326.256134681133,326.532841883542,307.894543784548,-247.294165870493,-60.6003778808315,3.40201775205514,-6.09934132597582,2.69732357542177
0.705,689.326943992276,1703.36623849963,49.9945145104729,49.9945780168649,1140.80576963119,658.777568657983,326.256390640201,326.532754614225,326.431866991354,-169.778666416466,-156.653200577412,4.80628340617401,-5.67579497012432,0.86951156505179
0.706,689.62278205459,1703.06656489674,49.9945121562684,49.9945789707556,1140.83760715553,658.759890831286,326.256381088944,326.532756382007,312.483294231624,-75.10024928424,-237.383044988017,5.73803720771103,-4.69471437529054,-1.0433228318798
0.707,690.058111700862,1702.63557741241,49.9945086920251,49.9945803426314,1140.77127922102,658.811985066423,326.256400987324,326.532751172584,268.543790417248,26.152315296345,-294.696105791091,6.1088419943756,-3.25627613779934,-2.85256585670794
0.708,690.306838608854,1702.38744124753,49.9945067127193,49.9945811324734,1140.59375104937,658.985657392488,326.256454245776,326.532733805351,197.473351903375,125.644754921941,-323.118106934397,5.88213995368201,-1.49886436034624,-4.38327559418491
0.709,690.486580277292,1702.22709441982,49.9945052823805,49.9945816428732,1140.2324062952,659.36805579148,326.256562649202,326.532695565511,107.579865448736,212.582370067793,-320.162235648783,5.07937902004036,0.407476543612283,-5.48685556519312
0.71,690.796181586121,1701.90039168655,49.9945028186516,49.9945826828003,1139.7687281948,659.818396558034,326.256701752632,326.532650531435,7.6021722415847,278.613162234544,-286.215334621671,3.77955795876282,2.27098543944754,-6.05054340035031
0.711,691.727421441953,1700.96892148216,49.9944954080803,49.994585647762,1139.47337547139,660.11364064915,326.256790358449,326.532621007025,-93.679906815995,317.265920601148,-223.586013932114,2.11022188391873,3.91343981906542,-6.02366170557395
0.712,692.266340213021,1700.44911861436,49.9944911195009,49.9945873023459,1140.02881436961,659.572017006901,326.256623726779,326.53267516939,-185.764835826276,325.415947303893,-139.651111614179,0.233184616578777,5.17443824708746,-5.40762286651233
0.713,692.327893865075,1700.3747742242,49.9944906296725,49.9945875389915,1139.94238797026,659.656518241033,326.256649654699,326.532666719266,-259.189269918913,301.046137441319,-41.8568676388458,-1.66526701870783,5.925830208307,-4.26056319248734
0.714,692.492810114653,1700.22327316648,49.9944893173107,49.9945880212343,1139.85821936699,659.740665349254,326.25667490528,326.532658304555,-307.362251649889,247.469002013616,59.8932495483612,-3.40169435352635,6.10030446859574,-2.69861011778549
0.715,692.911348797847,1699.81313864847,49.9944859866857,49.994589326733,1140.51027180223,659.094806855556,326.25647928955,326.532722890405,-326.113739129482,169.774898055656,156.338841020005,-4.80488431203964,5.67633807420652,-0.871453764514779
0.716,693.078743369932,1699.65234369068,49.994484654602,49.9945898385593,1140.78338514744,658.828987209007,326.256397355546,326.532749472369,-311.76550813126,74.927672607087,236.837835506543,-5.73746202096877,4.69643942291794,1.04102259623049
0.717,693.045490937244,1699.69073285979,49.9944849192165,49.9945897163628,1141.16795492331,658.441750658163,326.256281984613,326.532788196025,-268.059127164534,-26.8377578797265,294.896885061348,-6.10900044436718,3.25786614492026,2.8511342982603
0.718,693.108000822416,1699.62938787842,49.9944844217786,49.9945899116299,1141.24883736504,658.355312224512,326.256257719881,326.532796839868,-197.728680340369,-125.964198079785,323.692878467195,-5.88239150329653,1.5004183300588,4.38197317272796
0.719,692.955112899126,1699.79606655153,49.9944856384221,49.9945893810752,1141.58571121835,658.048894226276,326.256156657725,326.532827481668,-107.946846067226,-212.682253425552,320.629099562353,-5.08026190355804,-0.405710354514804,5.48597225821806
0.72,692.916333299258,1699.82348144858,49.9944859470203,49.9945892938109,1142.49895786117,657.125473662053,326.255882683732,326.532919823724,-8.01183979612576,-278.569077117845,286.5809169971,-3.78088245145613,-2.26944955468491,6.05033200686118
0.721,692.86196600758,1699.87755366221,49.9944863796615,49.9945891216937,1143.34828799984,656.266410038928,326.25562788469,326.533005730086,93.1417579784474,-317.028098009861,223.886340117401,-2.11223535228018,-3.91152339100556,6.02375874444684
0.722,692.077607468147,1700.68837975723,49.9944926213884,49.9945865407541,1143.64451931148,655.983537138723,326.255539015297,326.533034017377,185.70673762917,-324.841167589215,139.134430038137,-0.235525261437398,-5.1731509268306,5.40867618969482
0.723,691.164660486259,1701.58803024964,49.9944998863897,49.9945836770776,1143.61836591304,656.013919997525,326.255546861316,326.533030979091,259.18660827673,-300.483560589529,41.2969523737127,1.6629628302116,-5.92548703606341,4.26252420734984
0.724,690.368721879124,1702.39007080315,49.9945062202679,49.9945811241032,1143.2724479289,656.365454298075,326.255650636712,326.532995825661,307.635449206427,-247.293553821728,-60.3418953493246,3.39951549050909,-6.09958991690224,2.70007442776238
0.725,689.928874720843,1702.83975801989,49.9945097204603,49.9945796927044,1142.87793131074,656.754601248587,326.255768991697,326.532956910966,326.476454702941,-170.080133684197,-156.39632101457,4.80333526767418,-5.67748591535344,0.874150648732562
0.726,689.368594261224,1703.40442259592,49.9945141790306,49.9945778953212,1142.28179684503,657.373548264508,326.255947832037,326.532895016264,312.329939862299,-75.4323576726856,-236.897582218782,5.73698582511235,-4.69760750840738,-1.03937831612239
0.727,689.37135424913,1703.40289963505,49.9945141570673,49.9945779001689,1141.42833678573,658.212394242189,326.256203870055,326.532811131666,268.235108498614,25.8931555666351,-294.128264126458,6.10884734296691,-3.2597732014918,-2.84907414146598
0.728,689.588549787393,1703.17492156765,49.9945124286801,49.9945786258456,1140.57938652247,659.060657150288,326.256458555134,326.532726305375,197.739161128065,125.517612670142,-323.256773887215,5.88265232165789,-1.50220308502384,-4.38044923724342
0.729,690.305160296336,1702.47388530724,49.9945067260749,49.9945808573134,1140.60623592172,659.060164609839,326.256450500314,326.532726354629,107.797611009666,212.231633243798,-320.029244362404,5.08134631436368,0.403703704275183,-5.48505001984828
0.73,690.958407996776,1701.80384195,49.9945015276948,49.9945829901276,1140.6032075957,659.033984591413,326.256451408812,326.532728972631,7.75464572309015,278.285381086844,-286.040026928506,3.78288412723723,2.2663379604931,-6.04922208944874
0.731,691.223310304719,1701.55428855036,49.9944994196692,49.9945837844808,1140.74588904831,658.893777415315,326.256408604376,326.532742993349,-93.7178223817496,317.386982381653,-223.66916011765,2.11456884332212,3.91019511569572,-6.02476396110353
0.732,691.511613637951,1701.28609571767,49.9944971254242,49.9945846381651,1140.96564400268,658.68605338571,326.25634267789,326.532763765752,-185.664175752497,325.453614128833,-139.789438482729,0.238210860601056,5.17241146368889,-5.41062232656541
0.733,691.583319357258,1701.19018295328,49.9944965548082,49.9945849434649,1141.03697648948,658.620472553805,326.256321278144,326.532770323835,-258.928374466711,301.221412069508,-42.2930376881538,-1.6608871270075,5.9244427049912,-4.26355558025018
0.734,691.640512640433,1701.14052252583,49.9944960996785,49.9945851015389,1140.83225502738,658.821088044244,326.256382694582,326.532750262286,-307.34825294359,247.508230850877,59.8400220358991,-3.39744991611435,6.09988108050809,-2.70243116645147
0.735,691.414299808137,1701.37714136179,49.9944978998231,49.9945843483578,1141.36454662419,658.298112285795,326.256223007103,326.532802559862,-326.077180714692,170.155466911541,155.921713779619,-4.80228043983876,5.67809007594866,-0.875809637778879
0.736,691.419887683498,1701.38043367201,49.9944978553562,49.994584337878,1142.00466886815,657.678627237985,326.25603097043,326.532864508367,-312.073972493737,75.1753537363036,236.89861876861,-5.73657650134666,4.69878437167872,1.03779212853029
0.737,691.206837104739,1701.59948727738,49.9944995507588,49.9945836406088,1142.04230140807,657.620091408006,326.256019680668,326.53287036195,-268.181701879012,-26.7145228232055,294.896224746327,-6.10899727439853,3.26161905952052,2.84737821436287
0.738,690.396039462587,1702.40954434561,49.9945060028814,49.994581062117,1142.34755455569,657.320222845683,326.255928104724,326.532900348806,-198.013261553284,-125.768205706734,323.781467332299,-5.88364946728084,1.50482702723709,4.37882244018398
0.739,689.959319264106,1702.86004565729,49.9945094781903,49.9945796281268,1142.47774430343,657.206638016109,326.255889047799,326.532911707289,-108.508057664472,-212.023330581322,320.531388338788,-5.08254633698686,-0.401300649293616,5.48384698704731
0.74,689.341895583831,1703.45089727295,49.9945143914919,49.9945777473877,1141.7220625779,657.945306089492,326.256115752317,326.532837840481,-8.40827086841436,-278.110753465503,286.519024438181,-3.78382388471433,-2.26475891949695,6.04858280551708
0.741,689.437969730267,1703.37646634766,49.9945136269581,49.9945779843087,1140.85458840752,658.814769852983,326.256375994568,326.532750894105,93.3397418113955,-316.899336645033,223.559594938715,-2.11661401986187,-3.90903532627603,6.02564934784403
0.742,689.538669910215,1703.28227836087,49.9945128256115,49.9945782841184,1140.14652869045,659.53818548179,326.256588412483,326.532678552542,185.350804155352,-325.03837882156,139.687574761744,-0.239610647067233,-5.17127713074485,5.41088777974319
0.743,690.281869975429,1702.52128643323,49.9945069114133,49.9945807064309,1140.0529818623,659.629023313065,326.256616476532,326.532669468759,259.185350295337,-300.691964488225,41.5066142693863,1.65870470400173,-5.92435361938456,4.26564891734315
0.744,690.686825090363,1702.11957839668,49.9945036888829,49.9945819851073,1140.27003312013,659.400872524384,326.256551361154,326.532692283838,307.78099483402,-247.84385789691,-59.9371368872007,3.39524914595779,-6.09980708272844,2.70455793856321
0.745,691.28120698933,1701.53646402463,49.9944989589421,49.994583841218,1139.80972856497,659.870615536255,326.256689452521,326.532645309537,326.511408825326,-170.28520759093,-156.226201215528,4.80109709070899,-5.67861783019148,0.877520740929646
0.746,691.47938763532,1701.34939186441,49.9944973818706,49.9945844366872,1139.75542031689,659.937805337939,326.256705744995,326.532638590557,312.340178601398,-75.5602563990752,-236.779922216221,5.73568334024698,-4.70071246801973,-1.03497087126505
0.747,691.442183992832,1701.3717096345,49.9944976779278,49.9945843656475,1139.82478635648,659.857472113463,326.256684935183,326.532646623879,268.162380729241,26.247780168084,-294.410160942441,6.10770046487506,-3.26291022780449,-2.84479023668595
0.748,691.499863583423,1701.32031255163,49.9944972189282,49.9945845292495,1139.92832360289,659.750495554983,326.25665387401,326.532657321535,198.017779153635,125.236259414133,-323.254038639393,5.88457718260076,-1.50636518966619,-4.37821199316218
0.749,692.052627624228,1700.78229981113,49.9944928201717,49.9945862417972,1140.09564476425,659.600627805824,326.256603677661,326.53267230831,107.840432566343,212.091682730065,-319.932115388678,5.08437452103801,0.399196231379294,-5.48357075323306
0.75,692.714785298136,1700.10752811366,49.9944875508884,49.9945883896623,1140.55063853379,659.126310841794,326.25646717953,326.532719740006,7.97317795601723,278.457755101025,-286.430933163499,3.78661992690747,2.26278518911095,-6.04940511736473
0.751,693.072531851077,1699.74933713805,49.9944847040317,49.9945895298195,1141.53682588832,658.139629061859,326.256171323324,326.532818408184,-93.520390351728,317.423515514709,-223.903125273363,2.1186061003143,3.90642836716483,-6.02503446924478
0.752,693.092525007024,1699.75106217343,49.9944845449313,49.9945895243286,1142.14706570969,657.55714965157,326.255988251377,326.532876656125,-185.408712059497,325.281523571931,-139.872811615892,0.240930249289166,5.17045986915837,-5.41139012047501
0.753,693.10952840796,1699.72785000927,49.9944844096225,49.9945895982152,1142.79718439255,656.899114934486,326.255793215773,326.532942459597,-258.617858494581,301.123822596584,-42.5059641862208,-1.65720505105134,5.92472456566897,-4.267519516707
0.754,693.31521488551,1699.52642404953,49.9944827728215,49.9945902393739,1143.51733642987,656.173070275764,326.255577170161,326.533015064063,-307.095887309591,247.418591471752,59.6772957807587,-3.39352336035281,6.10000660272312,-2.7064832443105
0.755,692.447455335603,1700.40455121989,49.9944896782326,49.9945874442083,1144.63511088343,655.0675852673,326.255241837825,326.533125612564,-326.244908964285,170.258218461974,155.986690477581,-4.79974947170618,5.67954406102407,-0.879794590917781
0.756,691.484522761147,1701.37185589804,49.9944973410066,49.9945843651819,1145.34548185196,654.366449596371,326.255028726535,326.533195726131,-312.013621244922,75.4051793598197,236.608441892724,-5.73461671827994,4.7015070701352,1.03310964703107
0.757,690.238606002117,1702.61625992117,49.9945072556971,49.9945804041209,1145.38865352208,654.313340223731,326.255015775034,326.533201037068,-268.289905691154,-26.2645601320217,294.554465861216,-6.10829388500786,3.26493592007151,2.84335796439492
0.758,688.497249950345,1704.35878316721,49.9945211129683,49.9945748574971,1145.16598807212,654.543146749166,326.255082574669,326.533178056415,-198.039714812182,-125.687567246666,323.72728212282,-5.88412564273574,1.50807386212211,4.37605178067569
0.759,686.880958050406,1706.00278951669,49.9945339750105,49.9945696244624,1144.37294498415,655.351396598942,326.255320487595,326.53309723143,-108.828951205553,-211.78174272228,320.610694010484,-5.08609634072104,-0.3965617819541,5.48265812331342
0.76,686.100052269907,1706.74894339485,49.9945401892613,49.9945672493808,1143.64984451848,656.068214074383,326.255537417735,326.533025549683,-8.56003407036949,-278.219305125049,286.779339287535,-3.78725854059618,-2.26086249468178,6.04812103640656
0.761,685.165371145427,1707.69630413567,49.9945476272173,49.9945642338379,1142.70044922505,657.014772604447,326.255822236323,326.53293089383,92.8726205619125,-316.913462188516,224.040841718236,-2.12033991037599,-3.90519838119962,6.02553829306041
0.762,684.612491530302,1708.25671123972,49.9945520268935,49.9945624500067,1141.14113383522,658.601897512507,326.25629003094,326.532772181339,185.231876381712,-325.080555511079,139.848679210352,-0.242956871097444,-5.16933278243677,5.41228965520627
0.763,684.88999768183,1707.96113036982,49.9945498185697,49.9945633908699,1139.51865920201,660.206231439718,326.25677677333,326.532611747946,258.868868498552,-300.785973952787,41.9171055151687,1.65477365190056,-5.92331346650907,4.26853981627738
0.764,685.335010747699,1707.51761984091,49.9945462772683,49.9945648026077,1138.14187073978,661.580976211863,326.257189809868,326.532474273469,307.612904787227,-247.823824558616,-59.7890801948823,3.39208695818621,-6.1001364593141,2.70804950260172
0.765,686.398161149295,1706.47247114703,49.9945378169862,49.9945681294193,1137.06339146472,662.659961828018,326.257513353651,326.532366374908,326.653306053426,-170.519669914826,-156.133636136775,4.79890417984374,-5.68126929714538,0.882365118407125
0.766,688.451781219015,1704.41070075647,49.9945214747969,49.9945746922383,1136.78248015463,662.961001277335,326.257597627044,326.532336270963,312.377099906077,-75.9197396165265,-236.457360321304,5.73426554081644,-4.70325889768818,-1.03100664252979
0.767,690.218722656349,1702.63373342089,49.9945074139237,49.994580348501,1137.52472348913,662.191512006711,326.257374954044,326.53241321989,268.66084497013,25.7404401751977,-294.40128520906,6.10777978304257,-3.26717230122513,-2.84060748181693
0.768,691.143742658558,1701.71256850125,49.9945000528485,49.99458328066,1138.53132744259,661.191996803615,326.257072972858,326.53251317141,198.208884660107,124.976511747485,-323.185396498528,5.88534707346016,-1.51021631908115,-4.37513075500967
0.769,691.959217796329,1700.91895992905,49.9944935635035,49.9945858067946,1139.72065977496,660.018884602379,326.256716173158,326.53263048263,108.034695234591,211.908044607529,-319.942739952377,5.08595366683233,0.395503008318588,-5.4814566763839
0.77,692.328853189776,1700.53557742919,49.9944906220385,49.994587027139,1140.37210700401,659.347307507693,326.256520738989,326.53269764034,8.17950610746839,278.389418016641,-286.568924243912,3.78946576804067,2.25950227033195,-6.04896804011494
0.771,692.433460506214,1700.4437858813,49.9944897895999,49.9945873193205,1141.74602459428,657.97331041342,326.256108563712,326.532835040049,-93.3508533198312,317.395240773167,-224.044387572457,2.12245126874811,3.90377573234412,-6.02622700320249
0.772,691.665160784896,1701.22826958124,49.9944959035348,49.9945848222314,1142.94888782967,656.793651795721,326.255747704742,326.532953005911,-185.578124740133,325.621317556999,-140.043192924931,0.24553741140479,5.16798826375316,-5.41352567746038
0.773,690.821100413907,1702.05937859626,49.9945026203539,49.9945821767292,1143.98926707562,655.740138685439,326.255435590968,326.533058357222,-258.488858726611,301.043253555866,-42.5543949172995,-1.65291049164338,5.92292045136659,-4.27000996202429
0.774,689.690236514939,1703.19819990239,49.9945116194828,49.9945785517484,1144.38841367399,655.338295892859,326.255315846988,326.533098541501,-307.029228436146,247.894529346122,59.1346990291391,-3.38995907391804,6.10053196420388,-2.71057289239331
0.775,688.955819103675,1703.94606900236,49.9945174637909,49.9945761712071,1144.73274812048,655.003855985019,326.255212546654,326.533131985492,-326.209271436062,170.300918446817,155.908352960053,-4.79738126967605,5.68160105887367,-0.884219790938508
0.776,688.36406400367,1704.53307287043,49.9945221728284,49.9945743027158,1144.81881129792,654.941047428429,326.255186727701,326.533138266348,-311.866884607146,75.2102200090198,236.656664602607,-5.7328981296858,4.70384519484991,1.0290529336007
0.777,687.351087623613,1705.55165777092,49.9945302338383,49.9945710604594,1144.58816808343,655.162962176588,326.255255920665,326.533116074873,-268.620274704699,-25.9793425988105,294.599617339993,-6.10862547934974,3.26851310298018,2.84011237573199
0.778,686.372859426475,1706.53471429932,49.9945380183309,49.9945679312932,1144.71847218226,655.030581757825,326.255216829436,326.533129312915,-198.159091375689,-125.425308563063,323.584400002291,-5.88618728894312,1.51309846159893,4.37308882733745
0.779,685.69506603558,1707.22028919871,49.9945434120393,49.9945657490405,1144.01423256349,655.757201309563,326.255428101321,326.533056650959,-108.579261929974,-212.1591833532,320.738445365888,-5.08710910123139,-0.392971075108021,5.48008017693243
0.78,685.645942669365,1707.25042672902,49.9945438029507,49.9945656531098,1143.3146886592,656.436991898556,326.255637964493,326.532988671901,-9.14598924593617,-277.638330190493,286.784319528535,-3.79136143570062,-2.25680163100609,6.04816306780663
0.781,685.270749254295,1707.63693068661,49.994546788645,49.9945644228295,1142.94959296949,656.810046262589,326.2557474932,326.532951366464,92.278103068821,-316.676340700276,224.398237722521,-2.12393708893114,-3.90242899506258,6.02636608545757
0.782,684.897767634882,1708.01968442138,49.9945497567384,49.9945632044865,1141.8526004538,657.91235939234,326.256076590954,326.532841135151,184.88875740408,-324.921819097609,140.03306177301,-0.248230790188862,-5.16646089224308,5.41469168408127
0.783,685.157708871619,1707.72951776627,49.9945476881918,49.9945641281157,1140.91506520548,658.851103835184,326.256357851529,326.532747260707,258.671933136358,-300.984444222085,42.3125111438561,1.65097025074941,-5.92194003714926,4.27096978803461
0.784,685.029483633262,1707.86270294193,49.9945487085758,49.9945637041741,1140.54922381786,659.207910540307,326.256467603945,326.532711580036,307.650134949247,-247.896775177588,-59.7533597422637,3.38862493083519,-6.1004136071716,2.71178867775635
0.785,685.720617934222,1707.17299706836,49.9945432087038,49.9945658995761,1139.76638704831,659.997545524141,326.256702454976,326.532632616538,326.599584002486,-170.692687273106,-155.906896733478,4.79589337869726,-5.68157083892139,0.885677461250282
0.786,686.86068443494,1706.03785310113,49.9945341363428,49.9945695128515,1139.56803170984,660.199709801795,326.256761961577,326.53261240011,312.467174241146,-76.0697792401907,-236.397395039393,5.7324167696221,-4.70594518774082,-1.02647158138878
0.787,687.959644081851,1704.93706685548,49.9945253910998,49.994573016763,1139.68058923467,660.075085469519,326.25672819432,326.532624862543,268.702068467448,25.489683926177,-294.191752463876,6.10847734717681,-3.27034002505118,-2.83813732225048
0.788,688.500780644956,1704.39957451781,49.9945210848719,49.9945747276542,1139.81263708182,659.941186052611,326.256688579966,326.532638252485,198.363595242849,124.923288258498,-323.286883598085,5.88670230280613,-1.5144806351413,-4.3722216684299
0.789,689.162918621278,1703.75438407828,49.9945158157453,49.9945767813592,1140.4432432596,659.325985651831,326.256499398113,326.532699772525,108.236264780194,211.870033220451,-320.106298117895,5.08895775046758,0.390676187358444,-5.47963393919503
0.79,689.623368311672,1703.28310650095,49.9945121516031,49.9945782814823,1140.76877962987,658.985723535793,326.256401737201,326.532733798737,8.43257158927742,277.933206230296,-286.36577795065,3.79282979544543,2.25505932088196,-6.04788911823582
0.791,688.86671310616,1704.04488978219,49.9945181728739,49.9945758566508,1141.58787039955,658.173620001953,326.256156009971,326.53281500909,-93.2924371861044,317.483655729148,-224.191218677314,2.12574025323787,3.90051273666092,-6.02625299222812
0.792,688.277329371409,1704.65439887842,49.9945228630406,49.9945739165231,1142.51160832614,657.264089741058,326.255878888593,326.532905962116,-184.78958802288,325.564807246894,-140.775219350267,0.250238722018901,5.16598235376591,-5.41622107836852
0.793,688.120908691753,1704.79263886889,49.9945241077968,49.9945734764915,1143.56500921305,656.21293972741,326.255562868326,326.533011077118,-258.45052386867,300.926374605531,-42.475850844676,-1.64896810582246,5.9217946237227,-4.27282652054199
0.794,687.807991227051,1705.10061092247,49.9945265979149,49.9945724961861,1144.45061771208,655.312985668095,326.255297185777,326.533101072524,-307.228471865631,248.162032040962,59.0664397438984,-3.38599375169904,6.10000507873639,-2.71401132953055
0.795,686.874660871037,1706.05454247242,49.9945340251219,49.9945694597276,1145.24775887434,654.526516434195,326.255058043428,326.533179719447,-326.174313819902,170.40947768677,155.764836085167,-4.79434997533425,5.68266600583653,-0.888316032654279
0.796,685.924603910872,1707.00423441653,49.994541585435,49.9945664367643,1145.46350939239,654.330647692252,326.254993318273,326.533199306321,-312.045333027285,75.6777971257595,236.367535888791,-5.73179653307275,4.70643949686652,1.02535703455471
0.797,684.293068587966,1708.64376081897,49.9945545687805,49.9945612179897,1145.34551362299,654.43623050867,326.255028717003,326.53318874804,-268.608139889831,-25.7788885516287,294.387028462891,-6.10848010542229,3.27243940296837,2.83604070141258
0.798,683.106012567228,1709.8196516384,49.9945640150722,49.9945574750129,1144.59597071414,655.184834924921,326.255253579876,326.533113887598,-198.531295741615,-125.192777458882,323.724073251541,-5.88677447287181,1.51644552038729,4.37032895210135
0.799,682.712258343722,1710.22741633721,49.9945671484688,49.9945561770576,1143.41169136876,656.388485178747,326.25560886368,326.532993522572,-108.932396392971,-211.767287477805,320.699683944149,-5.08930185172524,-0.389099797636464,5.47840164961986
0.8,682.74139854363,1710.18820736295,49.9945669165784,49.9945563018636,1142.04102577248,657.755231380791,326.256020063359,326.532856847952,-8.92025180151275,-278.012804787318,286.933056675043,-3.7940493586331,-2.2545367138152,6.04858607326842
0.801,683.413829253893,1709.51732758925,49.9945615655448,49.9945584373403,1141.64470548619,658.132611581003,326.256138959445,326.532819109932,92.4429274091715,-316.719070833331,224.276143512515,-2.12904547234536,-3.89838370260312,6.02742917619592
0.802,683.254849619203,1709.69446797776,49.9945628306646,49.9945578734849,1141.09109616227,658.706203388722,326.256305042242,326.532761750751,184.798592900962,-324.971447663307,140.172854841677,-0.252236462055047,-5.16459938359605,5.41683584714916
0.803,683.908807582237,1709.01625338719,49.9945576266325,49.994560032309,1140.01453710031,659.776890680875,326.25662800996,326.532654682022,258.691064104084,-300.997246597483,42.3061825530504,1.64699031198865,-5.92141158262541,4.27442127218067
0.804,684.403308560524,1708.51781703689,49.9945536915187,49.9945616188812,1138.72386615916,661.053794333279,326.257015211243,326.532526991657,307.439026910887,-248.162216084966,-59.276810794304,3.38489408225172,-6.10052358999257,2.71562950911942
0.805,685.318346206067,1707.60757169467,49.9945464098805,49.9945645162821,1138.0769471791,661.707427589624,326.257209286937,326.532461628331,326.442422573615,-170.829566524064,-155.612856051895,4.79280686212645,-5.68331472734471,0.890507866235658
0.806,686.19367178101,1706.73109645742,49.9945394442609,49.9945673061894,1138.208412492,661.588681498244,326.257169847343,326.532473502941,312.701292159895,-76.20703886481,-236.494253333162,5.73088276581139,-4.70810611393442,-1.02277665138078
0.807,687.537370525986,1705.39186290677,49.994528751446,49.9945715691022,1138.73057241329,661.058931195161,326.257013199366,326.532526477971,268.871039873702,25.082426063728,-293.953466009265,6.10856556583999,-3.27370354222485,-2.83486202374137
0.808,688.33023040062,1704.59819638087,49.9945224420676,49.9945740954212,1139.84286131617,659.943687544975,326.256679512696,326.532638002336,198.526498538109,124.514185586047,-323.040684224989,5.88767202637188,-1.51825367735159,-4.36941834980851
0.809,688.965382533448,1703.97888705279,49.9945173876875,49.994576066744,1140.744969899,659.052275778193,326.256408880121,326.532727143513,108.532626721043,211.607716578087,-320.140343421882,5.09083174217247,0.386670507986006,-5.47750225158488
0.81,689.433700049102,1703.49530081213,49.9945136609352,49.9945776060468,1141.57016122075,658.216102994528,326.256161322724,326.532810760791,8.66362401950941,277.986242431684,-286.649866584875,3.79532170525746,2.25219811110146,-6.04751981833388
0.811,689.406559345223,1703.52658377748,49.994513876914,49.9945775064701,1142.34432401911,657.422647229653,326.255929073885,326.532890106367,-92.937535255385,317.118860417524,-224.181325296377,2.13062023288322,3.89678178521482,-6.02740202047633
0.812,689.51453847241,1703.43983037327,49.9945130176434,49.9945777826147,1143.50607838682,656.280286145384,326.255580547574,326.533004342476,-184.803759414789,325.511850197731,-140.708090907333,0.254899679956503,5.16344977557911,-5.41834945814116
0.813,689.030716235724,1703.89771270353,49.9945168677785,49.99457632513,1145.05090716566,654.74007035228,326.255117098941,326.533158364055,-258.466028149677,301.411785276572,-42.9457572312059,-1.64488353790662,5.92031093192316,-4.27542739664873
0.814,687.717667340469,1705.23475873851,49.9945273166896,49.9945720691803,1146.33811493844,653.444900990391,326.254730936609,326.533287880991,-307.205133716872,248.119337428755,59.085796212079,-3.38328500625662,6.10134138562207,-2.71805638181777
0.815,686.150349873148,1706.81359010649,49.9945397890057,49.994567043604,1147.18464261917,652.605460323312,326.254476978305,326.533371825058,-325.830544441593,170.514209505674,155.316334893582,-4.79186976991154,5.68471052126238,-0.892840753433221
0.816,684.705016165781,1708.25626539987,49.9945512906059,49.9945624514259,1147.41383822399,652.396966458295,326.254408219623,326.533392674445,-312.132277431539,75.816241354909,236.316036069197,-5.72985654289761,4.7097369707059,1.02011957063047
0.817,683.038393559225,1709.92569318729,49.9945645531672,49.9945571374722,1147.1269518438,652.670943264568,326.254494285537,326.533365276764,-268.697276437686,-25.7057244437166,294.403000907185,-6.10773310877918,3.27572076606176,2.83201234177379
0.818,681.762077594766,1711.19295058574,49.9945747097669,49.9945531036666,1146.13742040901,653.657402221361,326.254791144968,326.533266630868,-198.749884441661,-125.002810027661,323.75269452323,-5.88820244801947,1.52122354232499,4.3669789054035
0.819,681.137500860345,1711.83269558602,49.9945796799906,49.994551067295,1145.46831906467,654.36297371914,326.254991875371,326.533196073718,-109.146725430663,-211.609363518651,320.756089023385,-5.09174270607899,-0.385079654350908,5.47682236076167
0.82,680.718747640236,1712.23078229962,49.9945830123229,49.9945498001457,1143.79772685227,656.003093094959,326.255493053035,326.533032061781,-9.51110021800745,-277.592861970208,287.103962272376,-3.79802087945069,-2.24899763836987,6.04701851868172
0.821,681.031861246482,1711.91918776412,49.994580520644,49.9945507919819,1142.73750588011,657.073727980313,326.255811119326,326.532924998292,92.3887839755788,-316.67721260425,224.288428711774,-2.13159535258931,-3.89601836295051,6.02761371678274
0.822,681.138207397393,1711.82733575779,49.9945796743682,49.9945510843559,1141.45593102112,658.366672054412,326.256195591784,326.532795703885,184.49306012538,-324.897716335661,140.404656281585,-0.256114839632913,-5.16228854873987,5.41840338981157
0.823,681.610946401754,1711.33617754993,49.9945759124307,49.994552647761,1140.89550579344,658.924346078288,326.256363719352,326.532739936483,258.277551679958,-300.866242590925,42.5886909610559,1.64296783721422,-5.92063093374803,4.27766309796568
0.824,682.332295943097,1710.62148067854,49.9945701721135,49.9945549227118,1140.16376009148,659.645598427947,326.256583243063,326.532667811248,307.08856106635,-247.893469622551,-59.1950914228603,3.38158141498282,-6.10152580396469,2.71994439020324
0.825,682.877916211813,1710.07115159813,49.9945658302053,49.9945566744637,1140.00490189345,659.807017578624,326.256630900522,326.532651669333,326.715383237153,-171.250623456618,-155.464759795169,4.79041744391284,-5.68467985842301,0.894262415330555
0.826,683.697181896794,1709.25359239721,49.9945593106962,49.9945592768354,1139.81907267387,660.005432322767,326.256686649288,326.532631827858,312.456983738487,-76.4388410239883,-236.018142767219,5.72973809113041,-4.7110579313195,-1.01868015955221
0.827,684.900515528398,1708.05003328778,49.9945497348714,49.9945631078831,1140.38992015139,659.414075821442,326.256515395045,326.532690963508,269.072296676964,24.9662815852494,-294.038578351863,6.10808515721018,-3.27799543380864,-2.83008972381508
0.828,685.451610063022,1707.50320554922,49.9945453494004,49.9945648484898,1141.26168310717,658.544003815631,326.256253866158,326.532777970709,198.470683879041,124.47327205299,-322.943956053997,5.88890721834794,-1.52290672598713,-4.36600049349493
0.829,685.756468137982,1707.21356458873,49.9945429234169,49.9945657704456,1141.55738744572,658.26895564988,326.256165154857,326.532805475525,108.875983179358,211.372430811357,-320.24841413818,5.0931493677393,0.382897153380866,-5.47604652295736
0.83,685.627921463295,1707.33128666888,49.9945439463589,49.9945653957246,1142.42274976649,657.386148901503,326.25590554616,326.5328937562,8.62261042905684,277.865737968296,-286.488348561509,3.79935167021972,2.24714805036491,-6.04649972305435
0.831,685.019440805596,1707.94043622412,49.9945487884941,49.9945634567414,1142.88605183077,656.918549561703,326.255766555541,326.532940516134,-92.5243366640496,317.183797672266,-224.659461177797,2.13395963796957,3.89415379610353,-6.02811343704444
0.832,684.582143451833,1708.3936629498,49.9945522683959,49.9945620140759,1143.36934979454,656.453439347059,326.255621566152,326.532987027156,-184.816977924908,325.624821205162,-140.807843444124,0.258600882876999,5.16116496902973,-5.41976585520466
0.833,684.246509961299,1708.72370329065,49.9945549392823,49.9945609635249,1143.80864084302,656.003054804435,326.255489778838,326.53303206561,-258.344543855915,301.530696904706,-43.1861531953553,-1.64027321508988,5.92030097570867,-4.280027764036
0.834,683.746165383741,1709.2308753685,49.994558920898,49.994559349146,1144.20854625662,655.60334557108,326.255369807213,326.533072036533,-306.928138417523,248.411370448949,58.5167678486837,-3.37945085696742,6.10187986975072,-2.72242901609849
0.835,683.027739890484,1709.94868282728,49.9945646379464,49.9945570642939,1144.64626762098,655.184519083496,326.255238490804,326.533113919182,-325.90403813767,170.756299877372,155.147738173729,-4.7891527073318,5.68546810298854,-0.896315398659848
0.836,682.430476753123,1710.55154539291,49.9945693908154,49.9945551453227,1144.96786808277,654.878813637943,326.255142010666,326.533144489727,-312.277810662684,76.0641315631736,236.213679050047,-5.72888859487675,4.71208617783074,1.0168024145334
0.837,681.533563943072,1711.42983934106,49.9945765282208,49.9945523496263,1144.91482803203,654.913800914393,326.255157922681,326.533140990999,-268.938906889137,-25.7004277104252,294.63933458712,-6.10667613556261,3.27852886267234,2.82814727099949
0.838,680.696503284811,1712.2669637996,49.9945831893379,49.9945496849764,1144.11588268452,655.708522573624,326.255397606285,326.533061518833,-198.941112636356,-124.678916052469,323.620028709781,-5.88891074295199,1.5246216780566,4.36428906369729
0.839,680.557654524605,1712.42292227877,49.9945842942612,49.9945491885451,1143.57251069964,656.275924606008,326.255560617881,326.53300477863,-109.23896188991,-211.579683664059,320.818645600916,-5.09429731012012,-0.380634660154973,5.47493196977146
0.84,680.372264116868,1712.61223956607,49.9945857695512,49.9945485859295,1143.39041721766,656.442972461469,326.255615245925,326.532988073844,-9.58913480646057,-277.520647151969,287.109782021447,-3.80163355383811,-2.24587679941969,6.0475103533777
0.841,680.015433019918,1712.95049660628,49.9945886091228,49.9945475092239,1143.05026871907,656.777882860819,326.255717290475,326.532954582804,92.0571169754126,-316.733196719128,224.676079811641,-2.13582239880637,-3.89222124511931,6.02804364453728
0.842,679.932993313752,1713.05577292566,49.9945892651571,49.9945471741189,1142.56585338341,657.276792200042,326.255862615075,326.53290469187,184.23733825637,-324.825367346673,140.588029151356,-0.260724878605539,-5.16014195609531,5.42086683562477
0.843,680.199343357198,1712.76957079187,49.9945871456109,49.9945480851286,1141.90562694109,657.929207586265,326.256060683008,326.532839450332,258.132773901782,-301.145468556243,43.0126946987723,1.63863617452558,-5.91908234560692,4.28044617211348
0.844,680.565258337343,1712.39591390688,49.994584233752,49.9945492745154,1141.32271236674,658.515248365235,326.25623555738,326.532780846254,307.432943534913,-248.26156771907,-59.1713757976449,3.37806619548453,-6.10073296654597,2.72266677198815
0.845,680.9494170535,1712.02880316245,49.994581176714,49.9945504430652,1141.22077590278,658.614114998173,326.25626613832,326.532770959591,326.470173311481,-171.27262586191,-155.197547463284,4.78822706034048,-5.68686894971889,0.898641889998395
0.846,681.597227659613,1711.37914593554,49.994576021601,49.9945525109884,1140.70760533611,659.132186607634,326.25642008949,326.53271915243,312.764177212338,-76.5990731832816,-236.165104076861,5.72799452742939,-4.71409059416339,-1.01390393311488
0.847,682.283518683203,1710.69089766397,49.9945705602706,49.9945547017507,1140.79013336658,659.049823366805,326.25639533108,326.532727388754,269.061372210838,24.6516017333598,-293.712974025126,6.10762536850939,-3.28061220908379,-2.82701315985426
0.848,682.84900203185,1710.12925296969,49.9945660602971,49.9945564895213,1141.18825078373,658.641451926535,326.256275895855,326.532768225898,198.79901218659,124.335900408366,-323.134912704707,5.89025524888578,-1.52678647769584,-4.36346877224958
0.849,683.310926447808,1709.67557011726,49.9945623844194,49.9945579336387,1141.14907577712,658.699855057719,326.256287648357,326.532762385585,108.942122143771,211.472334930838,-320.414457206246,5.09527019107122,0.378419960193223,-5.47369015294176
0.85,683.668380728054,1709.29417690101,49.9945595398886,49.994559147651,1141.3825388268,658.453047543265,326.256217609442,326.532787066336,8.98591806484701,277.665489031671,-286.651407240826,3.8018785128013,2.24359768641139,-6.04547620143356
0.851,684.345713172544,1708.62402796347,49.9945541498482,49.9945612808013,1142.15571444133,657.670411107585,326.255985656758,326.53286532998,-92.4695119211812,317.266898682591,-224.797386907669,2.13773275755019,3.89119136947952,-6.02892412966399
0.852,684.517398158088,1708.47565655562,49.9945527836225,49.9945617530821,1142.79072748754,657.049904667005,326.255795152844,326.532927380624,-184.542176845369,325.551576522196,-141.009399814139,0.262641546758688,5.15907522920094,-5.42171677883501
0.853,684.392024118202,1708.58118131828,49.9945537813174,49.9945614171864,1143.7646723153,656.072396433456,326.255502969396,326.533025131447,-258.316272659989,301.578365498104,-43.2620929567351,-1.63653681011893,5.9184250506402,-4.2818882434413
0.854,684.189340795998,1708.78735938031,49.9945553942201,49.9945607609012,1144.27457447653,655.550361266638,326.255349998747,326.533077334964,-306.671475464056,248.127653424489,58.5438219477608,-3.37631937473019,6.10168347669218,-2.72536410472512
0.855,684.17554890465,1708.8081716655,49.9945555039725,49.9945606946537,1144.46488352028,655.363967467584,326.255292906034,326.533095974344,-325.846040888366,171.090132093679,154.755908735168,-4.78643643990993,5.68741503269564,-0.900978595205324
0.856,683.370181511002,1709.62078743026,49.9945619128826,49.9945581080174,1145.49991927227,654.351045532686,326.254982395309,326.533197266537,-312.113415160507,76.2234726935566,235.889942441948,-5.72706971730908,4.71511729666527,1.01195241872139
0.857,682.091821130525,1710.89086919038,49.9945720857512,49.9945540652215,1146.57732164847,653.260035706921,326.254659174596,326.53330636752,-268.909934517651,-25.2312098935781,294.141144419602,-6.10736877908062,3.28249770469274,2.824871073067
0.858,680.512940477146,1712.47156775878,49.9945846500843,49.9945490337017,1146.59430294343,653.241860793907,326.254654080207,326.533308185011,-198.999014878549,-124.668495337173,323.667510252993,-5.89026246331323,1.52913853873088,4.36112392390768
0.859,679.179320033081,1713.82215588508,49.9945952626986,49.9945447346462,1146.72956443761,653.131241415082,326.254613501759,326.533319246949,-109.611931672178,-211.488828669896,321.10076040076,-5.0965291052436,-0.376743819525373,5.47327292472112
0.86,678.189047800706,1714.79615098351,49.9946031430346,49.9945416343235,1145.77466292258,654.07183608616,326.254899972214,326.533225187482,-9.63229429018296,-277.236818170132,286.869112530915,-3.80382967760063,-2.24198157108733,6.04581124918455
0.861,677.600427158776,1715.39650277342,49.9946078271288,49.9945397233444,1144.40944208709,655.437799093055,326.255309538464,326.533088591181,91.7960469768463,-316.552356487185,224.756309582162,-2.13981409687838,-3.89023894177103,6.03005303955424
0.862,677.610893669621,1715.38994498664,49.994607743839,49.9945397442185,1143.20588489984,656.650670407839,326.25567060562,326.53296730405,184.118297223473,-324.964371746114,140.846074584952,-0.264852640265336,-5.15760277446019,5.42245541586202
0.863,677.725537956735,1715.2586985352,49.9946068315287,49.9945401619889,1142.15626246592,657.70148063513,326.255985492351,326.532862223027,258.085949047437,-301.088606994773,43.0026579912189,1.63494450665337,-5.91807192265993,4.2831274171803
0.864,678.292429899877,1714.68161767389,49.994602320346,49.9945419988944,1140.32677613286,659.520328271018,326.256534338251,326.532680338263,307.406964020991,-248.573932646771,-58.8330313568255,3.37495351674424,-6.10142310044939,2.72646958471939
0.865,679.694177053897,1713.28891504406,49.9945911655966,49.9945464320045,1139.35061506865,660.501359835315,326.25682718657,326.532582235107,326.5114747479,-171.416621517224,-155.094853245079,4.78550543600524,-5.68806643459197,0.902560999258762
0.866,680.592500177475,1712.39166187337,49.9945840169683,49.9945492880501,1139.58313048814,660.281900518163,326.256757431944,326.532604181039,312.920594766566,-76.6724700169665,-236.248124798739,5.72650442953663,-4.71596393790991,-1.01054049144808
0.867,681.762079295236,1711.21881869424,49.9945747097534,49.9945530213259,1140.03646796749,659.810897954584,326.2566214307,326.532651281295,268.922627449875,24.8021881286081,-293.724815662195,6.10760184296089,-3.28443303375902,-2.82316880962956
0.868,682.422383482344,1710.55731577634,49.9945694552196,49.994555126955,1140.24492732529,659.589865046142,326.256558892893,326.532673384586,198.974347630726,124.00082049134,-322.975168236356,5.89067511444877,-1.53085376406986,-4.35982135146784
0.869,682.727956782448,1710.27392355765,49.9945670235446,49.9945560290205,1140.54888017032,659.305259366848,326.256467707039,326.532701845154,109.108431088539,211.168344494774,-320.27677572161,5.09825059129116,0.373793370935552,-5.47204396396769
0.87,683.240017814805,1709.7397675316,49.9945629486923,49.9945577292919,1140.93749256901,658.905640891588,326.25635112332,326.532741807001,9.07945314916585,277.968763454477,-287.048216759481,3.80540627121779,2.24040430320001,-6.04581057675707
0.871,683.436175701097,1709.55326145151,49.9945613877175,49.9945583229592,1141.56063617463,658.27117549184,326.256164180238,326.532805253541,-91.8755127389799,316.913865265275,-225.03835268899,2.14226330912743,3.88756608881175,-6.02982940076765
0.872,683.634859485988,1709.36336158684,49.9945598066422,49.9945589274293,1142.15234234318,657.699474500283,326.255986668387,326.53286242364,-184.217838264507,325.473699285045,-141.255861178664,0.26672983931292,5.15654282772593,-5.42327267019571
0.873,683.713385391767,1709.27491192256,49.9945591817528,49.9945592089733,1142.91074743678,656.936887286681,326.255759146859,326.532938682362,-258.008761637124,301.606363353325,-43.5976018586416,-1.63272258099888,5.91796730279518,-4.28524472508367
0.874,683.637118275918,1709.34988375216,49.9945597886673,49.9945589703306,1143.72418710937,656.116739505759,326.255515114958,326.53302069714,-306.81145058222,248.695090936713,58.1163595278987,-3.3728318963958,6.10173695347242,-2.7289050602827
0.875,683.123612773773,1709.87763178763,49.9945638750142,49.9945572904564,1144.56636336933,655.274616591549,326.25526246208,326.533104909431,-325.843592296026,170.964860109977,154.87873209996,-4.78383361289687,5.68901335036715,-0.905179740392882
0.876,682.092655539451,1710.91117489621,49.9945720791112,49.9945540005865,1144.72915050566,655.128749609231,326.255213625939,326.533119496129,-312.321499905141,76.1809020832231,236.140597771316,-5.72585816790575,4.71775570990157,1.00810245554042
0.877,681.644022040095,1711.34353774386,49.9945756492232,49.9945526243328,1144.1326148704,655.714040727678,326.255392586629,326.533060967018,-269.120860927656,-25.1898324154134,294.310693327956,-6.10681935718859,3.28563306303535,2.82118629227881
0.878,681.699290755059,1711.2849123162,49.9945752094087,49.9945528109433,1144.02833238476,655.803720080661,326.255423871375,326.533051999082,-199.34927527105,-124.355750551064,323.705025839131,-5.89130222545695,1.53345962125056,4.3578426029922
0.879,681.261706836891,1711.74256316132,49.9945786915909,49.9945513541954,1144.31725210055,655.547516179627,326.25533719546,326.533077619472,-109.704192638803,-211.273286211169,320.977478892538,-5.0988180062229,-0.372314762313146,5.47113276798789
0.88,680.729276173363,1712.26585132449,49.9945829285395,49.9945496885175,1143.96854997458,655.874680503365,326.255441806098,326.53304490304,-10.0644226192145,-277.52379680245,287.588219480963,-3.80759052565935,-2.23815533137091,6.04574585708926
0.881,680.173088943685,1712.82511914997,49.9945873545368,49.9945479083127,1143.75786828533,656.082560766103,326.255505010605,326.533024115014,91.4399964585618,-316.413601675713,224.97360528266,-2.14422741400037,-3.88569938554534,6.02992680009426
0.882,679.874542499526,1713.1325211365,49.9945897302939,49.9945469298218,1143.45422286279,656.403226213567,326.255596104232,326.532992048469,184.277552260211,-325.080953821344,140.803401621915,-0.269181240460609,-5.15526135387859,5.42444259521234
0.883,679.679995290824,1713.31072623572,49.9945912784514,49.9945463625773,1143.20587173548,656.655009705296,326.25567060957,326.53296687012,257.865348794422,-301.256741261819,43.3913925131521,1.63068580711495,-5.91708074403498,4.28639493792376
0.884,679.272404401409,1713.72498411849,49.9945945219567,49.9945450439536,1143.23957383454,656.613953693383,326.25566049894,326.532970975721,307.130373788821,-248.487700105358,-58.6426736619308,3.37100859629055,-6.10197067674711,2.73096208138459
0.885,679.013924671408,1713.98931907508,49.994596578873,49.9945442025493,1142.96315202819,656.89777647285,326.255743425482,326.532942593443,326.424117611558,-171.278386481,-155.145731139006,4.78285944149412,-5.68970232707411,0.906842886236485
0.886,679.178701320908,1713.81496945825,49.9945952676221,49.9945447575213,1142.50412958056,657.369801490669,326.255881132216,326.532895390941,312.909220312774,-77.2760983093223,-235.633122044287,5.72509510548157,-4.71865840151272,-1.00643670374382
0.887,679.866120327015,1713.12699738667,49.9945897973155,49.9945469474044,1142.02561295638,657.82615877415,326.256024687203,326.532849755213,269.119555685283,24.4483435485742,-293.567899306255,6.10722492485109,-3.28791708173219,-2.81930784343588
0.888,680.659691237575,1712.33674436449,49.9945834822788,49.9945494628579,1141.10051900752,658.747141018143,326.256302215388,326.532757656989,199.344020701844,123.873048824049,-323.217069626013,5.89235089818501,-1.53461401282768,-4.35773688626953
0.889,681.422166585101,1711.58029683115,49.9945774146928,49.9945518707052,1141.17642124759,658.701247120676,326.256279444716,326.532762246378,109.252106436643,211.11076424242,-320.362870800444,5.09983680063714,0.370249531204912,-5.47008633334089
0.89,682.126244887224,1710.86895108777,49.9945718118157,49.994554134989,1141.84664876561,658.004832498242,326.256078376461,326.532831887841,9.48975160532925,277.581441169159,-287.071192908462,3.80927313560882,2.23587962529459,-6.04515276292327
0.891,682.030535107527,1710.95400742265,49.9945725734499,49.9945538642463,1142.05642753346,657.778526726212,326.25601544283,326.532854518418,-92.1915182964687,317.117737471946,-224.926219311936,2.14604978697543,3.88341351941066,-6.02946330880724
0.892,682.069889832866,1710.93601492621,49.9945722602749,49.9945539215182,1142.14082672289,657.721978775518,326.255990123074,326.532860173213,-184.406820433891,325.539361035739,-141.132540730265,0.270561181278735,5.15468884155467,-5.42525002549377
0.893,682.142575525894,1710.84409077167,49.9945716818606,49.9945542141219,1142.4523310947,657.410528653022,326.255896671762,326.532891318225,-257.869775167112,301.732821264254,-43.8630462080612,-1.62923428934391,5.91653505592969,-4.28730076929803
0.894,682.090300644912,1710.90266361907,49.9945720978509,49.9945540276787,1143.15415506094,656.695649695116,326.255686124572,326.532962806121,-306.569997382412,248.840218812216,57.7297784846045,-3.36922100467397,6.10190596720676,-2.73268496510384
0.895,681.937875916307,1711.06388002985,49.9945733108083,49.994553514511,1143.50378313495,656.347401896031,326.25558123615,326.532997630901,-326.077621752208,171.540048981072,154.53757271622,-4.78169578999518,5.69049015897513,-0.908794371230109
0.896,682.107912687916,1710.89465011898,49.9945719576987,49.9945540531865,1143.72744080982,656.132337356202,326.255514138847,326.533019137355,-312.439749977759,76.7146941343708,235.72505582073,-5.72435834650228,4.72074415569748,1.00361418902069
0.897,681.893660171963,1711.11049977382,49.994573662666,49.9945533661157,1144.47923497328,655.380344248483,326.255288600598,326.533094336666,-268.970251233302,-24.9210620143135,293.891313255951,-6.10720631269859,3.28961417651052,2.81759213496578
0.898,681.708293494683,1711.29012319238,49.9945751377672,49.9945527943566,1144.89940358205,654.947463062247,326.255162550016,326.533137624784,-199.482642817617,-124.09379913562,323.57644198831,-5.89244685435285,1.53723459398331,4.35521225974892
0.899,680.856007886949,1712.16261517317,49.9945819200406,49.9945500171284,1145.20299183824,654.667891495331,326.255071473539,326.533165581941,-110.101164820997,-211.054710243119,321.155875119255,-5.1011704552284,-0.368103429983719,5.46927388517454
0.9,680.115552652974,1712.88732406295,49.9945878123961,49.9945477103083,1144.8221875143,655.032347985714,326.255185714836,326.533129136292,-10.3031244794665,-276.823190106076,287.126314652296,-3.81063232748288,-2.23383165590618,6.04446398386111
0.901,679.289174884983,1713.71582188809,49.9945943885014,49.9945450731178,1143.83551164512,656.022313539798,326.255481717597,326.533030139736,91.2250308382141,-316.199950587636,224.9749198179,-2.1470790752213,-3.88332700632461,6.03040608240453
0.902,679.061387678625,1713.95738444046,49.9945962011744,49.9945443042003,1142.98765691062,656.879057695953,326.255736074017,326.532944465321,183.633286766079,-325.037322909753,141.404036203681,-0.273112227681261,-5.15322655375418,5.42633878251879
0.903,678.985973783597,1714.01847939098,49.9945968012991,49.9945441097291,1141.9284914352,657.936166840096,326.25605382366,326.532838754406,257.760151178882,-301.598224156217,43.8380730192243,1.62673653666564,-5.91641442219957,4.28967788665488
0.904,678.883814679444,1714.12901461229,49.9945976142554,49.9945437578845,1141.61133761624,658.26360589764,326.256148969806,326.532806010501,307.070023303136,-248.684060197287,-58.3859630898126,3.36853989572672,-6.10289014222843,2.73435024746712
0.905,678.656295303727,1714.34703837165,49.9945994247971,49.9945430638934,1141.11563559499,658.748468401446,326.256297680412,326.53275752425,326.388116275277,-171.736452139994,-154.651664150053,4.77953447697589,-5.69020014146703,0.910665665123836
0.906,678.943738528248,1714.05828442251,49.9945971373966,49.9945439830257,1140.00760382085,659.860147987756,326.256630089944,326.532646356292,312.975158750978,-77.0496109924974,-235.925547806774,5.72347268281524,-4.72171042252534,-1.00176226013498
0.907,679.655782476661,1713.33657755769,49.9945914711309,49.99454628029,1138.95362313871,660.902312825451,326.256946284149,326.532542139808,269.702309416798,23.9743567320225,-293.676666230678,6.10671732333239,-3.29139411227654,-2.81532321148792
0.908,681.089200554767,1711.91149269199,49.9945800643523,49.994550816476,1138.58681573543,661.267371835201,326.25705632637,326.532505633907,199.552485605135,123.549493746879,-323.101979463574,5.89389126854758,-1.53930136074102,-4.35458990887957
0.909,682.53876229582,1710.46736431991,49.9945685291064,49.9945554132794,1138.86719840902,661.009638646691,326.256972211568,326.532531407226,109.720468468539,210.831659208601,-320.55212781122,5.10222437963885,0.365957138856549,-5.4681815202003
0.91,683.58582904482,1709.41099548082,49.994560196814,49.9945587758059,1139.46629599001,660.392664165836,326.256792482293,326.532593104674,9.65212901459865,277.371119121381,-287.023248282101,3.81182766574528,2.23282196935329,-6.04464963735343
0.911,684.57538999348,1708.42223280776,49.9945523221382,49.9945619231352,1139.91029922416,659.939249259219,326.256659281323,326.532638446164,-91.6226913397661,316.979682261596,-225.35699106968,2.14917116784254,3.88164957639758,-6.03082074690964
0.912,685.031635644411,1707.97810024409,49.9945486914507,49.9945633368531,1140.74440192384,659.110669394561,326.256409050513,326.532721304151,-183.973019501109,325.436007044252,-141.462987682103,0.275547817083932,5.15172821674978,-5.42727603674432
0.913,685.39646210616,1707.59736344399,49.9945457882539,49.9945645487759,1141.78719321413,658.07524549045,326.256096213126,326.532824846541,-257.886253896668,301.854496862208,-43.9682430854572,-1.62563145756786,5.91580471109977,-4.2901732564855
0.914,684.962205939095,1708.04501700492,49.9945492439547,49.9945631238504,1142.77495111713,657.065832362981,326.255799885755,326.532925787854,-306.656543863001,248.663924011942,57.9926197582703,-3.36576200011689,6.10279433704859,-2.73703233972481
0.915,684.703744950037,1708.30289850226,49.9945513007219,49.9945623029881,1143.96458884117,655.897856894524,326.255442994438,326.533042585401,-326.170265326006,171.773248669675,154.39701659614,-4.77920013482535,5.69158567980122,-0.912385547420678
0.916,683.924284070478,1709.08956149656,49.9945575034745,49.994559798962,1145.12211803503,654.744498771067,326.25509573568,326.533157921213,-312.243513629282,76.9071280884665,235.336385513662,-5.72290979130618,4.72298007989866,0.999929709457594
0.917,682.752545529277,1710.26014503684,49.9945668278735,49.9945560728789,1145.82641747786,654.020482756433,326.254884445847,326.533230322815,-269.536343367626,-24.6870402323263,294.223383604674,-6.10680245193345,3.29363868517614,2.81316376539487
0.918,681.364132893107,1711.65609752924,49.9945778765102,49.9945516294241,1146.24955501947,653.603415124741,326.254757504585,326.533272029578,-199.46996563173,-124.019261011418,323.489226675341,-5.89406302594256,1.54130649008526,4.35275653512014
0.919,679.9721430895,1713.05831361361,49.9945889536131,49.9945471660317,1146.00868508123,653.862597424839,326.254829765566,326.533246111348,-110.447729814658,-210.773048353337,321.220778220823,-5.10389318959894,-0.363514399162735,5.46740758862785
0.92,679.306314061051,1713.69938937624,49.9945942521122,49.9945451254241,1145.05471830259,654.810922921254,326.2551159556,326.533151278798,-10.4902340391204,-277.040655927993,287.530890031958,-3.81344222778699,-2.23022572315025,6.04366795132966
0.921,678.929471919244,1714.08532941576,49.9945972509267,49.9945438969388,1144.51410785268,655.349784224068,326.255278138735,326.533097392668,91.2319822777747,-316.20842361168,224.976441400823,-2.15153023604651,-3.87964560223897,6.03117583907809
0.922,678.437236360133,1714.59096950341,49.9946011680128,49.9945422874365,1143.9562328174,655.921070632154,326.255445501245,326.533040264027,183.610381892799,-325.103722243655,141.493340409651,-0.27745033075776,-5.15107141876376,5.42852175054993
0.923,678.50118328018,1714.50108484395,49.9946006591394,49.9945425735482,1143.42953836174,656.44814938065,326.255603509582,326.532987556152,257.815322611275,-301.498609861156,43.6832872902039,1.62306092069965,-5.91497708652047,4.29191616689462
0.924,678.589170538741,1714.42268477697,49.994599958959,49.9945428231034,1142.78158789936,657.08291590153,326.255797894721,326.5329240795,306.978009759047,-248.772916475326,-58.2050932699437,3.36447057207396,-6.10269398027243,2.73822340911682
0.925,679.046231749891,1713.96384663179,49.9945963217815,49.9945442836306,1141.56648707603,658.297930861948,326.256162424968,326.532802578004,326.628132714435,-172.214972567427,-154.413160165059,4.7772296729225,-5.69259216428707,0.915362491943263
0.926,679.680189864054,1713.32999514309,49.9945912769031,49.9945463012425,1140.97490714091,658.903966799308,326.256339898948,326.53274197441,312.92008734772,-77.3774257411528,-235.54266165827,5.72194457158175,-4.72393442166449,-0.998010149827551
0.927,680.107929721863,1712.90466966962,49.9945878730574,49.9945476550955,1140.82208365974,659.052413453621,326.256385745992,326.532727129745,269.702915341836,23.859458896949,-293.562374322743,6.10719212570514,-3.29475556234025,-2.81243656386342
0.928,680.684225222328,1712.32488202452,49.9945832870436,49.9945495006169,1140.80201443221,659.068306891272,326.256391766761,326.532725540401,199.542183820761,123.425455898283,-322.967639830817,5.89416722723504,-1.54256649343425,-4.35160073492788
0.929,681.425117482279,1711.59731783331,49.9945773912103,49.9945518165257,1140.87580061166,659.004504515237,326.256369630907,326.532731920639,110.077942974144,210.507814066085,-320.585757173661,5.10466763115559,0.361539526127301,-5.46620715901865
0.93,681.951002538372,1711.0477965623,49.99457320635,49.9945535657062,1141.35853242638,658.512539033395,326.256224811362,326.532781117187,9.87047950608861,277.4522698312,-287.322749484883,3.8145887419274,2.22854954362278,-6.04313828783148
0.931,682.26112604555,1710.73329290503,49.9945707384655,49.9945545668024,1141.60469395143,658.243530961979,326.256150962905,326.532808017994,-91.6518873179422,317.389681201292,-225.737794034644,2.15352863826242,3.87736660379126,-6.03089524476332
0.932,682.564408631542,1710.44751200091,49.9945683250194,49.9945554764713,1141.74324432796,658.124687422169,326.256109397792,326.532819902348,-183.886870052274,325.651048434465,-141.764178526053,0.278466818030239,5.15009171704826,-5.42855853805132
0.933,682.72285523449,1710.27807991015,49.9945670641414,49.9945560157904,1141.70146589825,658.166984005064,326.256121931321,326.53281567269,-257.241697744722,301.856889703153,-44.6151920849584,-1.62133647342506,5.91495251084269,-4.29361604046097
0.934,683.160055877522,1709.8430011348,49.9945635850092,49.9945574006892,1142.04602010211,657.806392719852,326.25601856506,326.532851731818,-306.606372821401,249.356560737742,57.2498119826749,-3.36281568888219,6.10318097931682,-2.74036529334834
0.935,683.292674934301,1709.72556447847,49.9945625296603,49.9945577745017,1142.45722052039,657.39936717512,326.255895204934,326.532892434373,-325.864578370633,171.636150127449,154.228428173311,-4.77596959061813,5.69348702003861,-0.917517432017841
0.936,683.00249138362,1710.00842135665,49.9945648388676,49.9945568741403,1142.69629146158,657.171258490125,326.255823483652,326.532915245241,-312.496543011736,77.2810471185213,235.215495856632,-5.72123253844625,4.72526791090211,0.99596462541659
0.937,683.063266345173,1709.94525243816,49.9945643552358,49.9945570752132,1142.77464685723,657.068609001081,326.255799977033,326.53292551019,-269.206543290515,-24.6494340246405,293.855977311173,-6.10683145780291,3.29766460837705,2.80916684787296
0.938,682.52970998143,1710.47823585701,49.9945686011425,49.9945553786742,1142.91757005433,656.933297768488,326.255757100074,326.532939041314,-199.77601088195,-123.768970244789,323.544981151926,-5.89472103591738,1.54481951249084,4.34990152250083
0.939,682.48179021859,1710.53075840293,49.9945689824758,49.9945552114898,1142.83817126412,657.03875720006,326.255780919711,326.53292849537,-110.255721365342,-210.790057285876,321.045778698949,-5.10522596730492,-0.360396986552741,5.46562295355199
0.94,682.912493977206,1710.09349048181,49.9945655550442,49.9945566033568,1142.63750575544,657.228465895455,326.255841119364,326.532909524501,-10.5114257744695,-277.09565050025,287.607076336361,-3.8167801128246,-2.22721358743974,6.04399370051117
0.941,682.722026055715,1710.29731988936,49.9945670707398,49.9945559545477,1143.04972232231,656.799726734951,326.255717454394,326.532952398417,90.8596871843264,-316.575676963566,225.71598984501,-2.15644037742058,-3.87611786970861,6.03255824780949
0.942,682.287956450171,1710.73552596909,49.9945705249559,49.9945545596944,1143.37775920875,656.49597604973,326.255619043328,326.532982773485,183.601536688661,-325.119424765539,141.517888136774,-0.281357992016524,-5.14863572991877,5.42999372289032
0.943,682.194685982909,1710.81738250126,49.9945712671787,49.994554299137,1143.59609096268,656.268882893672,326.255553543802,326.533005482801,257.633333497191,-301.661612282352,44.0282788305661,1.61851647484571,-5.91405118346493,4.29553470967026
0.944,681.842441969326,1711.17029077665,49.9945740702475,49.994553175795,1143.76253142447,656.105360666016,326.255503611663,326.533021835024,307.035998719665,-248.824425205677,-58.2115734911344,3.3613778067927,-6.10275061803232,2.74137281220149
0.945,681.774165969184,1711.23590745847,49.9945746135707,49.9945529669306,1143.77809109409,656.083936150928,326.255498943762,326.533023977475,326.531502587143,-172.118951329755,-154.412551262624,4.77441114003274,-5.6935541580868,0.919143018750756
0.946,681.401150745596,1711.61741869349,49.9945775819315,49.9945517525427,1143.21245877771,656.658075670469,326.255668633457,326.532966563523,313.093961075174,-77.6555843643061,-235.43837674803,5.72077394413293,-4.72704207199144,-0.99373187186023
0.947,681.404070801556,1711.61004610264,49.9945775586945,49.9945517760103,1143.16774679099,656.691345614826,326.255682047053,326.532963236529,269.732341368307,23.8881729936256,-293.620514431975,6.10650968128259,-3.29888547200295,-2.80762420953543
0.948,681.368668700366,1711.63599147114,49.9945778404154,49.9945516934237,1142.7971125702,657.05840799409,326.255793237319,326.532926530291,199.733154795611,123.158108959119,-322.891263854778,5.89462858030594,-1.5466774108162,-4.34795117035193
0.949,681.51046094351,1711.51083834702,49.9945767120686,49.9945520917984,1142.32140249863,657.555664355135,326.255935950341,326.532876804655,109.914588909039,210.741008721219,-320.655597753833,5.10692725395543,0.357681444189783,-5.4646086996226
0.95,681.987429420696,1711.01594616613,49.9945729164741,49.9945536670892,1142.26228800678,657.593292655597,326.255953684688,326.532873041825,10.3717016655081,277.023013048607,-287.394714851694,3.8191414277153,2.22388768835539,-6.04302911809922
0.951,682.068217889214,1710.93392938541,49.9945722735798,49.9945539281567,1142.18442578352,657.67208606563,326.255977043355,326.532865162484,-91.4191615196193,317.040041337539,-225.62087995986,2.15709928341031,3.87494750994406,-6.03204679581708
0.952,682.589706068042,1710.43207546167,49.9945681237088,49.9945555256074,1142.41877964421,657.450022795468,326.255906737197,326.532887368811,-183.555653514136,325.469574729029,-141.913921350884,0.283315027438886,5.14781416392019,-5.43112919409839
0.953,682.668164080892,1710.34781245263,49.9945674993598,49.9945557938248,1142.45108489451,657.41512663831,326.255897045622,326.532890858427,-257.736348773314,302.059246374516,-44.3228977217142,-1.61681139848487,5.91418112837438,-4.29736973272184
0.954,682.60788115679,1710.41092948288,49.994567979076,49.9945555929171,1142.82275708023,657.039938191219,326.255785543966,326.532928377271,-306.380039802836,249.032426841057,57.347612864877,-3.35895429281889,6.10295774011575,-2.74400345003023
0.955,682.195345496338,1710.82810397434,49.9945712619305,49.9945542650094,1143.17081937755,656.695073147334,326.255681125277,326.532962863776,-325.897842481112,172.06361501778,153.834227395795,-4.77323924246465,5.69508478369925,-0.921845543687256
0.956,682.005294777639,1711.01424031274,49.9945727743061,49.9945536725191,1143.24966391723,656.635838488213,326.255657471915,326.532968787242,-312.81869361599,77.3072337665612,235.511459813604,-5.7200927024605,4.72771741040476,0.99237529003531
0.957,682.115583182917,1710.89895745861,49.9945718966588,49.9945540394758,1143.09667148468,656.765715778234,326.255703369645,326.532955799513,-269.779501652485,-23.9394410604433,293.718942708393,-6.10607655147471,3.3000785495835,2.80599800040943
0.958,681.637768538783,1711.37553852289,49.9945756989869,49.9945525224712,1142.7354018633,657.11670533464,326.255811750531,326.532920700557,-200.137765676218,-123.43360169225,323.57136739154,-5.89587548026723,1.54947539265456,4.34640008672218
0.959,681.52680007593,1711.50082579476,49.9945765820459,49.9945521236694,1142.62435337945,657.247019165728,326.255845065077,326.532907669174,-110.491556207204,-210.688770477851,321.18032672933,-5.10850844282856,-0.355122606552545,5.46363104907536
0.96,681.842359373552,1711.15841201295,49.9945740709048,49.9945532136063,1141.96475713355,657.900151339583,326.25604294395,326.532842355956,-10.8833366101426,-276.904037583182,287.787374249572,-3.81982758885567,-2.22287429690618,6.04270188597116
0.961,681.860781021959,1711.14935578762,49.99457392431,49.9945532424332,1141.54122534573,658.306672100637,326.256170003487,326.53280170388,90.7411363360863,-316.247448021728,225.506311743991,-2.15996555021872,-3.87274658515831,6.0327121359793
0.962,682.271692763414,1710.75328810804,49.9945706543783,49.9945545031557,1141.58485102394,658.285613851404,326.256156915783,326.532803809705,183.348023479435,-325.143678585528,141.795655156517,-0.285740667122149,-5.14673498482223,5.43247565277793
0.963,682.466625264401,1710.53799410189,49.9945691031547,49.9945551884578,1141.90712625832,657.960792056108,326.256060233213,326.532836291885,257.45129416259,-301.818678204301,44.367384076168,1.61490698130631,-5.91296782811278,4.29806084769418
0.964,683.129920628033,1709.87121361207,49.9945638248179,49.9945573108861,1141.73323327972,658.125121484427,326.256112401106,326.532819858942,307.024209148552,-249.454983767974,-57.569225369972,3.35714038961168,-6.10249203353629,2.74535164468451
0.965,683.388875113795,1709.62983107639,49.9945617641236,49.9945580792305,1141.8711214162,657.989063616581,326.256071034666,326.532833464729,326.564517305533,-172.31584366639,-154.248673657994,4.77218275484379,-5.69565546698172,0.923472712597141
0.966,683.341880577325,1709.66967998547,49.9945621380942,49.9945579523875,1142.18239360392,657.684740747941,326.255977653009,326.532863897016,313.303414073774,-78.3137425520143,-234.989671572583,5.71870439937957,-4.72975031731695,-0.988954082050013
0.967,683.357990250561,1709.65638054579,49.9945620098975,49.9945579947209,1142.40916408808,657.449116675083,326.255909621864,326.532887459423,269.73045370364,23.5323924892283,-293.262846274961,6.10647774807814,-3.30228165806329,-2.80419609055152
0.968,683.582193151199,1709.43280879636,49.9945602257475,49.9945587063719,1142.79041157882,657.062687487106,326.255795247617,326.532926102342,199.695694414277,123.252774455753,-322.948468979745,5.8966715467415,-1.55142739646938,-4.34524415140725
0.969,683.203937960059,1709.82269505959,49.9945632358067,49.9945574653254,1142.88281520912,656.9986607072,326.255767526528,326.53293250502,110.206452330745,210.399363199792,-320.605815661419,5.10896241215714,0.354015199487874,-5.4629776133686
0.97,682.868468560573,1710.15164166444,49.9945659053874,49.9945564182559,1142.64469656771,657.220517144572,326.25583896212,326.532910319376,9.97621533984455,277.27274826914,-287.248963752366,3.82184663284121,2.22085843696913,-6.04270507205408
0.971,682.591030854646,1710.41892952596,49.9945681131665,49.9945555674522,1142.50996553911,657.344253194026,326.255879381429,326.532897945771,-91.0993045656829,316.926111658966,-225.826807239268,2.16148614147202,3.87100283590269,-6.03248898001886
0.972,682.294006814237,1710.73723786196,49.9945704768087,49.9945545542453,1142.33298428853,657.541733166736,326.255932475804,326.532878197774,-183.439805058548,325.637558144188,-142.197753223859,0.287306365984534,5.14588338361384,-5.4331897524823
0.973,682.493955657423,1710.51431096764,49.9945688856663,49.9945552638436,1142.38409564384,657.479324235692,326.255917142397,326.532884438667,-257.209234792341,302.1146882833,-44.9054536123179,-1.61236929188076,5.91230867486222,-4.29993938592113
0.974,682.21257254112,1710.80231080325,49.994571124842,49.9945543471117,1142.35331198331,657.502223102246,326.255926377495,326.53288214878,-306.376304173441,249.105444402367,57.2708596744335,-3.35468562153084,6.10273156936221,-2.74804595063742
0.975,681.843305933111,1711.17866525837,49.9945740633723,49.9945531491382,1142.34164754135,657.526484722785,326.255929876828,326.532879722618,-326.084888419056,172.020660108201,154.064228244188,-4.77153745965329,5.69664386504382,-0.925106407885897
0.976,681.77815044932,1711.24433713343,49.9945745818632,49.9945529400981,1142.43141097831,657.453482682027,326.255902947797,326.532887022822,-312.518169902365,77.4127528198926,235.105417048857,-5.71859535170178,4.73072059651889,0.987874753147843
0.977,681.855806144546,1711.14570211774,49.9945739638988,49.9945532540632,1141.81656289574,658.039413568825,326.256087402222,326.532828429734,-269.848458412125,-23.889646975944,293.738105386642,-6.10559893468018,3.30350608498821,2.8020928482239
0.978,682.278450870815,1710.73673755657,49.9945706005989,49.9945545558378,1141.54362754265,658.312405856433,326.256169282828,326.532801130505,-200.023208208359,-123.392538067053,323.415746302323,-5.89740527860166,1.55323489127648,4.34417038647331
0.979,682.421852885623,1710.60185317675,49.994569459442,49.9945549851881,1141.3047334441,658.578839419099,326.256240951057,326.532774487148,-110.818551907526,-210.256530956899,321.075082912186,-5.11017102547032,-0.35178987514514,5.46196090036735
0.98,682.671970198029,1710.33877374981,49.9945674690716,49.9945558225959,1140.92551773023,658.936263213565,326.256354715771,326.532738744769,-11.1737369373411,-276.828605033147,288.002342028559,-3.82348644317296,-2.21904211171593,6.04252855516058
0.981,683.149520329843,1709.87064698993,49.9945636688484,49.9945573126897,1140.76657274672,659.095535925825,326.256402399266,326.532722817498,90.7200284007031,-316.337565599534,225.617537256654,-2.16319142250334,-3.87069030513904,6.03388172829324
0.982,683.782594177667,1709.25387694449,49.9945586310068,49.9945592759297,1140.88692565444,658.983174870086,326.256366293394,326.532734053603,183.060673204416,-325.052445266411,141.991772108793,-0.290194651006443,-5.14464296181192,5.43483761366979
0.983,684.378198206618,1708.64056278903,49.9945538913406,49.9945612281693,1141.29023078989,658.575483516066,326.256245301853,326.532774822739,257.202541033201,-301.612530450189,44.4099894426754,1.61045418515941,-5.91199997512147,4.30154579081198
0.984,684.461185461444,1708.55370864692,49.994553230949,49.9945615046346,1141.97758761435,657.88648585225,326.256039094806,326.532843722505,306.891065085116,-249.285628550968,-57.605436537451,3.35394413386118,-6.10323428120014,2.74929014798248
0.985,684.496616672687,1708.53270595969,49.9945529489963,49.9945615714883,1142.32369027181,657.533840459876,326.255935264009,326.532878987044,326.42187216066,-172.560003184776,-153.861869013182,4.76965038163164,-5.69743206191795,0.927781680537972
0.986,684.312782886435,1708.71690122304,49.9945544118991,49.9945609851765,1142.32795291695,657.544702893939,326.255933985215,326.532877900801,312.854522801149,-77.9153388988053,-234.939183975341,5.7176634306456,-4.73253562158231,-0.985127809352176
0.987,684.132234343648,1708.8917731419,49.9945558486588,49.9945604285419,1142.72699040705,657.137532267778,326.255814273968,326.532918617864,269.729753090871,23.4949557531524,-293.224708950853,6.10631812644528,-3.30564456051238,-2.80067356685848
0.988,683.988729415303,1709.03135056902,49.9945569906347,49.9945599842532,1142.74662075508,657.10935035235,326.255808384864,326.532921436055,200.217772807997,122.644183717121,-322.861956660636,5.89761978552418,-1.55508012725639,-4.34253965986372
0.989,683.8072100425,1709.21742624532,49.99455843512,49.9945593919559,1142.80725009922,657.071739560932,326.255790196061,326.532925197134,110.402843643856,210.065094824537,-320.467938624848,5.11106909092723,0.349357382629916,-5.46042647579246
0.99,683.925851821285,1709.07980675901,49.9945574909987,49.9945598300123,1142.6742251926,657.184627208665,326.255830103533,326.532913908369,10.3551322451347,277.292734055849,-287.647866468436,3.8249249586467,2.21644963375587,-6.04137459518435
0.991,683.837533510518,1709.17702963557,49.9945581938135,49.9945595205423,1142.57529519518,657.275224467499,326.255859782532,326.532904848644,-90.7108207936883,316.629929641239,-225.919109015115,2.1654012305857,3.8687196359768,-6.03412086974546
0.992,683.860353467127,1709.16733874673,49.9945580122181,49.9945595513894,1142.40978941577,657.452888424995,326.255909434266,326.532887082248,-183.321601815321,325.837407017627,-142.515805359154,0.292145999948003,5.14295542258052,-5.43510142592931
0.993,683.651446754409,1709.3661650872,49.9945596746449,49.9945589185054,1142.17762749454,657.684065333379,326.255979082842,326.532863964557,-256.896237412258,301.912046051009,-45.0158087748475,-1.60860487590496,5.91166930313388,-4.3030644306432
0.994,683.307790342081,1709.70679200022,49.9945624093757,49.9945578342563,1142.0053941298,657.847690464427,326.256030752851,326.532847602044,-306.373071407341,249.614344231874,56.7587270679373,-3.35149603312118,6.10305539621306,-2.75155936631327
0.995,683.160684935072,1709.85421075927,49.9945635800033,49.9945573650078,1141.60722547772,658.258221062787,326.256150203447,326.532806548984,-325.949585176612,172.488545486851,153.461039615926,-4.76848564250438,5.69745546668964,-0.928969827026143
0.996,683.51407156242,1709.50389944345,49.9945607678419,49.9945584800834,1141.24977899942,658.625968333351,326.256257437391,326.532769774257,-312.558046102174,77.7120716869439,234.845974377901,-5.7171094391228,4.73330038891097,0.983809047906644
0.997,683.823669835342,1709.18473906083,49.9945583041371,49.9945594960024,1140.95510306203,658.905025227453,326.256345840172,326.532741868568,-269.971912470968,-23.8101182291461,293.782030697631,-6.10605320852883,3.30695805390105,2.79909515296322
0.998,684.448092813076,1708.56785661686,49.9945533351369,49.9945614596002,1140.54728000967,659.305171218457,326.256468187087,326.532701853969,-200.235734701892,-123.019021812113,323.254756541202,-5.89846726304731,1.55707006698723,4.3413971950764
0.999,685.044895620679,1707.98182156209,49.9945485859311,49.9945633250077,1140.41285173465,659.462077150412,326.25650851557,326.532686163375,-110.653682280263,-210.403608335394,321.057290664627,-5.1123577157062,-0.347168598565297,5.45952631394181
1,685.320412997004,1707.68739565723,49.9945463934335,49.9945642621945,1140.34211028534,659.510041099244,326.256529738005,326.53268136698,-11.0309267608503,-277.151513179304,288.182440000674,-3.82712411785672,-2.21433379945229,6.04145791754133
1.001,687.694478238499,1708.12934013865,49.9945275012226,49.9945628554415,1140.88021988545,659.2472229309,326.256368305125,326.532707648797,90.3829871622867,-316.084483631785,225.701496530854,-2.05128948340825,-4.66671997683204,6.71800946105433
1.002,693.100660429884,1709.66006095354,49.9944844801916,49.9945579830059,1142.86510475388,658.798085649541,326.255772839664,326.532752562525,182.724887354661,-324.961530999051,142.236643694015,0.158424559757188,-6.5336418666816,6.37521730805804
1.003,699.888406784852,1711.99667790567,49.9944304650224,49.9945505453231,1145.65945178993,659.120598859938,326.254934535553,326.532720311204,257.218606969908,-301.757868863803,44.5392619206358,2.5029437290469,-7.66740577835241,5.16446205045728
1.004,706.951251677131,1715.11691865843,49.9943742606885,49.9945406132883,1149.64146920776,659.707106642883,326.253739930328,326.532661660426,306.692413747044,-249.522910702063,-57.1695030488654,4.70357412179157,-7.99707811408177,3.29350399316146
1.005,713.867358254262,1718.64897084608,49.9943192240611,49.994529370417,1154.64213834167,660.391622042596,326.252239729588,326.532593208886,326.356609379016,-172.665913781999,-153.690695635661,6.51048597754002,-7.50531511617816,0.994829138970789
1.006,720.942075638585,1721.9164294003,49.994262925249,49.9945189697734,1159.96141895203,661.494874505504,326.250643945405,326.53248288364,313.024753971778,-78.3092168266392,-234.715537218728,7.72212077127057,-6.25242199156661,-1.46969878010235
1.007,728.044303981132,1724.85459021074,49.9942064075116,49.9945096173171,1164.72529831675,663.556889112514,326.249214781595,326.532276682179,270.176290044115,22.9002245722045,-293.07651472127,8.20718220614497,-4.37316093633906,-3.8340212710414
1.008,734.958699062011,1727.66589100463,49.9941513845038,49.9945006686687,1170.13895773201,665.176866132556,326.247590683771,326.532114684477,200.244077187488,122.355019566815,-322.599096883895,7.90804218188698,-2.05527837092195,-5.85276381305039
1.009,741.456378553477,1730.61310224441,49.9940996776133,49.994491287404,1175.7398549354,666.707579888667,326.24591041461,326.531961613102,110.54175093693,210.076255394814,-320.618006476636,6.84767411125246,0.47386440881737,-7.32153852292553
1.01,747.476300535646,1733.72600197193,49.9940517725963,49.9944813787364,1180.71015359984,668.775472421518,326.24441932501,326.531754823848,10.6639923945894,276.62857095353,-287.292563497673,5.12465376386427,2.9572108891556,-8.08186465648561
1.011,753.190543826236,1736.95091680407,49.994006300093,49.9944711135137,1185.56732464429,670.886153612972,326.242962173697,326.531543755729,-90.2867703484305,316.507451129133,-226.220680923658,2.90709294417328,5.15650913232721,-8.06360208035285
1.012,759.238151986926,1739.68633633848,49.9939581747564,49.9944624064028,1189.91967071407,673.429831466671,326.241656469876,326.531289387944,-183.192026750182,325.689388493082,-142.497361868844,0.405412820509658,6.85536572235572,-7.26077854684124
1.013,765.3637677828,1742.15912050221,49.9939094286547,49.9944545352864,1194.65829891377,675.435573603339,326.240234881416,326.53108881373,-257.022729250075,302.206801683385,-45.1840725332794,-2.12976112357215,7.87964256942354,-5.74988144967313
1.014,771.034535970562,1744.9875268453,49.9938643021153,49.9944455321894,1199.22837810712,677.508549310633,326.238863857658,326.530881516159,-306.244638957559,249.587070763179,56.6575681266211,-4.45674288067167,8.13728158212521,-3.68053870485733
1.015,776.900965418376,1747.51220912261,49.993817618553,49.9944374958761,1203.78003986021,679.517102111526,326.237498359132,326.530680660879,-325.89544742412,172.613983249276,153.281464142275,-6.34785089628499,7.5986842989406,-1.25083340541932
1.016,783.323255110241,1749.36511585039,49.9937665115955,49.9944315978908,1207.93066721524,681.843547021464,326.236253170926,326.530448016388,-312.622121439727,78.2835326893542,234.338588751416,-7.61546174805886,6.31448620394978,1.30097554213791
1.017,789.78986134033,1751.05360933678,49.9937150519782,49.9944262232491,1212.24018831986,683.866544099088,326.234960314594,326.53024571668,-270.125854345547,-23.3462500868346,293.472104463024,-8.1356397079343,4.41510888342745,3.72053082339683
1.018,795.380302873124,1753.56444304472,49.993670564658,49.9944182310172,1216.93457872484,685.448689428412,326.233551997473,326.530087502148,-200.65370233426,-122.569376512323,323.22307889986,-7.86325815051332,2.08440523347583,5.77885291677249
1.019,801.287254565475,1755.64396150308,49.99362355863,49.9944116117044,1221.68914436759,686.932169512835,326.23212562778,326.529939154139,-111.270065288779,-209.929742511902,321.199807867735,-6.81835781565378,-0.454174149843658,7.27253196598131
1.02,806.969125413033,1757.83191359158,49.9935783437384,49.9944046472365,1226.63042964594,688.101133661225,326.230643242197,326.529822257724,-11.7081128749236,-276.531908428946,288.240021374522,-5.10600856233208,-2.9446622454822,8.05067080887999
1.021,812.453498801767,1760.13902206819,49.9935347004817,49.9943973034822,1231.48603052959,689.271731709522,326.229186561931,326.529705197919,89.6337790863677,-315.762505918094,226.128726895347,-2.89671640896837,-5.14660332767449,8.04331973806836
1.022,817.72467587463,1762.57416714178,49.9934927537873,49.9943895521747,1236.50399069238,690.249004063292,326.227681173883,326.529607470684,182.434488220904,-324.796185312414,142.361697138041,-0.400537329516347,-6.84802429233593,7.24856162338116
1.023,822.516150215692,1765.34830561088,49.993454624446,49.9943807218177,1241.58614495875,691.059632560248,326.226156527603,326.529526407834,256.834304403884,-301.779410753644,44.9451063702484,2.13301677811014,-7.87522944751977,5.74221267076969
1.024,826.62350451239,1768.74172625978,49.9934219391591,49.9943699202243,1245.97282247809,692.478366165203,326.224840524347,326.529384534474,306.339197645995,-249.845582368014,-56.4936152897117,4.45787629075843,-8.13466910352018,3.67679281369307
1.025,830.866063037249,1771.92009596074,49.993388177951,49.9943598031593,1250.23942864059,693.974607584756,326.223560542498,326.529234910332,326.397811805172,-173.1450999662,-153.252711885345,6.34814877797116,-7.59848202197406,1.25033324428939
1.026,835.02431967571,1775.07331502871,49.9933550875961,49.9943497661513,1254.1008872911,695.802435637732,326.222402104903,326.529052127527,313.298282313367,-79.0694137261372,-234.228868667977,7.61525891518819,-6.3165430835577,-1.29871583213775
1.027,838.802669098017,1778.50298840767,49.9933250204467,49.9943388491618,1257.70496196056,697.792770425258,326.221320882502,326.528853094048,270.11983516142,23.001218995446,-293.121054268215,8.13702703964576,-4.41791272376852,-3.71911431725883
1.028,842.682284294408,1781.744707724,49.9932941474499,49.9943285304488,1261.32173865232,699.725097287413,326.220235849495,326.528659861362,200.742935494776,122.079015239588,-322.82195086866,7.86337621048025,-2.08587592718956,-5.77750028553386
1.029,846.830455257374,1784.66198820384,49.9932611373543,49.9943192444566,1264.54118511168,701.998996097934,326.219270015557,326.528432471481,111.165638040237,209.359396464806,-320.525034652391,6.8204490222992,0.451120865576042,-7.27156989087573
1.03,851.125537150423,1787.29384177275,49.9932269581785,49.9943108670065,1267.96599491267,703.952269485955,326.218242572617,326.528237144142,11.29862534467,276.259011300152,-287.557636794202,5.10943087816831,2.94050678617911,-8.04993766792226
1.031,855.724301472635,1789.56111152161,49.9931903623748,49.9943036500627,1271.12929279084,706.12274561407,326.217293583253,326.528020096529,-90.1972027753981,316.346178275892,-226.148975640972,2.89853620952888,5.14484601723568,-8.04338223067545
1.032,860.325339249149,1791.75787416436,49.9931537484796,49.9942966575501,1273.85060551768,708.674146154878,326.216477189435,326.527764956475,-182.495925363354,325.49058254161,-142.994657299878,0.403753851199561,6.84655207642548,-7.25030593160466
1.033,865.476572124319,1793.27265599967,49.9931127562708,49.9942918358497,1276.94457175184,710.772003649278,326.215548999565,326.527555170725,-256.457225502896,302.111075600337,-45.6538501923084,-2.12907489885452,7.87443194771056,-5.74535705263078
1.034,870.630837551304,1794.74526833009,49.9930717399298,49.9942871483791,1280.58799674616,712.25336189199,326.214455972067,326.527407034901,-305.813859489099,249.69058786294,56.1232715629526,-4.45420447333911,8.13533297880252,-3.68112850878691
1.035,874.976157430417,1796.92532821645,49.9930371609729,49.994280209033,1284.42003955129,713.505626604262,326.213306359225,326.52728180843,-325.882688267047,172.891916991395,152.990771246042,-6.34494641156999,7.59876516920264,-1.25381876030571
1.036,878.993401864945,1799.36113672973,49.9930051927574,49.9942724556136,1288.79491252623,714.160457957378,326.211993897332,326.527216325295,-312.979624887943,78.3940475547077,234.585577335363,-7.61402306449315,6.31827021671055,1.29575284589029
1.037,882.793083345809,1801.90621843474,49.9929749558529,49.994264354367,1292.67383114216,715.202556652262,326.210830221748,326.527112115425,-270.123084261797,-23.1607736127826,293.28385790392,-8.13600776227974,4.41985688357598,3.71615087764234
1.038,886.326574201985,1804.66948859554,49.9929468372261,49.9942555586049,1296.66126397828,716.098990265333,326.209633991897,326.527022472064,-200.704566379806,-122.51803896894,323.222605398194,-7.86498507828011,2.08976845978296,5.77521661823548
1.039,890.035945303514,1807.19120891479,49.9929173189888,49.9942475317198,1300.33922589488,717.263132416533,326.208530603322,326.526906057849,-111.554776411359,-209.69872747474,321.253503946543,-6.82266324443225,-0.447153954098098,7.26981719895924
1.04,893.207106530677,1810.12681257272,49.9928920836895,49.9942381874031,1303.79906078642,718.562038442173,326.207492652854,326.526776167246,-11.7056315278828,-276.488991683397,288.194623272778,-5.11169343742962,-2.93774121258993,8.04943465096456
1.041,896.324229688872,1813.06284692522,49.9928672784116,49.9942288417155,1307.17052856472,719.89071185018,326.206481212521,326.526643299905,89.7928667622966,-316.181396989868,226.388530279877,-2.90142558679231,-5.14244158597919,8.04386717400809
1.042,899.496370010306,1815.89474748411,49.992842035321,49.9942198274961,1310.3922479757,721.323384656701,326.205514696698,326.526500032625,182.23998597173,-324.966620866025,142.726634927867,-0.407504729534778,-6.84462974620901,7.25213447702002
1.043,902.289178393676,1818.99205257541,49.992819810858,49.9942099684678,1313.75200827462,722.549322722834,326.204506768608,326.526377438818,256.678642761333,-301.965967749622,45.2873249947523,2.12610467145585,-7.87384786623781,5.74774319583268
1.044,905.095137392825,1822.00423577037,49.9927974817458,49.9942003803909,1316.40518530469,724.421358820102,326.203710815499,326.526190235208,306.476404130422,-249.641872165003,-56.8345319910574,4.45238506725857,-8.13516601427185,3.68278094759355
1.045,908.362355221365,1824.50449428182,49.9927714820524,49.9941924218208,1319.52967998386,725.775844045468,326.202773467095,326.526054786686,326.319930674893,-173.211910501492,-153.108020232431,6.34330703902369,-7.60034735097851,1.25704031187113
1.046,910.966474769517,1827.59329851127,49.9927507591275,49.9941825898516,1322.54221546839,727.199233781856,326.20186970645,326.525912447712,313.397995204427,-79.1003130663278,-234.297682228478,7.61338287821608,-6.3205058620079,-1.29287701707823
1.047,914.01520662989,1830.14003898368,49.9927264980902,49.9941744833249,1325.60417183384,728.479069996119,326.20095111954,326.525784464091,270.322726084458,22.5314789130527,-292.854205113869,8.13626101289718,-4.42321664342305,-3.71304437116887
1.048,916.951691929147,1832.75137425888,49.9927031302827,49.9941661711866,1328.71392366463,729.678403715029,326.200018193991,326.525664530719,200.806566490137,121.842818431002,-322.649385056087,7.86548132497851,-2.09315569085376,-5.77232563660004
1.049,919.461896665917,1835.73307057941,49.9926831547081,49.9941566801524,1331.81312873685,730.871187372726,326.199088432469,326.525545252353,111.13476634037,209.37838562069,-320.513152105405,6.823544374557,0.444632521548328,-7.26817689924099
1.05,921.692292830734,1838.88740932541,49.9926654057793,49.9941466395803,1334.49913470138,732.347095378291,326.19828263068,326.525397661553,11.4972603525565,276.233624365134,-287.730884861173,5.11516120874579,2.93312519143123,-8.0482864037895
1.051,923.618725297464,1842.29558007014,49.9926500757168,49.9941357910359,1337.61848002039,733.384585898474,326.197346827084,326.525293912501,-89.8096506104977,316.398274063921,-226.588623586106,2.90588486076541,5.13818496662723,-8.04406983125255
1.052,925.853361620585,1845.34277351195,49.992632293046,49.9941260915179,1340.48786667435,734.640852114701,326.196486011088,326.525168285879,-182.314738462927,325.690441682831,-143.375703332486,0.4097165124393,6.84233592092385,-7.25205243721718
1.053,927.675884155702,1848.71354103611,49.9926177898725,49.9941153620317,1343.03506722385,736.116344932088,326.195721850923,326.525020736597,-256.4358419516,302.314782775659,-45.8789409085717,-2.12209991065477,7.87231955534848,-5.75021964828154
1.054,929.363991671347,1852.15832443488,49.9926043563397,49.9941043969456,1345.34050085162,737.805605595319,326.195030220835,326.524851810531,-305.910901700645,249.868278867224,56.0426227817167,-4.44895200815576,8.13458095710202,-3.6856289520292
1.055,931.386149070864,1855.21651214574,49.9925882645224,49.9940946624317,1346.92630065846,740.175725218648,326.194554480893,326.524614798569,-325.722207310554,173.024746943914,152.697460349283,-6.34113664623948,7.60085681957881,-1.25972017572787
1.056,933.6874762065,1857.93139691822,49.9925699511429,49.9940860206851,1348.78903776618,742.228354903529,326.193995659761,326.5244095356,-312.979062268491,78.9791974254497,233.999864859273,-7.61185267069971,6.32228137540037,1.28957129373411
1.057,936.464268134371,1860.0918187415,49.9925478541349,49.9940791438489,1351.34043555289,743.508318069924,326.193230240424,326.524281539283,-270.01676967777,-23.1118811147028,293.128650837347,-8.13640401434415,4.42624426789266,3.71015974576241
1.058,938.885539705779,1862.57115977826,49.9925285862679,49.9940712518612,1353.98800002382,744.65095399164,326.192435971083,326.524167275691,-201.041555926692,-121.99293452293,323.034490515048,-7.86668790541936,2.09691846302561,5.76976944254593
1.059,940.828481245947,1865.4720555622,49.9925131248304,49.9940620180232,1356.68609870075,745.741647879364,326.19162654148,326.524058206302,-111.884639562156,-209.274912498061,321.159552135337,-6.82610354783985,-0.440221229921232,7.26632477862563
1.06,943.147448342776,1867.90038147651,49.9924946710766,49.9940542884217,1359.15212964381,746.965750766591,326.190886732197,326.523935796014,-12.0303691696377,-276.26364138636,288.294010629898,-5.11744456380718,-2.93107464923849,8.04851921442138
1.061,944.978513844579,1870.77441838398,49.9924800999203,49.9940451400781,1362.15807097377,747.608367079863,326.189984949798,326.523871534382,89.6322837412311,-315.743361334588,226.111077655491,-2.9096737639475,-5.13470979841767,8.04438356400366
1.062,946.513162485415,1873.90900957119,49.9924678875744,49.9940351623644,1364.87688033804,748.531724800062,326.189169306989,326.52377919861,182.205406312906,-325.011087743383,142.805681470629,-0.413872195815637,-6.84063082109585,7.25450301853956
1.063,947.845315736359,1877.14552778312,49.9924572866357,49.994024860207,1367.15069782425,749.809600760541,326.188487161743,326.523651411014,256.487494047113,-302.1157305853,45.6282365474804,2.11918238189075,-7.87155393032607,5.75237154976745
1.064,949.230679059961,1880.2980343664,49.9924462622647,49.9940148254669,1369.64353369253,750.839919661751,326.187739310983,326.523548379124,306.034131611369,-249.808899653934,-56.2252319839325,4.44509369554021,-8.13506386893347,3.68997017416907
1.065,949.981410811271,1884.01237918668,49.9924402881312,49.9940030023401,1372.44035347603,751.540914614577,326.186900265048,326.523478279629,326.172987853311,-173.377899949424,-152.795087967545,6.33749819117594,-7.60130189146045,1.26380370030091
1.066,951.005336171908,1887.42507065692,49.9924321399921,49.9939921394058,1374.75194489705,752.6733856718,326.186206787621,326.523365032523,313.412148333738,-79.6545190905177,-233.757629341521,7.61021576810565,-6.32510006719211,-1.28511570178458
1.067,952.277144915999,1890.48868643189,49.9924220192597,49.9939823876139,1377.17031251251,753.647596316211,326.185481277337,326.523267611459,270.586123346237,22.0124259515668,-292.59854942485,8.1357433505339,-4.42768462071553,-3.70805873161438
1.068,953.315007448603,1893.77947311919,49.9924137602121,49.9939719127145,1379.22390655864,754.931712615297,326.184865199123,326.523139199829,200.827902790558,121.812858980677,-322.640761918799,7.86741823908999,-2.10069192101141,-5.76672632074609
1.069,953.959710850606,1897.39985800819,49.9924086298254,49.9939603886715,1381.58762882626,755.90351383563,326.184156082442,326.523042019707,111.646284747818,209.073157738539,-320.719442644211,6.8277214075946,0.435981942465787,-7.26370335346358
1.07,954.777625265155,1900.77286775475,49.9924021210693,49.993949652048,1383.72531646426,757.025665610106,326.183514776151,326.522929804529,11.9316245655525,276.109800872242,-288.041425594279,5.12058070637435,2.92683987118984,-8.04742058149401
1.071,955.17550098996,1904.53332052425,49.9923989548749,49.9939376821551,1385.85256998082,758.130698530185,326.182876600096,326.522819301237,-89.5188050549985,316.15978925227,-226.640984340823,2.91263145663662,5.13288976810835,-8.04552122894098
1.072,955.993632151946,1907.82477795244,49.9923924443939,49.9939272051207,1387.55454732394,759.642385109019,326.182366006893,326.522668132579,-182.170788980257,325.444200695746,-143.273411835844,0.417535882901281,6.83797749003446,-7.25551337710863
1.073,956.924058361507,1910.91254837031,49.9923850402974,49.9939173764422,1389.15456084689,761.192228946392,326.181886002836,326.522513148196,-256.168942990011,302.476742945663,-46.3078000493944,-2.11651714830745,7.87043847933835,-5.75392133492064
1.074,958.096856273705,1913.72604793315,49.9923757074682,49.993908420795,1390.95526293147,762.48220950429,326.181345792211,326.52238415014,-305.66984623739,249.820915996587,55.8489301790837,-4.44193687548277,8.13405699450341,-3.69212012240661
1.075,958.791811921274,1916.99882518385,49.9923701771868,49.9938980032214,1393.183932931,763.335251154491,326.180677191211,326.522298845975,-325.726222669333,173.021651057761,152.704571584172,-6.33615427935566,7.60359113046841,-1.26743685380849
1.076,959.424604662481,1920.264503558,49.9923651415822,49.9938876082443,1395.10617158373,764.466657506063,326.180100519615,326.52218570534,-313.28420320691,78.8864549110189,234.397748301211,-7.6087919820625,6.32623088027379,1.28256109990883
1.077,960.047918854538,1923.48065876447,49.9923601814055,49.9938773709043,1396.69040926682,765.863136571551,326.17962524831,326.522046057433,-270.293274341897,-22.5095341501635,292.802808525476,-8.13562759840519,4.43146461285465,3.70416298453341
1.078,960.977998828929,1926.35695732823,49.9923527800642,49.9938682153616,1398.52792374439,766.97393837266,326.179073993967,326.521934977253,-201.1641608797,-121.960236517728,323.124397451129,-7.86818621386033,2.10387358511095,5.7643126285587
1.079,961.936511606022,1929.16974929604,49.9923451524619,49.9938592619667,1400.6347821829,767.818700642689,326.178441936436,326.521850501026,-111.975559440335,-209.233408578952,321.208968082808,-6.83037552487276,-0.432524379017944,7.26289990440328
1.08,962.788914037112,1932.0036319357,49.9923383692589,49.9938502414381,1403.09096567008,768.236084035298,326.177705081389,326.521808762687,-12.5063843522132,-275.979177170409,288.485561584358,-5.12265787428944,-2.92411415127483,8.04677202657876
1.081,963.486102399865,1934.97059704264,49.9923328212101,49.9938407972949,1405.44213079853,768.716009288402,326.176999731851,326.521760770162,89.0818586088828,-315.815102921911,226.733244361421,-2.91688304601485,-5.12914380184861,8.04602684912287
1.082,963.971002240245,1938.102376477,49.9923289624998,49.9938308285313,1408.17354388254,768.824444658344,326.176180307926,326.521749926625,181.844806384395,-325.19323266213,143.348426302429,-0.421403881796527,-6.83548110930408,7.25688499231909
1.083,964.204931115858,1941.42423834585,49.992327100953,49.9938202547166,1410.66022218616,769.104639871047,326.175434304435,326.521721907103,256.236739188104,-302.113322796392,45.8765835998446,2.11142275703838,-7.86917313109818,5.75775037494119
1.084,963.806220670479,1945.32247226562,49.9923302737899,49.9938078462526,1413.14836955525,769.348242253902,326.174687860224,326.521697546865,306.29795383393,-250.512459082077,-55.7854947980069,4.43835388724418,-8.13359773766252,3.69524385069535
1.085,963.211509536217,1949.42678088034,49.9923350063507,49.9937947818325,1415.06549434424,770.159816529458,326.174112722787,326.521616389437,326.21260463538,-173.765107074456,-152.447497646373,6.33432334611893,-7.60494316800277,1.27061982134724
1.086,962.752938462226,1953.33009389175,49.9923386555434,49.9937823572013,1417.09953235136,770.837142725895,326.173502511385,326.521548656818,313.429884283135,-79.4030252819772,-234.026859123166,7.60800169260942,-6.32852572649601,-1.27947596759404
1.087,961.929035555858,1957.55259022092,49.9923452119544,49.9937689165781,1418.44917860453,772.088084738809,326.173097617509,326.521423562617,270.65506973534,21.8784451842228,-292.533515071926,8.13617284254565,-4.43667750655491,-3.69949533845122
1.088,961.797794459539,1961.00614330925,49.9923462563378,49.9937579235772,1419.80647532682,773.349046117881,326.172690428492,326.521297466479,201.100477839571,121.507506954391,-322.607984967792,7.86773773554423,-2.10732675023506,-5.76041098868997
1.089,961.413758856961,1964.73146392849,49.9923493123961,49.9937460655134,1421.27361299228,774.500407846402,326.172250287193,326.521182330306,111.394941116933,209.257992388425,-320.652933689041,6.83118794626754,0.429834068632522,-7.26102201905102
1.09,960.952988583309,1968.41974637182,49.9923529790894,49.9937343253457,1422.40718703733,775.884399326481,326.171910214979,326.521043931158,12.0581929337109,275.834248680341,-287.892441795427,5.12540856023712,2.91931088161094,-8.0447194465407
1.091,960.507441274781,1972.10333711344,49.9923565246422,49.9937226001122,1423.49716080169,777.308553703537,326.17158322285,326.52090151572,-89.2781081888497,316.12863773344,-226.850529711525,2.91871270096214,5.12735549446667,-8.04606820038293
1.092,960.411049612525,1975.40457910021,49.9923572917027,49.9937120919326,1424.22913787869,779.088846898658,326.171363629727,326.520723486401,-181.749789455897,325.637789639403,-143.888000325026,0.424275607003876,6.83467485522864,-7.25895046714263
1.093,960.832869062335,1978.10834732382,49.9923539349702,49.993703485571,1425.19399195274,780.573326909037,326.171074173505,326.520575038399,-255.94805867825,302.634036979867,-46.6859784074442,-2.10949539893286,7.86882120594415,-5.75932581156003
1.094,960.886487496361,1981.16375212708,49.9923535082882,49.9936937599155,1426.89046599141,781.286329935961,326.170565231293,326.520503738097,-305.694169312098,250.335414934015,55.3587543140694,-4.43620275767207,8.13508996748164,-3.69888721369855
1.095,960.946786800649,1984.17794770155,49.9923530284416,49.993684165433,1428.5225828349,782.050498737309,326.17007559624,326.520427321217,-325.845456395213,173.412561704586,152.432894670103,-6.33129291146457,7.60605597927346,-1.27476307080376
1.096,960.974611287288,1987.19113246146,49.9923528070214,49.993674574168,1430.32402824334,782.629620695948,326.169535162617,326.520369409021,-312.991226973303,79.2417391537059,233.749487838906,-7.60543563225857,6.33138246688073,1.27405316342092
1.097,960.793565692258,1990.35462385294,49.9923542477365,49.9936645044622,1432.09092896654,783.18454873719,326.1690050924,326.520313916217,-270.478480125593,-22.282426852908,292.760907028884,-8.13511386218613,4.43821436105813,3.69689950022843
1.098,960.808743488043,1993.29532305229,49.9923541269554,49.9936551439259,1433.84649255729,783.727387391938,326.168478423323,326.520259632351,-201.517612179391,-121.356463042216,322.87407529238,-7.86915298260728,2.11029050788561,5.75886247479191
1.099,960.747775507859,1996.28941006564,49.9923546121232,49.9936456134509,1435.60387030408,784.268602508081,326.167951209999,326.52020551084,-112.151225220322,-208.874471816017,321.025697115381,-6.83344497338084,-0.424957642997259,7.25840261723595
1.1,960.681678426004,1999.21011127041,49.992355138107,49.9936363165702,1437.87150119231,784.232757509084,326.167270920733,326.520209095339,-12.69061306917,-275.698654179368,288.389267322476,-5.12839570336116,-2.91604033945192,8.04443604420245
1.101,959.72509186492,2003.00726097156,49.992362750381,49.9936242298674,1440.06652721343,784.253900760291,326.166612412926,326.520206981014,88.9033794057895,-315.807877486365,226.904498136546,-2.92198760741507,-5.12337651635723,8.0453641253833
1.102,958.750015703072,2006.82330227925,49.9923705097906,49.9936120830306,1442.3836137969,784.149289239985,326.165917286951,326.520217442166,181.551143871419,-325.175059121005,143.62391527637,-0.428451067624639,-6.83254789818957,7.26099896731467
1.103,957.834712375657,2010.49025438038,49.992377793543,49.9936004107595,1444.43426778089,784.258988391112,326.165302090756,326.520206472251,256.09462316464,-302.270036952127,46.1754137761824,2.10514362565131,-7.86686274831901,5.76171912372893
1.104,956.280573443844,2014.80099076866,49.9923901609877,49.9935866892595,1446.51295472651,784.309559695804,326.164678484672,326.520201415121,306.091068714192,-250.553806658597,-55.5372621099141,4.43307142689314,-8.13614970740757,3.70307828084857
1.105,955.15951796249,2018.64529315607,49.9923990820637,49.9935744524649,1448.28200954487,784.66365193226,326.164147768227,326.520166005897,326.346497407513,-174.042902197539,-152.30359530737,6.32905112191802,-7.60813200310049,1.27908088057433
1.106,953.434486173614,2023.03882022314,49.9924128094306,49.9935604674339,1450.10045454897,784.968356206182,326.163602234726,326.52013553547,313.41175415069,-79.7110502594692,-233.700704026706,7.60397692736719,-6.33284829301871,-1.2711286360112
1.107,951.205719873592,2027.90180077996,49.9924305453892,49.993544988086,1451.51001231752,785.593276822838,326.163179367395,326.520073043408,270.490606950048,21.946042467472,-292.436649582969,8.13459394304375,-4.44135104942175,-3.69324289634282
1.108,949.423238294484,2032.29138344082,49.992444729927,49.9935310156105,1452.38201931355,786.756906968029,326.162917765296,326.519956680394,201.316939110814,120.972954519964,-322.289893815297,7.87047405022727,-2.11502043459043,-5.75545361931365
1.109,947.488498512699,2036.81170267768,49.992460126097,49.9935166269874,1453.07887063802,788.107222413128,326.162708709899,326.519821648849,111.807623512855,208.90659324211,-320.71421694564,6.83486774688928,0.422359926044099,-7.25722767737042
1.11,946.087695500303,2040.72665743411,49.9924712733331,49.9935041652994,1453.34457953185,789.790662596591,326.162628997231,326.519653304831,12.4576458879398,275.749591825998,-288.207237897762,5.13155866899733,2.91238122405375,-8.04393989798017
1.111,944.961740269458,2044.35774442574,49.9924802334002,49.9934926071905,1453.18847072328,791.915513096124,326.162675829873,326.519440819781,-89.0010109433796,316.045674916987,-227.044664138074,2.92506109531388,5.12159101751119,-8.04665211793274
1.112,944.774175891954,2047.04919484339,49.9924817259901,49.9934840400378,1453.12683591221,793.924198042316,326.162694320317,326.519239951286,-181.835013470349,325.39752563379,-143.562512298025,0.43234806644498,6.83071799427772,-7.26306606567923
1.113,944.897775870499,2049.33926398043,49.9924807424127,49.9934767505213,1453.52469784448,795.436166744373,326.162574961737,326.519088754416,-255.94111665904,302.611569934904,-46.6704533731097,-2.1016879808529,7.86653347398042,-5.76484549762001
1.114,944.727323067353,2051.91834230267,49.992482098833,49.99346854106,1454.31377373536,796.515578353309,326.16233823897,326.518980813255,-305.454496243764,250.258400993142,55.196095194864,-4.42990943325392,8.13518160897957,-3.70527217948718
1.115,944.976157603404,2054.06647693637,49.9924801186707,49.9934617033351,1455.52203916216,797.180452475322,326.161975759342,326.518914325843,-325.868790644776,173.556447615376,152.312343014949,-6.32670069563979,7.60886161408745,-1.28216092128217
1.116,944.694232681276,2056.70278302489,49.9924823621579,49.9934533117122,1457.08234741852,797.471942625439,326.161507666865,326.518885176828,-312.947486747925,79.4401173322157,233.50736943866,-7.60252074219406,6.33536360100283,1.26715713938959
1.117,944.606603673798,2059.10621560641,49.9924830594874,49.9934456613487,1458.40218604004,797.942938815532,326.161111715278,326.518838077209,-270.615832571331,-22.1868190397206,292.802651663608,-8.13441513346385,4.44451334026094,3.68990179243935
1.118,943.655231085905,2062.36572860597,49.9924906302699,49.9934352859966,1460.26774564146,797.880026386371,326.160552047398,326.518844368452,-201.450054117269,-121.420644412428,322.870698601063,-7.87136730831231,2.11744728572619,5.75392002276179
1.119,942.709598140462,2065.58467790347,49.9924981553778,49.9934250397627,1461.9391163293,798.010238183143,326.160050636192,326.518831347272,-112.552571896328,-208.709306333768,321.261878308099,-6.83644203271352,-0.419133538895635,7.25557557253362
1.12,942.021290460343,2068.50688564433,49.9925036327563,49.9934157380866,1463.45225929394,798.21749817953,326.159596693302,326.518810621272,-13.3105567007463,-275.572276799901,288.882833574074,-5.13481471159947,-2.90988185677555,8.04469656979918
1.121,940.909353145755,2071.82801307205,49.9925124812723,49.9934051666097,1465.73316946502,797.665868159235,326.158912420251,326.518865784274,88.575881284817,-315.690660791974,227.114779563953,-2.92980328259966,-5.11742038032848,8.04722366456218
1.122,939.587780200486,2075.36795409096,49.9925229980156,49.9933938986274,1468.01073509653,797.123910485034,326.158229150561,326.518919980042,181.532468747216,-325.089955218261,143.557486501479,-0.435959248610262,-6.82837835934646,7.26433760949116
1.123,937.468954834876,2079.62587498063,49.9925398590921,49.9933803452443,1469.96829380274,796.845428843402,326.15764188295,326.518947828206,255.843628873425,-302.378859643511,46.5352307675039,2.09781371132536,-7.8654322623339,5.76761855215572
1.124,935.614914969504,2083.59630733961,49.9925546130726,49.9933677069656,1471.81830884125,796.660095759029,326.157086878438,326.518966361514,305.913803974005,-250.400838785331,-55.5129652289006,4.42654647009369,-8.13426164504609,3.70771517546204
1.125,933.270140568616,2088.06198001389,49.9925732721944,49.993353492288,1473.1838096149,796.945389798443,326.156677228206,326.518937832111,326.273054893852,-174.105574215289,-152.167480757618,6.32406371019966,-7.60969175381281,1.2856280432916
1.126,931.260436689255,2092.15697008046,49.9925892649098,49.9933404575297,1474.70182559815,797.08232053589,326.156221823411,326.518924139037,313.5476475638,-79.7777822602929,-233.769865418138,7.60151947993461,-6.33772210728998,-1.26379737391309
1.127,929.248622412539,2096.23023205273,49.9926052744191,49.9933274919342,1475.64871105275,797.719591769459,326.155937757775,326.518860411913,270.867026964465,21.3919897082589,-292.259016816199,8.13543139817275,-4.44805838322903,-3.68737301717878
1.128,927.161001013781,2100.33273173146,49.9926218871823,49.9933144332721,1476.45049937247,798.512714202649,326.155697221279,326.51878109967,201.42425264714,120.829032817635,-322.253285627554,7.87150278998394,-2.12095321906822,-5.75054957404185
1.129,925.177890735918,2104.33435497207,49.9926376682725,49.9933016957098,1476.78503877122,799.764245396834,326.155596859459,326.518655946551,112.376101128924,208.38582097418,-320.761922274116,6.83946208425622,0.414420941203805,-7.25388302931473
1.13,923.416788328746,2108.04340422938,49.9926516826802,49.9932898894393,1476.78227192924,801.290153668634,326.155597689512,326.518503355724,12.4604029962986,275.886292193995,-288.346695356748,5.13670727052654,2.90585598679758,-8.04256326167303
1.131,921.681173274171,2111.71170482371,49.9926654942659,49.9932782128758,1476.5580247411,803.036128387034,326.155664963668,326.518328758252,-88.9491015523922,316.112236078329,-227.163134675779,2.93217948585355,5.11443229829719,-8.04661178870602
1.132,919.851331788563,2115.4945421678,49.9926800556818,49.9932661717306,1476.52044332716,804.598012909805,326.155676238092,326.518172569799,-181.50851264799,325.770063531266,-144.261551006173,0.439964166752042,6.82609829333782,-7.26606246454313
1.133,919.217487420799,2118.00659711054,49.992685099655,49.9932581756114,1476.59073252878,806.017601150631,326.155655151332,326.518030610975,-256.043338187531,302.96900605481,-46.9256679556405,-2.09431934259147,7.86460334535214,-5.77028400681326
1.134,918.3711904016,2120.72253596967,49.9926918342727,49.9932495305095,1477.24349848209,806.830014014018,326.155459321546,326.517949369689,-305.267356551267,250.363300934911,54.9040555673745,-4.42353342810386,8.13489842212446,-3.71136499740823
1.135,917.873423673023,2123.08016670991,49.9926957953745,49.9932420259378,1477.9976894722,807.524523879431,326.155233064249,326.517879918702,-325.572700471458,173.931973746644,151.640726715662,-6.32148607465127,7.61111272269468,-1.28962665056646
1.136,917.054870640908,2125.7481631779,49.9927023092125,49.9932335334412,1479.33982677702,807.643280171037,326.154830423057,326.517868043073,-313.286665683754,80.0959781916293,233.190687520115,-7.60043336413202,6.34043894655517,1.25999441603632
1.137,916.098556176285,2128.49854686442,49.9927099193213,49.9932247786981,1480.98054035527,807.396892892998,326.154338208984,326.517892681801,-270.902019322225,-21.5119619024901,292.413981282476,-8.13406604434299,4.45016859833057,3.68389744547576
1.138,915.386502079559,2131.00049965947,49.9927155856677,49.993216814735,1481.94520544376,807.819133144981,326.154048809457,326.517850457776,-201.827930815332,-121.131470962477,322.959401855073,-7.8733591589666,2.12484334756569,5.74851581178634
1.139,914.587078575866,2133.57619488603,49.9927219472778,49.9932086160424,1482.87665324131,808.294084900473,326.153769375118,326.5178029626,-112.780221967013,-208.643646940614,321.423868992848,-6.84080393438277,-0.410949768879395,7.2517537043968
1.14,913.770471593388,2136.11933663354,49.9927284456297,49.9932005209708,1483.50041166289,809.020116502451,326.153582247592,326.51773035944,-13.1779491550226,-275.49035396633,288.668303202143,-5.13894170369989,-2.90365381188069,8.04259551722195
1.141,912.655436083617,2138.962005679,49.9927373188004,49.9931914724742,1484.45218800027,809.40186356621,326.15329671469,326.517692184734,87.9895894779625,-315.329254403695,227.339664990334,-2.93650191224747,-5.11245705386909,8.04895896797587
1.142,911.661379604266,2141.67543223475,49.9927452292505,49.9931828353692,1485.60973706105,809.595936028894,326.152949449972,326.517672777488,181.010323309714,-325.030922580335,144.020599308728,-0.444036164251274,-6.82358365168343,7.2676198177017
1.143,910.128424133213,2144.86365138432,49.9927574281225,49.9931726869525,1487.26700937056,809.25467736904,326.152452268279,326.517706903353,255.659215862687,-302.23373437959,46.5745185212443,2.09037184736296,-7.86231362707086,5.77194178108568
1.144,907.908550524197,2148.73777908633,49.9927750933154,49.993160355221,1488.539039289,809.2581432494,326.152070659304,326.517706556765,305.912258546358,-250.590419344906,-55.321839235064,4.41990679031852,-8.13529380342911,3.71538701384406
1.145,905.367617789986,2152.92162414041,49.9927953134157,49.9931470376286,1489.50607064572,809.585958784293,326.151780549897,326.517673775212,326.315842206451,-174.352083945906,-151.963758332738,6.31876527194535,-7.61209879943327,1.29333352738535
1.146,903.680622184763,2156.21974254634,49.9928087381002,49.9931365393916,1489.91451327446,810.471588632184,326.151658017108,326.517585212227,313.478478454264,-80.2452392918539,-233.233239268756,7.5988650889213,-6.34198045955644,-1.25688463040827
1.147,902.494444177469,2158.99250448979,49.9928181774048,49.9931277134162,1490.45970196078,811.141869881076,326.151494460502,326.517518184102,271.239042784796,20.7523145997838,-291.991357517966,8.13374622513652,-4.45347193050881,-3.6802742966175
1.148,901.021897918865,2162.04077374588,49.9928298955556,49.9931180104738,1490.91572804809,811.924396909383,326.151357652676,326.517439931399,201.902371292485,120.455044124558,-322.357415567599,7.87397249532381,-2.12844911987268,-5.74552337829798
1.149,899.648260836085,2164.98666948849,49.9928408266122,49.9931086333965,1491.37359578043,812.716722520233,326.151220292356,326.517360698838,112.611653172105,208.112236669751,-320.723889999723,6.84262112222087,0.407739884586924,-7.25036101033915
1.15,898.258620330484,2167.88907781436,49.99285188502,49.9930993947438,1491.69310985785,813.565621698072,326.151124438133,326.517275808921,12.9792414666113,275.545357315904,-288.524598937641,5.14311013754353,2.89819587446941,-8.04130601602191
1.151,896.925306822124,2170.75108730559,49.9928624951918,49.9930902846847,1491.91482029961,814.545029037538,326.151057925,326.517177868187,-88.5085890864067,315.842858181638,-227.334269236485,2.93949238601093,5.1097930694509,-8.04928545969153
1.152,895.753474848987,2173.4417745598,49.9928718203343,49.9930817199611,1492.16843179094,815.470691902598,326.150981841553,326.5170853019,-181.407424365293,325.674036421294,-144.266612173667,0.447676235063923,6.82162187534154,-7.26929811457467
1.153,895.038256932559,2175.60581028938,49.9928775118576,49.9930748316215,1492.80570081848,815.996819569387,326.150790660845,326.517032689133,-255.329398151823,302.644874104599,-47.3154760397919,-2.08647676400372,7.86180733047503,-5.77533057030596
1.154,893.653677308923,2178.44892464629,49.9928885299922,49.9930657817074,1493.61004593485,816.327366220813,326.15054935731,326.516999634468,-305.246807257298,250.855273978127,54.3915332272214,-4.41721491618659,8.13563287867312,-3.71841796574405
1.155,892.607657549267,2180.93581128219,49.992896853953,49.9930578657014,1494.55246266847,816.529440817655,326.15026663229,326.516979427009,-325.786943620906,174.192021066888,151.594922538094,-6.31690447056805,7.61274491010072,-1.29584044202597
1.156,891.578500876504,2183.40516561468,49.9929050437216,49.9930500055024,1495.6801060205,816.543218942081,326.149928339284,326.516978049196,-313.27860246421,80.2464000980605,233.03220238393,-7.59828564998599,6.34454044295207,1.25374520541855
1.157,890.910726362875,2185.47387456958,49.9929103577023,49.9930434205973,1497.01539764024,816.269635891695,326.149527751798,326.517005407501,-271.121224912633,-21.3970565459278,292.518281503638,-8.13400954431755,4.45709648771384,3.676913055893
1.158,890.306106166005,2187.47695761766,49.9929151691169,49.9930370445859,1498.02055965101,816.358161016471,326.149226203195,326.516996554989,-201.827012544331,-120.844568095514,322.671580703291,-7.87523327707096,2.13234035802842,5.7428929191706
1.159,888.757894085504,2190.4140488605,49.9929274893972,49.9930276955341,1499.59860099321,815.888867861626,326.148752790792,326.517043484304,-113.024006758438,-208.481288717201,321.505295546517,-6.84508460440769,-0.403783540768593,7.24886814599189
1.16,887.059476269617,2193.44692529447,49.9929410049768,49.9930180415886,1500.91799283539,815.614107189331,326.14835697324,326.517070960371,-13.3719456710356,-275.449578504917,288.821524242755,-5.14510936605668,-2.8961179683725,8.04122733571105
1.161,884.687054753343,2197.17643907368,49.9929598841073,49.9930061701775,1502.00968055886,815.566240399609,326.148029466923,326.51707574705,87.9749998134958,-315.402627903404,227.427628141618,-2.94344170842951,-5.10606867126864,8.0495103811796
1.162,881.980324455624,2201.21350957336,49.9929814235827,49.992993319783,1502.37965431537,816.253996270548,326.147918474796,326.517006971463,180.803239060892,-325.242908048364,144.439669014566,-0.450883895903815,-6.81953688917678,7.27042078647526
1.163,880.085892875749,2204.37497949977,49.9929964989902,49.9929832565117,1502.11018211134,817.531047671185,326.147999316457,326.516879266323,255.275707921313,-302.581484137049,47.305776210948,2.08310767083534,-7.8603277611597,5.77722009135426
1.164,878.506479387813,2207.25395608023,49.9930090675634,49.9929740924446,1501.53993414983,819.106059264248,326.148170390845,326.516721765164,305.85452894585,-250.811961055827,-55.0425679308687,4.41482596111198,-8.13642072530631,3.72159476461509
1.165,876.710478473656,2210.31980938804,49.9930233596845,49.9929643335304,1500.96582830043,820.687563407126,326.1483426226,326.51656361475,326.140032361363,-174.77441393845,-151.36561850059,6.31456383687671,-7.6145810799501,1.30001724270051
1.166,875.919985312336,2212.35015872919,49.9930296502292,49.9929578707278,1500.34168377834,822.312008526442,326.148529865957,326.516401170238,313.743322125402,-80.5377238219913,-233.20559841541,7.59568740186956,-6.346373633354,-1.24931376979335
1.167,875.730413846719,2213.76002508013,49.993031158791,49.9929533829838,1499.82954327828,823.762110772267,326.148683508107,326.516256160013,271.557523047269,20.6829212486,-292.240444435944,8.13243845830519,-4.45948093607184,-3.67295752444189
1.168,875.777335097495,2214.9370283355,49.9930307854036,49.9929496364661,1500.27751004152,824.287191267396,326.148549118078,326.516203651964,202.078529650223,120.42427157314,-322.502801382632,7.87532432153142,-2.13462966530803,-5.74069465929608
1.169,875.51218314115,2216.44571398869,49.9930328954158,49.9929448341705,1501.08062121772,824.442230423789,326.148308184725,326.516188148048,112.879271114686,208.08030153462,-320.959572817335,6.84767732050857,0.399504981425508,-7.24718230572077
1.17,875.250049499561,2217.88366267546,49.993034981409,49.9929402570377,1501.81788628252,824.628561206257,326.148087005206,326.51616951497,13.2541751180689,275.504706834779,-288.758882118093,5.14799838423208,2.89345595056689,-8.04145433908365
1.171,875.037529414267,2219.26376545889,49.9930366725901,49.9929358640341,1502.52015809332,824.839648359882,326.147876323662,326.516148406254,-88.3350196964735,315.829407908564,-227.494388363389,2.94652276871522,5.10316746877892,-8.04969024201187
1.172,874.755941317167,2220.72788373872,49.993038913397,49.9929312036008,1503.93697150307,824.357095469168,326.147451279639,326.516196661543,-180.926622941583,325.626687009272,-144.70006419513,0.453878202101145,6.81738989452635,-7.27126810109163
1.173,874.098528786018,2222.52459976094,49.9930441449197,49.9929254844761,1505.40357993215,823.781991385966,326.147011297111,326.516254171952,-255.173595853213,303.074874061357,-47.9012783046796,-2.08028264939291,7.86067119646063,-5.7803885511988
1.174,873.150991549384,2224.60191536001,49.9930516851815,49.9929188721752,1507.02895892332,823.03151752168,326.146523683413,326.516329219338,-305.321600823144,251.239439690253,54.0821610715293,-4.4108159708476,8.135472700438,-3.72465673314482
1.175,871.024705082259,2227.86820118408,49.9930686056316,49.9929084752645,1508.87000990939,822.085247343617,326.145971368118,326.516423846356,-325.456671502626,174.505513825199,150.95115765225,-6.31236207232326,7.61587831398776,-1.30351624445394
1.176,869.090864400266,2230.9223266097,49.9930839946467,49.9928987536813,1509.91159898938,821.927263694561,326.145658891394,326.516439644721,-313.167399693362,80.4401158077746,232.727283895466,-7.59467870560704,6.34922761272343,1.24545109098111
1.177,866.96461969999,2234.13205983464,49.9931009147645,49.9928885367831,1510.74600620884,821.921411221334,326.145408569228,326.516440229968,-271.341337066239,-20.9776644971869,292.319001602597,-8.13326616946544,4.46337878140835,3.66988738708457
1.178,865.210564818646,2236.96781765559,49.9931148730897,49.9928795102857,1510.6942257172,822.834590791654,326.145424103375,326.516348912011,-202.391251621679,-120.559430243036,322.950681924581,-7.87693202864021,2.13857601809144,5.73835601045421
1.179,863.675771828116,2239.5861117784,49.9931270865842,49.9928711759966,1511.04253800647,823.355571118155,326.145319609688,326.516296813979,-113.384014922989,-207.903985232857,321.288000225625,-6.84859316419562,-0.396719188335927,7.24531235317539
1.18,861.835204373777,2242.45207727152,49.9931417333547,49.9928620533451,1510.31423858835,824.880051959466,326.145538099514,326.516144365894,-13.8537836290877,-274.777793974212,288.631577671217,-5.14999975395002,-2.88924595896905,8.03924571408732
1.181,860.149184270536,2245.1851245112,49.9931551502763,49.9928533537856,1509.14127776931,826.860445357287,326.14588998776,326.515946326555,87.8503731857292,-315.416534087174,227.566160956452,-2.9501847255326,-5.10049702050166,8.05068174746373
1.182,859.196903539906,2247.17497902406,49.9931627282856,49.9928470198819,1508.5290763432,828.30802803591,326.146073648187,326.515801568287,180.419769430989,-324.989301345904,144.569531947373,-0.457687295706393,-6.81606744265044,7.27375473976273
1.183,858.827736747481,2248.52408174605,49.9931656660216,49.9928427255546,1508.17312396582,829.454324799547,326.146180433901,326.51568693861,255.328280475571,-302.488035404572,47.1597549315588,2.07661806805685,-7.85911590705091,5.7824978400985
1.184,858.668248950446,2249.69081902152,49.9931669351852,49.9928390117145,1508.21242854359,830.190046610468,326.146168642527,326.515613366429,305.84515282529,-251.277299882588,-54.5678529746312,4.40879282835683,-8.13666729537753,3.72787446757757
1.185,858.628151997607,2250.73517926782,49.9931672542666,49.9928356874126,1508.22523206143,830.958673318143,326.146164801472,326.515536503759,326.210239305978,-174.773179791086,-151.437059582129,6.31070404501765,-7.6174699758439,1.30676593064616
1.186,858.775171928483,2251.55177827644,49.9931660843191,49.9928330880972,1508.24519621431,831.713304077747,326.146158812226,326.515461040683,314.004897222555,-80.986402102342,-233.018495219638,7.59308674221486,-6.35116324570638,-1.24192349753581
1.187,858.624707143116,2252.65376179011,49.9931672816799,49.9928295803747,1508.3036891705,832.387228951248,326.146141264339,326.515393648195,271.365976479306,20.309925172875,-291.67590177755,8.13240997559177,-4.46455589574424,-3.66785408174318
1.188,858.802798366958,2253.4223711641,49.9931658644749,49.9928271338151,1508.60765926369,832.810471251667,326.146050073311,326.515351323965,202.129902882443,120.173684135547,-322.303587160689,7.87695562282704,-2.14215505777938,-5.73480056774463
1.189,858.523909231537,2254.67143191014,49.9931680838042,49.9928231579313,1509.36368344193,832.825135225155,326.145823266058,326.515349857568,113.073320929793,207.949919619357,-321.023240698454,6.85112745432656,0.392972447862686,-7.24409990553912
1.19,858.053746999096,2256.043350178,49.9931718252363,49.9928187909798,1510.44035060747,832.452226884285,326.145500265908,326.515387148402,13.6984136394051,274.986742582016,-288.685156366359,5.1535344421458,2.88543015881383,-8.03896460474609
1.191,857.184356075143,2257.82613235928,49.9931787436295,49.9928131162079,1511.36067193154,832.240423123139,326.145224169511,326.515408328778,-87.8860157738233,315.968501931268,-228.082486287435,2.95332183996683,5.09759222150533,-8.05091406543758
1.192,856.878206269613,2259.07212148393,49.9931811798922,49.9928091501013,1512.33033066942,832.00625263087,326.14493327189,326.515431745827,-180.62619366365,325.688545639112,-145.062352081441,0.461014927828419,6.81462793878854,-7.27564287048627
1.193,856.465884591169,2260.35217982397,49.9931844610439,49.9928050755491,1513.05393892373,831.966284608498,326.144716189413,326.51543574263,-255.017086736229,303.165750514948,-48.1486638540809,-2.07309019657151,7.85847740532974,-5.78538721226765
1.194,855.324159094274,2262.39279207969,49.9931935466067,49.9927985800785,1514.2237703015,831.49515351703,326.14436524,326.515482855739,-305.168072252722,251.14170854713,54.0263636646472,-4.40550251062723,8.13684386601974,-3.73134135831273
1.195,854.539252298132,2264.04379383185,49.9931997926965,49.9927933247767,1515.26377662003,831.146574227158,326.144053238104,326.515517713668,-325.724896355934,174.74046163277,150.984434717014,-6.30784543144963,7.61789997120762,-1.31005454191725
1.196,853.485845848342,2265.97656175507,49.9932081754387,49.9927871725853,1515.86031714396,831.241852063958,326.143874275947,326.515508185884,-313.130925576666,80.4958541093016,232.635071493917,-7.59235990471285,6.35339367907842,1.238966224338
1.197,852.312234159325,2267.98055645072,49.9932175147438,49.9927807936721,1516.62447681007,831.117719356555,326.143645028047,326.515520599155,-271.297957886068,-20.8441761271294,292.142134066553,-8.13233214807864,4.46859904549427,3.6637331021742
1.198,851.067685505959,2270.0628543569,49.9932274185473,49.992774165512,1517.12769968056,831.267714931629,326.143494061186,326.515505599597,-202.694970827832,-120.216730266215,322.911701165404,-7.87806667959896,2.14568182889417,5.73238485111562
1.199,849.758647259533,2272.23472290451,49.9932378355427,49.9927672522397,1517.40513658147,831.677154701056,326.143410830116,326.51546465562,-113.84279270353,-207.723338524086,321.566131307228,-6.8532626523651,-0.389498850874425,7.24276150432709
1.2,848.536688012193,2274.24001040288,49.9932475595854,49.9927608692113,1517.30877710669,832.397360618183,326.143439737958,326.515392635029,-13.8536598560843,-275.033333008887,288.886992942318,-5.15519932453662,-2.88317361472651,8.03837294082423
1.201,847.507709948197,2276.07370830546,49.9932557479327,49.9927550323696,1516.43020424971,833.896824051775,326.143703309815,326.515242688685,87.0931343082576,-315.061462857959,227.968328614207,-2.95574795563629,-5.09536649477855,8.05111445220121
1.202,846.912762409111,2277.48785167204,49.9932604823748,49.9927505310115,1515.61230235479,835.355698376,326.143948680384,326.515096801253,180.447080794278,-325.092912716849,144.645831965323,-0.464555656895118,-6.81208797191325,7.27664363055132
1.203,846.84443762919,2278.3155451004,49.9932610260861,49.9927478963815,1514.88093614271,836.700475928415,326.144168090248,326.514962323498,255.383749960826,-302.614552375257,47.2308024306032,2.0700309031386,-7.85743018348709,5.78739928180158
1.204,846.917457934595,2279.03398395786,49.9932604450089,49.9927456095196,1513.97366113216,838.195478290354,326.144440272751,326.514812823261,305.249317521465,-251.152425784167,-54.0968917523308,4.40205728025429,-8.13737237547083,3.73531509616568
1.205,847.266078659658,2279.44648159699,49.9932576707734,49.9927442964988,1513.69765788856,839.079509658702,326.144523073724,326.514724420125,326.153195861346,-175.360785628428,-150.792410280723,6.30489740281766,-7.61957630670461,1.31467890415813
1.206,847.543608656414,2279.93279056479,49.9932554622598,49.9927427485293,1513.51099750221,839.878000975022,326.14457907184,326.514644570993,313.895702116088,-81.0123426318352,-232.883359562124,7.5907658039649,-6.35588043045064,-1.23488537402681
1.207,848.328617831712,2279.88905028089,49.9932492153553,49.9927428877589,1513.47261032133,840.472348379386,326.144590587994,326.514585136252,271.539958655966,20.1255780942865,-291.66553685296,8.13288217693686,-4.47235218720416,-3.66052999105518
1.208,848.73563447874,2280.21196246209,49.9932459764197,49.9927418598975,1514.35889807434,840.170749332118,326.144324701668,326.514615296157,202.574315510647,119.574481890892,-322.148797521336,7.87821078767122,-2.14854414716206,-5.72966664258672
1.209,848.159886198068,2281.53802409761,49.993250558079,49.9927376389123,1515.11975603744,840.001646885654,326.144096444279,326.514632206402,113.452766399311,207.677277858317,-321.130044383937,6.8543434980288,0.38574317073604,-7.240086671464
1.21,848.197410031134,2282.19518406614,49.9932502594738,49.9927355471071,1515.76146433705,839.91501001434,326.143903931789,326.514640870089,13.7074659879189,274.939632403429,-288.647098513328,5.15801638175754,2.88034912396985,-8.03836550884126
1.211,848.34136124784,2282.75960310074,49.9932491139464,49.9927337505055,1516.90379953796,839.304540339838,326.143561231229,326.514701917056,-88.0161372103586,316.292049129782,-228.275912026699,2.95936924352347,5.09210738835135,-8.0514766351544
1.212,848.217078618711,2283.6217919384,49.9932501029561,49.9927310060732,1517.81588579058,838.965215059404,326.143287605353,326.514735849584,-180.509230472626,325.7850016706,-145.275771281805,0.467843608505958,6.81048140111424,-7.27832501280014
1.213,847.946315279867,2284.5579562758,49.9932522576223,49.9927280261696,1517.92180666777,839.393013040059,326.14325582909,326.514693069786,-255.068619011147,303.149028616116,-48.08040965837,-2.06698372862399,7.85622563973845,-5.78924191393555
1.214,847.626325337759,2285.58464802283,49.9932548040214,49.9927247581082,1518.40184739967,839.447704717288,326.14311181687,326.514687600619,-304.896314767373,251.021119799744,53.8751949483938,-4.40031611371579,8.13728496055299,-3.73696884907216
1.215,846.579644950387,2287.31608537236,49.9932631332393,49.992719246772,1519.00149712836,839.366033898986,326.142931921952,326.514695767701,-325.546560632445,174.939073838126,150.607486809699,-6.30283181767636,7.6215559059301,-1.31872408973151
1.216,845.507598920607,2289.06206643528,49.9932716643105,49.9927136891417,1519.62651567028,839.295847288472,326.142744416389,326.514702786362,-313.316873339599,80.5519133104985,232.764960076589,-7.58960238958851,6.35861981597938,1.23098257298874
1.217,844.335579815455,2290.85272521943,49.9932809909422,49.9927079892977,1519.48810154399,839.92385758699,326.142785940627,326.514639985332,-271.682080212091,-20.671703295825,292.3537835815,-8.13027577531288,4.47323078481159,3.65704499075729
1.218,843.993249146312,2291.86849777814,49.9932837151231,49.9927047559932,1518.86222989503,841.055818345111,326.142973702122,326.514526789256,-202.660456917145,-120.003454356298,322.66391136433,-7.88070334764396,2.15277247853178,5.727930870175
1.219,844.043113821023,2292.48314525636,49.9932833183126,49.9927027995096,1518.52715883629,841.921290938237,326.143074223439,326.514440241997,-113.808246237634,-207.739831890691,321.548078225834,-6.85683478797742,-0.38191573513563,7.23875052483201
1.22,843.585000287161,2293.55413581391,49.9932869638643,49.9926993904407,1518.26266467817,842.66644818928,326.143153571687,326.514365726271,-14.6451887782138,-274.53657502666,289.181763897698,-5.16172247244026,-2.87577801746616,8.03750049206301
1.221,843.140524695036,2294.62138629553,49.9932905008887,49.9926959932769,1517.93366038362,843.485400411009,326.143252272975,326.514283831049,87.0737753472255,-315.287150283384,228.213375013448,-2.96238353459275,-5.09002234671277,8.05240588363623
1.222,843.231180081293,2295.16746154316,49.993289779476,49.9926942550654,1517.67050698623,844.244647431217,326.143331218995,326.514207906347,179.981521653831,-325.195596176242,145.214074574833,-0.472313238508329,-6.80802563003091,7.280338870762
1.223,843.932310031714,2295.06834779963,49.9932842000612,49.9926945705543,1517.85559258388,844.543701006221,326.143275693315,326.51417800099,255.143152173896,-302.790896694112,47.6477445413372,2.06342635156997,-7.85588963313722,5.79246328341315
1.224,844.426477343846,2295.17130141322,49.9932802676027,49.9926942428428,1517.89332897528,844.957079530257,326.143264372398,326.514136663137,305.549104957295,-251.202219486312,-54.3468854850572,4.39593929106258,-8.13638609735581,3.74044680753075
1.225,845.140516519108,2295.05711323134,49.9932745854594,49.992694606315,1517.88032836413,845.438430077929,326.143268272581,326.514088528083,326.173489292133,-175.331480426781,-150.842008915005,6.3013067958633,-7.62215256183518,1.32084576642695
1.226,845.552953096203,2295.2361589441,49.9932713033934,49.9926940363948,1518.11238878538,845.690484558643,326.143198654455,326.514063322635,313.815844447434,-81.0774738145053,-232.738370715011,7.58817833967962,-6.35948486246849,-1.22869347763699
1.227,845.997872374333,2295.36606430284,49.9932677628383,49.9926936228932,1518.18615467167,846.049210732142,326.143176524689,326.514027450017,271.704109304111,19.8001039324437,-291.50421334464,8.13230147588123,-4.47604948413383,-3.65625199306546
1.228,846.649650428711,2295.29551779892,49.9932625761534,49.9926938474497,1518.42484500956,846.229730613119,326.143104917587,326.514009398029,202.597317842991,119.549810739913,-322.147128707936,7.88150753897576,-2.15688887674056,-5.72461866436849
1.229,846.826724564371,2295.7065475343,49.9932611670422,49.9926925391014,1519.0229271666,846.111012387498,326.14292549294,326.514021269852,113.606055279891,207.284525350206,-320.890580762777,6.85850644661984,0.378750674082519,-7.23725712349687
1.23,846.776620757129,2296.28681170205,49.9932615657556,49.9926906920632,1519.03813568353,846.505474954577,326.142920930385,326.513981823595,14.3102653426585,274.799411178053,-289.109676649713,5.16420843462579,2.87229207943562,-8.03650051731057
1.231,847.001096795139,2296.61966340907,49.993259779432,49.9926896325633,1519.23458222519,846.741000515362,326.142861996423,326.513958271039,-87.568384521737,315.611787658838,-228.043403251746,2.96572101170983,5.08720727358041,-8.05292828873804
1.232,846.695808782153,2297.49950308243,49.9932622088369,49.9926868319467,1519.78119419363,846.645496626515,326.142698012832,326.513967821428,-180.268036387446,325.775479954871,-145.507443658199,0.475158333509792,6.80620353518705,-7.28136187206597
1.233,846.344087029928,2298.3652057018,49.9932650077496,49.9926840763297,1519.91946436627,846.911173222532,326.142656531781,326.513941253768,-254.670065936314,303.258008805604,-48.5879429294938,-2.05960837022585,7.85440760755039,-5.79479924034569
1.234,845.557401312304,2299.68800067382,49.9932712679957,49.9926798657425,1519.70307513482,847.531633476442,326.14272144855,326.513879207743,-305.229092247228,251.674939891756,53.5541523298274,-4.39303502798707,8.13703187298547,-3.74399684743791
1.235,845.257688094115,2300.5248266206,49.9932736530377,49.9926772020428,1519.33647202971,848.321584541097,326.142831429481,326.513800212636,-325.458459054923,175.114104862723,150.344354201603,-6.29931979760134,7.62369329729419,-1.32437350137373
1.236,845.42277295678,2300.86547270778,49.9932723393341,49.9926761177326,1518.68180969254,849.404063829808,326.143027828183,326.513691964707,-313.586887674199,80.9402144370687,232.646673279688,-7.58662268472114,6.36140225456563,1.2252204293401
1.237,846.056699268217,2300.73538330047,49.9932672947088,49.99267653182,1518.11063274864,850.346481670867,326.143199181266,326.513597722923,-271.720912570306,-20.2196557449419,291.94056838472,-8.13161893257196,4.47954660892955,3.65207232371856
1.238,846.631414484682,2300.67322672552,49.9932627212704,49.9926767296706,1517.47001605218,851.360304472822,326.143391366275,326.513496340643,-202.953497102343,-119.835513157693,322.789010347816,-7.88263329622653,2.16020595420554,5.7224273429244
1.239,847.685691617706,2300.13024017301,49.9932543315995,49.9926784580504,1517.60492538998,851.656827022066,326.143350893473,326.513466688388,-114.093332094136,-207.494047652858,321.587379842447,-6.86028626914109,-0.375039535633124,7.2353258063585
1.24,848.470419670687,2299.80562404015,49.9932480869321,49.9926794913357,1517.69570921385,851.920231020479,326.143323658326,326.513440347988,-14.6530572311879,-274.411804475876,289.064861798971,-5.16644369414955,-2.86898963451345,8.03543333071377
1.241,849.161612681843,2299.62930298447,49.9932425865929,49.992680052583,1517.81057008154,852.170187038978,326.143289200066,326.513415352387,86.8516696281499,-315.346718206616,228.495048656151,-2.97027775511368,-5.08446640105465,8.05474415842623
1.242,849.701925727885,2299.58793148904,49.9932382869183,49.9926801842726,1518.06123391981,852.315642685705,326.143214000914,326.513400806822,180.105219773089,-325.229985478945,145.124765760287,-0.479597701534043,-6.80408327434608,7.28368097806762
1.243,850.702098954726,2299.03980554581,49.9932303277926,49.9926819290116,1518.31895966248,852.43553685305,326.143136683192,326.513388817405,254.786654020053,-302.941099322318,48.1544453264905,2.05682700356042,-7.85380349943204,5.796976497722
1.244,851.250017677501,2298.94030255535,49.993225967594,49.9926822457395,1518.459055457,852.644265743549,326.143094654453,326.513367944516,305.35119739723,-251.81096666072,-53.5402307464535,4.39025968102597,-8.13582671891911,3.74556703917347
1.245,851.518763289613,2299.16675314127,49.9932238289844,49.9926815249249,1519.32556550835,852.132618111641,326.142834701438,326.513419109279,326.048079593888,-175.509750871083,-150.538328767509,6.29670317955167,-7.62511231560431,1.32840913658602
1.246,851.655338229029,2299.47665158526,49.9932227421555,49.9926805384875,1519.65513132544,852.1777206983,326.142735831693,326.513414599021,314.056761939405,-82.0827465937384,-231.97401542251,7.5852158852172,-6.36383914400172,-1.22137674153091
1.247,851.912149704689,2299.65688544697,49.9932206985147,49.9926799647853,1519.69217546528,852.461950728413,326.142724718451,326.513386176018,271.857126430015,19.5193532139588,-291.376479748059,8.1304916199748,-4.48274002032494,-3.64775160084359
1.248,852.207223428678,2299.8136109199,49.9932183503926,49.9926794659126,1519.6351868952,852.867914076456,326.142741815022,326.513345579683,202.927048764011,119.025883603341,-321.952932490562,7.88252444301377,-2.1617379646301,-5.72078648040104
1.249,852.656750802654,2299.83198787285,49.9932147731675,49.992679407417,1519.69592710678,853.181323112225,326.142723592958,326.513314238779,113.980286694582,207.109973013804,-321.090259840653,6.86265188193372,0.372189279619616,-7.23484116425917
1.25,853.460289676376,2299.45770688867,49.9932083788083,49.9926805987904,1519.66217999026,853.544804104534,326.142733717093,326.51327789068,14.3268172337576,274.70518404831,-289.03200141252,5.16959164987799,2.8675715113015,-8.03716316437464
1.251,853.926609396221,2299.41254759893,49.9932046679538,49.9926807425368,1520.33659848048,853.178938829589,326.142531391546,326.513314477207,-87.0666831502061,315.681910027363,-228.615226995253,2.97390468855566,5.08057558592153,-8.05448027791448
1.252,854.031597470978,2299.76273938939,49.9932038324853,49.9926796278418,1521.25701064304,852.607312199362,326.142255267897,326.51337163987,-179.993686473898,325.621987283863,-145.628300905072,0.483349612513446,6.80172730812036,-7.28507692403984
1.253,853.995874431551,2300.20098836238,49.9932041167602,49.992678232852,1521.5233135395,852.674195232328,326.142175377029,326.513364951567,-254.75566857773,303.385035202581,-48.6293666893207,-2.05348968176705,7.85326319254215,-5.79977351386546
1.254,854.110439845969,2300.5054945605,49.9932032050776,49.9926772635786,1521.1354054509,853.372617070898,326.142291749455,326.513295109383,-304.515805189122,251.362348905948,53.1534562532458,-4.38748931742983,8.13721842144938,-3.74972910654893
1.255,853.667730251459,2301.35418380819,49.9932067280486,49.9926745621168,1520.7718694704,854.048274677345,326.142400810249,326.513227543623,-325.50515606604,175.443757354624,150.061398716368,-6.29389387932171,7.62566523918734,-1.3317713616508
1.256,853.85498290591,2301.56194232341,49.9932052379393,49.9926739008009,1519.90795161699,855.240748930095,326.142659985605,326.513108296197,-313.697035134887,81.3572831924572,232.339751979235,-7.5837236714931,6.36633828147902,1.21738538907847
1.257,854.391736350136,2301.42177943219,49.9932009665912,49.9926743469533,1518.67459438428,856.772224407366,326.143029992775,326.51295514865,-271.61202295299,-19.914963687192,291.526986702553,-8.13172367010374,4.48545424653751,3.64626942349772
1.258,855.173060390427,2301.02936273095,49.993194749012,49.9926755960544,1518.0331274729,857.712461801318,326.143222432849,326.51286112491,-203.095134891182,-119.634152685698,322.72928765618,-7.88358301897615,2.1660554275374,5.717527592167
1.259,855.992513218359,2300.61612571587,49.9931882280136,49.9926769114287,1518.01339777546,858.064873267888,326.143228351758,326.512825883764,-114.076073699342,-207.696066871065,321.772140656161,-6.86392467807063,-0.368362800765208,7.23228748021066
1.26,857.106529031572,2299.86487798785,49.9931793629574,49.9926793027245,1518.29451244898,858.060184614363,326.143144017356,326.512826352629,-14.9482038198,-274.807654929304,289.755858830226,-5.17250021508013,-2.86322892814877,8.03572914503374
1.261,858.383162169504,2298.97377556988,49.9931692038337,49.9926821391916,1518.44132841303,858.198185690759,326.143099972566,326.512812552521,86.6736901843686,-315.251311509137,228.577621390796,-2.9751680804962,-5.08004635610821,8.05521443858119
1.262,859.799124354283,2297.94413110433,49.9931579359647,49.9926854166517,1518.35108538206,858.579038881557,326.143127045476,326.512774467202,179.428049005379,-325.232087623866,145.804038660808,-0.486343945544182,-6.79982563460034,7.28616958202096
1.263,860.687652538259,2297.40383099843,49.993150865282,49.9926871364804,1518.28836345513,858.914949562559,326.143145862054,326.512740876134,254.459911451673,-302.849582189399,48.3896707487594,2.04850071420328,-7.85107092257562,5.80257020988364
1.264,861.523796215087,2296.92618728467,49.9931442114621,49.9926886568675,1518.33420104616,859.150413254835,326.143132110777,326.512717329765,305.33022131418,-251.519450891986,-53.8107704463914,4.38421752929318,-8.13637473880302,3.75215721041907
1.265,862.164937693052,2296.6628612775,49.9931391094203,49.9926894950602,1518.15263400044,859.600915826344,326.14318658089,326.512672279508,326.216128602189,-176.077463308786,-150.13866535299,6.29183339160846,-7.62747611155648,1.33564272007945
1.266,862.95489674177,2296.23410737471,49.9931328231259,49.9926908598263,1518.30186201707,859.763967563661,326.143141812485,326.512655974334,314.263241396394,-82.2718515388512,-231.991389948497,7.58374871161668,-6.36856818559625,-1.21518052676018
1.267,863.823492707885,2295.70599365557,49.9931259110588,49.9926925408645,1518.53626524575,859.769457637081,326.143071491517,326.512655425327,271.947760623253,19.2950373026911,-291.242798041292,8.13130076118205,-4.48915109810195,-3.64214966469187
1.268,864.678401758022,2295.18775348166,49.9931191079088,49.9926941904742,1518.85698024843,859.70575997867,326.142975277016,326.512661795093,203.290199582293,118.988038391483,-322.27823810438,7.88402101081528,-2.1695295580077,-5.7144914552032
1.269,865.233454576763,2295.00145034603,49.9931146909388,49.9926947834955,1518.83499817513,860.027236412173,326.142981871638,326.512629647449,114.150500035623,206.94837472289,-321.098874892843,6.86572869858598,0.365376084770751,-7.2311047863673
1.27,865.854520468001,2294.69118293411,49.9931097486535,49.9926957711073,1519.22144694341,859.874219868266,326.142865937007,326.512644949104,14.2974521046411,274.848313557779,-289.145765788179,5.17487591110541,2.85913684159213,-8.03401275607867
1.271,866.172075651289,2294.72429586277,49.9931072216296,49.9926956657056,1519.388513906,859.965519452315,326.142815816919,326.512635819145,-87.0162037996687,315.618923414134,-228.60271972159,2.97906949446401,5.07677002819259,-8.05583952612928
1.272,866.438193605545,2294.80802245421,49.9931051039302,49.9926953991956,1519.89443530167,859.729226404636,326.1426640405,326.51265944845,-179.757661173523,325.781094772841,-146.023433679833,0.490107163196116,6.79783783173511,-7.28794499821579
1.273,866.679143063315,2294.88271418525,49.9931031865153,49.9926951614444,1520.09202786841,859.769558534985,326.14260476273,326.512655415237,-254.256225006197,303.208107693907,-48.9518827360564,-2.04524955000675,7.85097575356158,-5.80572620639593
1.274,867.345547293081,2294.52478993091,49.993097883439,49.9926963007527,1519.81882787766,860.28677474298,326.142686722727,326.512603693616,-304.669056234334,251.806610590712,52.8624456298948,-4.3811674739102,8.13739898369887,-3.75623151197661
1.275,867.93983333901,2294.25897469932,49.9930931542609,49.9926971468689,1519.50731682784,860.85379811265,326.142780176042,326.512546991279,-325.623986194045,175.594760438842,150.029225775209,-6.28997574416339,7.62877598103122,-1.3388002382569
1.276,868.454731607166,2294.0600063087,49.9930890568307,49.9926977802049,1519.49400419799,861.119925248691,326.142784169831,326.512520378566,-313.647340605704,81.7434479060119,231.903892749488,-7.58163118721898,6.37119859445388,1.21043259224371
1.277,869.33248595134,2293.48153210133,49.9930820718835,49.9926996215455,1519.46007978002,861.377187968909,326.142794347156,326.512494652294,-272.073413342126,-19.5652327201308,291.638646134736,-8.13105437803422,4.49223241255353,3.63882196581015
1.278,870.181159116863,2292.93267318312,49.9930753183571,49.9927013686177,1519.47088455929,861.596526313999,326.142791105723,326.512472718459,-203.690696708821,-119.051929122602,322.742625917818,-7.88471288483953,2.17221204099826,5.71250084492377
1.279,870.794410420684,2292.63778803765,49.9930704382582,49.9927023072663,1519.29613430442,862.032244883755,326.142843530799,326.512429146602,-114.482177056093,-207.257916027354,321.740093175144,-6.86700129360905,-0.361496165008678,7.22849746029447
1.28,871.280016398113,2292.42256130637,49.9930665739287,49.9927029923543,1518.88100837724,862.647737077684,326.142968068577,326.512367597383,-15.1902915859567,-274.346835613561,289.537127287262,-5.17729967155528,-2.85569830383489,8.03299797746144
1.281,871.411554036961,2292.60909314179,49.9930655271854,49.992702398605,1518.49082867717,863.270560717525,326.143085122487,326.512305315019,86.2532631012556,-315.109807874059,228.856544847544,-2.98178557602854,-5.07488406638992,8.05666964465338
1.282,872.479011760268,2291.85686511841,49.9930570326267,49.9927047930211,1517.94080060465,864.046824130277,326.143250130909,326.512227688677,179.221372697297,-325.142327090492,145.920954447356,-0.494062989594085,-6.79678465711268,7.29084764886344
1.283,873.730047492913,2290.85792379966,49.9930470772007,49.9927079727501,1517.7002563415,864.520924436132,326.143322294188,326.512180278647,254.25452994633,-303.055174014719,48.8006440973838,2.04295604497524,-7.84986356423859,5.80690752111874
1.284,875.101896323345,2289.77721807232,49.9930361603746,49.9927114127433,1517.70570496537,864.713958258482,326.143320659601,326.512160975265,305.001948197929,-251.631650489164,-53.3702977078871,4.37810638012304,-8.13727346769508,3.75916708893982
1.285,876.259157927133,2288.89664174201,49.9930269511793,49.9927142157048,1517.56816199602,865.064605847621,326.143361922492,326.512125910506,326.162387781942,-175.895906639663,-150.266481169702,6.28688970610783,-7.6294794472443,1.34258974187862
1.286,877.244589102158,2288.19474240174,49.9930191093672,49.9927164499198,1517.82426251388,865.036824442916,326.143285092336,326.512128688646,314.035778290707,-82.2576646640809,-231.778113680356,7.5800727424682,-6.37339457345027,-1.20667816897906
1.287,877.741687911281,2287.96583692667,49.9930151535806,49.9927171785486,1518.04043034695,865.019926775084,326.143220241986,326.512130378413,272.26992121267,19.1546586874787,-291.424579974507,8.1309914255295,-4.49457434819908,-3.636417078006
1.288,878.550432791712,2287.4355485447,49.9930087177933,49.9927188665089,1518.3746766019,864.88445611959,326.14311996811,326.512143925478,203.345968241048,118.611529369935,-321.95749769826,7.88679335966098,-2.17648749808688,-5.71030586289739
1.289,878.828335488383,2287.43497460962,49.9930065063139,49.9927188683358,1519.10527715415,864.389900182091,326.142900787944,326.512193381072,114.150441512933,206.925867594247,-321.076309198809,6.86966539252671,0.357299062195991,-7.22696445656002
1.29,879.203320582971,2287.30018366408,49.9930035222773,49.9927192973887,1519.81844764238,863.862615563662,326.142686836798,326.512246109534,15.0655662457725,274.648945947586,-289.714512280378,5.18036411126954,2.85314511008791,-8.03350922352966
1.291,879.368333784427,2287.38426122428,49.993002209144,49.9927190297615,1519.9667622443,863.880756928366,326.142642342417,326.512244295398,-86.6153129018824,315.46311825948,-228.847805431113,2.98652151611087,5.06883888695584,-8.05536040535787
1.292,879.590387301453,2287.45284649124,49.9930004420982,49.9927188114478,1519.37061025791,864.697294594788,326.142821188013,326.512162641631,-179.535408647688,325.781839313796,-146.246430718853,0.497352528415304,6.79437664168737,-7.2917291722847
1.293,880.153631001165,2287.11494126357,49.9929959599473,49.9927198870336,1519.24606010217,865.022107132787,326.14285855306,326.512130160377,-254.189027599116,303.407561512765,-49.2185339413178,-2.0387172507283,7.84851569218748,-5.80979844332153
1.294,880.078130300203,2287.44114071655,49.9929965607628,49.9927188487085,1518.95559521468,865.493747874672,326.142945692526,326.512082996303,-304.983914205776,252.194520198726,52.7893940063491,-4.37592574926904,8.13745257606325,-3.76152682816413
1.295,880.201970410217,2287.57013408813,49.9929955752745,49.9927184381098,1518.05071919243,866.587889630947,326.143217155333,326.511973582127,-325.514231115516,175.847776161497,149.666454979525,-6.28568323907045,7.63113454260704,-1.34545130429555
1.296,881.187212283254,2286.8288789484,49.9929877349688,49.9927207975982,1517.12542017223,867.717394790405,326.143494745039,326.511860631611,-313.575204531529,81.9770961594448,231.598108420119,-7.57936323266057,6.37596064103773,1.20340259152784
1.297,882.17543997288,2286.08492091342,49.9929798709027,49.9927231656902,1517.14662169639,867.86709664785,326.143488384581,326.511845661426,-272.057730971265,-19.2584532601862,291.316184295644,-8.13129288122053,4.49839956269996,3.63289331906805
1.298,883.039190850076,2285.44716785212,49.9929729973916,49.9927251957212,1517.25513231591,867.935537091735,326.143455831396,326.511838817381,-203.808701986123,-118.949094487218,322.757796545951,-7.88684554357433,2.18004377224357,5.70680177243122
1.299,884.102329950566,2284.62856157398,49.9929645371995,49.9927278014259,1517.24155233819,868.154802907975,326.143459905389,326.5118168908,-115.067024940096,-206.778947736485,321.84597274862,-6.87106530629455,-0.354613681366129,7.2256789891642
1.3,885.61500901056,2283.33516778693,49.992952499682,49.9927319184262,1516.56019784127,868.981098003367,326.143664311738,326.51173426129,-15.5243351709613,-273.83358616342,289.35792139701,-5.18383784987241,-2.84923775927215,8.03307561085617
1.301,886.683347807855,2282.49593851662,49.992943998112,49.992734589776,1515.70016793865,870.00098670426,326.143922320709,326.51163227242,85.9776343238844,-315.149287099765,229.171652821278,-2.98987520897301,-5.06766706637034,8.05754227704601
1.302,888.006954886165,2281.4150306928,49.9929334651815,49.9927380304124,1515.61081208429,870.286884003623,326.143949127465,326.51160368269,179.224182134642,-325.237722828483,146.013540716026,-0.500692850555738,-6.79176407702547,7.29245692905661
1.303,889.447505171965,2280.16881541341,49.9929220016466,49.9927419972389,1515.84340450929,870.229315982839,326.143879349738,326.511609439492,254.339549511713,-303.205833915276,48.8662843983536,2.03612040811894,-7.84767976859855,5.8115593615308
1.304,890.450943752648,2279.38264213935,49.992914016536,49.9927444997061,1515.95688708876,870.256970384361,326.143845304964,326.511606674052,304.937664836516,-252.011092847597,-52.9265720227929,4.37221034299521,-8.13790652461376,3.76569618208807
1.305,891.839583719805,2278.22774134387,49.9929029660903,49.9927481758695,1516.07909361096,870.308036548721,326.143808643007,326.511601567435,326.112066337883,-176.367671065494,-149.744395333579,6.28370496275761,-7.63248477150319,1.34877980853236
1.306,893.304754973136,2276.99938121693,49.9928913066279,49.9927520858612,1516.44139086758,870.129669224604,326.14369995383,326.511619404168,314.241066828878,-82.5673335083739,-231.673733405768,7.57902266671872,-6.37890795892609,-1.2001147087317
1.307,894.703917180407,2275.79333205925,49.9928801724489,49.9927559248349,1517.05670070094,869.650214644027,326.14351536088,326.511667349626,272.251234896032,18.643480193198,-290.894715192475,8.13035659883343,-4.50130707851231,-3.62904952196186
1.308,895.300797245103,2275.41334458032,49.9928754226282,49.9927571343727,1517.98725731048,868.879341267585,326.143236193897,326.511744436964,203.894803509719,118.325757540101,-322.220561163084,7.8885586521422,-2.18330974726683,-5.70524890712521
1.309,895.690191070644,2275.25409399495,49.9928723239306,49.992757641283,1518.49457670318,868.555346872119,326.143083998079,326.511776836403,114.39085999171,206.679730665909,-321.070590771269,6.87420780077271,0.349914482125889,-7.22412228560289
1.31,896.103852078847,2275.02018802213,49.9928690321209,49.9927583858289,1518.57359711682,868.613663609755,326.143060291955,326.511771004729,14.9350597178076,274.16148352991,-289.096543350985,5.18614904995146,2.84584940872901,-8.0319984616215
1.311,895.949675441148,2275.39478021587,49.9928702590196,49.9927571934649,1518.84616839994,868.493060451552,326.14297852057,326.511783065045,-86.4376304253675,315.457987889794,-229.02035754956,2.99316838321041,5.06531900814443,-8.05848739429516
1.312,895.538682564377,2276.00812151779,49.992873529597,49.9927552411389,1518.80185429369,868.704136102704,326.142991814802,326.51176195748,-179.388345905412,326.053552523446,-146.665206678782,0.504477376036073,6.78974720461725,-7.29422458336322
1.313,895.593393914686,2276.14267281577,49.9928730942179,49.9927548128488,1518.7994372514,868.861434375591,326.142992539915,326.511746227653,-254.303963408344,303.548114846965,-49.2441514700153,-2.03168129672618,7.84696349338146,-5.81528219891882
1.314,895.635038139795,2276.27783765267,49.9928727628237,49.9927543826057,1518.12808263333,869.665662834684,326.1431939463,326.511665804807,-304.680267534712,252.599808425932,52.0804591070613,-4.36962102852058,8.13834823922099,-3.76872721235207
1.315,896.175417867898,2275.94020999646,49.9928684626184,49.992755457308,1517.36206793342,870.572503171154,326.14342375071,326.511575120773,-325.200666491222,176.046617347559,149.154049169092,-6.27989057437574,7.63365525887779,-1.35376468544609
1.316,896.73358126815,2275.55968246246,49.9928640208952,49.9927566685647,1516.57011224342,871.534471925574,326.143661337417,326.511478923898,-313.946175120061,82.1197611488698,231.826414018103,-7.57576948537144,6.37914298224973,1.19662650290291
1.317,897.514362420987,2274.96834917602,49.9928578076362,49.992758550837,1515.45675170302,872.777558911946,326.143995345579,326.511354615199,-272.246373017658,-19.1167829202516,291.363155999026,-8.13051486980818,4.50341320875853,3.62710166149636
1.318,898.854151086752,2273.81762033692,49.9928471459368,49.9927622137207,1515.21511113476,873.142444603912,326.14406783775,326.51131812663,-204.128302878814,-118.46069255404,322.588995499536,-7.89016256585782,2.18785780423494,5.70230476261016
1.319,900.31415233365,2272.54943167834,49.992835527616,49.9927662504906,1515.00754142693,873.520774041148,326.144130108662,326.511280293686,-115.13753569513,-206.513711169386,321.651246927643,-6.87553105697072,-0.346645103232907,7.22217616155327
1.32,901.326164618025,2271.70017949066,49.9928274742782,49.9927689537442,1515.0104625809,873.631286487859,326.144129232316,326.511269242442,-15.7554951483195,-274.11733227878,289.872827477929,-5.1892998916372,-2.84237889449517,8.03167878763093
1.321,902.20219484945,2270.99142415301,49.9928205030511,49.9927712097825,1515.08892563141,873.683103622977,326.144105693401,326.511264060728,85.6006609186467,-314.783197847015,229.182536959611,-2.99591708729357,-5.06130128834393,8.05721837705838
1.322,903.457669216158,2269.93206783887,49.9928105123035,49.9927745818184,1515.49057221492,873.431447366193,326.143985199426,326.511289226354,178.971683478102,-325.218865458517,146.247181986427,-0.507659297748079,-6.78809154206319,7.29575084093652
1.323,904.696166369595,2268.8540045036,49.9928006566563,49.9927780134006,1515.89490385991,873.165408832657,326.143863899932,326.511315830207,254.24195485022,-303.349114147322,49.1071592757373,2.02985316223814,-7.84667512703856,5.8168219654455
1.324,905.05724862395,2268.64413896989,49.992797783255,49.9927786814233,1516.13655402416,873.026668900108,326.143791404883,326.5113297042,304.981118928724,-252.196979593348,-52.7841393844631,4.36590915795373,-8.13716754115698,3.77125838323591
1.325,906.013273642486,2267.89527408026,49.9927901754497,49.9927810651343,1516.30048541733,872.992332491832,326.143742225465,326.511333137841,326.128964039618,-176.822333013983,-149.306631100123,6.27922732232371,-7.6364448651893,1.35721754221
1.326,906.731251303441,2267.34315253443,49.992784461965,49.9927828225918,1516.97005390033,872.459293125448,326.14354135492,326.511386441778,314.353936707525,-82.7778463333975,-231.576090468809,7.57475349604665,-6.38298583648214,-1.19176766091654
1.327,907.087429357284,2267.13203081021,49.9927816275901,49.9927834946131,1517.07259212213,872.474273190073,326.143510593454,326.511384943771,272.522260118817,18.43054998181,-290.952810208494,8.1289818688846,-4.50687681040815,-3.62210506046331
1.328,907.549149746222,2266.84358942823,49.992777953336,49.9927844127505,1517.61320617606,872.049128215089,326.143348409238,326.511427458269,203.884716705018,118.202625985459,-322.087342803171,7.89047863700772,-2.19125526014718,-5.69922337935876
1.329,908.009078899287,2266.55496282901,49.992774293336,49.9927853314775,1518.04218409577,871.781767054138,326.143219715862,326.511454194385,115.002466723242,206.372889313222,-321.37535614636,6.87712137171734,0.343932474533451,-7.22105384909103
1.33,908.834665929071,2265.87365726708,49.9927677235232,49.9927875001405,1518.10702192949,871.803767828712,326.143200264512,326.511451994307,15.3159440590962,273.893982060274,-289.209926218123,5.19244413395063,2.83873250707679,-8.03117664401477
1.331,909.393178217307,2265.47639240009,49.9927632790236,49.9927887646738,1518.31595116757,871.712695278414,326.14313758574,326.511461101563,-86.2018699986047,315.426036035344,-229.224166116952,2.99966722086632,5.05948021434785,-8.05914743813405
1.332,909.91208197137,2265.12908408824,49.9927591497188,49.9927898701905,1518.69523894122,871.473084554169,326.143023799408,326.511485062635,-178.626295397331,325.764882338303,-147.138586997573,0.51125499929725,6.78625437228245,-7.29750937422609
1.333,909.838634295614,2265.33763785091,49.9927597341968,49.9927892063433,1519.24931098939,871.037229354486,326.142857577794,326.511528648155,-254.112445875908,303.872260527708,-49.7598146817475,-2.02494510213644,7.84468214199238,-5.81973704204953
1.334,910.061501987218,2265.27656589636,49.9927579606721,49.9927894007414,1519.36212530464,871.023658982591,326.142823733499,326.511530005192,-304.123443358537,252.159910722901,51.9635326329318,-4.36317408077357,8.13876628098498,-3.77559220181564
1.335,910.184271505253,2265.31188745071,49.9927569837033,49.9927892883094,1519.1043830086,871.396657899529,326.142901056188,326.5114927053,-325.411177770579,176.501518504721,148.909659287865,-6.2755926959936,7.6363742177327,-1.36078152267558
1.336,910.215408875992,2265.43918281566,49.99275673592,49.9927888831156,1518.96298008713,871.674245555197,326.142943477064,326.511464946535,-314.084431325876,82.5376273545175,231.546804012296,-7.57354209594271,6.3851084884145,1.18843360726419
1.337,910.1150126995,2265.66655770034,49.9927575348473,49.9927881593589,1518.31199570284,872.414658350341,326.14313877238,326.511390905255,-272.463699731531,-18.7700370587273,291.233736843348,-8.12887426401728,4.51043640931124,3.61843785504955
1.338,910.114772615932,2265.81650917,49.9927575367579,49.9927876820485,1518.06203046534,872.771183815166,326.143213761951,326.511355252709,-203.887655826829,-118.511742239552,322.399398123558,-7.89157190498685,2.19523030217865,5.69634160363594
1.339,910.573989233776,2265.50993046083,49.9927538824281,49.9927886579189,1518.09851462146,872.883017132896,326.143202816704,326.511344069377,-115.366320639938,-206.435242234599,321.801562927077,-6.87967832710283,-0.33918478896408,7.21886311720631
1.34,910.818840491609,2265.39268769389,49.9927519339637,49.9927890311142,1517.78007435351,873.291544706957,326.143298348784,326.51130321662,-15.9556252894341,-274.167843691913,290.123469021248,-5.19483483482531,-2.83598677281671,8.03082160889065
1.341,910.812462628246,2265.52299104246,49.9927519847172,49.9927886163458,1517.16340493257,874.001456418137,326.143483349611,326.511232225449,85.3366271680263,-314.736185944886,229.399558797095,-3.00241787873308,-5.05542156434334,8.05783944421888
1.342,911.263543989086,2265.22642080383,49.9927483951257,49.9927895603581,1515.82983229652,875.453423217839,326.143883421401,326.511087028769,178.563998001615,-325.191657678652,146.627659672567,-0.514635183696127,-6.78420401305236,7.29883919757908
1.343,912.24818626234,2264.35686114821,49.9927405595915,49.9927923282525,1514.81068744988,876.577512561698,326.144189164855,326.510974619834,254.161804018202,-303.509705844213,49.3479017933198,2.02254306816571,-7.84470247952894,5.82215941170003
1.344,913.683371396323,2263.05284080784,49.9927291387511,49.9927964790781,1514.04249386195,877.41674462325,326.144419622932,326.510890696628,304.684971323085,-252.332208236404,-52.3527631473572,4.35983519370082,-8.13906544264809,3.77923024865507
1.345,915.434739235036,2261.43123723862,49.9927152018086,49.9928016408026,1513.31128945743,878.259149221296,326.144638984253,326.510806456168,326.222082226771,-176.73663412435,-149.485448188685,6.27355039356497,-7.63676633295631,1.36321593839786
1.346,916.868308333732,2260.14242888521,49.9927037938282,49.992805743207,1513.60171304988,878.084283137392,326.144551857175,326.510823942777,314.445719504056,-82.9375530671679,-231.508166544744,7.57286734187776,-6.38731156427247,-1.18555577931479
1.347,918.2954869202,2258.82482852233,49.9926924367019,49.9928099372592,1513.80335599901,877.945237450442,326.144491364291,326.510837847345,272.707606558838,18.2073347759445,-290.914941457678,8.12954811090502,-4.51372904680033,-3.61581906648187
1.348,919.905543185351,2257.34045991064,49.9926796242812,49.9928146621513,1514.03672296075,877.798647511842,326.144421354202,326.510852506339,204.126068256839,117.711916574348,-321.837984961245,7.89181602980195,-2.19802839345335,-5.69378763928148
1.349,920.963611742031,2256.432043798,49.9926712044392,49.9928175537296,1514.9357481866,877.026377984063,326.144151646634,326.510929733292,115.149287409337,206.310600587605,-321.459888123877,6.88181140661562,0.335537857111177,-7.2173492670474
1.35,921.868440920218,2255.64509471688,49.9926640040374,49.9928200586663,1515.89051788372,876.154149147926,326.143865215725,326.511016956176,15.8762138511002,274.026037176275,-289.902251139883,5.19852452776468,2.83288312526566,-8.03140765650013
1.351,922.811484431177,2254.82299634937,49.9926564995355,49.9928226754867,1517.1369257228,874.987751409902,326.143491293374,326.511133595949,-85.859124125393,315.433542667896,-229.574418633649,3.00682495068178,5.05299993451169,-8.05982488856453
1.352,922.844350334595,2254.94845713345,49.992656237997,49.9928222761326,1518.4644112311,873.771053045484,326.143093047721,326.511255265786,-178.834563130934,325.938587565927,-147.104024500796,0.519953855304097,6.78216856098573,-7.30212241934049
1.353,922.572755153924,2255.30694086185,49.9926583992828,49.9928211350434,1520.26254576521,872.066189635421,326.142553607361,326.511425752127,-253.783507100551,303.949129140807,-50.1656220796149,-2.0171074872083,7.84231249086653,-5.82520500621803
1.354,921.438455706713,2256.54764483435,49.992667425751,49.9928171857601,1521.28970805203,871.115658959791,326.142245458675,326.511520805194,-304.454970429403,252.548557421929,51.9064129939817,-4.35588238975072,8.13744935666937,-3.7815669688733
1.355,920.459230888904,2257.65381927052,49.9926752181745,49.9928136646975,1521.24673967829,871.256099813279,326.142258349187,326.511506761109,-325.568271446665,176.766938204311,148.801333251385,-6.27112993415511,7.63759569330981,-1.36646576045142
1.356,919.592501383011,2258.65108549668,49.9926821153887,49.9928104903005,1520.92542522526,871.688954138945,326.142354743523,326.511463475677,-313.974810342086,82.8008869596308,231.173923410931,-7.5714892959208,6.38936541112067,1.18212388416021
1.357,918.774995823686,2259.57782191827,49.9926886208913,49.9928075404068,1520.40437367805,872.267418673153,326.142511058987,326.511405629223,-272.500232266613,-18.6204646113656,291.120696919694,-8.12932828760226,4.51723311218363,3.61209517538736
1.358,918.158483274373,2260.29972353114,49.9926935269423,49.9928052425226,1519.56376578081,873.190898100962,326.142763241356,326.51131328128,-204.540807335756,-117.96442884347,322.505236225948,-7.89312737454843,2.20179286353385,5.69133451147917
1.359,917.738279378365,2260.84738280401,49.9926968708186,49.992803499269,1518.64616840029,874.234155447076,326.14303852057,326.511208955546,-115.496151482992,-206.537663328675,322.033814854198,-6.88347091767679,-0.332012411664044,7.21548333013203
1.36,917.750185315251,2260.91242103332,49.9926967760742,49.9928032922459,1517.25769808655,875.678529323124,326.143455061664,326.511064518158,-16.5436116567596,-273.404030156416,289.947641843204,-5.20056665567162,-2.82800252099192,8.02856917757611
1.361,917.922621114634,2260.8582673372,49.9926954038737,49.9928034646225,1516.04814948629,876.963024969739,326.143817926244,326.510936068593,85.1933828084076,-314.716645128285,229.523262330442,-3.01050003560414,-5.05026844095774,8.06076847737859
1.362,918.701394675813,2260.17977657646,49.9926892065906,49.9928056243256,1514.60126555149,878.515539153101,326.144251991425,326.510780817175,178.343196423876,-325.3109907115,146.967794273571,-0.521900641083536,-6.77974832170993,7.3016489633057
1.363,920.440038750451,2258.54042840091,49.9926753709007,49.9928108425329,1513.66172444937,879.529088239419,326.144533853756,326.510679462266,253.567410160049,-303.363185820715,49.7957756209198,2.01454637586267,-7.84307440506977,5.8285280292467
1.364,922.19743800419,2256.88361902635,49.9926613859617,49.992816116321,1513.51601423924,879.739314666652,326.144577566819,326.510658439624,304.636612161158,-252.943627228801,-51.6929849980868,4.35409529937194,-8.13972462707734,3.78562932715325
1.365,923.851237107756,2255.33389164421,49.9926482254466,49.9928210492564,1513.67188685684,879.656616547628,326.144530805033,326.510666709436,326.086460751855,-177.063380609645,-149.023080231461,6.2687701527582,-7.64027083116577,1.37150067719947
1.366,925.460074371141,2253.8370210441,49.9926354227265,49.9928258139435,1513.93797277933,879.488421753723,326.144450979257,326.510683528915,314.58585520444,-83.7606459796014,-230.825209332581,7.56961003462471,-6.39162931752287,-1.17798071896693
1.367,926.243742361176,2253.1476638734,49.9926291864948,49.9928280082356,1514.54505170819,878.9432774532,326.144268855578,326.510738043345,272.636127200722,17.5873739124491,-290.223501232586,8.12872852960166,-4.51910246358086,-3.60962606847902
1.368,926.851288768324,2252.63334165535,49.9926243517941,49.992829645374,1515.69604567689,877.844753109416,326.143923557387,326.510847895779,204.201501235178,117.709866194996,-321.911367553361,7.89366488201125,-2.20529329936348,-5.6883715855769
1.369,927.630707930643,2251.97331183587,49.9926181493735,49.9928317463142,1516.70488102292,876.950955248574,326.143620906783,326.510937275566,115.408409572053,205.831870862345,-321.240280552269,6.88580333479647,0.328238965116742,-7.21404230314147
1.37,927.67039452371,2252.01595265314,49.9926178335576,49.9928316105843,1517.94957998098,875.759158617573,326.143247497096,326.511056455229,15.886460350038,274.309045120984,-290.195505575065,5.20337168536437,2.82555312071491,-8.02892480939534
1.371,927.323536379469,2252.46702382743,49.992620593767,49.9928301747801,1518.99144727265,874.77163807871,326.142934936909,326.511155207283,-85.5341797194804,315.27231468525,-229.738135049515,3.01413436699916,5.0471327660942,-8.06126713627936
1.372,927.044670064197,2252.86264148028,49.9926228129146,49.99282891549,1519.59758254548,874.25879575112,326.142753096327,326.511206491515,-178.564133767787,325.872229168512,-147.308095459637,0.526775346568796,6.7780547597852,-7.30483010920897
1.373,926.568128732717,2253.40666449551,49.99262660511,49.992827183811,1520.07106486257,873.859333457989,326.142611051632,326.511246437745,-253.538347285155,303.905213216848,-50.3668659636245,-2.00990473150483,7.84044550892825,-5.83054077977961
1.374,925.581550966796,2254.48901870086,49.9926344560465,49.9928237385706,1520.51449873437,873.490084246987,326.14247802147,326.511283362666,-304.194690548705,252.684444587265,51.5102459562715,-4.35130846548157,8.1389328218984,-3.78762435815405
1.375,924.592053994544,2255.57294806571,49.9926423302132,49.9928202883162,1520.55196422082,873.519269980698,326.142466781824,326.511280444092,-325.654962032679,176.850052775354,148.804909275847,-6.26661445401649,7.64139462778167,-1.37478017482375
1.376,924.068052764329,2256.18417111173,49.9926465000825,49.9928183427328,1520.05549126334,874.099750040294,326.142615723711,326.511222396086,-314.238799715053,83.4019048558112,230.836894896348,-7.56786894594718,6.39378155402521,1.17408739153663
1.377,923.708819975217,2256.63480110835,49.9926493587662,49.992816908333,1519.60085482492,874.610398765673,326.142752114643,326.511171331214,-272.714991842569,-17.9654357777904,290.680427669057,-8.12896244358243,4.52208063999557,3.60688180380511
1.378,923.872410283024,2256.54179715703,49.9926480569559,49.9928172043738,1518.70057834594,875.567675149962,326.143022197587,326.511075603575,-204.514230681557,-117.809312462681,322.323543196441,-7.89381033844979,2.20801247306602,5.68579786607832
1.379,924.173125648079,2256.34812264738,49.992645663939,49.9928178208589,1518.07006845028,876.288287233225,326.143211350555,326.511003542367,-116.067932079651,-205.971111896524,322.039044023912,-6.88797705276493,-0.32421338288039,7.2121904366437
1.38,924.831367181783,2255.75235611579,49.9926404258193,49.9928197172427,1517.66618104577,876.750594396544,326.143332516777,326.510957311651,-16.3932482737773,-273.928200816549,290.321449126791,-5.20609896505847,-2.82177299403808,8.02787196020769
1.381,925.278419830164,2255.39065356904,49.9926368682874,49.9928208685776,1517.05756653324,877.391733926671,326.14351510113,326.510893197698,84.9395771287352,-314.814308804777,229.87473169507,-3.01720304568873,-5.04378469023284,8.06098773694934
1.382,925.591573596635,2255.17638679894,49.9926343762889,49.9928215506099,1515.88684411514,878.649154682902,326.143866317856,326.510767455622,177.981592675548,-325.157661843106,147.176069164503,-0.530300543362038,-6.77554059614644,7.30584114026578
1.383,926.376838792516,2254.45087155748,49.992628127347,49.9928238599967,1515.2191846351,879.380902811274,326.1440666157,326.510694280809,253.680307255271,-303.826810118722,50.1465028358567,2.00696699497917,-7.84018907385236,5.83322207919972
1.384,926.962109274074,2253.93423734499,49.9926234699125,49.9928255044945,1515.46295076823,879.196141038611,326.14399348586,326.510712756987,304.712084904992,-252.752348768817,-51.9597361884808,4.34742554101636,-8.13840389628267,3.79097835504318
1.385,927.612669302788,2253.38852591102,49.9926182929203,49.9928272415479,1515.64462829767,879.05826336659,326.143938982601,326.510726544754,325.98944075811,-177.278301172565,-148.711139660082,6.26422481396611,-7.6439060561203,1.37968124131649
1.386,928.805204249546,2252.2723757696,49.9926088030287,49.9928307943641,1516.18068405444,878.613242974771,326.143778165874,326.510771046793,314.423873271047,-83.4634773207245,-230.960396041972,7.5668056495809,-6.3963658960239,-1.17043975500821
1.387,929.723254452054,2251.43485260403,49.9926014974173,49.9928334602832,1516.80713121935,878.027551296273,326.143590231725,326.510829615961,272.790934840261,17.532211581308,-290.323146524146,8.1290307718034,-4.52614481441764,-3.60288595939137
1.388,930.014224792225,2251.21698802371,49.9925991819489,49.9928341537677,1517.91194951745,876.964575852817,326.143258786235,326.510935913505,204.567260201576,117.234850913182,-321.802111220864,7.89557822664352,-2.21258594155344,-5.68299228753597
1.389,929.798822282641,2251.53454632283,49.9926008960676,49.9928331429482,1518.86818633994,876.099319907234,326.142971915188,326.5110224391,115.630395056195,205.886705070313,-321.517100228368,6.88998312601767,0.320338348132437,-7.2103214768778
1.39,929.49567050855,2251.87487948822,49.9926033084728,49.9928320596341,1519.28581975379,875.719018719441,326.142846625164,326.511060469218,16.2553560473103,273.962165362147,-290.217521501456,5.20891616065075,2.81752339484625,-8.02643955833446
1.391,929.046858699772,2252.39655024472,49.9926068800037,49.9928303991045,1519.57061740997,875.48295874161,326.142761185867,326.511084075216,-85.3673657659997,315.083967411786,-229.716601721514,3.02027689607722,5.0408228040029,-8.0610997028466
1.392,928.632576965871,2252.91656723655,49.992610176753,49.992828743839,1519.80406389807,875.328280813225,326.142691151921,326.511099543009,-178.342724654198,325.848417994644,-147.505693394413,0.533622901798239,6.77411694393436,-7.30773984824721
1.393,928.467189593252,2253.13278359526,49.9926114928639,49.992828055601,1519.70067462176,875.485711808638,326.142722168704,326.511083799909,-253.276444075299,303.948005265711,-50.6715612186589,-2.00364421085726,7.83933035461405,-5.83568614584785
1.394,928.034080197127,2253.64170335771,49.992614939439,49.9928264356591,1519.97722162894,875.249479086693,326.142639204602,326.511107423182,-304.241742036234,253.091299808061,51.1504422262849,-4.34433802982643,8.13960806340362,-3.79527003510771
1.395,927.728790622594,2254.0247791341,49.9926173688562,49.992825216291,1519.75616811425,875.533830772676,326.142705520656,326.511078988013,-325.516582423672,177.03663628117,148.479946164957,-6.26158178369655,7.64392989641457,-1.38234811360698
1.396,927.164314746719,2254.64786769591,49.9926218608125,49.9928232329385,1519.18688605767,876.179400038173,326.142876305273,326.511014431087,-314.10889438937,83.4329528202541,230.675941611491,-7.5647554828162,6.39752474275027,1.16723073983726
1.397,927.178995745855,2254.70540922333,49.9926217439848,49.9928230497781,1518.57511952619,876.820732055534,326.143059835233,326.510950297885,-272.883377022706,-17.789819875913,290.673196954505,-8.12851973043161,4.52855949883849,3.59996023197795
1.398,927.454731277134,2254.49288814665,49.9926195497512,49.9928237262537,1517.56547703706,877.872633576607,326.143362727979,326.510845107733,-204.858300062306,-117.434751542033,322.293051666155,-7.89628129274812,2.21571105831719,5.68057023532206
1.399,927.630342896499,2254.40652696608,49.9926181522783,49.9928240011499,1517.48910346017,878.033508017172,326.143385640052,326.510829020289,-116.822382928716,-205.287577877426,322.109960865108,-6.89259494845563,-0.316326560652899,7.20892151034747
1.4,928.119283969272,2253.95775073458,49.9926142614089,49.992825429649,1517.79537348333,877.76927552879,326.143293759045,326.510855443538,-16.8225465874998,-273.773474807428,290.596021443022,-5.21190383860245,-2.81480857450982,8.02671241450384
1.401,928.35051491911,2253.7948892771,49.9926124213314,49.9928259480531,1517.95787936499,877.633659493416,326.143245007281,326.510869005141,84.5180567030581,-314.603551340034,230.085494667242,-3.02440351325756,-5.03807818834839,8.06248170294031
1.402,928.567432773217,2253.66715604232,49.992610695154,49.9928263546406,1518.31016482072,877.358716712465,326.143139321644,326.510896499419,177.828435451609,-325.306075129927,147.477639685371,-0.537657568653235,-6.77167275074228,7.30933032046884
1.403,928.638143188127,2253.62871781777,49.9926101324584,49.9928264769933,1519.02217067961,876.706829375655,326.142925719887,326.510961688153,253.365512312688,-303.813110040356,50.4475977074372,1.99996975403151,-7.83753864039261,5.83756888698959
1.404,928.605371725084,2253.74011488573,49.9926103932454,49.9928261224054,1519.68779394259,876.060440219214,326.142726032908,326.511026327068,304.529845289323,-252.939976100424,-51.5898692370983,4.34145670877266,-8.14049759425935,3.79904088552342
1.405,928.760876816959,2253.65151053872,49.9926091557752,49.9928264044418,1520.09710002194,875.710770295642,326.142603241084,326.511061294061,326.052662698142,-177.411870049121,-148.640792722993,6.25905351385699,-7.64530328353148,1.38624976903362
1.406,928.221935694504,2254.25531417426,49.9926134445324,49.9928244824752,1520.96898619045,874.910813090074,326.142341675233,326.511141289781,314.748513929549,-83.8945013178618,-230.854012706594,7.56397310030211,-6.40050596295456,-1.16346713868748
1.407,927.485082757318,2255.04464351667,49.9926193082218,49.9928219699618,1520.53099109764,875.354654738333,326.142473073761,326.511096905617,273.460717299495,17.1078197783503,-290.568537186439,8.12743881971692,-4.53241374117993,-3.5950250805199
1.408,926.684390057121,2255.90747384707,49.9926256799318,49.9928192234876,1520.26454411384,875.676272505267,326.142553007856,326.51106474384,204.923336394732,116.923936619632,-321.84727312864,7.89745161430277,-2.21941050056489,-5.67804111624502
1.409,926.510146579041,2256.15174278268,49.9926270665174,49.9928184459554,1519.91490150783,876.10838443447,326.142657900638,326.511021532647,116.023899482067,205.579560285068,-321.60345987833,6.89336124180636,0.313558824097962,-7.2069200687672
1.41,926.040499521878,2256.65468213044,49.9926308038499,49.9928168450498,1519.73886607103,876.310964681903,326.142710711269,326.511001274622,16.618556865373,273.857103413355,-290.475660378656,5.21456526006521,2.81119001369831,-8.02575527677999
1.411,925.64365618854,2257.10809589442,49.9926339618288,49.9928154017889,1519.37809743774,876.696250133601,326.142818941859,326.510962746077,-85.0694567980409,315.139659974304,-230.070203257995,3.02760810598142,5.03469698978627,-8.06230509872232
1.412,925.285461023619,2257.55666618143,49.9926368122554,49.9928139739453,1518.93694249389,877.199462203594,326.142951288342,326.51091242487,-177.713771539083,325.781218561696,-148.067447080813,0.542111381958452,6.76965815062843,-7.31176953527547
1.413,925.473124206624,2257.38764584773,49.9926353188792,49.9928145119538,1518.14781964262,878.051038642899,326.143188025198,326.510827267226,-253.063565979419,304.105722938485,-51.0421569903841,-1.99737706077094,7.83678436873439,-5.83940731020382
1.414,925.755268495561,2257.16503349386,49.9926330736463,49.9928152205509,1517.43916030686,878.773756889295,326.143400622998,326.510754995401,-304.168164570427,253.197269584626,50.9708949820896,-4.33792045300321,8.1396230632154,-3.80170261186311
1.415,926.02505458354,2256.94885194395,49.9926309267568,49.9928159086782,1516.78169296497,879.477840583413,326.143597863201,326.510684587032,-325.370400012781,177.60091320298,147.769486831844,-6.25676201789362,7.64638578050979,-1.38962376359299
1.416,926.744780067431,2256.28962302386,49.9926251993634,49.992818007069,1516.73527010493,879.589951510947,326.143611790059,326.510673375939,-314.120121235535,83.5547984019091,230.565322877535,-7.56300814767674,6.40291601726138,1.160092130137
1.417,927.683695545632,2255.39969182614,49.9926177277114,49.992820839808,1516.92171884146,879.425861156568,326.143555855438,326.510689784975,-273.25132716535,-17.4424195751131,290.693746799933,-8.12813177732461,4.53484318765947,3.59328859004597
1.418,928.40753191207,2254.73266094318,49.9926119676046,49.9928229630332,1517.66681256645,878.708670135316,326.14333232732,326.510761504077,-205.400570800031,-117.069988536918,322.47055940414,-7.89838478920317,2.22310260533647,5.67528218480346
1.419,928.555517742717,2254.66776312889,49.9926107899708,49.9928231696094,1518.65044166843,877.795293450684,326.14303723859,326.510852841745,-116.875631648684,-205.269326417634,322.144958132492,-6.89681226624352,-0.308629046155019,7.205441313735
1.42,928.356460534611,2254.87456795979,49.9926123740177,49.9928225113291,1519.82943396156,876.645404122805,326.142683540902,326.510967830678,-17.3296676635181,-273.247880484337,290.577548203626,-5.21693654274681,-2.80725785608773,8.02419440036763
1.421,928.091477376164,2255.19982417459,49.9926144826867,49.9928214760065,1520.99397617348,875.501210982862,326.142334178238,326.511082249992,84.4189876184618,-314.573398395687,230.154410814781,-3.03093328714303,-5.03194288837353,8.06287617702151
1.422,927.389568611312,2255.98654336145,49.9926200682992,49.9928189718015,1521.21678179464,875.335978465651,326.142267336552,326.511098773244,177.620289513565,-325.315496922327,147.695207422104,-0.544835154517306,-6.76825134965701,7.31308650543005
1.423,927.165085014712,2256.23033989834,49.9926218546829,49.992818195773,1521.32302981385,875.2669565445,326.142235462146,326.511105675436,253.171274364227,-303.99216233926,50.8208879598892,1.9922959144835,-7.83574754867809,5.84345163500026
1.424,926.731795214888,2256.72631049968,49.9926253026936,49.9928166170496,1521.40495355813,875.213331670149,326.142210885023,326.511111037923,304.467829257471,-253.201330945002,-51.2664983572099,4.33504602142934,-8.14031537327598,3.80526935204185
1.425,926.003357277811,2257.49243051918,49.9926310994185,49.9928141784138,1521.03960265783,875.619544927925,326.142320490293,326.511070416598,325.841996812725,-177.606313987368,-148.235682897745,6.25350302504426,-7.6467779263949,1.39327490083652
1.426,925.482592832826,2258.06926878709,49.9926352435303,49.9928123422806,1520.60593572218,876.114488061599,326.142450590374,326.511020922284,314.656399146104,-84.3004956202865,-230.355903621439,7.5615332136084,-6.40548876644379,-1.1560444484173
1.427,925.698261369251,2257.90690765573,49.9926335272946,49.9928128590921,1520.68539942003,876.05790993409,326.142426751264,326.511026580097,273.305776120245,16.9439865404673,-290.249762772828,8.12872066471115,-4.53870883723275,-3.59001182942981
1.428,925.558409285471,2258.09118406548,49.9926346402021,49.9928122725221,1520.59974649272,876.17230343483,326.142452447143,326.511015140747,205.097272120733,116.555173080098,-321.652445321401,7.89914179577492,-2.22675639150799,-5.67238540680898
1.429,925.254901944571,2258.45289254993,49.9926370554368,49.9928111211682,1520.91035961365,875.927465064712,326.142359263206,326.511039624584,116.444151451272,205.155300946718,-321.599452517739,6.89774497678719,0.30530916456751,-7.20305414432193
1.43,924.816833455619,2258.91884958886,49.992640541475,49.9928096379809,1520.86915060339,875.982107509155,326.142371625909,326.511034160339,17.1925590431664,272.933746678724,-290.126305832097,5.22110273144922,2.8036205724184,-8.02472330705511
1.431,924.142853753007,2259.62575946317,49.9926459048351,49.9928073878169,1520.86331825497,876.012622489892,326.142373375614,326.511031108841,-84.6740311660795,315.026271921926,-230.352240848706,3.03446179410887,5.02884989170087,-8.06331168899344
1.432,923.948308435099,2259.87742810402,49.9926474529776,49.9928065867307,1520.48775484914,876.452428907846,326.142486044636,326.5109871282,-177.993869935824,326.037548411006,-148.043678544647,0.547631193738742,6.76557849137393,-7.31320968807164
1.433,924.182916439675,2259.67829928605,49.9926455860264,49.9928072205774,1520.10270680284,876.864762790908,326.14260155905,326.510945894811,-252.574352407267,304.151150796084,-51.576798431106,-1.98909630723292,7.83529804728355,-5.8462017425878
1.434,923.709538834956,2260.19558305863,49.9926493530457,49.992805574012,1519.91280301851,877.070431104041,326.142658530185,326.51092532798,-303.903471169224,253.382680554154,50.5207906012989,-4.33135938632191,8.14021905888406,-3.80885967452064
1.435,923.712426814054,2260.24294771201,49.9926493300639,49.9928054232457,1519.47905930346,877.555038034484,326.142788653299,326.510876867287,-325.42202523979,177.667641106413,147.754384146518,-6.2521618822458,7.64887185886576,-1.39670997789979
1.436,924.156215394643,2259.83569930364,49.9926457985066,49.9928067195576,1519.55213546751,877.533745295544,326.14276673045,326.510878996561,-314.352885096472,84.0049800166292,230.347905115073,-7.56003394086003,6.40754455572462,1.15248938456605
1.437,924.867927693072,2259.17893751002,49.99264013488,49.9928088100953,1520.31280185066,876.780070696295,326.142538530535,326.510954364021,-273.049111542854,-17.2376570141761,290.286768607213,-8.1281866883388,4.54232256786813,3.58586412056437
1.438,924.782069753747,2259.28229995745,49.9926408181158,49.9928084810824,1520.91824780586,876.196832381489,326.142356896749,326.511012687852,-205.382455509089,-116.877823566735,322.260279133087,-7.89931400787956,2.23007431733418,5.66923969119196
1.439,924.369856701341,2259.76580979491,49.992644098403,49.9928069420228,1521.52550485802,875.65400995425,326.142174719633,326.511066970095,-117.073357353899,-205.167207833658,322.240565243281,-6.89983073482196,-0.301858446537733,7.20168918239655
1.44,923.602052179673,2260.54884269455,49.9926502083973,49.9928044495517,1522.08164339165,875.109987614037,326.142007878073,326.511121372329,-17.5859945872145,-273.204233873966,290.790228507366,-5.22358803962794,-2.80050194966026,8.02408999051922
1.441,923.488590064663,2260.69343483086,49.9926511113001,49.9928039893006,1522.21668791417,874.993012570666,326.141967364716,326.511133069833,83.9037076737841,-314.391788598332,230.488080953829,-3.0372460021573,-5.02670488090286,8.06395088427323
1.442,923.173238572185,2261.07664899925,49.9926536207876,49.992802769492,1522.61533569031,874.651366055299,326.141847770383,326.511167234485,177.540624985272,-325.491724508067,147.951099529336,-0.552310451709624,-6.76338583525956,7.31569628795323
1.443,922.424366871709,2261.85498229093,49.9926595801192,49.9928002919802,1522.96133896735,874.325274999394,326.1417439694,326.51119984359,253.013058805251,-303.898195444222,50.8851366214714,1.98433679586397,-7.83388485803215,5.84954806274849
1.444,921.425129642444,2262.87623951161,49.9926675317964,49.9927970412175,1523.06434852353,874.250869290963,326.141713066533,326.511207284161,304.410349639276,-253.534129866212,-50.8762198156449,4.32812749578367,-8.13923158507975,3.81110408934397
1.445,920.596841893955,2263.75768062945,49.9926741231009,49.9927942355033,1523.03972276409,874.313947355339,326.141720454261,326.511200976355,326.003651416577,-177.851528840201,-148.152122643054,6.24950576094168,-7.65010750476032,1.40060174325185
1.446,919.586040110301,2264.83210570903,49.9926821668059,49.9927908155021,1523.05338941516,874.349043836018,326.141716354266,326.511197466707,314.727310166193,-84.5973385892776,-230.129971664684,7.55921743814757,-6.4115912556921,-1.14762618367255
1.447,918.726227605523,2265.6966350194,49.9926890089764,49.9927880636198,1522.97531958402,874.432836599016,326.141739775215,326.51118908743,273.55721962462,16.6421561046388,-290.199375831808,8.12595441929687,-4.54427408464259,-3.58168033648903
1.448,917.943342071641,2266.52271834421,49.9926952389816,49.9927854341149,1522.21466302521,875.222237940166,326.141967972183,326.511110147296,205.160092794398,116.457176385789,-321.617269290409,7.90126189484637,-2.23337771718538,-5.66788418002051
1.449,917.918209056921,2266.59682869415,49.9926954389837,49.9927851982143,1520.77096081819,876.722888472288,326.142401082845,326.510960082243,116.705311390458,204.996441965573,-321.701753466968,6.90160168857676,0.298292983873912,-7.19989467519531
1.45,918.158467899127,2266.37843871184,49.9926935270646,49.9927858933712,1519.77225975658,877.739657468231,326.142700693163,326.510858405344,17.1016756250101,273.4312550247,-290.532930753923,5.22645276683789,2.79778079473077,-8.02423356453291
1.451,918.653243076562,2265.91339792164,49.9926895897689,49.9927873736421,1519.17471109311,878.3342268485,326.142879957762,326.510798948406,-84.2657531778199,314.872678009334,-230.606924922429,3.04261727725984,5.02277093414728,-8.0653882144042
1.452,919.368229963901,2265.25581128154,49.992683900084,49.9927894668053,1518.87029314683,878.701253112923,326.142971283146,326.510762245779,-177.54098729422,325.863597842905,-148.32261062086,0.556670830746166,6.76125296414391,-7.31792379773333
1.453,920.116016920861,2264.50027956215,49.9926779493845,49.9927918717375,1519.09477626,878.494701583904,326.142903938212,326.510782900932,-252.957873466456,304.128314291917,-51.1704408752172,-1.98093637804118,7.83160571255349,-5.85066933703043
1.454,920.322034113248,2264.34188659135,49.9926763099517,49.992792375918,1519.34667676439,878.263228602015,326.142828368061,326.51080604823,-303.896528855003,253.630119230753,50.2664095984905,-4.32508609822681,8.1405375374371,-3.81545144126202
1.455,920.732859798207,2263.97096807829,49.9926730407048,49.9927935565883,1520.17718210344,877.462382869292,326.142579216459,326.510886132803,-325.322489409504,177.691125484107,147.631363922638,-6.24768805847039,7.65156742711849,-1.40387937013955
1.456,920.960913449703,2263.78310691067,49.9926712259115,49.9927941545689,1520.46317894473,877.214508452533,326.142493417407,326.510910920245,-314.390393135493,84.0583870234866,230.332006129265,-7.55693283259214,6.41252535151011,1.14440748019006
1.457,921.068760442447,2263.70168014705,49.9926703676924,49.9927944137584,1520.98703695593,876.702468751853,326.142336260004,326.510962124215,-273.377670088795,-16.9051337404274,290.282803861091,-8.12710285598919,4.54744278157591,3.57966007410057
1.458,920.735486918928,2264.05799093098,49.9926730197988,49.9927932795859,1522.17672584414,875.523944416707,326.141979353337,326.511079976649,-205.601206571198,-116.702772270829,322.303978881613,-7.90117797985735,2.23718305023023,5.66399492981355
1.459,920.213751275605,2264.63957774008,49.9926771716392,49.9927914283376,1523.4332874644,874.329401019048,326.141602384851,326.511199430988,-117.401825004069,-204.879377942682,322.281202986901,-6.90417375378645,-0.293920485718427,7.19809424006171
1.46,919.381995848755,2265.48082358055,49.9926837905385,49.9927887505689,1524.65542609061,873.105066524469,326.141235743263,326.511321864438,-17.53940488587,-273.210933303166,290.750338222385,-5.22929122406529,-2.79265411746925,8.02194534229762
1.461,917.898987622353,2266.99286410617,49.992695591943,49.9927839375945,1524.92100751734,872.863915291491,326.141156068835,326.511345979561,83.7543528716623,-314.588123880197,230.833771028478,-3.04436899819492,-5.02076765107693,8.06513665005912
1.462,916.965248890764,2267.98333421961,49.9927030223998,49.9927807848302,1524.72381343891,873.100460099449,326.141215227059,326.51132232508,176.895419062609,-325.159529026578,148.264109965106,-0.559906458180179,-6.75922426026959,7.31913071907619
1.463,915.887175407027,2269.06946099633,49.992711601436,49.9927773275813,1524.5990790064,873.250030350686,326.141252647388,326.511307368055,252.889452481459,-304.053340088828,51.1638875862667,1.97742065850015,-7.83141508525478,5.85399442705257
1.464,914.471651313089,2270.51040603753,49.9927228658188,49.9927727409108,1524.18906352663,873.67331905907,326.141375652032,326.511265039184,304.393902125239,-253.687347290993,-50.7065548792323,4.32168501843027,-8.14016207058271,3.8184770519845
1.465,913.372454522031,2271.64342749103,49.9927316129489,49.9927691343915,1522.97733995613,874.917561165903,326.141739169104,326.511140614974,326.100873376162,-178.261122325931,-147.839751118499,6.2449665437999,-7.65245735328902,1.4074908087604
1.466,913.262157491225,2271.78998430975,49.9927324906648,49.9927686678866,1521.95715476719,875.983571908146,326.14204522466,326.5110340139,314.76264848625,-84.4726806725198,-230.28996790334,7.55597484984594,-6.41509503561544,-1.14087981556592
1.467,913.44236499795,2271.62330267309,49.992731056619,49.9927691984507,1521.13663359068,876.808249213801,326.142291381013,326.510951546169,273.640940561736,16.3297802738265,-289.970720941906,8.12619538804056,-4.55004156362249,-3.57615382635947
1.468,913.901538292171,2271.17931372051,49.9927274026341,49.9927706117115,1520.20778264509,877.745346795773,326.142570036297,326.510857836411,205.392856332779,116.095638425622,-321.488494874296,7.90228329465208,-2.2405813693292,-5.66170192780152
1.469,914.798387013895,2270.33006105218,49.9927202657387,49.9927733149667,1519.54404746565,878.46431804905,326.142769156851,326.510785939285,116.907193890462,204.867850898304,-321.775044905599,6.90537689317955,0.291324809541158,-7.19670170560624
1.47,915.744931003048,2269.39378180092,49.992712733381,49.9927762952361,1519.70913916399,878.296089039824,326.142719629341,326.510802762186,17.3941653759028,273.155628229823,-290.549793714904,5.23263526192392,2.78958386063567,-8.02221912567366
1.471,916.467296608871,2268.70185053608,49.9927069849781,49.9927784977217,1519.92415474656,878.078460170326,326.142655124666,326.510824525073,-84.0023276891436,314.792446376229,-230.790118781104,3.04884984803295,5.01694500315771,-8.06579485432859
1.472,916.591466769744,2268.62231277543,49.9927059968634,49.9927787508983,1519.90701736585,878.149103190461,326.142660265881,326.510817460771,-177.286663416017,325.98894221706,-148.702278873719,0.563551899962125,6.75676750070598,-7.32031940362301
1.473,916.898687963244,2268.33259866496,49.9927035520748,49.9927796730869,1520.40035403646,877.669644334204,326.142512264879,326.510865406657,-252.681489707736,304.476861091883,-51.795371431191,-1.97374224461575,7.83116408447167,-5.85742184243583
1.474,916.999199743448,2268.25646387701,49.9927027522275,49.9927799154315,1521.22901206516,876.855772868823,326.142263667471,326.510946793803,-303.755696445105,253.742228244588,50.0134681807079,-4.31913168817612,8.1405308248434,-3.82139913871422
1.475,916.641919400104,2268.64658722021,49.9927055953741,49.9927786736303,1521.64467642995,876.462913534237,326.142138968161,326.510986079737,-325.406429945573,178.29866335294,147.107766598964,-6.24222014027746,7.6540727905059,-1.4118526516373
1.476,916.145536840751,2269.17656299529,49.992709545461,49.992776986665,1522.13524988914,876.011089800205,326.141991796124,326.51103126211,-314.296430132504,84.4963987841296,229.800031375697,-7.55438215118898,6.4174539660734,1.13692818438118
1.477,915.950184936453,2269.40354191573,49.9927111000221,49.9927762641687,1523.03039880381,875.122844090406,326.141723251449,326.511120086681,-273.594295520202,-16.5799701655513,290.174265727755,-8.12676028238396,4.55436349987131,3.5723967824115
1.478,915.150518559606,2270.21638275742,49.9927174635649,49.9927736768159,1523.73970276068,874.423494264035,326.141510460262,326.511190021664,-205.823192093988,-116.377486624341,322.200678767974,-7.90360961452966,2.24478918711376,5.6588204278494
1.479,914.494666777009,2270.91554866374,49.9927226826676,49.9927714513017,1524.10162610125,874.116980111176,326.14140188326,326.511220673079,-117.138358257578,-204.98570114353,322.124059450875,-6.90731365759228,-0.287313933946385,7.19462759236223
1.48,914.388474132839,2271.02512845877,49.9927235277218,49.9927711024984,1524.19629479274,874.027533823587,326.141373482653,326.511229617708,-18.068018340638,-272.789807891299,290.857826274194,-5.23501733032747,-2.78709382175328,8.02211115311794
1.481,914.099038228735,2271.34233015746,49.9927258309795,49.992770092814,1524.18727958649,874.048015104472,326.141376187214,326.51122756958,83.3130141689613,-314.33544597214,231.022431831249,-3.05094777000912,-5.01536668346653,8.0663144545338
1.482,913.516255519969,2271.98029034281,49.992730468617,49.9927680621237,1524.62615845861,873.631836178212,326.141244523553,326.511269187473,176.871910152612,-325.343909304001,148.47199915989,-0.569075454044731,-6.75443386224576,7.32350931717707
1.483,912.866678977458,2272.62131491674,49.9927356377828,49.9927660216791,1524.53404823359,873.749853416305,326.14127215662,326.511257385749,252.544934121006,-304.135483755415,51.5905496230085,1.97058763342718,-7.82957386152308,5.85898622865605
1.484,911.874476437945,2273.62095596488,49.9927435334798,49.9927628397228,1524.23122674639,874.050527339794,326.141363003066,326.511227318356,304.330855381425,-253.914373655613,-50.4164817584178,4.3152017847228,-8.13953262492452,3.82433084032544
1.485,910.946272772905,2274.59162256046,49.9927509198899,49.9927597499951,1523.73439244371,874.588700643946,326.141512053357,326.511173501026,325.99695121529,-178.274580559353,-147.722370709412,6.24039450455721,-7.65537822217655,1.41498371723074
1.486,910.305166807453,2275.26395051931,49.992756021649,49.9927576099087,1523.19444457889,875.153828819481,326.141674037717,326.511116988208,314.936185158332,-84.9758095192029,-229.96037571237,7.55322531573389,-6.42002303345473,-1.1332022832253
1.487,910.076335343271,2275.49660895469,49.992757842632,49.9927568693339,1522.32814119683,876.036765490586,326.141933928731,326.511028694541,273.826137571259,16.0173684866765,-289.843506147117,8.12585681847451,-4.55547797776903,-3.57037884220906
1.488,909.982855728994,2275.59921471562,49.9927585865191,49.9927565427296,1521.28591698533,877.07289910352,326.142246595995,326.51092508118,205.964898575727,115.800763643379,-321.765662318923,7.90391904698361,-2.24721150586064,-5.656707543134
1.489,910.320505308038,2275.31273740478,49.9927558995891,49.9927574546152,1520.82368948457,877.59061186771,326.142385264245,326.510873309904,116.90158173916,204.759151329361,-321.660733172647,6.90982647283822,0.283448625391023,-7.19327510065243
1.49,910.999477409593,2274.63237271239,49.9927504965008,49.9927596202833,1520.68425078428,877.7136298534,326.142427095855,326.510861008105,17.5685588842218,273.092972434002,-290.661531419245,5.23885138048145,2.78211020857209,-8.02096159175148
1.491,911.574324249772,2274.08641829886,49.992745922015,49.9927613581102,1520.92347781719,877.490066782523,326.142355327745,326.510883364412,-83.8029390246978,314.605160448909,-230.802221515509,3.05553145880145,5.01186501495272,-8.06739647655966
1.492,911.851593272364,2273.8525232989,49.9927437155782,49.9927621026211,1521.23205071367,877.219320457459,326.142262755876,326.510910439045,-177.053498957503,325.94725428365,-148.893755403277,0.571868283320368,6.75282980918467,-7.32469809524926
1.493,912.283478112896,2273.41848697798,49.9927402787479,49.9927634842016,1521.74992767146,876.725582251604,326.142107392789,326.510959812865,-252.471041250057,304.564575443228,-52.0935342510875,-1.96761694181459,7.82876599956852,-5.86114906027745
1.494,912.409379619801,2273.31733893341,49.9927392768555,49.9927638061658,1522.11358940108,876.366295146464,326.14199829427,326.510995741576,-303.465328929563,253.812413391496,49.6529155025324,-4.3129081274022,8.14075283966775,-3.8278447144189
1.495,912.468469594902,2273.28215339173,49.9927388066324,49.9927639181649,1523.12226402135,875.374780663421,326.141695691884,326.511094893024,-325.441743494921,178.433666698174,147.008076784388,-6.23703790768175,7.65671227535328,-1.4196743693364
1.496,912.578418772778,2273.19315143707,49.9927379316847,49.9927642014669,1524.0640845427,874.465476960255,326.141413145728,326.511185823394,-314.687613177002,85.005861033468,229.681752152506,-7.55114802640122,6.42117783106868,1.12997019422745
1.497,911.944493205568,2273.8452797785,49.992742976304,49.9927621256779,1524.6841991266,873.842938389937,326.141227111352,326.511248077251,-273.54762183768,-16.5329572789947,290.08057914399,-8.12525193972417,4.55930165621051,3.56595028298921
1.498,910.690540110816,2275.10461196609,49.9927529549457,49.9927581170991,1525.0473786707,873.48393975461,326.141118157489,326.511283977115,-206.107063773547,-116.03945311356,322.146516927582,-7.90429341278263,2.25104623634485,5.65324717646252
1.499,909.534057189456,2276.30818543892,49.9927621579444,49.9927542860057,1524.83906072946,873.729768767655,326.141180652872,326.511259394214,-117.498157297064,-204.730573982941,322.22873132794,-6.91150807731127,-0.27935683655956,7.19086491436454
1.5,908.588904109724,2277.23928433006,49.9927696792336,49.9927513222259,1524.6732224542,873.899005317966,326.141230404354,326.511242470559,-18.2997418370417,-272.450468575497,290.750210461892,-5.2400798948132,-2.77953734292181,8.01961723858234
1.501,907.568108582949,2278.2769907422,49.9927778024663,49.9927480191038,1523.94679995978,874.617138478749,326.141448331102,326.511170657243,82.9920086544637,-314.388239877068,231.3962312664,-3.05891370159677,-5.00889682416759,8.06781052681867
1.502,907.673730601971,2278.22079185134,49.992776961953,49.9927481979904,1523.51835434649,875.103197893134,326.141576864786,326.511122051301,176.90681254661,-325.386812734752,148.480000220167,-0.574218810819805,-6.75124912125137,7.32546793316593
1.503,907.375575153978,2278.50162203601,49.9927793345987,49.9927473040802,1523.34878025953,875.271931656097,326.141627737013,326.511105177925,252.544036015465,-304.143265132084,51.5992291300343,1.96265960389707,-7.82665460556148,5.86399500261837
1.504,907.899127834925,2278.00263828812,49.9927751682988,49.9927488923948,1523.38893624676,875.242149161603,326.141615690216,326.511108156174,304.004135024485,-253.840675117345,-50.1634599154938,4.30958071670302,-8.14122620064964,3.83164548458925
1.505,907.782986248745,2278.15770817768,49.9927760925242,49.992748398792,1523.38282923749,875.263979219047,326.141617522319,326.511105973168,325.892327543581,-178.710883130097,-147.181444446425,6.2349230093561,-7.65819970004163,1.42327669087418
1.506,907.633144321223,2278.32223437653,49.9927772849284,49.9927478750889,1523.21110045371,875.472956187581,326.141669040954,326.511085075472,315.184563697595,-85.5680749487267,-229.61648880623,7.55041521298469,-6.42420534435471,-1.12620986900587
1.507,907.827251683442,2278.13355407015,49.9927757402711,49.9927484756769,1522.69268756337,875.98038738823,326.141824564821,326.511034332352,274.174261682472,15.5553734681081,-289.729635229074,8.12538397924441,-4.56246327345069,-3.56292070678455
1.508,907.959415213183,2278.02814108986,49.9927746885471,49.9927488112169,1522.03439119453,876.646155291986,326.142022053732,326.510967755561,205.782200159364,115.599798370225,-321.381998624151,7.90665224357818,-2.25493406923394,-5.65171817593632
1.509,908.189960333045,2277.82977343775,49.9927728539273,49.9927494426407,1521.9249067542,876.804418318598,326.142054899064,326.510951929259,117.470623464233,204.194781326566,-321.665404894989,6.91346189404675,0.275813786368901,-7.18927568253513
1.51,908.350101040057,2277.65949034321,49.9927715795681,49.9927499846686,1522.53516891856,876.18441648719,326.141871820415,326.511013929442,18.0835637633016,272.71303623557,-290.796600108184,5.24379644044215,2.77536024102242,-8.01915668401299
1.511,908.076913434801,2277.94599293222,49.992773753526,49.9927490727026,1523.22077500864,875.495416008507,326.141666138588,326.51108282949,-83.5428162935118,314.648047289884,-231.105231103483,3.0623562094572,5.00522526062476,-8.0675814729245
1.512,908.016039080527,2278.03648013542,49.9927742379487,49.9927487846729,1523.32027751348,875.429926974612,326.141636287836,326.511089378393,-176.748499912482,326.051178152385,-149.302678338091,0.578237339675358,6.74841034167388,-7.326647684322
1.513,907.675804491105,2278.37439450248,49.9927769454495,49.992747709058,1523.50945425267,875.251484783898,326.141579534815,326.511107222612,-252.243695002655,304.498131598658,-52.2544366795354,-1.95979088016505,7.82614529112566,-5.86635441388902
1.514,907.459261007443,2278.5916351435,49.9927786686478,49.9927470175596,1523.73331484795,875.037450178989,326.141512376636,326.511128626072,-303.591914767536,254.049700122125,49.5422145810662,-4.30716164495212,8.14040611666841,-3.8332444744307
1.515,907.278947792392,2278.83371915329,49.9927801035348,49.9927462469822,1523.87760913843,874.894865526539,326.141469088349,326.511142884538,-325.1857613104,178.625405990703,146.560355276954,-6.23374243900388,7.66071438195102,-1.42697194529957
1.516,906.633254004573,2279.4834434207,49.9927852418027,49.9927441788457,1523.79244948762,875.014690863656,326.141494636244,326.511130902004,-314.509619968556,85.292529906892,229.2170900397,-7.54854772481011,6.42616835639827,1.12237936652752
1.517,905.876617988175,2280.25242805412,49.9927912629208,49.9927417310916,1523.6510418525,875.153891508537,326.141537058535,326.51111698194,-273.853623268902,-16.3195060117177,290.173129277155,-8.12470416118157,4.56617879622335,3.55852536359217
1.518,905.276131895907,2280.86114053167,49.9927960414373,49.9927397934996,1523.6457754615,875.160801006789,326.141538638452,326.51111629099,-206.217588209624,-115.807401252843,322.024989473777,-7.90730057384987,2.25926290725716,5.64803766574549
1.519,905.255534604329,2280.91893774014,49.9927962053453,49.9927396095253,1523.63866221898,875.22425895529,326.141540772425,326.511109945195,-117.925223740372,-204.50303812064,322.428261881438,-6.9159690207981,-0.272685886815601,7.18865490723426
1.52,905.657927119089,2280.51097704579,49.9927930032074,49.9927409081046,1523.47152575973,875.37675304358,326.141590913362,326.511094695786,-18.744329754905,-272.562723193279,291.307052971108,-5.24650390006031,-2.7731754091535,8.01967930920128
1.521,905.41132773298,2280.76901886476,49.992794965583,49.9927400867319,1523.26325989834,875.593500796056,326.141653393121,326.511073021011,82.8054225596863,-313.988076142908,231.182653601797,-3.06506140356755,-5.00281827315005,8.06787967693346
1.522,905.386874592095,2280.82863481602,49.9927951601749,49.9927398969685,1523.07161149649,875.811661981232,326.141710887641,326.511051204892,176.637144839052,-325.264796228001,148.627651396871,-0.582609049797335,-6.74624937849714,7.32885842857716
1.523,905.405841666249,2280.79501298794,49.9927950092397,49.9927400039901,1523.14852290385,875.747414586354,326.141687814219,326.511057629632,252.182980431352,-304.361159216358,52.1781787801486,1.95659633122463,-7.82523854101326,5.86864220998678
1.524,905.719541616152,2280.49586958418,49.9927925128948,49.9927409561931,1523.15770087245,875.730088350992,326.141685060829,326.511059362255,303.656408677151,-253.951591227892,-49.7048174702162,4.30344228015215,-8.14156289520747,3.83812061504328
1.525,905.72873005404,2280.51015080771,49.9927924397756,49.9927409107346,1523.56689898106,875.330865113519,326.141562301396,326.511099284579,325.998902234783,-178.904937586937,-147.093964687454,6.22963465581682,-7.66044490981197,1.43081025365641
1.526,905.642391994488,2280.60656854192,49.992793126832,49.9927406038274,1523.84671594366,875.081560448702,326.141478356307,326.511124215046,315.31529722596,-85.5499936578207,-229.765303627113,7.54687988216834,-6.42791970721254,-1.11896017571476
1.527,905.730234838726,2280.52272347539,49.9927924278009,49.9927408707145,1523.4837874424,875.434103726513,326.141587234858,326.511088960718,274.329619288535,15.2139082919697,-289.543527657621,8.12437798382041,-4.56819539358394,-3.55618259147417
1.528,905.420128990662,2280.86152016385,49.9927948955448,49.9927397922912,1523.23942102682,875.685742476052,326.141660544782,326.511063796843,206.395315254921,115.097664191358,-321.492979538172,7.90899270200314,-2.26236584915228,-5.64662685457987
1.529,905.380708560391,2280.92864691703,49.9927952092426,49.9927395786201,1523.76844211488,875.202613721809,326.141501838456,326.511112109718,117.482484802583,204.318894888052,-321.801379792371,6.91750581184639,0.268373170079752,-7.18587898411061
1.53,904.78497790653,2281.5192380162,49.9927999499166,49.9927376987102,1524.11190253268,874.846800981827,326.141398800331,326.511147690992,18.5454030118161,272.859120197062,-291.404523314405,5.24958562854622,2.76907849361828,-8.01866412471876
1.531,904.529568031037,2281.77770714764,49.9928019824038,49.9927368759774,1524.23296827005,874.718392363505,326.141362480609,326.511160531854,-83.0677723873223,314.63967596746,-231.571903682808,3.06897463387845,4.99938551803592,-8.0683601547148
1.532,904.164345328096,2282.1818913305,49.9928048887537,49.9927355894192,1524.17354997041,874.815770687524,326.141380306099,326.511150794022,-176.553216847044,325.920001160011,-149.366784406379,0.585832462964561,6.74467461285613,-7.33050707871641
1.533,903.843465057605,2282.50616247055,49.9928074422377,49.9927345572321,1524.13213621252,874.871591838056,326.141392730227,326.511145211907,-252.104719565432,304.799935192358,-52.6952157044429,-1.95278215038841,7.8250095790171,-5.87222743144898
1.534,903.153563317346,2283.20503735126,49.9928129323013,49.9927323326443,1523.5878272026,875.411273199071,326.14155602293,326.51109124377,-303.447905901144,254.34978142669,49.0981244174868,-4.29981622751887,8.14113537304677,-3.84131914810046
1.535,903.146571990483,2283.23002469185,49.9928129879366,49.9927322531071,1523.49046169975,875.527365195987,326.14158523258,326.511079634571,-325.416205535537,178.990360042415,146.42584545945,-6.22830542974078,7.66211003054657,-1.43380460297904
1.536,903.009025018688,2283.3724606001,49.9928140825006,49.9927317997195,1523.36755169751,875.675991928681,326.141622105581,326.511064771898,-314.688456721484,85.4329383088591,229.255518404092,-7.54543135295502,6.43002649509961,1.11540485620447
1.537,903.226927207542,2283.15301150019,49.9928123484901,49.9927324982477,1522.71325061458,876.317099350106,326.141818395906,326.511000661155,-273.939388776554,-15.8447591074468,289.784147898353,-8.12432303493771,4.57143894272291,3.55288409116595
1.538,903.636016141017,2282.75601529571,49.9928090930638,49.9927337619259,1522.39226572917,876.639936513453,326.141914691372,326.510968377439,-206.36906697574,-115.645558015525,322.014625023846,-7.90897149821357,2.26564017529291,5.64333132248758
1.539,903.873131945622,2282.55304058537,49.9928072061561,49.9927344080144,1522.38215461597,876.683723919387,326.141917724706,326.510963998698,-117.991320651766,-204.223568922653,322.214889619308,-6.91954516004062,-0.264626728414418,7.18417188858766
1.54,904.174802344485,2282.2370703748,49.9928048055394,49.9927354137788,1522.19595718662,876.868428284051,326.141973583934,326.510945528262,-19.3108721286437,-272.187446499411,291.498318678917,-5.25146810674299,-2.7661131659204,8.01758127326464
1.541,904.073621589024,2282.3613772514,49.9928056107103,49.9927350180978,1522.36580703508,876.695010262415,326.14192262898,326.510962870064,82.7396903611524,-314.409241126913,231.669550815257,-3.07187330141465,-4.99787614654959,8.06974944889543
1.542,904.239982293914,2282.22323359122,49.9928042868538,49.9927354578227,1522.11607048056,876.962503353898,326.141997549946,326.510936120755,176.166508484181,-325.574869903362,149.408361460162,-0.590199551325595,-6.74236995256444,7.33256950498215
1.543,904.426874021987,2282.02884764481,49.9928027996167,49.9927360765724,1522.30741037472,876.787447739692,326.141940147978,326.510953626316,251.942187115681,-304.542018266889,52.599831177426,1.94910171905947,-7.82363601421801,5.87453429622878
1.544,905.299174496769,2281.15891239622,49.9927958580701,49.9927388456623,1522.77824645631,876.294518600263,326.141798897153,326.51100291923,303.42790507466,-254.193739697769,-49.2341653702079,4.29600709215198,-8.14146309734623,3.84545600606392
1.545,905.983184881995,2280.48633818054,49.9927904148884,49.9927409865325,1523.15507209818,875.935834361504,326.141685849461,326.511038787654,325.996759071401,-179.075229917415,-146.921529169764,6.225253900235,-7.66233651758819,1.43708261786418
1.546,905.964423224029,2280.54106871533,49.9927905641889,49.9927408123198,1523.10376099291,876.027107585109,326.141701242793,326.511029660332,315.149991517117,-86.0939771877382,-229.056014367854,7.54515833701107,-6.43278835555439,-1.11236998142371
1.547,905.272070504054,2281.23140883902,49.9927960737568,49.9927386148989,1523.73066830333,875.388063825116,326.141513170599,326.511093564708,274.342282913256,15.2707161111916,-289.612999083884,8.12420037305561,-4.57495528149818,-3.54924509207321
1.548,904.84331979711,2281.65441953749,49.9927994856465,49.9927372684141,1524.16144501569,874.946709716016,326.141383937586,326.511137700119,206.591831655728,115.130913519658,-321.722745251701,7.9092342454381,-2.26942856629387,-5.63980568022277
1.549,904.604811071389,2281.93063813939,49.9928013836387,49.992736389183,1524.11278392565,875.036739129035,326.141398535913,326.511128697177,118.038324639472,204.024812837375,-322.063137564283,6.92144175010426,0.26136450384675,-7.18280625554843
1.55,904.235003268556,2282.29852632102,49.9928043264757,49.9927352181585,1524.2814242077,874.861989688276,326.141347943828,326.511146172122,18.6970577229556,272.431000506684,-291.128058320814,5.25513424498057,2.76242005935774,-8.01755430635297
1.551,903.296357451101,2283.24596883137,49.9928117959817,49.9927322023553,1524.77227020934,874.357715886875,326.141200690028,326.511196599502,-82.7622294048216,314.518048584854,-231.755819267844,3.07650644216631,4.99326714842752,-8.06977359288046
1.552,902.449514506691,2284.13330833,49.9928185349438,49.992729377866,1524.53060394505,874.638179331166,326.141273189907,326.511168553157,-176.360126778433,326.045406455317,-149.68527975501,0.593683004838216,6.74082612697758,-7.33450913420865
1.553,902.155614679885,2284.40354588578,49.9928208737243,49.9927285176731,1524.44807640326,874.732902839214,326.141297948169,326.511159080806,-252.00576701242,304.9418542151,-52.9360872653382,-1.94510284506974,7.82222823988112,-5.87712539713623
1.554,901.590693224454,2284.99123602802,49.9928253692264,49.9927266469973,1524.66863126431,874.520504868506,326.141231781711,326.511180320604,-303.315278942578,254.506299119884,48.8089797795322,-4.29404382618395,8.1419415911675,-3.84789776707398
1.555,901.326287173641,2285.25683343143,49.9928274733029,49.9927258015745,1524.55351070253,874.64238856458,326.14126631788,326.511168132234,-325.351611338115,178.995215578406,146.356395738476,-6.22320538588473,7.66369408042208,-1.44048869625008
1.556,901.185605687932,2285.41988753045,49.9928285928106,49.9927252825572,1523.76333580545,875.454185025257,326.141503370349,326.511086952588,-314.710498000216,85.6203988547904,229.090099146973,-7.54341409171635,6.43510790854518,1.10830618194614
1.557,901.002719349899,2285.58863759299,49.9928300481738,49.992724745409,1522.68508419871,876.494631356137,326.141826845831,326.510982907955,-274.492144653119,-15.3536616797964,289.845806355237,-8.12331177954536,4.57911014040141,3.54420163847269
1.558,901.149400962222,2285.45510051562,49.9928288809186,49.9927251704708,1522.01606801991,877.19303956361,326.142027550684,326.510913067134,-206.653296184841,-115.253791458069,321.90708768156,-7.91084619833343,2.27269324392878,5.63815295429501
1.559,901.23202177289,2285.39010958503,49.9928282234431,49.9927253773433,1522.16991656028,877.078467518718,326.141981396122,326.510924524339,-118.122508394028,-204.294916989544,322.417425432492,-6.92271851408208,-0.2576331509661,7.18035166544903
1.56,902.000498573032,2284.61454770718,49.992822108099,49.9927278460335,1521.73230057931,877.504587903119,326.142112680917,326.5108819123,-19.2935111227528,-271.781987813891,291.075498988911,-5.25693695677545,-2.7594037185028,8.01634067608423
1.561,901.71221780897,2284.91022578412,49.9928244021645,49.9927269048609,1521.5287714734,877.68752095058,326.142173739648,326.510863618995,82.2136260087446,-313.916780903432,231.703154943065,-3.07950673595207,-4.99102180093998,8.07052853795804
1.562,902.263728090208,2284.3801609642,49.9928200133851,49.9927285921096,1521.2955860999,877.945735316726,326.14224369526,326.510837797559,175.885956811841,-325.501144837953,149.615188064519,-0.596606455196715,-6.73832867387615,7.33493513022911
1.563,902.915249735068,2283.7282615925,49.9928148287406,49.9927306671698,1521.19756098102,878.050064237739,326.142273102796,326.510827364667,252.087595547677,-304.745574019653,52.6579784982794,1.94183466468743,-7.82198614500887,5.88015148141835
1.564,903.840227100715,2282.80314137531,49.9928074680046,49.9927336119189,1521.57839959651,877.664559292361,326.142158851211,326.510865915161,303.595444270249,-254.338576345165,-49.2568679153682,4.29047846823559,-8.14140236985873,3.85092390252533
1.565,904.146594517711,2282.4983776277,49.9928050300101,49.992734582012,1521.85481216265,877.396315691377,326.142075927442,326.510892739521,325.984915708161,-179.639296720952,-146.345618996646,6.22047569981179,-7.66416199754341,1.44368629831289
1.566,904.834870962068,2281.84721897926,49.9927995528802,49.9927366547144,1522.20129213482,877.075471913053,326.14197198345,326.510924823899,315.52998964335,-86.3995228934509,-229.130466779516,7.54272862835817,-6.4377415963841,-1.10498703181558
1.567,904.713770506179,2281.96833288456,49.992800516567,49.9927362691969,1522.67190792589,876.579964422285,326.141830798713,326.510974374648,274.526735575846,14.8166754599484,-289.343411084577,8.12369143675153,-4.58155932290038,-3.54213211418232
1.568,904.88666331372,2281.79310118074,49.9927991407298,49.9927368269767,1522.51973912761,876.723266030034,326.141876449352,326.510960044487,206.720678744684,114.743707875429,-321.464386684827,7.91183200149574,-2.27693501070284,-5.63489699163275
1.569,905.202956741607,2281.50242581227,49.9927966237467,49.9927377522251,1522.99991978902,876.286579878015,326.141732395154,326.511003713103,118.013747217607,203.857316565188,-321.871063858852,6.92502492840516,0.253611908854148,-7.17863683857802
1.57,905.46560576429,2281.22713516134,49.9927945336522,49.9927386285025,1523.42652344432,875.839692721731,326.141604414057,326.511048401818,19.0724706953694,271.859190390795,-290.931661168258,5.26092114581695,2.75473986232393,-8.01566100986551
1.571,904.87459229678,2281.84679739496,49.9927992367879,49.9927366560563,1523.87351630746,875.402608486447,326.141470316198,326.511092110242,-82.7868729872507,314.596766842138,-231.809893936303,3.08258363979641,4.98936316936304,-8.07194681117758
1.572,904.834789770497,2281.90248150801,49.9927995535263,49.9927364788083,1523.9857242218,875.310947909238,326.141436653824,326.511101276299,-176.412735304003,326.212676449656,-149.799941219387,0.600407337975542,6.73630694513679,-7.33671428527514
1.573,904.691373783772,2282.0321328001,49.9928006947945,49.9927360661154,1524.0357928553,875.260582279465,326.141421633234,326.511106312862,-251.70776510956,305.07741810632,-53.3696530565883,-1.9386020002271,7.82068187690335,-5.88207987881421
1.574,904.828615130314,2281.89363061844,49.9927996026626,49.9927365069816,1523.78867608727,875.504849528839,326.141495768264,326.511081886138,-303.288106297326,254.76860468414,48.5195015722261,-4.28738651488934,8.14134523248182,-3.85395871953548
1.575,904.892763239815,2281.86190579345,49.9927990921881,49.9927366079648,1524.37350225016,874.935116755134,326.141320320415,326.511138859415,-325.258245167641,179.341695908054,145.916549240642,-6.21878334602834,7.66748974807619,-1.44870640364111
1.576,904.46766561745,2282.29953785515,49.9928024750075,49.9927352149387,1525.02718338001,874.309831087193,326.141124216076,326.511201387982,-314.946112064372,85.9896489900303,228.956463077233,-7.54068207044269,6.43975028279311,1.10093178652429
1.577,903.967567649114,2282.79399436684,49.9928064546607,49.9927336410347,1524.7725503444,874.553531777552,326.141200605987,326.511177017913,-274.26618303188,-15.1832140527053,289.4493971075,-8.12287595136114,4.58352675413522,3.53934919663259
1.578,903.767384067863,2283.00801096849,49.992808047671,49.9927329597987,1524.3869155959,874.927243989441,326.141316296412,326.511139646691,-206.904480387319,-114.749125527773,321.653605954785,-7.91291722702713,2.2801109709393,5.63280625604106
1.579,903.598602319458,2283.20125922146,49.9928093907935,49.9927323446704,1524.20798659788,875.142451692952,326.141369975111,326.511118125921,-118.655469549967,-203.851486841533,322.506956442829,-6.92783977880578,-0.249459062279532,7.17729884154949
1.58,903.233158470831,2283.53648519362,49.9928122989032,49.992731277613,1524.04760798094,875.287794760889,326.141418088696,326.511103591614,-19.829779750219,-271.44085047111,291.270630277197,-5.26315611572851,-2.75106611639206,8.0142222330037
1.581,903.056817658885,2283.71967318409,49.9928137021788,49.9927306945075,1523.70107933098,875.634039918784,326.141522047291,326.511068967099,81.8835077615102,-313.539298065823,231.655790357557,-3.08572306094444,-4.98515766100795,8.07088072311773
1.582,902.654684315592,2284.15660849483,49.9928169022543,49.9927293036992,1522.9878663848,876.361034367297,326.141736011175,326.510996267654,175.85413197335,-325.456789511168,149.602657581492,-0.604863939854111,-6.7340658374665,7.33892977860333
1.583,902.717531668655,2284.07678635703,49.992816402131,49.992729557781,1522.32036524501,877.047156741879,326.141936261517,326.510927655416,251.658885872449,-304.516610921693,52.8577250776832,1.93561277598943,-7.81961005423829,5.88399727947214
1.584,903.132314540181,2283.66757557388,49.9928131013937,49.9927308603394,1521.64161309884,877.71634088703,326.142139887161,326.510860737002,303.401195147486,-254.665209829199,-48.7359853101961,4.2850654484701,-8.14223503671381,3.85716958923249
1.585,903.76160876776,2283.05012924554,49.9928080936294,49.9927328257321,1521.12320523034,878.230899435724,326.142295409521,326.510809281147,325.857395055422,-179.767275841161,-146.090119229523,6.21572811744173,-7.66803043866511,1.45230232182086
1.586,904.411423321898,2282.40819205117,49.9928029225695,49.9927348690816,1520.60242136208,878.77741429212,326.142451644682,326.510754629661,315.687286406532,-86.5535699724331,-229.133716473977,7.53920778837512,-6.44205370355495,-1.09715408473822
1.587,905.102443665355,2281.72108738203,49.9927974236043,49.9927370562037,1520.48717834366,878.882176338683,326.142486217587,326.510744153457,274.648590003905,14.3700443185522,-289.018634385318,8.12319588430853,-4.58752390653107,-3.53567197829301
1.588,905.445926404717,2281.38449420493,49.9927946902555,49.9927381276131,1520.92168533506,878.433576826576,326.14235586549,326.510789013408,207.08799438795,114.482170213364,-321.570164683055,7.91413115373257,-2.28449795177008,-5.62963320309608
1.589,905.910216707153,2280.93303429245,49.9927909955507,49.9927395646546,1521.52544659091,877.878206652896,326.142174737113,326.510844550425,118.399313171583,203.57035657351,-321.969669840742,6.92849799254228,0.246691761767497,-7.17518975602298
1.59,906.23630411251,2280.60606383342,49.9927884006296,49.9927406054339,1522.07283728578,877.302483366422,326.142010519905,326.510902122754,19.3034125928168,271.84273645063,-291.146149146768,5.26689472113507,2.74775415137486,-8.01464887472031
1.591,906.019747072211,2280.81290640911,49.9927901239357,49.9927399470335,1522.66704521876,876.701522425904,326.141832257525,326.510962218848,-82.5698553817541,314.403968768273,-231.834113489554,3.08929397773584,4.98202640491337,-8.07132038522271
1.592,906.014015642981,2280.83792381267,49.992790169545,49.9927398674007,1522.9702256221,876.416542066439,326.141741303404,326.510990716884,-175.602118304219,326.12408835004,-150.521970141018,0.607848060423561,6.73182678535366,-7.33967484854344
1.593,906.239654689938,2280.60023802751,49.9927883739665,49.992740623978,1523.29045041444,876.102203710766,326.141645235966,326.511022150719,-251.500080214392,304.840871770027,-53.3407916352343,-1.9315481255051,7.81823744129383,-5.88668931855138
1.594,906.173778731449,2280.69668362501,49.9927888981907,49.9927403169822,1523.61549477981,875.773812055865,326.141547722656,326.511054989885,-303.067577279535,254.946971164251,48.1206060574551,-4.2822737178852,8.14338821580176,-3.86111450047139
1.595,906.095871360653,2280.78779087347,49.9927895181579,49.9927400269788,1523.76650066622,875.6316090005,326.141502420891,326.51106921019,-325.29902993942,179.530040450485,145.768989456674,-6.21343020795228,7.66967913101859,-1.45624892522635
1.596,906.094612792626,2280.80364669323,49.9927895281733,49.9927399765081,1524.56996546641,874.850786161844,326.14126138145,326.511147292474,-314.966035582716,86.2162919552988,228.749743623505,-7.53785500662679,6.44518974987656,1.09266525514248
1.597,905.975359015595,2280.91919512131,49.9927904771647,49.9927396087061,1525.28323953592,874.131561799143,326.14104739923,326.51121921491,-274.555581676552,-14.8961042574638,289.451685956768,-8.12318260215389,4.59065761884598,3.53252498236001
1.598,905.534458303166,2281.35393307416,49.9927939857411,49.9927382248922,1525.89041808582,873.52127991829,326.140865245665,326.511280243099,-207.037983002046,-114.760030223778,321.798013270544,-7.91362099256985,2.28668424892316,5.62693674339364
1.599,904.855447430352,2282.06075829517,49.9927993891379,49.9927359749976,1526.02244083877,873.418527286047,326.140825638839,326.511290518362,-118.701687110298,-203.713103903168,322.414791072394,-6.93078780413548,-0.242562838350376,7.17335064288464
1.6,903.980571024437,2282.91284198934,49.9928063511831,49.992733262731,1525.10576591785,874.312918532245,326.141100641315,326.511201079237,-19.9781322253774,-271.732537188972,291.710669477152,-5.26850828698681,-2.74497471665468,8.01348300456365
1.601,903.309960494884,2283.59338114584,49.9928116877322,49.9927310965076,1523.83023841133,875.582595493143,326.141483299567,326.511074111541,81.7150937214769,-313.956938436236,232.241844771767,-3.09286480284987,-4.97965974731466,8.07252455141589
1.602,903.175545228171,2283.74422434346,49.9928127573749,49.9927306163588,1522.77955822586,876.663009860273,326.141798503623,326.510966070104,175.412754142969,-325.440989032915,150.028234932059,-0.611912564758778,-6.7298513749258,7.34176394103723
1.603,903.269086955851,2283.6436091654,49.9928120129934,49.9927309366268,1521.84054423551,877.601982681639,326.14208020782,326.510872172822,251.548513365373,-304.793973958231,53.2454606120758,1.92770586297229,-7.81777197647236,5.8900661147121
1.604,903.81693820592,2283.10455774935,49.9928076533317,49.9927326524808,1520.95618327424,878.483281301935,326.142345516108,326.51078404296,302.996984427792,-254.806311735216,-48.1906727018751,4.27847608204653,-8.14264023197457,3.86416415076685
1.605,904.317241905377,2282.61072183195,49.9928036720414,49.9927342244093,1520.367139612,879.079234813525,326.142522229207,326.510724447609,325.822013189785,-179.908019802985,-145.913993427169,6.21138976521477,-7.6706205668092,1.45923080186484
1.606,905.369761756234,2281.57263681391,49.9927952963545,49.9927375287366,1520.300204283,879.169276650892,326.142542309805,326.510715443425,315.320742639817,-86.7639670676698,-228.556775643097,7.53657451855538,-6.447339606174,-1.08923491281844
1.607,906.180307338641,2280.74424505347,49.9927888462377,49.9927401655894,1520.67708466394,878.76610559862,326.142429245691,326.510755760531,275.038230111764,14.1958221913211,-289.234052400745,8.12194022197864,-4.59356640612088,-3.52837381706801
1.608,906.989548682925,2279.9353953285,49.9927824064997,49.9927427402381,1520.90660928266,878.531370672341,326.142360388306,326.510779234023,207.026080047273,114.274667877372,-321.300748042707,7.91444522484923,-2.29012803641577,-5.62431719040407
1.609,907.272441803951,2279.67107189791,49.9927801553078,49.9927435816057,1521.19434939281,878.281614376615,326.142274066273,326.510804209653,118.890019365037,203.273524195129,-322.163543690238,6.93246039322015,0.238916681217272,-7.17137707708012
1.61,907.488768049575,2279.4497099817,49.9927784338382,49.9927442862225,1522.08384875088,877.368377549973,326.142007216465,326.510895533335,19.5278216316524,271.888904588639,-291.416726353203,5.27204321864844,2.74137384770666,-8.01341706951697
1.611,907.103252834226,2279.85031039542,49.9927815016708,49.9927430110718,1522.51458696085,876.934041003276,326.141877995002,326.51093896699,-81.9005809638773,314.312239350488,-232.411658512038,3.09627506591201,4.97747635732284,-8.07375142670918
1.612,906.922777825409,2280.05586672414,49.9927829378453,49.9927423567657,1523.07245620855,876.382614299473,326.141710634228,326.51099410966,-175.535971948109,325.954880409939,-150.418908570576,0.616579140802927,6.72746815845065,-7.34404730280039
1.613,906.853559326915,2280.10623998938,49.9927834886686,49.9927421964226,1523.14509163825,876.332696149842,326.141688843599,326.510999101475,-251.228434765349,305.252692589697,-54.024257908149,-1.92407636110757,7.81652615980524,-5.89244980206476
1.614,906.510736832746,2280.43198595258,49.9927862167634,49.992741159541,1523.25602033375,876.209970032026,326.14165556499,326.511011374087,-302.950121964557,255.082269034563,47.867852876552,-4.27447151096323,8.14052641573512,-3.86605490771957
1.615,906.556924858555,2280.40834843938,49.9927858492107,49.9927412347816,1522.99465995489,876.475335995682,326.141733973104,326.510984837491,-325.230958692314,179.729657412276,145.501301259574,-6.20911560167437,7.67137125766315,-1.46225565831803
1.616,906.543821694049,2280.43958618181,49.9927859534824,49.9927411353487,1523.16833197902,876.327662179353,326.141681871497,326.510999604872,-314.958831484629,86.57597093306,228.382860562555,-7.53517973283832,6.44902392078409,1.08615581048247
1.617,906.516591835207,2280.47320322493,49.9927861701707,49.9927410283424,1523.19581963629,876.276620945367,326.1416736252,326.511004708996,-274.647578341484,-14.5748302081758,289.222408587385,-8.12305390712693,4.59709001416028,3.52596389220448
1.618,906.546306880975,2280.43112645034,49.9927859337059,49.9927411622769,1523.33251109063,876.141721583492,326.141632617763,326.511018198932,-207.259637265545,-114.487643055022,321.747280377982,-7.91593507941622,2.29449114629734,5.62144393313713
1.619,906.240900299745,2280.76873171987,49.9927883640543,49.9927400876459,1523.67363108556,875.829674330312,326.141530281765,326.511049403657,-119.386826662891,-203.328993069283,322.715819800466,-6.93510681219259,-0.235214198880824,7.17032101176692
1.62,906.242239378118,2280.74235407091,49.9927883533982,49.9927401716086,1523.01293155641,876.471704443846,326.141728491623,326.510985200646,-20.2229159584418,-271.274641972846,291.497558000609,-5.27438586759889,-2.73763809388568,8.01202396268233
1.621,906.333063387543,2280.66342443344,49.9927876306437,49.9927404228495,1522.50302376292,876.97856833363,326.141881463962,326.510934514257,81.258238149762,-313.495612412013,232.237374322602,-3.0997327034587,-4.97432023952752,8.07405294446875
1.622,906.48082319127,2280.54376810051,49.9927864548086,49.9927408037274,1522.40316246583,877.105794817242,326.141911422351,326.510921791609,175.354185972123,-325.604707747838,150.250521818061,-0.619328534373733,-6.72620128971354,7.34552982560848
1.623,906.632552489284,2280.37211780578,49.9927852473852,49.9927413501072,1522.37528400384,877.135103156792,326.141919785889,326.510918860775,251.357208476764,-304.975598328163,53.6183898683253,1.92050908557782,-7.81545898417295,5.89494989990477
1.624,907.160734329949,2279.85667971783,49.9927810442476,49.9927429907976,1522.13074930283,877.367321268306,326.1419931463,326.510895638964,303.265742974851,-255.218988521607,-48.0467544668968,4.27226222824569,-8.14317659537449,3.87091436799494
1.625,907.425471457341,2279.58585295198,49.9927789375365,49.992743852866,1521.83256594185,877.673429682263,326.142082601308,326.510865028122,325.939954474589,-180.116700731128,-145.823253789611,6.206120004923,-7.67196332009643,1.46584331540657
1.626,907.297579352425,2279.71682503273,49.9927799552695,49.9927434359689,1521.58395121892,877.944149444237,326.142157185725,326.510837956146,315.423057418373,-87.1387538606316,-228.284303635544,7.53288388411173,-6.45045529865125,-1.08242858598652
1.627,907.682690859583,2279.32126860101,49.9927768906495,49.9927446950642,1521.71265164802,877.785066867662,326.142118575596,326.510853864404,274.946018956185,13.7642269893176,-288.71024605144,8.12215177325245,-4.59931124806567,-3.52284052653668
1.628,908.364395383101,2278.64465486992,49.9927714658173,49.9927468487925,1521.17837169497,878.315527667789,326.142278859582,326.510800818324,207.631311946104,113.592438694672,-321.223750768237,7.91711490803565,-2.29731010144032,-5.61980480875237
1.629,908.985715769991,2278.04465535932,49.9927665215068,49.9927487586503,1521.06841827102,878.44839572978,326.142311845609,326.510787531517,119.507782640957,202.643530620095,-322.151313401245,6.93700497866784,0.230990678915678,-7.16799566045304
1.63,909.432862949229,2277.5915232614,49.9927629632226,49.9927502010146,1521.60239703695,877.906656018615,326.142151651979,326.510841705489,19.7550267836544,271.283507409533,-291.03853433524,5.27803048778645,2.73413517721305,-8.01216566841192
1.631,909.441780111176,2277.58395242942,49.9927628922621,49.9927502251133,1522.04503857045,877.454817922638,326.142018859519,326.510886889298,-81.7831954774873,314.306632477516,-232.523437133491,3.10296507019631,4.97133715558803,-8.07430222951405
1.632,909.688933976488,2277.36467726228,49.9927609254741,49.9927509230878,1521.8402535075,877.672965188268,326.142080295038,326.510865074572,-175.3437429267,326.013245799166,-150.66950298808,0.62320981714647,6.72341860552194,-7.34662842646056
1.633,909.634520604066,2277.39029974543,49.9927613584819,49.9927508415289,1522.08437684938,877.441454115045,326.142007058036,326.510888225679,-251.107518624349,305.487792484295,-54.3802739493149,-1.91679361182015,7.81372736395959,-5.89693375573301
1.634,909.578610111774,2277.44024682513,49.9927618034035,49.9927506825424,1522.82570612935,876.687335213631,326.141784659252,326.510963637569,-302.70019632325,255.188237579441,47.5119586864103,-4.26826982249042,8.14107882890534,-3.87280900956149
1.635,909.321867752319,2277.72260315112,49.9927638464943,49.9927497837743,1522.92066127735,876.581886543072,326.141756172707,326.510974182436,-325.314207827624,180.222920495112,145.091287309428,-6.20426856508168,7.67488920648938,-1.47062064390157
1.636,909.496453132601,2277.56149126287,49.992762457188,49.9927502966094,1523.20742903127,876.329360940136,326.141670142381,326.510999434996,-315.285751701279,86.8606640462177,228.425087665962,-7.53228444214571,6.45353625325486,1.07874818719452
1.637,909.406967384515,2277.64745980873,49.9927631692929,49.992750022963,1523.61162271176,875.919977577107,326.141548884277,326.511040373333,-275.067442280329,-14.1684752678943,289.235917588964,-8.1216957477654,4.60217664377034,3.519519103167
1.638,908.32769503502,2278.73414689049,49.9927717578694,49.9927465639306,1524.08333043693,875.439301852629,326.141407371959,326.511088440905,-207.665094415762,-114.177147848541,321.842242327783,-7.91751867601003,2.30160683799814,5.61591183803553
1.639,907.802718851265,2279.27593548079,49.9927759354971,49.992744839364,1524.21123713474,875.3421004602,326.14136899995,326.511098161044,-119.280588089693,-203.103026986151,322.383615153065,-6.93859670075605,-0.22751759935154,7.16611430088394
1.64,907.235443191907,2279.81481197748,49.9927804497334,49.9927431240668,1523.50389796444,876.039593679063,326.141581201701,326.511028411722,-20.5585320170099,-271.564766437648,292.123298536546,-5.27868968551532,-2.73157189771141,8.01026158459551
1.641,907.013880933104,2280.04187726264,49.9927822128698,49.9927424012956,1522.28831100105,877.236212577272,326.14194587779,326.510908749833,81.1035023859435,-313.685535916771,232.582033607029,-3.10628558395606,-4.96799199477049,8.0742775804752
1.642,907.267466000276,2279.82474235946,49.992780194904,49.9927430924574,1522.05230389194,877.497789842018,326.142016679923,326.510882592106,175.001725434723,-325.529658979234,150.527933605134,-0.626989106813721,-6.72228847730747,7.34927758600108
1.643,907.672607502318,2279.39490277905,49.9927769708903,49.9927444606793,1522.09174465548,877.462826604226,326.142004847694,326.51088608843,251.26563908493,-304.898072846416,53.6324337980999,1.91320521046999,-7.81328538716016,5.90008017843899
1.644,908.361904588894,2278.70768572945,49.9927714856384,49.9927466481591,1521.19884397853,878.325443057989,326.142272717897,326.510799826785,303.155572544438,-255.33753217546,-47.8180403620451,4.26505742130348,-8.14266332304238,3.87760590311034
1.645,909.071048682424,2278.01510978014,49.992765842449,49.9927488526968,1520.4174522808,879.120857899902,326.142507135406,326.5107202853,325.845356556022,-180.65444662389,-145.19090995778,6.2017051500679,-7.67589345551456,1.47418830623373
1.646,909.493974737004,2277.59472789983,49.9927624769104,49.9927501908139,1520.27015720394,879.288494460878,326.142551323929,326.510703521644,315.565425052649,-87.5619627895637,-228.003462321086,7.5305300260862,-6.45601959378102,-1.07451043225189
1.647,910.214017211433,2276.86108627055,49.9927567469945,49.9927525260677,1520.5126395473,879.023849171571,326.142478579226,326.510729986173,275.201144613449,13.6704410120817,-288.871585712474,8.12121243792356,-4.60636599669626,-3.51484644198665
1.648,910.736236224796,2276.32801658607,49.9927525913076,49.9927542228812,1521.02593069333,878.509988709073,326.142324591882,326.510781372219,207.503600473171,113.719353237166,-321.222953820095,7.91747166780128,-2.30436005400598,-5.61311161536619
1.649,910.828354341674,2276.27907883146,49.9927518582549,49.992754378655,1520.93849366334,878.615840392506,326.142350822991,326.510770787051,119.568652544911,202.763595519734,-322.332248188998,6.9415221970953,0.223507789542886,-7.1650299889409
1.65,911.020307929626,2276.03683102467,49.9927503307368,49.9927551497537,1520.89476575584,878.655173612316,326.142363941364,326.510766853729,20.0983669732934,271.728223366202,-291.826590469243,5.28139959657745,2.72786448346373,-8.00926408292966
1.651,911.880958657354,2275.20344057878,49.9927434818959,49.9927578025179,1520.91962032616,878.619648925862,326.142356484993,326.510770406198,-81.3750353619466,314.169403051207,-232.794367813887,3.10963162082435,4.96621519530725,-8.07584681940233
1.652,912.563979709356,2274.54042627688,49.9927380465871,49.9927599129579,1521.45121750042,878.102649959493,326.14219700584,326.510822106094,-175.023239419836,326.114477189904,-151.091237880048,0.630452259814705,6.71941674944725,-7.3498690126742
1.653,913.055766697738,2274.04490048126,49.9927341330706,49.9927614902655,1522.93769664386,876.615802670425,326.141751062097,326.510970790823,-250.628649820967,305.265619934687,-54.6369702009042,-1.90893632165807,7.81236697470436,-5.90343065634752
1.654,912.896856754576,2274.20233685335,49.9927353976357,49.99276098913,1524.55397244878,875.00322468804,326.141266179356,326.511132048622,-302.850727714588,255.465966426042,47.3847612302219,-4.26231960081169,8.14236313012799,-3.88004353226358
1.655,911.571974263843,2275.54966612497,49.9927459407156,49.9927567004477,1525.78247323647,873.765226720738,326.140897629119,326.511255848418,-325.300320770987,180.422631248252,144.877689496399,-6.19865594400723,7.67680580426881,-1.4781498626468
1.656,909.897295486454,2277.21716517029,49.9927592673859,49.9927513926334,1526.00002640003,873.583296403548,326.14083236317,326.51127404145,-315.045358140382,87.0693465701262,227.976011576254,-7.52825524965333,6.45646161347234,1.07179363451173
1.657,908.86526069093,2278.26380432502,49.9927674800578,49.9927480610775,1525.38238150428,874.173248932637,326.141017656639,326.511215046197,-275.013791815349,-13.8419328988519,288.855724749063,-8.12228651707064,4.60934134314902,3.5129451730523
1.658,907.874003027241,2279.24346118494,49.9927753682357,49.9927449427328,1524.57645897798,874.983985952003,326.141259433397,326.511133972495,-207.639756294694,-114.015656543673,321.655412896099,-7.91875611244397,2.30820034179691,5.61055577058006
1.659,907.082063781062,2280.05468905267,49.992781670288,49.9927423605144,1523.79725052437,875.800228030554,326.141493195933,326.511052348287,-119.892022154051,-202.849737191926,322.741759418087,-6.94268034408962,-0.22066304986952,7.1633433946183
1.66,907.509871369207,2279.60693871922,49.9927782659033,49.9927437857479,1523.08047144612,876.498961180998,326.141708229657,326.510982474972,-20.8097486585978,-271.427371012249,292.237119746704,-5.28616412265996,-2.72423166613112,8.01039579002089
1.661,907.67764096769,2279.45232133057,49.9927769308353,49.9927442779104,1522.2928252248,877.280745556185,326.141944523523,326.510904296535,80.8350734167075,-313.480555567818,232.645482220377,-3.11299702092268,-4.96255785201733,8.07555487452569
1.662,907.593018634332,2279.5485216648,49.9927776042384,49.9927439716952,1521.25394071988,878.324105017939,326.142256188874,326.510799960589,174.644064613335,-325.504244501566,150.860179941011,-0.634682504576786,-6.71676732392502,7.35144983019312
1.663,908.016357455907,2279.10406782506,49.9927742354151,49.9927453864357,1520.15221322341,879.43540272067,326.142586707123,326.510688830818,250.767458919738,-304.928977734407,54.1615188436769,1.90574290221112,-7.81076974498084,5.9050268443108
1.664,908.817498936695,2278.28225717112,49.9927678601338,49.9927480023403,1519.39134617653,880.182284685414,326.142814967237,326.510614142622,303.188533372932,-255.643331549817,-47.5452018239617,4.25934607653181,-8.14227255943944,3.88292648405784
1.665,910.476379483462,2276.64449848788,49.9927546591818,49.9927532154881,1519.20559189748,880.370031151442,326.142870693521,326.510595367975,325.68977821009,-180.789598233697,-144.900180010169,6.19750341907105,-7.67834138570805,1.48083796719132
1.666,911.32126160082,2275.81781712678,49.9927479358236,49.9927558468966,1519.60937043437,879.983325571608,326.14274955996,326.510634038533,315.547035436212,-87.6243085882359,-227.922726916099,7.52825941516573,-6.46069706242923,-1.06756235293777
1.667,911.683911818762,2275.4451886604,49.9927450499448,49.9927570330098,1519.83871885401,879.730370080533,326.142680755434,326.510659334082,275.317830731748,13.3240228848378,-288.641853715985,8.1205648490124,-4.61179880319722,-3.50876604686603
1.668,912.172419748838,2274.94694445164,49.9927411625223,49.9927586189704,1519.47060866808,880.090290320224,326.14279118849,326.510623342058,207.827912904429,113.411967819529,-321.239880848847,7.92014111940946,-2.31141531406789,-5.60872580725298
1.669,912.905805534775,2274.24365938593,49.9927353264236,49.9927608575963,1519.64626995913,879.949148301471,326.142738490103,326.51063745626,119.603444553472,202.584475402881,-322.187920098132,6.94463491031699,0.216960482887932,-7.16159539590641
1.67,913.797973544245,2273.3294385125,49.9927282267762,49.9927637676517,1520.52354256395,879.046463419181,326.142475308321,326.510727724748,20.3753549242191,271.350084657963,-291.725439731649,5.2892717940879,2.7198161845779,-8.00908798201717
1.671,914.271032699593,2272.87704475979,49.992724462291,49.9927652076657,1522.10223222841,877.465845115775,326.142001701422,326.510885786579,-81.1467607065058,314.090428526293,-232.943667966166,3.11731810344789,4.9597656732184,-8.07708378046552
1.672,914.210654500913,2272.95391849493,49.9927249427654,49.992764962969,1522.95184805313,876.632198124639,326.141746816674,326.510969151278,-174.664207319405,326.031512090499,-151.367304903947,0.637742090903253,6.71493609143748,-7.3526781863413
1.673,913.369184282641,2273.78424992898,49.9927316389727,49.992762319942,1523.75548430704,875.830444952014,326.141505725798,326.511049326595,-250.806355499891,305.656228381612,-54.8498729919527,-1.90230119441796,7.81022355887306,-5.90792236838857
1.674,912.626291177803,2274.525691336,49.9927375507282,49.9927599598607,1524.05540484458,875.520305478958,326.141415749637,326.511080340542,-302.410438690346,255.424862651922,46.9855759579373,-4.25600004817981,8.14245819719595,-3.8864581526192
1.675,912.158614490733,2274.98893153988,49.992741272381,49.9927584853213,1523.39886085036,876.168158211186,326.141612712835,326.511015555269,-325.458473555913,180.859588598625,144.598884910462,-6.19366454941874,7.67880681684126,-1.48514227046481
1.676,911.870069863543,2275.29333705981,49.9927435685462,49.9927575163685,1523.08868640588,876.511765659758,326.141705765169,326.510981194524,-314.932178341858,87.2019664671587,227.730211862549,-7.52650327252466,6.46233942971518,1.06416384050393
1.677,911.155829316732,2276.00400700268,49.9927492522919,49.9927552542358,1522.70822107332,876.88732589934,326.141819904768,326.5109436385,-275.288035062955,-13.5076655962865,288.795700679698,-8.12108806085608,4.61424879604123,3.50683926335776
1.678,910.987364781113,2276.16485119815,49.99275059289,49.9927547422528,1522.95221575297,876.631523606198,326.141746706364,326.51096921873,-207.963809402259,-113.572068175258,321.535877624489,-7.92055202423608,2.31510488692598,5.60544713672761
1.679,910.711780011717,2276.46630301717,49.992752785924,49.9927537827019,1522.981580834,876.633201389104,326.14173789684,326.510969050951,-120.21410472237,-202.399528856539,322.613633643858,-6.94670892269077,-0.212646996534522,7.1593559194548
1.68,910.559531562219,2276.60128239922,49.9927539974786,49.9927533530491,1522.96976030551,876.625071572981,326.141741442999,326.510969863933,-20.9279558654224,-271.130793432064,292.058749370793,-5.2914947039391,-2.71669716744269,8.00819187228258
1.681,909.562721955397,2277.60773828621,49.9927619298374,49.9927501494005,1522.44399547255,877.14916641038,326.141899172449,326.510917454449,80.5647705603654,-313.278630703802,232.713860214478,-3.12019448831378,-4.95606854223839,8.07626303192339
1.682,909.028928298029,2278.13755249905,49.9927661776324,49.9927484629495,1521.32288328522,878.286986455957,326.142235506105,326.510803672445,174.721727738172,-325.824625357141,151.102897677224,-0.64094678741893,-6.7126413111121,7.35358810012658
1.683,909.35025182617,2277.80946124649,49.992763620621,49.9927495072964,1520.577002287,879.030100015796,326.142459270404,326.510729361089,250.619476885165,-305.062454216865,54.442977368999,1.89866472716266,-7.80939151937469,5.91072679376974
1.684,910.083513985257,2277.06673634235,49.9927577855061,49.9927518714632,1519.7887547231,879.802515305881,326.142695744673,326.51065211956,303.102251323728,-255.643372515889,-47.4588787984882,4.25274126698614,-8.14278851337199,3.89004724765199
1.685,911.056742583824,2276.11479444465,49.992750040799,49.9927549015884,1518.937564203,880.66193727708,326.14295110183,326.510566177363,325.708982548301,-180.934354995657,-144.774627575348,6.19256179853277,-7.6810340338695,1.48847223608571
1.686,911.957986876533,2275.20536347872,49.9927428689248,49.9927577963971,1519.07829320049,880.544049097561,326.14290888313,326.510577966181,315.790855325212,-88.0104145650735,-227.780440815829,7.52465474820822,-6.46422494376398,-1.06042980438608
1.687,912.852023992192,2274.3125406618,49.9927357544035,49.9927606383404,1519.19774237747,880.40061166473,326.142873048377,326.510592309924,275.364040483042,13.0285187503887,-288.392559319549,8.12088978775728,-4.61795076372828,-3.50293902476649
1.688,913.873195793362,2273.28550842976,49.9927276281765,49.9927639074855,1519.41981834501,880.154931366713,326.142806425587,326.510616877954,208.055821369206,113.010688766858,-321.066510247309,7.92185870174411,-2.3193430872741,-5.60251561602827
1.689,914.506859422351,2272.67031073024,49.9927225856416,49.9927658657206,1519.9396630075,879.680683444845,326.142650472188,326.510664302746,119.589759536872,202.432915771277,-322.022675436569,6.94818959811128,0.209435545216459,-7.15762514565173
1.69,914.758978282334,2272.40618194356,49.9927205793434,49.9927667064686,1521.01897729499,878.576883893389,326.142326677902,326.510774682701,20.6025893994868,271.27247997557,-291.875069512832,5.29461011895347,2.71314124384248,-8.00775136576294
1.691,914.646816165048,2272.51342908242,49.9927214719012,49.9927663650904,1521.94444227142,877.635444656959,326.142049038409,326.510868826625,-80.9516815453821,313.903022170106,-232.951340761492,3.12332007915275,4.95311846263997,-8.07643854522725
1.692,915.017847740968,2272.17657275102,49.9927185193257,49.9927674373374,1522.14392537232,877.455456991565,326.141989193479,326.510886825391,-174.4420290062,326.167729249833,-151.725700368195,0.644844053533822,6.71203430174365,-7.35687835894537
1.693,914.789012100388,2272.38988277887,49.9927203403419,49.9927667583505,1522.73611869431,876.876451927584,326.141811535482,326.510944725898,-250.412698011807,305.291453814085,-54.8787559033985,-1.89587957061545,7.80801251642085,-5.91213294942952
1.694,914.617080596763,2272.56261673987,49.9927217085293,49.9927662085212,1522.76670818564,876.814715848334,326.141802358635,326.510950899506,-302.402055312678,255.696600223205,46.7054550198393,-4.24927018647262,8.14325680577092,-3.89398662259346
1.695,913.97884812107,2273.21236676345,49.992726787422,49.9927641403026,1523.07176247444,876.525767998343,326.141710842348,326.510979794291,-325.314108049774,180.709049984801,144.605058031352,-6.18931817215193,7.68114395371121,-1.49182578427123
1.696,913.669638228914,2273.52399848445,49.9927292480361,49.9927631483481,1523.19654029576,876.43552073011,326.141673409002,326.510988819017,-315.412156150505,87.5975784662516,227.814577685195,-7.5236936592409,6.46637104690746,1.05732261038908
1.697,913.045350594417,2274.14699807707,49.9927342159593,49.9927611652788,1523.36219466687,876.237416671982,326.14162371269,326.511008629423,-275.370452195707,-13.3426452875253,288.713097514462,-8.11981544879669,4.62154440910717,3.49827103859498
1.698,912.409525177704,2274.78723004834,49.9927392756972,49.9927591273571,1523.25481651045,876.343860981498,326.141655926137,326.510997984992,-208.510328339913,-113.123857213989,321.634185609158,-7.9234846874677,2.32251441444122,5.60097027278241
1.699,912.218000305673,2274.99462456643,49.9927407998037,49.9927584671999,1522.89698683741,876.738004630099,326.141763275039,326.510958570627,-120.249721628637,-202.414074415807,322.663796115084,-6.95035434819922,-0.205308675229198,7.15566302395445
1.7,912.267198684903,2274.9335996681,49.9927404082954,49.9927586614481,1522.62231448006,876.995119184214,326.141845676746,326.510932859172,-21.3938884679969,-271.102202734168,292.496091277459,-5.29778728503158,-2.71005316956189,8.00784045573124
1.701,912.286137358449,2274.90999134872,49.9927402575863,49.9927587365958,1522.47129148592,877.126914400167,326.141890983645,326.51091967965,80.1894057245986,-313.533783720198,233.344378064504,-3.12774977969924,-4.94953508412909,8.07728486535582
1.702,912.348218872415,2274.86985555392,49.9927397635573,49.992758864352,1522.14245934796,877.481754659251,326.141989633286,326.510884195624,174.167635532732,-325.45105891835,151.283423437752,-0.648742007815628,-6.70873173176188,7.35747374123234
1.703,912.224302687907,2274.9619876424,49.9927407496509,49.9927585710864,1521.85555754758,877.77636890461,326.142075703826,326.5108547342,250.506827914975,-305.157965119296,54.6511372293956,1.89178393967418,-7.80661115483809,5.9148272166607
1.704,912.879020169034,2274.3214629006,49.9927355395748,49.99276060994,1521.67488763789,877.934510025635,326.142129904799,326.510838920088,302.96354574326,-255.973568137885,-46.989977613687,4.24675495251956,-8.14418891530874,3.89743396385444
1.705,912.716556857805,2274.4850941631,49.9927368324167,49.9927600890855,1522.18893335822,877.427976182374,326.141975691083,326.510889573472,325.618245110373,-181.134786489692,-144.483458665566,6.1865462072328,-7.68261767110781,1.4960714642797
1.706,912.415384984243,2274.79438902575,49.9927392290663,49.9927591045694,1522.16557393936,877.471980056827,326.141982698909,326.510885173085,315.777288352619,-88.3631491245817,-227.414139311907,7.52185897779453,-6.46936253350058,-1.05249644473076
1.707,912.335087324952,2274.85623013125,49.9927398680548,49.992758907723,1522.30485456562,877.306985987353,326.141940914721,326.510901672492,275.639951744731,12.8090414771664,-288.448993342149,8.11899074970163,-4.62386331722105,-3.49512743387671
1.708,911.948855113327,2275.24357118758,49.9927429415931,49.9927576747782,1521.9242546279,877.678691783856,326.142055094702,326.510864501912,208.537179197434,112.646075480452,-321.183254828498,7.9235532476784,-2.32594969883402,-5.59760355122875
1.709,911.978199591127,2275.24351518851,49.9927427080772,49.9927576749564,1521.67782303396,877.965136184908,326.14212902418,326.510835857472,120.325521874319,201.945923937292,-322.271445984614,6.95288263044897,0.202193870008678,-7.15507650377029
1.71,912.269618318842,2274.92120852341,49.9927403890406,49.9927587008904,1521.97054501309,877.653105646768,326.142041207586,326.510867060526,20.9897357309769,270.846246889688,-291.835982808047,5.29997972871955,2.70571361742479,-8.00569335026792
1.711,912.124070383326,2275.07461112296,49.9927415472743,49.9927582125947,1522.01633840174,877.593201195783,326.14202746957,326.510873050971,-80.7635130420119,314.047262110355,-233.283749258136,3.13037274169,4.94744756471243,-8.07782031114623
1.712,912.154027322702,2275.07622810547,49.9927413088845,49.9927582074477,1521.78229427069,877.855350902077,326.142097682809,326.510846836,-174.29723569846,325.981959736535,-151.684724218616,0.651983003635701,6.70796802174075,-7.35995103048684
1.713,912.288113614128,2274.91256755137,49.9927402418597,49.9927587283955,1521.53070850993,878.109230297054,326.142173158537,326.510821448061,-250.329229116207,305.470089202506,-55.1408602474795,-1.88804210435054,7.80577864546479,-5.91773654630894
1.714,912.466683927421,2274.73398660486,49.9927388208423,49.9927592968363,1521.71730667535,877.903525244931,326.142117179088,326.510842018566,-302.299231401997,255.780173994863,46.5190572744689,-4.24336066089622,8.14282944947766,-3.89946879356981
1.715,912.768157453719,2274.44122139317,49.9927364217922,49.9927602287369,1521.09990841969,878.524569450028,326.142302398564,326.510779914145,-325.46019157065,181.209111600556,144.251079871959,-6.18493814125478,7.68401509444629,-1.49907695770265
1.716,913.003655645255,2274.22046151774,49.9927345477572,49.9927609314374,1521.21525908779,878.436254041031,326.142267793364,326.510788745686,-315.261284263536,87.9166554264899,227.344628776461,-7.52152604696192,6.47189320095801,1.04963284219722
1.717,913.58194921803,2273.63483667065,49.9927299458431,49.9927627955392,1521.23964678574,878.390326984216,326.142260477055,326.510793338392,-275.544977828185,-12.950665564061,288.495643368209,-8.1197082031066,4.62715984169358,3.49254835846905
1.718,914.342825906131,2272.865089827,49.9927238909788,49.9927652457195,1521.86458124052,877.74922882758,326.142072996718,326.510857448208,-208.715381756357,-113.067477205278,321.782858969377,-7.92501969814182,2.33032646331305,5.59469323281851
1.719,914.463793534718,2272.77887457521,49.992722928349,49.9927655201511,1522.42471178299,877.217548267603,326.141904957555,326.510910616264,-120.568042355404,-202.266043698625,322.834086086849,-6.95515059489388,-0.197192873023284,7.15234346682418
1.72,914.6399157002,2272.57505356598,49.9927215268134,49.9927661689335,1523.22540727467,876.40627774211,326.141664748908,326.510991743316,-21.9873052916923,-270.322782542487,292.310087882136,-5.30304434698041,-2.70246860932462,8.00551295602743
1.721,914.090294965298,2273.1270774873,49.9927259005562,49.9927644117868,1523.88560869319,875.731322012963,326.141466688482,326.511059238889,79.8733561878798,-313.293195442351,233.419839306523,-3.13432729537229,-4.94349278075607,8.07782007648656
1.722,913.324344341967,2273.91616540449,49.9927319957976,49.992761900042,1524.44169322261,875.201319411017,326.141299863124,326.511112239149,173.841702392334,-325.530546700961,151.68884435348,-0.656338274032942,-6.70414146541968,7.36047974020779
1.723,912.563055365195,2274.66527322209,49.9927380539428,49.9927595155578,1524.98778714785,874.66898403122,326.141136034946,326.511165472687,250.511068463286,-305.545523751531,55.0344553156559,1.88512578321293,-7.80519176686757,5.92006598453611
1.724,911.729685273761,2275.48924607906,49.9927446856913,49.9927568927707,1525.21206748704,874.415223449426,326.141068750844,326.511190848745,302.747744924303,-255.935447225005,-46.8122976988899,4.23934874675865,-8.14230779562557,3.90295904958794
1.725,910.871096356564,2276.36518820124,49.9927515181248,49.9927541045603,1524.66536853477,874.979542514585,326.14123276053,326.511134416839,325.710904012517,-181.256916573658,-144.453987472081,6.18272025377688,-7.68490676431923,1.50218651082995
1.726,910.251594584362,2276.9875294782,49.9927564479632,49.9927521235865,1523.78226261895,875.882972645985,326.141497692305,326.511044073826,315.911504326541,-88.6196032370754,-227.291901157895,7.51943878927909,-6.47342323527548,-1.04601555437861
1.727,910.40789596394,2276.81762819945,49.9927552041564,49.9927526643991,1522.5262833233,877.111932580867,326.141874486093,326.510921177832,275.902799799922,12.2331627704051,-288.135962670485,8.11902780194358,-4.62995392420655,-3.48907387890197
1.728,910.772182650849,2276.4512660471,49.992752305255,49.992753830566,1521.64618154813,877.977291354275,326.142138516626,326.510834641955,208.715905666656,112.407908929451,-321.12381472467,7.92593916286094,-2.33425261895573,-5.59168654591259
1.729,910.986959739888,2276.2553582747,49.9927505961133,49.9927544541598,1520.76317489306,878.900644069303,326.142403418622,326.510742306683,120.761398434345,201.70602761312,-322.467426199856,6.95623989909772,0.194369314872853,-7.15060921680751
1.73,911.518376578185,2275.71220087947,49.9927463672324,49.9927561830835,1520.42606461538,879.224605169299,326.142504551706,326.510709910573,21.3263695370071,271.304002357793,-292.630372065368,5.30585363810104,2.70007831169635,-8.00593195340983
1.731,912.198792719384,2275.02991563652,49.9927409526528,49.9927583548649,1519.84093130117,879.792759746109,326.1426800917,326.510653095116,-80.0919438848203,313.764879755591,-233.672936049103,3.13747279493296,4.94159078653368,-8.07906358572479
1.732,912.866118505745,2274.37695457829,49.9927356422429,49.9927604333045,1519.63986415297,880.018579993338,326.142740411844,326.510630513091,-174.143300649577,326.162114183293,-152.018813708382,0.659224010688991,6.70307254857716,-7.36229656396702
1.733,913.524582139685,2273.71107912316,49.9927304023558,49.9927625528519,1519.73078085456,879.925782284084,326.142713136834,326.510639792862,-249.972643077573,305.822466955267,-55.8498240361817,-1.88102035688801,7.80466200458118,-5.92364165257295
1.734,913.907271320926,2273.32747347406,49.9927273570121,49.9927637739066,1519.87632339042,879.761146233853,326.142669474073,326.510656256467,-302.144115965488,255.874894795118,46.2692210382962,-4.2364311084814,8.14296586465954,-3.90653476094176
1.735,914.138293627968,2273.08927810109,49.992725518595,49.992764532106,1519.7111078655,879.931382950826,326.142719038731,326.510639232795,-325.179125090142,181.36193819701,143.817186795024,-6.17976639964849,7.68592152495623,-1.5061551296661
1.736,914.483296715759,2272.76029417141,49.9927227731476,49.9927655792944,1520.00428214353,879.656860910116,326.142631086447,326.510666684999,-315.178606482538,88.187850847988,226.990755574069,-7.51764760347407,6.47612045563216,1.0415271441383
1.737,914.742666540468,2272.50268442142,49.9927207091482,49.9927663992917,1520.52921321561,879.11216753182,326.142473607126,326.510721154337,-275.517054230911,-12.8262454751009,288.343299683064,-8.11971437886635,4.6335791313516,3.48613524464612
1.738,915.17317456026,2272.06983793574,49.9927172832742,49.9927677770849,1520.46385222023,879.167716787692,326.142493215424,326.510715599412,-208.835652409402,-112.531728704752,321.367381125282,-7.92711984616481,2.33686332772685,5.59025651650349
1.739,915.440667072228,2271.81635447231,49.9927151546364,49.9927685839478,1520.91552698017,878.744421707836,326.142357712996,326.51075792892,-121.056999544762,-201.801312134778,322.858311717879,-6.9588366062078,-0.189785029815216,7.14862163503068
1.74,915.652862744139,2271.58083606436,49.9927134660369,49.9927693336262,1521.8769790587,877.767733036964,326.142069277373,326.510855597787,-21.8919608055632,-270.308023841263,292.199984703056,-5.30812390897289,-2.6954400410508,8.00356394989005
1.741,914.849000794673,2272.38840606559,49.992719862967,49.992766763051,1522.30217021252,877.328976243247,326.141941720027,326.510899473466,79.2950415480014,-313.052607340642,233.757565855553,-3.14063462835844,-4.93859163750678,8.07922626642408
1.742,914.584961470486,2272.66728338745,49.9927219641252,49.9927658753569,1522.35332366915,877.29799729071,326.14192637399,326.510902571361,173.83366063846,-325.68971173867,151.856051157771,-0.663196817823711,-6.70080649991975,7.36400331876027
1.743,914.678659678122,2272.56666400617,49.9927212184986,49.9927661956384,1522.3759276614,877.276393248021,326.141919592792,326.510904731766,250.196907523776,-305.413514715479,55.2166072329435,1.87734759039806,-7.8031992573636,5.92585166816186
1.744,914.618358150291,2272.63435222296,49.9927216983629,49.9927659801801,1522.87765393725,876.764890152,326.141769074909,326.510955882075,302.43320848228,-255.831301327593,-46.6019071399955,4.23320610179102,-8.14393628240381,3.91073018169181
1.745,914.259503805882,2273.00281827231,49.992724554035,49.9927648073162,1523.51892007684,876.138011717238,326.141576695067,326.511018569919,325.731186471726,-181.808134167084,-143.923052323899,6.17763718969042,-7.68789701054663,1.51025982152979
1.746,913.342829753466,2273.92355611164,49.9927318486954,49.9927618765166,1524.26496847442,875.414096813443,326.141352880548,326.511090961409,315.991830543901,-88.8518686623707,-227.139961939267,7.51591700089784,-6.47779168907468,-1.03812531180818
1.747,912.546494361746,2274.71602104063,49.9927381857311,49.9927593540224,1524.60742079836,875.048996654359,326.141250144851,326.511127471425,275.871370804383,12.0633715296404,-287.934742430816,8.11856349684134,-4.63642339686694,-3.48214010081054
1.748,911.82253592215,2275.43729531638,49.9927439468093,49.9927570581351,1524.12363429251,875.522830712314,326.141395280803,326.511080088019,208.930993920213,112.264321464826,-321.195315517479,7.92724272721492,-2.34064022761057,-5.58660250140101
1.749,911.344406888135,2275.93446765311,49.9927477516392,49.9927554755864,1523.49026595583,876.194825047959,326.141585291304,326.511012888586,120.706609254609,201.506529936576,-322.213139352842,6.96029876896236,0.187117339666563,-7.14741611140308
1.75,911.489959525303,2275.7530022819,49.9927465933682,49.9927560532086,1523.01603740236,876.658033404723,326.14172755987,326.51096656775,21.5626801881829,270.674445883586,-292.237126253883,5.31012656074104,2.69272581095136,-8.00285237537419
1.751,911.299369605014,2275.94388989945,49.9927481100345,49.9927554455945,1522.56570394567,877.087624539095,326.141862659907,326.510923608636,-79.8784367857377,313.557427351001,-233.678990756457,3.14404642157518,4.93510796272724,-8.07915438873675
1.752,911.418599404356,2275.85029082398,49.992747161234,49.9927557435296,1522.28569983321,877.379900616668,326.14194666114,326.510894381029,-174.022360554271,326.094516428322,-152.072156061853,0.667557464266859,6.69845337214892,-7.36601084137159
1.753,911.579789872593,2275.67163536323,49.992745878521,49.9927563122076,1522.25142396075,877.423783599748,326.141956943902,326.51088999273,-250.06992954181,305.863110613883,-55.7931812439795,-1.87385189642381,7.80173135191481,-5.92787946068099
1.754,911.955937421566,2275.28573247198,49.9927428852339,49.9927575405746,1521.48018584003,878.175200745965,326.142188315338,326.510814851016,-302.100747153696,256.347862553747,45.7528844548666,-4.23093716014998,8.14311737314895,-3.91218021810809
1.755,912.575027728523,2274.67373049834,49.9927379586697,49.9927594886374,1520.99988153129,878.661401064937,326.142332406631,326.510766230984,-325.217507938359,181.476839593231,143.740668235069,-6.17471853727873,7.68847309516478,-1.51375456260588
1.756,912.682710004702,2274.57643723434,49.9927371017614,49.9927597983315,1521.16277739632,878.519439664782,326.142283537871,326.510780427124,-315.406311319585,88.527015181864,226.879296066793,-7.514934558838,6.48028621686087,1.03464833791608
1.757,913.056156765476,2274.20131424492,49.9927341299665,49.992760992385,1521.53008570421,878.133617551352,326.142173345379,326.510819009335,-275.788042283184,-12.282288807723,288.070331060202,-8.11863959346691,4.63926069647345,3.47937889379472
1.758,912.958345348111,2274.28407959023,49.992734908325,49.9927607289348,1521.92281702348,877.735423409917,326.142055525983,326.510858828749,-208.90844570103,-112.551544345082,321.459990052678,-7.92687958763797,2.34343316721668,5.58344641820602
1.759,912.911010342094,2274.36744842294,49.9927352850051,49.9927604635635,1521.96433184153,877.714511867901,326.142043071538,326.510860919904,-121.311619511496,-201.599983535997,322.911603084331,-6.96257602764073,-0.183190151925223,7.14576617835893
1.76,912.929653012655,2274.31755962733,49.9927351366514,49.9927606223645,1521.78195097673,877.891552234187,326.142097785797,326.510843215867,-22.165161534789,-270.312141867617,292.477303459751,-5.31305958165733,-2.6899488449911,8.00300842637631
1.761,913.25956432839,2273.9950028412,49.9927325113006,49.9927616490946,1521.81007645608,877.835201484367,326.142089348154,326.510848850942,79.0664430419109,-313.061620130259,233.995177153728,-3.14833351013338,-4.93213068598557,8.08046419660919
1.762,913.188050774671,2274.08627008223,49.9927330803873,49.992761358582,1521.98142000617,877.682905328218,326.142037945089,326.510864080558,173.599304345343,-325.751504358054,152.152200073415,-0.671852465265132,-6.69559815369373,7.36745061996327
1.763,912.802327761668,2274.45769269007,49.9927361498736,49.9927601763071,1522.6200076517,877.058657358307,326.141846368795,326.510926505355,249.727717042036,-305.42802164423,55.7003046465847,1.87005950323551,-7.80057700608903,5.93051750407819
1.764,912.577147725877,2274.68999800816,49.9927379417993,49.9927594368563,1522.74850956728,876.918900582431,326.14180781822,326.510940481032,302.658841689578,-256.47900305838,-46.1798386141711,4.22793570274203,-8.14428578935228,3.91635008774009
1.765,912.091500410542,2275.17988904358,49.9927418064579,49.9927578774847,1522.73950595169,876.923734512347,326.141810519305,326.510939997639,325.676415372116,-182.152532584047,-143.523882806868,6.17252679051556,-7.69030912252533,1.5177823327331
1.766,911.688399098152,2275.58104125302,49.9927450142362,49.9927566005776,1522.71122646687,876.979398130236,326.14181900315,326.510934431277,316.297462880143,-89.2625843359509,-227.034878603383,7.51327017275547,-6.48226471483922,-1.03100545787425
1.767,911.639840960363,2275.62435818274,49.9927454006496,49.9927564626955,1522.42345945992,877.250734156905,326.141905333252,326.510907297675,276.147241117353,11.8810491577175,-288.028290375358,8.11801106536669,-4.64213516744039,-3.47587589877194
1.768,911.89256202166,2275.37511397938,49.9927433895593,49.9927572560644,1522.81276691656,876.848603934717,326.141788541015,326.510947510697,208.998791854494,111.898779284874,-320.897571277404,7.92916891845802,-2.34789348396157,-5.58127543635044
1.769,911.59940011389,2275.67584688604,49.9927457224676,49.9927562988019,1522.52008545419,877.17666927645,326.141876345454,326.510914704163,120.906306731539,201.341857714188,-322.24816461416,6.96292972180789,0.180224332925322,-7.14315405761605
1.77,911.365502594655,2275.88508963813,49.9927475837649,49.9927556327615,1521.98090642819,877.683302263432,326.142038099162,326.510864040864,22.2676308591383,270.346125518467,-292.613756566404,5.31704664325368,2.68479412360761,-8.00184077068995
1.771,911.760307798451,2275.4959132679,49.9927444420049,49.9927568715484,1521.70900684507,877.950094272401,326.142119669037,326.510837361663,-79.8093397568346,313.847503996035,-234.038164436349,3.15157184538755,4.92965138367223,-8.08122323366066
1.772,912.201130290182,2275.08322735679,49.992740934051,49.9927581851684,1521.94067963782,877.734814502912,326.142050167199,326.51085888964,-173.472791779076,326.1146666951,-152.641875108777,0.675357267767725,6.69430879752298,-7.36966607041672
1.773,912.171785054416,2275.0947772593,49.992741167573,49.9927581484039,1522.11554207151,877.561073413574,326.141997708469,326.510876263749,-249.579047419316,305.862964013021,-56.2839167683789,-1.86550166489541,7.79942331628995,-5.93392165674039
1.774,911.908339478955,2275.35276089687,49.9927432640063,49.9927573272165,1522.20822825176,877.467545424668,326.141969902615,326.510885616548,-301.877093758595,256.347554415379,45.5295391980952,-4.2239837602181,8.1432190609884,-3.91923530599899
1.775,911.504606508912,2275.77063055222,49.9927464768112,49.9927559970961,1522.44654740118,877.230276999647,326.14189840687,326.51090934339,-325.112248834216,181.760787546893,143.351461179983,-6.17069378002097,7.69171158432978,-1.52101780909412
1.776,911.611107847877,2275.66962828851,49.9927456293004,49.9927563185963,1522.14025160847,877.563706050209,326.141990295608,326.510876000485,-315.371897932783,88.7823826748689,226.589515193227,-7.51279654024597,6.48471377989434,1.02808275629345
1.777,911.758078830327,2275.52273968681,49.9927444597425,49.9927567861572,1521.82140169336,877.854555859191,326.142085950582,326.510846915504,-275.921875948918,-12.1543696904758,288.076245617895,-8.1183368761272,4.64568007302593,3.47265679998523
1.778,911.996569920152,2275.26991002609,49.9927425618907,49.992757590939,1521.62125586495,878.048279963516,326.142145994331,326.510827543094,-209.110669466071,-112.225855118564,321.336524602384,-7.92910704200586,2.35052404587358,5.57858299407949
1.779,912.086489313734,2275.19419054498,49.9927418463349,49.9927578319616,1521.41351452649,878.275457993082,326.142208316732,326.510804825291,-121.656664693671,-201.191204602136,322.847869345067,-6.96579467293086,-0.174958468719558,7.14075314067611
1.78,912.196315494733,2275.07355173853,49.9927409723659,49.9927582159669,1521.74618626407,877.937131062608,326.142108515211,326.510838657984,-22.509608537747,-270.680477776357,293.190086383755,-5.31999675274635,-2.68216237153044,8.00215912428803
1.781,912.613146852855,2274.65899960021,49.9927376553274,49.9927595355273,1522.29576999033,877.381896686584,326.141943640093,326.510894181422,79.0835691143054,-313.107020761707,234.023451724531,-3.15424890795183,-4.9269578841628,8.08120679291864
1.782,912.753838041858,2274.53336736904,49.9927365357425,49.9927599354271,1522.55189141021,877.132318456808,326.141866803667,326.510919139245,173.19533113432,-325.658999238912,152.463668175472,-0.678526843396417,-6.69170640847392,7.3702332531975
1.783,913.204123986547,2274.06215494758,49.9927329524808,49.9927614353428,1522.52911225196,877.159691212114,326.141873637415,326.510916401969,250.076174412164,-305.822965422381,55.746791065949,1.86348888321802,-7.79831785364989,5.93482897198309
1.784,913.438506280359,2273.83357434479,49.9927310873258,49.9927621629375,1522.38662676851,877.283646349359,326.14191638306,326.510904006455,302.316221355153,-256.499069204007,-45.817152121064,4.22118371187865,-8.14387543637234,3.92269172597137
1.785,913.290305376266,2273.98362103366,49.9927322666711,49.992761685324,1522.47510016761,877.204048868284,326.14188984104,326.510911966204,325.661283397514,-182.184434130945,-143.476849270907,6.16758935983041,-7.69190770910099,1.52431835037369
1.786,913.317758123885,2273.96236906449,49.9927320482091,49.9927617529712,1522.69685187339,876.997867313771,326.141823315528,326.510932584359,316.098735377947,-89.5226423519959,-226.576093069908,7.51033767398923,-6.48690964178641,-1.02342803174727
1.787,913.270750873845,2274.00184862443,49.9927324222809,49.9927616273038,1522.73710994896,876.936498409247,326.141811238106,326.510938721249,276.310500716713,11.5112570112975,-287.82175781262,8.11743093166928,-4.64838711565142,-3.46904381642174
1.788,913.167786178752,2274.11010553423,49.9927332416479,49.9927612827114,1523.24675445073,876.422596525337,326.141658344755,326.510990111438,209.087744115092,111.737228089937,-320.824972327758,7.93061923088078,-2.35475731037297,-5.57586192190041
1.789,913.145383011926,2274.15937120722,49.9927334199266,49.9927611258939,1523.94521908587,875.744844917329,326.141448805365,326.511057886599,121.284357078563,201.197857979884,-322.482215211879,6.96859997956767,0.170835051041288,-7.13943503302236
1.79,912.613415393805,2274.65137651548,49.9927376531904,49.9927595597923,1524.05017653643,875.638587308581,326.141417318129,326.51106851236,22.077199949503,270.212933863991,-292.290133986282,5.32167099124739,2.6782976544856,-7.99996864908168
1.791,911.706746531232,2275.5720833918,49.992744868232,49.9927566290913,1524.12561048075,875.542530336857,326.141394687946,326.511078118057,-79.4061954311363,313.564888531616,-234.158693280667,3.15812905759986,4.92370480851727,-8.08183387022204
1.792,910.938010702219,2276.36034847717,49.9927509856373,49.9927541199656,1523.78729534856,875.900963756911,326.141496182486,326.511042274715,-173.093146650813,326.106793518172,-153.013647041715,0.682236690282127,6.68998257787021,-7.37221927276135
1.793,910.389991525588,2276.88308323809,49.9927553466354,49.9927524560492,1523.48336299575,876.221742425973,326.141587362192,326.511010196848,-249.449091957433,305.994024793821,-56.5449329911821,-1.85999981705884,7.79725374957156,-5.93725393731156
1.794,910.28255913938,2276.99142130745,49.9927562015551,49.9927521111984,1522.94765491058,876.719826381169,326.141748074617,326.510960388452,-302.087517844858,256.78295984683,45.3045578744126,-4.21717101362581,8.14420273832314,-3.92703172934403
1.795,910.399633162983,2276.86621431933,49.9927552699097,49.9927525097446,1522.06044949023,877.621702275912,326.142014236243,326.510870200863,-325.276626910776,182.177922744825,143.098704081883,-6.16519394396232,7.69303135421184,-1.52783741441269
1.796,910.654441913448,2276.63010057711,49.992753242206,49.992753261318,1521.15066511028,878.557279805335,326.142287171557,326.51077664311,-315.905575104933,89.1774741187698,226.728100945197,-7.51012677048113,6.48947913517795,1.02064763190711
1.797,911.003287976323,2276.27000108311,49.9927504661773,49.9927544075503,1520.86618190723,878.820081523342,326.142372516518,326.510750362938,-276.08264852402,-12.0065998905258,288.089248417052,-8.11700221822711,4.65142403243858,3.46557818336177
1.798,911.484095432363,2275.79150544827,49.9927466400331,49.9927559306492,1521.00494100493,878.671283919406,326.142330888789,326.510765242698,-209.606002022415,-111.894894259627,321.500896324378,-7.93180451244629,2.35846869670899,5.57333581439543
1.799,911.489188477399,2275.80507129808,49.992746599504,49.9927558874678,1521.35774530058,878.35513030152,326.1422250475,326.51079685806,-121.444004232196,-201.4791173366,322.923121642804,-6.96970696829081,-0.168395738174143,7.13810270621878
1.8,911.363143542507,2275.92180297013,49.9927476025377,49.9927555158993,1521.53504154704,878.152756772445,326.142171858626,326.510817095413,-22.8121727206659,-270.478261621907,293.290434436027,-5.3260545005207,-2.67514562452756,8.00120012579277
1.801,911.631849446612,2275.64600932965,49.992745464244,49.9927563937778,1521.17808826736,878.508341330997,326.14227894461,326.510781536957,78.6011434884256,-312.677896011375,234.076752622349,-3.16064259500958,-4.9213457943909,8.08198839092811
1.802,911.980339236172,2275.32332883028,49.9927426910504,49.9927574209017,1521.6207051646,878.074522974538,326.142146159541,326.510824918793,172.937813445761,-325.564649307664,152.626835952793,-0.686424904520753,-6.68767162369078,7.37409653023569
1.803,912.305234494658,2274.97168524829,49.9927401056161,49.992758540218,1521.86451114355,877.835333507533,326.142073017747,326.51084883774,249.662819569433,-305.840904699483,56.1780851986725,1.8557884470003,-7.79648653054425,5.94069808572413
1.804,912.444081076696,2274.83103169679,49.9927390007101,49.9927589879321,1522.22306196461,877.459614158063,326.141965452501,326.510886409675,302.503375009399,-256.61185741182,-45.8915175633747,4.21457965855621,-8.14371076908262,3.92913111249958
1.805,912.881358359701,2274.39250588962,49.992735520968,49.9927603838031,1522.65088365354,877.043693003001,326.141837105994,326.51092800179,325.863596973466,-182.522354903329,-143.341242079073,6.1633452652457,-7.69482734372543,1.5314820798969
1.806,913.009644558084,2274.28061769999,49.9927345000989,49.9927607399543,1523.47592749741,876.222531349541,326.141589592841,326.511010117955,316.348915447382,-89.7779107070726,-226.571004797048,7.50777710265396,-6.49197341542578,-1.01580368666708
1.807,913.007402075114,2274.29407169324,49.992734517944,49.9927606971289,1523.6323194774,876.055613243292,326.141542675247,326.511026809766,276.355150243381,11.2303713445759,-287.585521692781,8.11813947898961,-4.65522454980282,-3.46291492970569
1.808,912.315135988859,2274.98260981095,49.9927400268225,49.992758505444,1523.96163927246,875.729798660488,326.141443879309,326.511059391224,209.145621076153,111.210112508421,-320.355733732822,7.93186213169314,-2.36145764010311,-5.57040449330906
1.809,911.357182140565,2275.95474997992,49.992747649977,49.9927554110258,1524.38856177696,875.32170216716,326.141315802557,326.511100200874,121.359104148512,201.122501374165,-322.481605704807,6.97189040002488,0.163703569332039,-7.13559397227734
1.81,910.806512629983,2276.48075373206,49.9927520320657,49.9927537367038,1524.44469621691,875.246999393902,326.141298962225,326.511107671151,22.3684803945882,270.226997114824,-292.595477713992,5.32812181704147,2.67120656496818,-7.99932838602077
1.811,910.304146476289,2276.98704578743,49.9927560297686,49.9927521251261,1523.67823763325,876.003785367236,326.1415288998,326.511031992554,-79.117424499161,313.544601873131,-234.427177586266,3.16460381554506,4.91808610572203,-8.08268992615344
1.812,909.959236889589,2277.34260760828,49.9927587744718,49.9927509933377,1522.79858342193,876.903438033632,326.141792796064,326.510942027287,-172.921028272448,326.131819135575,-153.210791067598,0.689386316170677,6.68531631634221,-7.37470263796838
1.813,909.791599518603,2277.48923381081,49.9927601084877,49.992750526612,1521.96795442026,877.730970439564,326.142041984764,326.510859274046,-249.311123122007,306.108948233831,-56.7978252932159,-1.85175396955888,7.79512603333344,-5.94337206943253
1.814,909.98033173122,2277.28636845863,49.9927586066044,49.9927511723525,1521.40234346066,878.292459571875,326.142211668052,326.510803125133,-302.092499244059,256.895009443862,45.1974896547622,-4.21167879789542,8.14339879352731,-3.9317200010994
1.815,910.22446689272,2277.05780215727,49.9927566638385,49.9927518999016,1521.22511678822,878.471002946399,326.142264836054,326.510785270796,-325.061615522488,182.202417281485,142.859198140564,-6.16084470569985,7.69632561638948,-1.53548091559233
1.816,910.459370470452,2276.84343310665,49.9927547945353,49.9927525822595,1521.18044021466,878.52996096205,326.142278239026,326.510779374994,-315.81687653824,89.4015406672725,226.415335820171,-7.50661279921043,6.49484009859695,1.01177269659374
1.817,910.626967406237,2276.66764470749,49.9927534608412,49.9927531418113,1521.1995825482,878.503264350777,326.142272496326,326.510782044655,-276.290593103925,-11.5242610844322,287.814854186811,-8.11660831956518,4.65764148558182,3.45896683107706
1.818,911.205228086382,2276.07622595474,49.9927488591889,49.9927550243557,1521.3360631527,878.344075714394,326.142231552145,326.510797963519,-209.818792290113,-111.55384238865,321.372634721188,-7.93307717399603,2.36575444892937,5.5673227233927
1.819,911.489744277838,2275.81404884489,49.992746595081,49.9927558588914,1521.57911178161,878.138867860563,326.142158637556,326.510818484304,-122.14129214251,-200.876017257772,323.01730947725,-6.97359121573964,-0.161149228155829,7.13474044345151
1.82,911.90068095328,2275.37244872943,49.9927433249509,49.9927572645482,1521.95701178575,877.742682409663,326.142045267555,326.510858102849,-23.1143780756651,-269.836057072303,292.950435246761,-5.33081460161639,-2.66779828597554,7.9986128882545
1.821,912.297053545655,2274.98790154319,49.992740170718,49.9927584885999,1523.02709698865,876.655965015971,326.141724241994,326.510966774589,78.5044311319983,-313.100039538167,234.59560851192,-3.16865082611477,-4.91483237474011,8.08348320239417
1.822,912.172134529876,2275.13382939718,49.992741164792,49.9927580240971,1523.3763466178,876.337829668176,326.141619467105,326.510998588124,172.746305250768,-325.895347033822,153.149041880263,-0.692631682411111,-6.68366622998581,7.37629791449839
1.823,911.707723685641,2275.58608549131,49.992744860456,49.9927565845213,1524.22608885057,875.487591890302,326.141364544435,326.511083611901,249.099727019748,-305.495945957212,56.3962190096527,1.84863932194171,-7.79386902133534,5.94522970167735
1.824,910.239552859393,2277.05538947167,49.9927565437882,49.9927519075814,1524.55061308925,875.139789756381,326.141267187164,326.511118392115,302.041199478279,-256.655231722807,-45.3859677216407,4.2076580602633,-8.14361586095549,3.93595780274777
1.825,909.040586433548,2278.25151604981,49.9927660848599,49.9927481001923,1524.15096347613,875.543181235371,326.141387082048,326.511078052967,325.748232560035,-182.76324872726,-142.984983846391,6.15781588592361,-7.69708923506406,1.53927335058024
1.826,908.675675446807,2278.61466508101,49.9927689887293,49.992746944253,1523.22711061788,876.500461774597,326.141664237905,326.510982324913,316.469481273648,-90.1637676008891,-226.305713737082,7.50498996236321,-6.49522018536854,-1.00976977649097
1.827,908.682806268292,2278.60439574112,49.992768931984,49.9927469769413,1522.65297149711,877.04138343456,326.141836479641,326.510928232747,276.55799519588,10.8168499723342,-287.374845281975,8.11600172979654,-4.66098177339127,-3.4550199570559
1.828,908.82528050321,2278.44779685214,49.9927677982101,49.9927474754111,1522.01358982745,877.677515150618,326.142028294142,326.510864619575,209.635746720419,111.044079857037,-320.67982673437,7.93325232767019,-2.36800503374782,-5.56524729582813
1.829,909.098049414665,2278.21075520591,49.992765627584,49.9927482299381,1521.08212205762,878.639332440033,326.142307734473,326.510768437846,121.941184685755,200.50861221006,-322.449797085063,6.97589341153147,0.157482707834715,-7.13337612250146
1.83,909.408476198773,2277.8783588789,49.9927631572862,49.9927492879885,1520.69679986279,879.009659439224,326.142423331132,326.510731405146,22.8713840797722,269.730547572479,-292.601931860237,5.3337482333419,2.66449631252873,-7.99824455008379
1.831,910.007524771272,2277.27051660478,49.9927583902091,49.9927512228105,1520.3080065979,879.379802504796,326.142539969111,326.51069439084,-78.749450232945,313.302138413799,-234.552688391989,3.17212446687828,4.91159970758562,-8.08372417949798
1.832,910.601629503642,2276.705380191,49.9927536624739,49.9927530216956,1520.38734879038,879.320645842022,326.142516166453,326.510700306506,-172.888138312751,326.238051811188,-153.349913697061,0.697196932470059,6.68121527333491,-7.37841221132282
1.833,910.712186287937,2276.57735382981,49.9927527826909,49.9927534292161,1520.63673785269,879.087723513905,326.142441349735,326.510723598739,-249.022011176385,306.269138699789,-57.2471276939816,-1.84558095610149,7.79339438956639,-5.94781343907618
1.834,910.809980737463,2276.47824187838,49.9927520044674,49.9927537446993,1520.79371797411,878.897044461141,326.142394255698,326.510742666644,-301.862228428233,257.011963604778,44.8502646933557,-4.20491759846465,8.14412761607146,-3.9392100229053
1.835,910.815215148665,2276.4680237393,49.9927519628133,49.9927537772246,1521.00541697887,878.696471788735,326.142330745997,326.510762723912,-325.15183200921,182.690441177691,142.461390750143,-6.15598027680345,7.69852657205553,-1.54254629986064
1.836,911.001899244714,2276.29780089515,49.9927504772285,49.9927543190608,1521.14595022464,878.572351154419,326.142288586023,326.510775135975,-315.784118523953,89.9320695985922,225.852048896307,-7.50382615150578,6.49871562173288,1.00511052616524
1.837,911.372247006219,2275.90797405808,49.9927475300946,49.9927555599181,1521.8998698518,877.810809250156,326.142062410135,326.510851290165,-276.564658110117,-11.2651425070139,287.829800638856,-8.11558262618731,4.66252601422095,3.45305660957375
1.838,911.751071666647,2275.53719848511,49.9927445155037,49.9927567401334,1522.16909004769,877.52245478557,326.141981644076,326.510880125612,-209.87974584886,-111.265103403789,321.144849318725,-7.93517891930235,2.37227225453799,5.56290666368037
1.839,911.895151339406,2275.42811335133,49.9927433689541,49.9927570873622,1522.77962836332,876.932013366255,326.141798482581,326.510939169754,-122.188035183464,-200.835359112963,323.023394395656,-6.9788906543009,-0.152536338164587,7.13142699265603
1.84,912.117454097448,2275.17093056803,49.992741599925,49.9927579060004,1523.39918352621,876.306741628473,326.141612616033,326.511001696928,-23.574565492441,-269.913188249063,293.487753859906,-5.33663755532674,-2.66051843783984,7.99715599447094
1.841,911.573363617658,2275.72407782079,49.9927459296595,49.992756145278,1524.39032499712,875.305384300615,326.141315273591,326.51110183266,78.1588839673332,-312.6549986848,234.496114838898,-3.17442210226431,-4.90856868667514,8.0829907910891
1.842,910.601143021617,2276.7028427121,49.9927536663452,49.9927530297726,1523.93287866024,875.768526020063,326.141452507492,326.511055518488,172.472282159946,-325.772281854592,153.299999802609,-0.700421722690432,-6.67899130218904,7.37941302752318
1.843,909.987064434214,2277.31748092199,49.9927585530273,49.9927510733184,1523.78990916783,875.916043285083,326.14149539834,326.511040766762,249.167099971667,-306.087796670269,56.9206967789527,1.84088620732393,-7.79244004238643,5.9515538378037
1.844,909.398222304992,2277.89830071369,49.9927632388841,49.9927492245116,1523.16746593226,876.529470728831,326.141682131311,326.510979424017,302.07770979736,-257.214725595772,-44.8629841616791,4.20227401000573,-8.14498929268214,3.94271528510979
1.845,909.135758968104,2278.1722076407,49.9927653275009,49.9927483526388,1523.06515599966,876.643791309438,326.14171282429,326.510967991959,325.646915601393,-183.044952011919,-142.601963598824,6.15311216924667,-7.69995675552421,1.54684458802145
1.846,908.618201653417,2278.69650661823,49.9927694460912,49.9927466837433,1523.01187229679,876.723812564435,326.141728809401,326.510959989834,316.194059879005,-90.2134467186863,-225.980613223116,7.50182669332259,-6.50033258344796,-1.00149410914069
1.847,908.010611874854,2279.26119632964,49.992774281137,49.9927448862801,1522.17713569943,877.525089704465,326.141979230381,326.51087986212,276.800570759805,10.6642280032331,-287.464798878033,8.11305552044747,-4.66572139439866,-3.44733412654752
1.848,908.139395071758,2279.16068485927,49.9927732563129,49.9927452062181,1521.5066015501,878.191550277273,326.142180390625,326.510813216063,209.901282622953,110.639951950499,-320.541234734072,7.93672061383581,-2.37598751908862,-5.56073309658145
1.849,908.40685325691,2278.89963171778,49.9927711279483,49.992746037176,1520.9577157851,878.77651105385,326.142345056355,326.510754719985,122.078466373452,200.426845930106,-322.505312498904,6.97885306707887,0.150347988696828,-7.12920105891738
1.85,908.66096740381,2278.63546523971,49.9927691057722,49.9927468780441,1520.47951262483,879.234529381473,326.142488517303,326.510708918152,23.2018521235303,270.15361250935,-293.355464848713,5.33974466459926,2.65778100730654,-7.99752567619904
1.851,909.567710880767,2277.72739945453,49.9927618901368,49.9927497685072,1519.99770484217,879.698340705129,326.142633059638,326.51066253702,-78.4598197036394,313.095934405315,-234.636114921701,3.17888175656942,4.90565578460127,-8.08453754634719
1.852,910.046542317445,2277.25941424903,49.9927580797173,49.9927512581504,1519.84643489545,879.868147999816,326.142678440622,326.51064555629,-172.561046422375,326.316398900045,-153.755352685853,0.70419637428617,6.67704174278904,-7.38123812278556
1.853,911.102146743256,2276.19268211843,49.9927496794842,49.9927546536642,1520.0617874327,879.650633550712,326.142613834861,326.510667307735,-249.020015800211,306.275607780427,-57.2555921615199,-1.83718804165747,7.79159717345087,-5.95440913764017
1.854,911.769074906801,2275.52520362756,49.9927443722385,49.9927567783143,1521.03732201727,878.675185406933,326.142321174485,326.51076485255,-302.035206828354,257.465297680646,44.5699090057897,-4.19939410527,8.14463601090342,-3.94524191120847
1.855,912.071788917537,2275.22015288145,49.992741963317,49.9927577493209,1521.78757218856,877.908812020182,326.142096099434,326.510841489888,-325.08029373616,183.000298077878,142.079995564242,-6.15048954221016,7.70105571927367,-1.5505661819862
1.856,912.355869722551,2274.94800431621,49.9927397026737,49.9927586155967,1522.48090826574,877.231517095266,326.141888098611,326.510909219381,-316.09754128482,90.0353346362682,226.06220660555,-7.5004091240368,6.5034131460476,0.996995974032183
1.857,912.382024340393,2274.90619128043,49.9927394945419,49.9927587486917,1523.38044601637,876.310652117377,326.141618237285,326.511001305879,-276.857605543742,-10.7789155865839,287.636521136852,-8.11392464752125,4.66971508185746,3.44420956288312
1.858,911.83718390585,2275.46027014275,49.9927438302443,49.992756985004,1524.19933822911,875.490005949775,326.141372569622,326.511083370495,-210.248824422472,-110.987616421336,321.23644089418,-7.9367742729717,2.37980834196421,5.55696592950135
1.859,911.276298382277,2276.048486666,49.9927482936295,49.9927551126526,1524.4697573253,875.25143920594,326.141291443893,326.51110722717,-122.671511403072,-200.549204541621,323.220716029653,-6.98177228107663,-0.145678149137823,7.12745042996647
1.86,910.74248481742,2276.55429180069,49.9927525415829,49.9927535026249,1524.76278180425,874.947074305735,326.141203536549,326.51113766366,-23.7929709663462,-269.550152251317,293.343123323762,-5.3416706103299,-2.65418945084811,7.99586006205212
1.861,910.212323887316,2277.1005746127,49.9927567604695,49.9927517637527,1524.63953987331,875.056117045979,326.141240509128,326.511126759386,77.69514170421,-312.609205589639,234.9140639975,-3.18216934949924,-4.90297428165402,8.08514363290434
1.862,909.050386747901,2278.26349538606,49.9927660068715,49.9927480620609,1524.74421421729,874.974079548217,326.141209106825,326.511134963136,172.166001081431,-325.692454140522,153.526453161605,-0.707930635274989,-6.67441528071627,7.38234591829308
1.863,908.542852446697,2278.74806765369,49.9927700457011,49.9927465196194,1524.39449724593,875.334152970071,326.141314021917,326.511098955793,248.966593353869,-305.968872067189,57.0022787942447,1.83444340043329,-7.78965241172385,5.95520901378078
1.864,908.540827119421,2278.76219333012,49.9927700618182,49.992746474656,1524.04807351828,875.662797568252,326.141417949035,326.511066091334,301.880131474559,-257.394678458358,-44.4854529693098,4.196003427086,-8.14487914559161,3.9488757208141
1.865,908.513679341073,2278.78891281047,49.9927702778533,49.9927463896053,1523.52120373097,876.189800370008,326.141576009971,326.511013391053,325.520525914104,-183.065424119892,-142.455101790429,6.14816881919345,-7.70209786878672,1.5539290513627
1.866,908.420220177026,2278.90079368557,49.9927710215777,49.9927460334774,1522.81036266132,876.924832355577,326.141789262292,326.510939887855,316.698193235039,-90.6678403943398,-226.030352885054,7.49980605602756,-6.50563035837897,-0.994175696729221
1.867,908.180965863417,2279.1205817054,49.992772925503,49.9927453338704,1522.03625641591,877.675320318157,326.142021494166,326.510864839059,277.235904402332,10.2140228217123,-287.449927316446,8.11437911748937,-4.672792644261,-3.44158647338578
1.868,908.269333356801,2279.03634156187,49.9927722222969,49.9927456020151,1521.55206869871,878.157608472263,326.142166750481,326.510816610243,210.085532182193,110.442400724663,-320.527933043082,7.93753730072654,-2.38342853993321,-5.55410876214984
1.869,908.55209463439,2278.76656431925,49.9927699721541,49.9927464607427,1521.19537104818,878.538511993322,326.142273759776,326.510778519891,122.298562379851,200.155010682837,-322.453573233356,6.98335775296034,0.141721859010765,-7.12507961453318
1.87,908.681249733421,2278.60745698693,49.9927689443705,49.9927469671971,1521.22282478607,878.507205925245,326.142265523655,326.510781650498,23.3837526549899,269.739436169272,-293.123189018147,5.34374811153727,2.65095292769641,-7.99470104290037
1.871,908.826514262856,2278.46325033641,49.9927677883921,49.9927474262211,1520.97189618484,878.730780828189,326.142340802235,326.510759293008,-78.2645567808395,313.387335241135,-235.122778662389,3.18544627184996,4.90013569221053,-8.08558196861699
1.872,909.583520007805,2277.73117324121,49.9927617643318,49.9927497564949,1520.89145267961,878.833893650288,326.142364935286,326.510748981725,-172.341570505709,326.410532799895,-154.06896248914,0.711185764079858,6.6737723605077,-7.38495812972941
1.873,910.612242398708,2276.67755820065,49.9927535780191,49.9927531102557,1520.97299753734,878.745350878601,326.142340471829,326.510757836003,-248.57832322459,306.351112382847,-57.7727893313102,-1.83044268343824,7.78861102365341,-5.95816834557988
1.874,911.155868338917,2276.15240561719,49.9927492519813,49.9927547818683,1521.03892795442,878.667234798653,326.142320692704,326.510765647611,-301.841295761311,257.599951423182,44.241344199804,-4.1929242629466,8.14530386917241,-3.95237961142631
1.875,911.546935975666,2275.76075377547,49.992746139964,49.9927560285348,1521.39086596358,878.314343383565,326.142215111301,326.510800936752,-324.966807488285,182.913765446852,142.053041946965,-6.14570062672317,7.70375652629789,-1.55805590423969
1.876,911.783864167483,2275.5331376138,49.9927442545493,49.9927567530596,1521.95760806381,877.778682993828,326.142045088671,326.510854502791,-316.110486103084,90.4268128910778,225.683673167681,-7.49813977644607,6.50738459505926,0.990755177582966
1.877,911.603141462683,2275.69885963428,49.9927456926949,49.99275622555,1522.82050885645,876.894005872331,326.141786218433,326.510942970503,-276.757396971378,-10.7644719515242,287.521868929083,-8.11404458683136,4.67507390949973,3.43897067464006
1.878,911.344609617356,2275.95823962229,49.992747750026,49.9927553999179,1523.20254402803,876.491527232867,326.141671607882,326.510983218367,-210.402780310901,-110.630970795321,321.03375115783,-7.93840279840014,2.38722726161648,5.55117553533919
1.879,911.135671539964,2276.18295281254,49.9927494127024,49.9927546846336,1523.70279190489,876.033983983918,326.141521533519,326.511028972692,-122.820923208645,-200.315480984325,323.136404280952,-6.9846156952211,-0.139336392756499,7.12395208779149
1.88,911.145331294494,2276.14953053497,49.9927493358325,49.99275479102,1523.75507070859,875.950927791301,326.141505849878,326.511037278311,-24.2610728984625,-269.087232738604,293.348305748878,-5.34794093602545,-2.64624675844068,7.99418769542804
1.881,910.602513568801,2276.7205634944,49.9927536554387,49.9927529733656,1524.15540995288,875.549091169764,326.141385748105,326.511077461973,77.4897607220829,-312.696380906246,235.206620304974,-3.1892454905924,-4.89767017925634,8.08691567173733
1.882,909.872729195451,2277.46562115643,49.9927594628782,49.9927506017734,1524.61073208314,875.111140088014,326.141249151465,326.511121257082,172.022313643658,-325.684787655588,153.662474125897,-0.716460897251356,-6.67026623755345,7.38672713730885
1.883,909.549075936319,2277.76286956777,49.992762038429,49.9927496556023,1524.92189729568,874.818944858521,326.141155801902,326.511150476605,248.570261245636,-305.992439611084,57.4221784612154,1.82703675095846,-7.78783726303771,5.96080051484543
1.884,909.022766554734,2278.29078003989,49.992766226666,49.9927479752111,1525.05261179063,874.664721279978,326.141116587553,326.511165898962,301.83120542486,-257.47638095837,-44.3548244002734,4.18943787489069,-8.14452157086669,3.95508369865663
1.885,907.925946088756,2279.39235669333,49.9927749548859,49.9927444687837,1524.91300594699,874.809484841362,326.141158469306,326.511151422606,325.684218588797,-183.459363746533,-142.224854815595,6.14298275136454,-7.70432019915409,1.561337450037
1.886,907.150966046465,2280.17026279601,49.9927811219812,49.9927419926317,1524.78297474418,874.972064073758,326.141197478667,326.511135164683,316.452722924191,-91.1061891600696,-225.346533782879,7.49636267768184,-6.50883687065962,-0.987525805521492
1.887,905.816692813583,2281.49549469899,49.9927917397902,49.9927377742875,1524.11451631825,875.605727021976,326.141398016195,326.511071798388,277.093189787925,10.0539703873292,-287.147160240782,8.11328467859013,-4.6786117856051,-3.43467289247409
1.888,905.312436610123,2281.98454005987,49.9927957525336,49.9927362176078,1522.36982083376,877.347252538397,326.14192142484,326.510897645837,210.40164587125,110.076165930795,-320.477811911128,7.93842989426936,-2.38904963933195,-5.54938025556322
1.889,905.428353781058,2281.88439117477,49.992794830094,49.9927365363916,1521.2752513373,878.468847205172,326.142249795689,326.51078548637,122.682695785164,200.171846249611,-322.854542178926,6.98732455915145,0.13507207115771,-7.12239663210637
1.89,906.308481101293,2280.97451822952,49.9927878262633,49.9927394326072,1520.39790780212,879.325686032885,326.14251299875,326.510699802487,23.7089104461964,269.304932205932,-293.013842819791,5.35022703387187,2.64341839589155,-7.99364543264231
1.891,906.936519848255,2280.36685102213,49.9927828284898,49.9927413668719,1519.25341879862,880.460315607122,326.142856345451,326.51058633953,-77.7921795911159,312.982816777937,-235.190637364216,3.19218943647686,4.89533183160247,-8.08752127184438
1.892,907.963442622856,2279.35736793218,49.992774656498,49.9927445801564,1518.87331933724,880.8489641619,326.142970375289,326.510547474674,-171.917735482654,326.262075060945,-154.344339750466,0.720082435585914,6.66855081133575,-7.3886332512895
1.893,909.148804779741,2278.14524675068,49.9927652236857,49.992748438458,1518.99337834337,880.741280790327,326.142934357587,326.510558243011,-248.793577288245,306.657631763351,-57.8640546266783,-1.82334369291654,7.78673188740269,-5.96338819910576
1.894,910.627090838511,2276.67300090055,49.992753459859,49.9927531247621,1519.64376171102,880.079447686639,326.142739242577,326.510624426322,-301.179848286169,257.515906970123,43.6639411981903,-4.18634830624514,8.14506172435703,-3.95871342259869
1.895,912.321145132502,2274.98386880398,49.9927399790033,49.9927585014365,1520.41305860594,879.304734952198,326.142508453509,326.510701897595,-324.910337819435,183.248436350608,141.661901394422,-6.14103421751853,7.70622787771491,-1.56519366417585
1.896,912.745916048587,2274.56988880166,49.9927365987837,49.9927598191758,1521.56935350304,878.162095160875,326.142161565039,326.510816161574,-316.023008909476,90.6135933729506,225.409415511953,-7.49402885869956,6.51155471759805,0.982474137961087
1.897,912.664496779113,2274.63060734105,49.9927372466977,49.9927596259027,1522.61292168781,877.092910351557,326.141848494584,326.510923080055,-276.900437441963,-10.3265555599979,287.226993027982,-8.11296333421149,4.68139402222282,3.43156930994287
1.898,912.231022361776,2275.08653854839,49.9927406961775,49.9927581746286,1523.32632865528,876.382229418003,326.141634472494,326.510994148149,-210.656701151024,-110.281318472762,320.938019696244,-7.94058003410382,2.39343120541067,5.54714882788989
1.899,911.77564805356,2275.55520409516,49.9927443199311,49.9927566828198,1524.0755313332,875.649677133719,326.14140971169,326.511067403377,-123.351047357959,-199.861157559165,323.212205026998,-6.98928697680118,-0.130427539873227,7.11971451713741
1.9,911.152472798748,2276.15379933552,49.9927492790022,49.992754777432,1524.50275426848,875.211854260467,326.14128154481,326.511111185664,-24.4425260427979,-269.25984756724,293.702373744992,-5.3534024932421,-2.63946146271376,7.99286395758388
1.901,910.052649382967,2277.26382966609,49.9927580311188,49.9927512440957,1525.24986662154,874.469626958885,326.141057411104,326.511185408395,77.062484573028,-312.396700278811,235.334215850809,-3.19483152602709,-4.89175689908271,8.08658842768781
1.902,909.179607356303,2278.14458787534,49.9927649785665,49.9927484405552,1525.55259665531,874.179173887517,326.140966592094,326.511214453702,171.65397087003,-325.813008743395,154.159038012512,-0.722364602593418,-6.66624211352266,7.38860671933632
1.903,908.668554185898,2278.64241345244,49.9927690453985,49.9927468559272,1525.29172168831,874.429002980063,326.141044854584,326.511189470792,248.637361378475,-306.15515012364,57.5177888631682,1.81870273140508,-7.78509274815299,5.96639002023919
1.904,907.947179364209,2279.35645090288,49.9927747859169,49.9927445830754,1524.715016424,875.015113097224,326.141217866163,326.511130859781,302.111079516504,-257.643968631715,-44.4671108016448,4.1841499745113,-8.1445373177495,3.96038734660115
1.905,907.889080053864,2279.42133921333,49.9927752482565,49.9927443765295,1524.06952397377,875.654243765733,326.141411513898,326.511066946714,325.418024617507,-183.581808008507,-141.836216570619,6.13888143754787,-7.70713989352006,1.56825845881837
1.906,907.709088344179,2279.61443963432,49.992776680585,49.9927437618718,1523.19634731819,876.544729551479,326.141673466895,326.510977898135,316.505171523327,-91.0758878021414,-225.429283732366,7.49374468939421,-6.5141216282032,-0.979623059195733
1.907,907.823861413966,2279.50040941997,49.99277576725,49.9927441248412,1522.69227029438,877.033510796373,326.141824690002,326.510929020011,277.171895146557,9.7330255081287,-286.904920715891,8.11440149850701,-4.6856969081574,-3.42870458945041
1.908,907.929753987242,2279.37808595093,49.9927749245836,49.9927445142089,1522.13953416913,877.577589596584,326.14199051084,326.510874612131,210.479555174323,110.08616420138,-320.565719482142,7.94055007034565,-2.39695167551901,-5.54359839515998
1.909,908.341051489361,2278.97903286419,49.9927716515821,49.9927457844343,1521.91267421093,877.827429444586,326.142058568827,326.510849628146,123.254665436415,199.588216413895,-322.842881993095,6.99063051868029,0.127594484322157,-7.11822500458317
1.91,909.085219558191,2278.20238824068,49.9927657296808,49.992748256571,1521.66524472134,878.05721759859,326.142132797674,326.510826649331,23.8184827943158,269.406708836992,-293.22519179721,5.35559382797117,2.63650982975811,-7.99210366044531
1.911,909.522033170117,2277.75976561105,49.9927622536285,49.9927496654825,1521.25540808182,878.441897078689,326.142255748666,326.510788181383,-77.6029197054169,313.078233980812,-235.47531444943,3.19841665794685,4.88782946166313,-8.08624612323588
1.912,909.832675591756,2277.49055025374,49.9927597816147,49.9927505224216,1520.83475263207,878.884693803047,326.142381945301,326.51074390171,-171.844708215508,326.320887332764,-154.476179284034,0.726720231582643,6.66480327671526,-7.39152351251966
1.913,910.453383915555,2276.84680170808,49.9927548421748,49.9927525715369,1521.10704704711,878.617472573695,326.142300256976,326.510770623833,-248.558042567927,307.011223683444,-58.4531812608423,-1.81618433224499,7.78533877631784,-5.96915444852843
1.914,911.176964362559,2276.11284276357,49.9927490841045,49.9927549078008,1521.52253464428,878.185052669795,326.142175610697,326.510813865823,-301.071949274797,257.500563276347,43.5713858870213,-4.17914036915479,8.14399486482371,-3.96485449997604
1.915,911.509680503343,2275.79282405218,49.9927464364336,49.992755926452,1522.00760004882,877.70714712151,326.142030091076,326.510861656378,-324.791160284729,183.414486677156,141.376673539194,-6.13643584453052,7.70772022519764,-1.57128438445878
1.916,911.337995371302,2275.98035728198,49.9927478026605,49.9927553295152,1521.9001865878,877.826637209995,326.142062315114,326.510849707369,-315.966965261345,90.7056260848886,225.26133915676,-7.49234502615669,6.51662918977774,0.975715833421542
1.917,911.428032374062,2275.8489631751,49.9927470861688,49.9927557477556,1521.80808518593,877.882073582906,326.142089945535,326.510844163732,-277.306597505325,-9.96798328607879,287.274580820532,-8.11146891913117,4.68785243587883,3.4236164813696
1.918,911.460009863039,2275.83301130594,49.9927468317,49.992755798532,1522.477676662,877.216704170608,326.141889068092,326.510910700673,-211.002112597777,-110.229951260579,321.23206393136,-7.94157931318018,2.40075370271856,5.54082560978305
1.919,911.26781418059,2276.05448510118,49.9927483611446,49.992755093559,1522.67390029542,877.057079779797,326.141830201002,326.510926663112,-123.383899278104,-199.732736687517,323.116636073199,-6.99269724496573,-0.12417335671121,7.11687060221066
1.92,910.807689573758,2276.50580400086,49.9927520226999,49.9927536569663,1522.87150851665,876.83708841688,326.141770918535,326.510948662249,-24.3694358753607,-269.356592316891,293.726028319059,-5.35950973792651,-2.63278184326287,7.99229158280468
1.921,910.382578510177,2276.91426189251,49.9927554056263,49.9927523568045,1522.54713487366,877.151327566235,326.141868230628,326.510917238334,76.751960141965,-312.390185555472,235.63822554377,-3.20202005422626,-4.88468479449357,8.08670485116125
1.922,910.104958199429,2277.22002656924,49.9927576148585,49.9927513835253,1522.55568046716,877.164757043857,326.14186566695,326.510915895386,171.685945261171,-325.988305931314,154.302360788076,-0.730349785612887,-6.66269425641413,7.3930440449588
1.923,910.285669969216,2277.01121531795,49.9927561767999,49.9927520481921,1522.60289666832,877.134582225335,326.14185150209,326.510918912868,248.467577538746,-306.314584382591,57.8470069345121,1.81336003059664,-7.78366090031299,5.97030087275149
1.924,910.116308729513,2277.19415187603,49.9927575245339,49.992751465887,1522.75365729221,876.959477124656,326.141806273903,326.510936423378,302.010286640359,-257.955087197673,-44.0551993913997,4.17724152946214,-8.14547793390298,3.96823640717983
1.925,910.712334185463,2276.59393543838,49.992752781514,49.9927533764352,1522.14383689035,877.568178178764,326.141989220023,326.510875553273,325.535236691356,-183.754818881249,-141.780417806264,6.1337142917001,-7.70944668656259,1.57573239693682
1.926,911.502812100986,2275.81257523638,49.9927464910906,49.992755863582,1522.2962647112,877.439695164932,326.141943491677,326.510888401574,316.67900057509,-91.6306175905504,-225.048383032206,7.49069598968454,-6.51872811268207,-0.971967875897298
1.927,911.23351678572,2276.08169075071,49.9927486340746,49.9927550069607,1523.15711142691,876.536618073678,326.141685237662,326.510978709283,277.497187823998,9.56050522898193,-287.057693152245,8.11278447705758,-4.69229136817982,-3.42049310896753
1.928,910.987106543139,2276.32782339777,49.992750594945,49.9927542234962,1523.48219100287,876.228589515221,326.14158771379,326.511009512139,210.589662146952,109.639900697309,-320.229562989088,7.94230619555575,-2.40407193340832,-5.53823426354268
1.929,910.518433114114,2276.81911251608,49.9927543245297,49.9927526596743,1523.34906932707,876.389346290665,326.141627650292,326.510993436461,123.393941223638,199.368633861485,-322.762575265248,6.99511346917009,0.12005204369809,-7.11516551555325
1.93,910.105540652932,2277.19742084697,49.9927576102235,49.9927514554815,1523.48895404171,876.230477709732,326.141585684878,326.511009323319,24.380057371164,269.093101694673,-293.473159268374,5.36138270540904,2.62909757511114,-7.99048028436095
1.931,909.813029905275,2277.50104904158,49.9927599379501,49.992750489003,1523.33374670258,876.371073884991,326.14163224708,326.510995263702,-77.2538662530463,312.94318984143,-235.68932379717,3.20596394567767,4.88230261741161,-8.0882665678385
1.932,909.438802208108,2277.87366914145,49.9927629159595,49.9927493029164,1523.02020116665,876.70732630309,326.14172631074,326.51096163846,-171.395199927185,326.369642699689,-154.974442970678,0.733094688230656,6.65966083931983,-7.39275553286789
1.933,909.030079579399,2278.27564037054,49.9927661684708,49.9927480234022,1522.71949192452,877.011043589219,326.141816523513,326.510931266731,-248.110705321961,306.796058859084,-58.685353709147,-1.80931661341273,7.78293257282426,-5.97361596489806
1.934,909.276346176767,2278.02907500602,49.9927642087435,49.9927488082441,1522.02051110159,877.683960499314,326.14202621776,326.51086397504,-301.107366039833,257.898227400921,43.2091385063282,-4.17350853319333,8.14515081179066,-3.97164228383651
1.935,909.754235266536,2277.5450780053,49.9927604058229,49.9927503488544,1521.23365511328,878.475773287819,326.142262274556,326.510784793762,-325.148532685762,184.012948826484,141.135583775468,-6.13114428365149,7.71034552379435,-1.57920124473979
1.936,910.140667480437,2277.17872750859,49.9927573306931,49.9927515149843,1521.44675469438,878.28885821228,326.142198344682,326.510803485269,-316.095461894247,91.189740120831,224.90572174286,-7.48912385640957,6.52115210118007,0.967971751608013
1.937,910.531254413593,2276.78168621394,49.992754222501,49.992752778806,1521.91181349761,877.785296695002,326.142058827041,326.510853841421,-277.305287274989,-9.89429920681571,287.199586503823,-8.11293159892419,4.69567482679177,3.41725676972244
1.938,910.790502381164,2276.50696890416,49.9927521594712,49.9927536532583,1522.67827995809,877.032449640872,326.141828887103,326.510929126126,-211.10806731908,-109.970986789236,321.079054177097,-7.94276715552667,2.40729676097141,5.53547039347509
1.939,910.843298680903,2276.48775637355,49.9927517393316,49.9927537144137,1522.88829684597,876.849440854085,326.141765882037,326.510947427005,-123.558734750328,-199.523274494758,323.082009349915,-6.99662718906664,-0.11682118993901,7.11344837924296
1.94,910.635617150716,2276.6714610524,49.9927533920088,49.9927531296635,1523.00251170564,876.709715946086,326.141731617579,326.510961399496,-25.1475638569928,-268.653648858204,293.801212841931,-5.36460476831242,-2.6253309507265,7.98993572044921
1.941,910.346043715856,2276.96707439772,49.9927556963609,49.992752188697,1522.68318328721,877.015005405894,326.141827416104,326.51093087055,76.6294088899844,-312.540262372474,235.910853614761,-3.20943568043375,-4.87932731871867,8.08876300147481
1.942,910.354432471597,2276.97216320157,49.9927556296053,49.9927521724989,1522.54966888517,877.180219007448,326.141867470425,326.51091434919,171.187553768609,-325.830277288924,154.642723641259,-0.737390557177348,-6.65776462453383,7.39515518459506
1.943,909.902702498437,2277.40812065592,49.9927592243582,49.9927507848032,1522.61927960992,877.10361345457,326.141846587207,326.510922009745,248.120164987026,-306.522427698694,58.4022628059733,1.80464367163196,-7.7809273339996,5.97628366540973
1.944,909.898636420512,2277.40437857959,49.9927592567151,49.9927507967146,1522.36425163482,877.355863132293,326.1419230956,326.510896784777,301.317098743047,-257.925690659395,-43.3914080293305,4.17067889681894,-8.14451919749616,3.97384030345802
1.945,910.128509280765,2277.18247558674,49.992757427445,49.9927515030538,1522.38005765745,877.338631217685,326.141918353793,326.510898507969,325.376903693493,-183.908395646763,-141.468508041613,6.12899755589822,-7.71151182172686,1.58251426795274
1.946,910.413231903833,2276.90799464764,49.9927551616943,49.9927523767537,1521.88161109463,877.848235488991,326.142067887762,326.510847547542,316.736353811951,-91.84330087117,-224.893052989231,7.48762757286762,-6.52328690176996,-0.964340669959909
1.947,910.21258605551,2277.11113647613,49.9927567583832,49.9927517301332,1522.27320969314,877.444010563271,326.141950408182,326.510887970034,277.569837988478,8.93935783368505,-286.509195923458,8.11288408190187,-4.69780358173583,-3.41508050025144
1.948,910.138965773532,2277.17810989585,49.9927573442348,49.9927515169502,1522.55087054107,877.168633013749,326.141867109928,326.510915507789,210.836193097316,109.342966119659,-320.179159365043,7.94367542258681,-2.41081276469981,-5.5328626593106
1.949,909.909655334817,2277.41810980602,49.9927591690293,49.9927507530067,1522.27291303535,877.466525301534,326.14195049718,326.51088571856,123.555222472275,199.153398636497,-322.708621293491,6.9984932791289,0.112459301693851,-7.11095258357015
1.95,910.056349837054,2277.24517414999,49.9927580016716,49.992751303478,1522.75161311662,876.973571327711,326.141806887155,326.510935013958,24.730878756344,268.905302734787,-293.636181703194,5.36692360090043,2.62188015714996,-7.98880376201478
1.951,909.403131929515,2277.90972677255,49.9927631998145,49.9927491881413,1522.97640817088,876.737009337522,326.141739448639,326.510958670157,-76.9980652362024,312.950787650545,-235.952722636957,3.2121613981466,4.87699892606969,-8.08916032917982
1.952,909.724360966702,2277.60327956856,49.9927606435551,49.9927501635931,1522.63788117442,877.092418271013,326.141841006738,326.510923129263,-171.165721647869,326.252399326949,-155.086677894119,0.741201642833146,6.65581418492937,-7.39701583339207
1.953,909.872494376697,2277.43987205913,49.9927594647468,49.9927506837353,1522.75119996604,876.986319784462,326.141807011101,326.510933739112,-247.926445961188,306.929178630155,-59.0027328590548,-1.80197611138782,7.78009511946959,-5.9781190139659
1.954,909.656245290052,2277.65513760882,49.9927611856024,49.9927499985238,1522.33611143207,877.37590882805,326.141931537661,326.510894780208,-301.549166941896,258.668034515449,42.8811322765535,-4.16700925804887,8.14523252726466,-3.97822327490946
1.955,909.601566233205,2277.71336147689,49.9927616207245,49.9927498131915,1522.57792030299,877.149765175318,326.141858994999,326.510917394573,-324.894329201769,183.806627317102,141.087701785707,-6.12616697571123,7.71258113941704,-1.58641416877782
1.956,909.412690592377,2277.9086265612,49.9927631237491,49.9927491916434,1522.4763118144,877.253789959826,326.141889477546,326.510906992094,-316.302208487442,91.3625815409226,224.939626904204,-7.48547902019681,6.52510127551388,0.960377740603525
1.957,909.516795250948,2277.79368789433,49.9927622953105,49.9927495575046,1521.90768726982,877.808346595942,326.142060064909,326.510851536431,-277.513767177933,-9.27036320928069,286.784130401646,-8.11211516544661,4.70056228269755,3.41155287993498
1.958,909.863006001107,2277.4409497796,49.9927595402529,49.9927506803049,1521.89821882406,877.801187319985,326.142062905443,326.510852252358,-211.347534095059,-109.673018336556,321.020552496728,-7.94461948309873,2.41538343021064,5.52923605148552
1.959,909.766085452702,2277.5590788309,49.9927603115221,49.9927503042884,1522.10102611249,877.64148740314,326.142002063257,326.51086822235,-123.760587063669,-199.470108797418,323.23069596549,-6.99998935496395,-0.109452609808226,7.10944196477829
1.96,910.209864913025,2277.08669814459,49.9927567800374,49.9927518079228,1522.05641099673,877.665755095812,326.142015447791,326.510865795581,-25.2752217323414,-268.738843376838,294.014065238771,-5.36967461228652,-2.61929971497715,7.98897432853963
1.961,910.629159841302,2276.67965290794,49.9927534433944,49.9927531035881,1521.88960429818,877.812828551652,326.142065489801,326.510851088235,76.5020643494192,-312.467620398134,235.965556186023,-3.2161992579458,-4.87295527064851,8.08915453087658
1.962,910.490772607338,2276.84967243616,49.992754544645,49.9927525623991,1521.95322471879,877.762984038116,326.142046403675,326.510856072687,170.972916872038,-325.684349810152,154.711433064729,-0.745663215938863,-6.65400539925864,7.39966861811844
1.963,910.477917961508,2276.83458427516,49.992754646939,49.9927526104262,1521.46177223802,878.265072100127,326.142193839419,326.51080586388,247.791042316939,-306.514780736458,58.7237385189131,1.79779692091796,-7.7787251964015,5.98092827861403
1.964,910.281701059958,2277.02113628931,49.9927562083835,49.9927520166127,1521.20235523728,878.507951993028,326.142271664519,326.510781575891,301.469662591027,-258.009992687569,-43.4596698464691,4.16337293927955,-8.14440065998209,3.9810277235879
1.965,910.43767152216,2276.86950726527,49.99275496721,49.9927524992629,1521.05249442101,878.660626404518,326.142316622764,326.51076630845,325.533413296982,-184.558436711051,-140.974976582029,6.12410086589228,-7.71419082352622,1.59008995983847
1.966,910.778279767958,2276.53986459847,49.9927522567357,49.9927535485481,1520.76516623553,878.965464676363,326.14240282122,326.510735824623,316.818748613643,-92.0670696318595,-224.751679036354,7.48454474640121,-6.52754914574773,-0.956995599502008
1.967,911.158889516232,2276.1323320472,49.9927492279396,49.9927548457645,1520.85497601228,878.845376357355,326.142375878287,326.510747833455,278.034902337404,8.65625413466119,-286.691156583642,8.11085962314118,-4.70304820958664,-3.40781141371682
1.968,911.864435303898,2275.44053176615,49.9927436133846,49.9927570478332,1521.32993904651,878.369494681922,326.142233389376,326.510795421622,211.308929013237,109.01423573093,-320.323164906391,7.94630892563634,-2.4189967751873,-5.5273121520533
1.969,912.227454037432,2275.09864363574,49.9927407245733,49.9927581360969,1521.92577798289,877.807570659978,326.142054637696,326.510851614024,123.802584423934,199.008215753636,-322.810800378648,7.00206694210979,0.105719107761037,-7.10778605290299
1.97,912.465753352419,2274.83849635137,49.9927388282476,49.9927589641714,1521.88648215715,877.818989283091,326.142066426443,326.510850472162,24.9286849013103,268.486314934748,-293.415000060024,5.3729337313425,2.61484828750672,-7.98778202314782
1.971,912.322945884118,2274.98247742665,49.9927399646733,49.9927585058654,1522.40430983534,877.297750945076,326.14191107814,326.510902595996,-76.650902052192,312.962488346738,-236.311586523299,3.21942566107373,4.87099897416388,-8.09042464051294
1.972,912.349310497168,2274.97966236675,49.9927397548704,49.992758514826,1522.95766585301,876.757715072896,326.141745071334,326.510956599583,-171.070312128903,326.230672572576,-155.160360658892,0.748848606405754,6.65123765267384,-7.40008626494472
1.973,912.028705878405,2275.28491216394,49.9927423061609,49.9927575431857,1523.51282962311,876.214305222422,326.141578522203,326.511010940568,-247.955088280361,306.79295124398,-58.8378631468773,-1.7942190966459,7.77771043040022,-5.98349133975637
1.974,911.607962704774,2275.70630801814,49.9927456543287,49.9927562018411,1524.32314082338,875.381263786459,326.141335428843,326.511094244712,-301.033670398374,258.427182038206,42.6064882234919,-4.16005035328418,8.14495116265032,-3.98490081503024
1.975,910.889094770353,2276.40940568337,49.9927513748979,49.9927539638117,1524.35238061796,875.364126764731,326.141326656905,326.511095958414,-324.826019098697,184.299873216955,140.526145801417,-6.12120962630297,7.71395651883921,-1.59274689741888
1.976,910.347958149981,2276.98231845081,49.9927556811263,49.9927521401737,1524.67125422606,875.066014751206,326.141230994823,326.511125769615,-316.240131759205,91.6489854381352,224.591146302493,-7.48367899962492,6.53013308968623,0.953545906209245
1.977,909.354679719261,2277.97016652834,49.9927635853849,49.9927489957556,1524.68087537108,875.02988224563,326.141228108479,326.511129382866,-277.546818487145,-9.0832832541085,286.630101782888,-8.11125900516423,4.70635276557638,3.40490623727491
1.978,908.647254060584,2278.67417947349,49.9927692148995,49.9927467548128,1524.00813387574,875.705002918901,326.141429930928,326.511061870798,-211.5648806553,-109.191798682263,320.756679431851,-7.94637457878903,2.4218241828006,5.52455039521356
1.979,908.011802108008,2279.32925111586,49.9927742716654,49.992744669655,1522.9193890423,876.820548258856,326.141756554378,326.510950316264,-124.279286123701,-199.084147108205,323.363433366059,-7.00481671504633,-0.10116348115823,7.10598019693574
1.98,908.01138228176,2279.29875158769,49.9927742750063,49.992744766738,1522.31292702948,877.4150616255,326.141938492982,326.510890864928,-25.5761465313212,-268.716464383197,294.292611072756,-5.37531785698497,-2.61155051751703,7.98686837656249
1.981,908.157026791838,2279.14280457796,49.9927731160041,49.9927452631328,1521.2246423434,878.490540838628,326.142264978387,326.510783317007,76.1357226538018,-312.33391917227,236.198196681809,-3.22199449144304,-4.86711403654976,8.08910853107784
1.982,908.683709117866,2278.65296191028,49.9927689247993,49.9927468223504,1520.38262538753,879.342488853478,326.142517583474,326.510698122205,170.906640785794,-325.781084185634,154.874443549062,-0.752498989693493,-6.65001751118724,7.40251650458453
1.983,909.211339935352,2278.09504286254,49.9927647260467,49.9927485982619,1519.93568299413,879.799456844078,326.142651666192,326.510652425406,247.797698505333,-306.44854464784,58.6508462596982,1.79021292606834,-7.77632175559801,5.98610883338517
1.984,909.549839149935,2277.76742221864,49.9927620323555,49.9927496411108,1519.72557489479,879.992755246023,326.142714698622,326.510633095566,301.294819220517,-258.349464385469,-42.9453547646564,4.15773244595302,-8.14585525139922,3.98812280897139
1.985,910.295070973049,2277.00908043114,49.9927561019891,49.9927520549877,1519.35462643142,880.361735250046,326.142825983161,326.510596197565,325.61613245555,-184.75744466498,-140.858687777024,6.11900476642147,-7.71637577980103,1.5973710161249
1.986,911.692000348921,2275.61382765119,49.9927449855784,49.9927564962152,1519.27721216481,880.457211767359,326.142849207441,326.510586649914,316.964198789198,-92.3755720935991,-224.588626743852,7.48116672620576,-6.53140933646303,-0.949757388151617
1.987,912.668642822289,2274.63328705798,49.9927372137045,49.9927596173729,1520.27639836545,879.431604280404,326.142549451581,326.510689210662,277.928303897638,8.32398284745962,-286.252286853447,8.11124975500754,-4.70931151366798,-3.40193824116288
1.988,913.53657487204,2273.77228983698,49.9927303069207,49.9927623580121,1521.20900851134,878.49424587271,326.142269668537,326.510782946503,211.559805440321,108.784402535338,-320.344208136582,7.94727574971648,-2.42552856631697,-5.52174718475728
1.989,913.588056241057,2273.73451280754,49.992729897245,49.9927624782602,1522.01714579559,877.711848990636,326.142027227352,326.510861186191,123.843323071975,198.697136477351,-322.540459751777,7.00579689936979,0.098227223865089,-7.10402412609933
1.99,913.774357799418,2273.5235371252,49.9927284147043,49.9927631498166,1522.82748963815,876.873751144691,326.141784124199,326.510944995976,25.1623862280969,268.674739408774,-293.837125865957,5.37823807705536,2.60781891413712,-7.98605699541303
1.991,913.414061226891,2273.89336959796,49.9927312818533,49.9927619726033,1523.50062400629,876.17813490012,326.141582183888,326.5110145576,-76.2712396200206,312.689050392469,-236.417811009523,3.22740469750355,4.86342203610124,-8.09082673890119
1.992,912.322417000457,2275.00647504524,49.992739968882,49.9927584294786,1523.91947633253,875.792593499426,326.141456528191,326.51105311174,-171.027119307219,326.383274842705,-155.356155760428,0.755793873673618,6.64705386504154,-7.40284774469114
1.993,911.749355146849,2275.56147607641,49.9927445291634,49.9927566628555,1523.85597952029,875.866784426963,326.141475577234,326.511045692648,-247.499438228367,307.017015075427,-59.5175770406851,-1.78765216374394,7.77611696982539,-5.98846481226279
1.994,910.909970220858,2276.40405172275,49.9927512087764,49.9927539808539,1524.02916033241,875.669062181118,326.141423622991,326.511065464872,-300.962341550445,258.543305770885,42.4190356327983,-4.15386607833993,8.14496706122565,-3.99110098877468
1.995,910.252100105163,2277.05739011735,49.9927564439404,49.9927519012132,1523.25913767342,876.444369357724,326.141654629788,326.510987934155,-324.938084751683,184.489314665746,140.448769997314,-6.11649619275427,7.71775232061535,-1.60125613298734
1.996,910.408453815071,2276.91389527192,49.9927551997171,49.9927523579715,1522.76593642629,876.959923323684,326.141802590163,326.510936378758,-316.335843184548,92.0905893704376,224.245253789108,-7.48026876164403,6.53483632528071,0.94543243239743
1.997,910.155956105464,2277.16879959797,49.9927572090301,49.9927515465858,1522.65380245494,877.053461091473,326.141836230354,326.510927024981,-277.638408701916,-8.82737912213778,286.465787861403,-8.11113820101917,4.71283439834746,3.39830380014778
1.998,910.465576940232,2276.8293759007,49.9927547451458,49.992752627005,1522.41310595856,877.28914163828,326.141908439303,326.510903456927,-211.851628760488,-109.025459781104,320.877088633685,-7.94746311539162,2.42860807512584,5.51885503931906
1.999,910.546974979521,2276.79146857165,49.9927540974007,49.9927527476678,1522.21083812976,877.519497289792,326.141969119651,326.510880421361,-124.589100030954,-198.894838235625,323.483938400081,-7.00877666918296,-0.0942065901682089,7.10298325995661
2,910.748934282922,2276.55959410012,49.9927524902597,49.9927534857471,1522.22081566357,877.499251245492,326.141966126391,326.510882445966,-25.7135785317186,-268.322027462784,294.035606152261,-5.38124980241578,-2.6048374883706,7.98608729276003
